# Blender 4.5.3 LTS
# www.blender.org
mtllib poly00074.mtl
o Text.001
v -3.769956 0.484570 0.000002
v -3.769956 0.437865 0.000002
v -3.659031 0.437865 0.000002
v -3.658990 0.485503 0.000002
v -3.653193 0.490409 0.000002
v -3.285386 0.490409 0.000002
v -3.279590 0.485503 0.000002
v -3.281534 0.111105 0.000002
v -3.658381 0.112686 0.000002
v -3.659031 0.229358 0.000002
v -3.523084 0.229358 0.000002
v -3.523084 0.339450 0.000002
v -3.769956 0.339450 0.000002
v -3.769956 0.115930 0.000002
v -3.769719 0.107969 0.000002
v -3.769006 0.100211 0.000002
v -3.767819 0.092655 0.000002
v -3.766157 0.085303 0.000002
v -3.764020 0.078153 0.000002
v -3.761408 0.071205 0.000002
v -3.758321 0.064461 0.000002
v -3.754759 0.057919 0.000002
v -3.750722 0.051579 0.000002
v -3.746210 0.045443 0.000002
v -3.741223 0.039509 0.000002
v -3.735761 0.033778 0.000002
v -3.729964 0.028383 0.000002
v -3.723970 0.023457 0.000002
v -3.717778 0.019000 0.000002
v -3.711390 0.015013 0.000002
v -3.704805 0.011494 0.000002
v -3.698023 0.008445 0.000002
v -3.691044 0.005864 0.000002
v -3.683868 0.003753 0.000002
v -3.676495 0.002111 0.000002
v -3.668926 0.000938 0.000002
v -3.661159 0.000235 0.000002
v -3.653193 0.000000 0.000002
v -3.285386 0.000000 0.000002
v -3.277425 0.000235 0.000002
v -3.269667 0.000938 0.000002
v -3.262111 0.002111 0.000002
v -3.254759 0.003753 0.000002
v -3.247608 0.005864 0.000002
v -3.240661 0.008445 0.000002
v -3.233917 0.011494 0.000002
v -3.227375 0.015013 0.000002
v -3.221036 0.019000 0.000002
v -3.214899 0.023457 0.000002
v -3.208966 0.028383 0.000002
v -3.203234 0.033778 0.000002
v -3.197839 0.039509 0.000002
v -3.192913 0.045443 0.000002
v -3.188456 0.051579 0.000002
v -3.184468 0.057919 0.000002
v -3.180949 0.064461 0.000002
v -3.177900 0.071205 0.000002
v -3.175320 0.078153 0.000002
v -3.173209 0.085303 0.000002
v -3.171567 0.092655 0.000002
v -3.170394 0.100211 0.000002
v -3.169690 0.107969 0.000002
v -3.169456 0.115930 0.000002
v -3.169456 0.484570 0.000002
v -3.169691 0.492531 0.000002
v -3.170395 0.500290 0.000002
v -3.171568 0.507845 0.000002
v -3.173209 0.515198 0.000002
v -3.175320 0.522348 0.000002
v -3.177901 0.529295 0.000002
v -3.180950 0.536040 0.000002
v -3.184469 0.542582 0.000002
v -3.188456 0.548921 0.000002
v -3.192913 0.555057 0.000002
v -3.197839 0.560991 0.000002
v -3.203234 0.566722 0.000002
v -3.208966 0.572117 0.000002
v -3.214899 0.577043 0.000002
v -3.221036 0.581500 0.000002
v -3.227375 0.585488 0.000002
v -3.233917 0.589006 0.000002
v -3.240661 0.592056 0.000002
v -3.247608 0.594636 0.000002
v -3.254759 0.596747 0.000002
v -3.262111 0.598389 0.000002
v -3.269667 0.599562 0.000002
v -3.277425 0.600266 0.000002
v -3.285386 0.600500 0.000002
v -3.653193 0.600500 0.000002
v -3.661156 0.600266 0.000002
v -3.668923 0.599562 0.000002
v -3.676493 0.598389 0.000002
v -3.683866 0.596747 0.000002
v -3.691042 0.594636 0.000002
v -3.698021 0.592056 0.000002
v -3.704803 0.589006 0.000002
v -3.711388 0.585488 0.000002
v -3.717776 0.581500 0.000002
v -3.723967 0.577043 0.000002
v -3.729962 0.572117 0.000002
v -3.735761 0.566722 0.000002
v -3.741223 0.560991 0.000002
v -3.746210 0.555057 0.000002
v -3.750722 0.548921 0.000002
v -3.754759 0.542582 0.000002
v -3.758321 0.536040 0.000002
v -3.761408 0.529295 0.000002
v -3.764020 0.522348 0.000002
v -3.766157 0.515198 0.000002
v -3.767819 0.507845 0.000002
v -3.769006 0.500290 0.000002
v -3.769719 0.492531 0.000002
v -2.965119 0.160133 0.000002
v -2.965119 0.600500 0.000002
v -3.076045 0.600500 0.000002
v -3.076045 0.000000 0.000002
v -2.955945 0.000000 0.000002
v -2.585636 0.440367 0.000002
v -2.585636 0.000000 0.000002
v -2.475545 0.000000 0.000002
v -2.475545 0.600500 0.000002
v -2.595645 0.600500 0.000002
v -1.895895 0.600500 0.000002
v -2.263702 0.600500 0.000002
v -2.271665 0.600266 0.000002
v -2.279432 0.599562 0.000002
v -2.287002 0.598389 0.000002
v -2.294375 0.596747 0.000002
v -2.301551 0.594636 0.000002
v -2.308530 0.592056 0.000002
v -2.315312 0.589006 0.000002
v -2.321897 0.585488 0.000002
v -2.328285 0.581500 0.000002
v -2.334476 0.577043 0.000002
v -2.340471 0.572117 0.000002
v -2.346270 0.566722 0.000002
v -2.351732 0.560991 0.000002
v -2.356719 0.555057 0.000002
v -2.361231 0.548921 0.000002
v -2.365268 0.542582 0.000002
v -2.368829 0.536040 0.000002
v -2.371917 0.529295 0.000002
v -2.374529 0.522348 0.000002
v -2.376666 0.515198 0.000002
v -2.378328 0.507845 0.000002
v -2.379515 0.500290 0.000002
v -2.380228 0.492531 0.000002
v -2.380466 0.484570 0.000002
v -2.380466 0.000000 0.000002
v -2.269540 0.000000 0.000002
v -2.269540 0.201835 0.000002
v -1.890057 0.201835 0.000002
v -1.890057 0.000000 0.000002
v -1.779965 0.000000 0.000002
v -1.779965 0.484570 0.000002
v -1.780200 0.492531 0.000002
v -1.780904 0.500290 0.000002
v -1.782077 0.507845 0.000002
v -1.783719 0.515198 0.000002
v -1.785830 0.522348 0.000002
v -1.788410 0.529295 0.000002
v -1.791459 0.536040 0.000002
v -1.794978 0.542582 0.000002
v -1.798966 0.548921 0.000002
v -1.803423 0.555057 0.000002
v -1.808348 0.560991 0.000002
v -1.813743 0.566722 0.000002
v -1.819474 0.572117 0.000002
v -1.825408 0.577043 0.000002
v -1.831545 0.581500 0.000002
v -1.837884 0.585488 0.000002
v -1.844425 0.589006 0.000002
v -1.851170 0.592056 0.000002
v -1.858117 0.594636 0.000002
v -1.865268 0.596747 0.000002
v -1.872620 0.598389 0.000002
v -1.880176 0.599562 0.000002
v -1.887934 0.600266 0.000002
v -1.890057 0.311927 0.000002
v -2.269540 0.311927 0.000002
v -2.269377 0.486354 0.000002
v -1.895895 0.490409 0.000002
v -1.890098 0.485503 0.000002
v -1.686554 0.484570 0.000002
v -1.686554 0.437865 0.000002
v -1.575628 0.437865 0.000002
v -1.575628 0.484570 0.000002
v -1.570724 0.490368 0.000002
v -1.201983 0.490409 0.000002
v -1.196187 0.485503 0.000002
v -1.196186 0.114997 0.000002
v -1.201983 0.110092 0.000002
v -1.569790 0.110092 0.000002
v -1.575586 0.114997 0.000002
v -1.575628 0.229358 0.000002
v -1.439681 0.229358 0.000002
v -1.439681 0.339450 0.000002
v -1.686554 0.339450 0.000002
v -1.686554 0.115930 0.000002
v -1.686316 0.107969 0.000002
v -1.685604 0.100211 0.000002
v -1.684417 0.092655 0.000002
v -1.682754 0.085303 0.000002
v -1.680617 0.078153 0.000002
v -1.678005 0.071205 0.000002
v -1.674918 0.064461 0.000002
v -1.671356 0.057919 0.000002
v -1.667319 0.051579 0.000002
v -1.662807 0.045443 0.000002
v -1.657820 0.039509 0.000002
v -1.652359 0.033778 0.000002
v -1.646561 0.028383 0.000002
v -1.640567 0.023457 0.000002
v -1.634376 0.019000 0.000002
v -1.627988 0.015013 0.000002
v -1.621403 0.011494 0.000002
v -1.614620 0.008445 0.000002
v -1.607641 0.005864 0.000002
v -1.600466 0.003753 0.000002
v -1.593093 0.002111 0.000002
v -1.585523 0.000938 0.000002
v -1.577756 0.000235 0.000002
v -1.569790 0.000000 0.000002
v -1.201983 0.000000 0.000002
v -1.194022 0.000235 0.000002
v -1.186264 0.000938 0.000002
v -1.178709 0.002111 0.000002
v -1.171356 0.003753 0.000002
v -1.164206 0.005864 0.000002
v -1.157258 0.008445 0.000002
v -1.150514 0.011494 0.000002
v -1.143972 0.015013 0.000002
v -1.137633 0.019000 0.000002
v -1.131497 0.023457 0.000002
v -1.125563 0.028383 0.000002
v -1.119832 0.033778 0.000002
v -1.114436 0.039509 0.000002
v -1.109510 0.045443 0.000002
v -1.105053 0.051579 0.000002
v -1.101065 0.057919 0.000002
v -1.097547 0.064461 0.000002
v -1.094497 0.071205 0.000002
v -1.091917 0.078153 0.000002
v -1.089806 0.085303 0.000002
v -1.088165 0.092655 0.000002
v -1.086992 0.100211 0.000002
v -1.086288 0.107969 0.000002
v -1.086054 0.115930 0.000002
v -1.086054 0.484570 0.000002
v -1.086288 0.492531 0.000002
v -1.086992 0.500290 0.000002
v -1.088165 0.507845 0.000002
v -1.089807 0.515198 0.000002
v -1.091918 0.522348 0.000002
v -1.094498 0.529295 0.000002
v -1.097547 0.536040 0.000002
v -1.101066 0.542582 0.000002
v -1.105054 0.548921 0.000002
v -1.109511 0.555057 0.000002
v -1.114437 0.560991 0.000002
v -1.119832 0.566722 0.000002
v -1.125563 0.572117 0.000002
v -1.131497 0.577043 0.000002
v -1.137633 0.581500 0.000002
v -1.143972 0.585488 0.000002
v -1.150514 0.589006 0.000002
v -1.157258 0.592056 0.000002
v -1.164206 0.594636 0.000002
v -1.171356 0.596747 0.000002
v -1.178709 0.598389 0.000002
v -1.186264 0.599562 0.000002
v -1.194022 0.600266 0.000002
v -1.201983 0.600500 0.000002
v -1.569790 0.600500 0.000002
v -1.577754 0.600266 0.000002
v -1.585521 0.599562 0.000002
v -1.593090 0.598389 0.000002
v -1.600463 0.596747 0.000002
v -1.607639 0.594636 0.000002
v -1.614618 0.592056 0.000002
v -1.621400 0.589006 0.000002
v -1.627985 0.585488 0.000002
v -1.634373 0.581500 0.000002
v -1.640565 0.577043 0.000002
v -1.646559 0.572117 0.000002
v -1.652359 0.566722 0.000002
v -1.657820 0.560991 0.000002
v -1.662807 0.555057 0.000002
v -1.667319 0.548921 0.000002
v -1.671356 0.542582 0.000002
v -1.674918 0.536040 0.000002
v -1.678005 0.529295 0.000002
v -1.680617 0.522348 0.000002
v -1.682754 0.515198 0.000002
v -1.684417 0.507845 0.000002
v -1.685604 0.500290 0.000002
v -1.686316 0.492531 0.000002
v -0.881716 0.160133 0.000001
v -0.881716 0.600500 0.000001
v -0.992642 0.600500 0.000002
v -0.992642 0.000000 0.000002
v -0.872542 0.000000 0.000001
v -0.502234 0.440367 0.000001
v -0.502234 0.000000 0.000001
v -0.392142 0.000000 0.000001
v -0.392142 0.600500 0.000001
v -0.512242 0.600500 0.000001
v 0.184172 0.600500 0.000001
v -0.184469 0.600500 0.000001
v -0.192299 0.600266 0.000001
v -0.199944 0.599562 0.000001
v -0.207404 0.598389 0.000001
v -0.221768 0.594636 0.000001
v -0.235391 0.589006 0.000001
v -0.241924 0.585488 0.000001
v -0.248272 0.581500 0.000001
v -0.254434 0.577043 0.000001
v -0.260412 0.572117 0.000001
v -0.266204 0.566722 0.000001
v -0.271665 0.560991 0.000001
v -0.276652 0.555057 0.000001
v -0.281164 0.548921 0.000001
v -0.285201 0.542582 0.000001
v -0.288763 0.536040 0.000001
v -0.291850 0.529295 0.000001
v -0.294462 0.522348 0.000001
v -0.296599 0.515198 0.000001
v -0.298261 0.507845 0.000001
v -0.299449 0.500290 0.000001
v -0.300161 0.492531 0.000001
v -0.300399 0.484570 0.000001
v -0.300399 0.115930 0.000001
v -0.300161 0.107969 0.000001
v -0.299449 0.100211 0.000001
v -0.298261 0.092655 0.000001
v -0.296599 0.085303 0.000001
v -0.294462 0.078153 0.000001
v -0.291850 0.071205 0.000001
v -0.288763 0.064461 0.000001
v -0.285201 0.057919 0.000001
v -0.281164 0.051579 0.000001
v -0.276652 0.045443 0.000001
v -0.271665 0.039509 0.000001
v -0.266204 0.033778 0.000001
v -0.260412 0.028383 0.000001
v -0.254435 0.023457 0.000001
v -0.248272 0.019000 0.000001
v -0.241924 0.015013 0.000001
v -0.235391 0.011494 0.000001
v -0.221768 0.005864 0.000001
v -0.207405 0.002111 0.000001
v -0.199945 0.000938 0.000001
v -0.192300 0.000235 0.000001
v -0.184469 0.000000 0.000001
v 0.184172 0.000000 0.000001
v 0.192133 0.000235 0.000001
v 0.199891 0.000938 0.000001
v 0.207446 0.002111 0.000001
v 0.214799 0.003753 0.000001
v 0.221949 0.005864 0.000001
v 0.228896 0.008445 0.000001
v 0.235641 0.011494 0.000001
v 0.242183 0.015013 0.000001
v 0.248522 0.019000 0.000001
v 0.254658 0.023457 0.000001
v 0.260592 0.028383 0.000001
v 0.266324 0.033778 0.000001
v 0.271719 0.039509 0.000001
v 0.276645 0.045443 0.000001
v 0.281101 0.051579 0.000001
v 0.285089 0.057919 0.000001
v 0.288608 0.064461 0.000001
v 0.291657 0.071205 0.000001
v 0.294237 0.078153 0.000001
v 0.296349 0.085303 0.000001
v 0.297991 0.092655 0.000001
v 0.299163 0.100211 0.000001
v 0.299867 0.107969 0.000001
v 0.300102 0.115930 0.000001
v 0.300102 0.484570 0.000001
v 0.299867 0.492531 0.000001
v 0.299163 0.500290 0.000001
v 0.297991 0.507845 0.000001
v 0.296349 0.515198 0.000001
v 0.294237 0.522348 0.000001
v 0.291657 0.529295 0.000001
v 0.288608 0.536040 0.000001
v 0.285089 0.542582 0.000001
v 0.281101 0.548921 0.000001
v 0.276645 0.555057 0.000001
v 0.271719 0.560991 0.000001
v 0.266324 0.566722 0.000001
v 0.260592 0.572117 0.000001
v 0.254659 0.577043 0.000001
v 0.248522 0.581500 0.000001
v 0.242183 0.585488 0.000001
v 0.235641 0.589006 0.000001
v 0.228897 0.592056 0.000001
v 0.221949 0.594636 0.000001
v 0.214799 0.596747 0.000001
v 0.207447 0.598389 0.000001
v 0.199891 0.599562 0.000001
v 0.192133 0.600266 0.000001
v 0.184172 0.110092 0.000001
v -0.189438 0.114997 0.000001
v -0.189473 0.484570 0.000001
v -0.184469 0.490409 0.000001
v 0.184172 0.490409 0.000001
v 0.189970 0.485503 0.000001
v 0.189970 0.114997 0.000001
v 0.390177 0.484570 0.000001
v 0.390177 0.437865 0.000001
v 0.501103 0.437865 0.000001
v 0.501467 0.487125 0.000001
v 0.877301 0.490044 0.000001
v 0.880585 0.115930 0.000001
v 0.874747 0.110092 0.000001
v 0.502562 0.111551 0.000001
v 0.501103 0.229358 0.000001
v 0.637049 0.229358 0.000001
v 0.637049 0.339450 0.000001
v 0.390177 0.339450 0.000001
v 0.390177 0.115930 0.000001
v 0.390414 0.107969 0.000001
v 0.391127 0.100211 0.000001
v 0.392314 0.092655 0.000001
v 0.393976 0.085303 0.000001
v 0.396113 0.078153 0.000001
v 0.398726 0.071205 0.000001
v 0.401813 0.064461 0.000001
v 0.405375 0.057919 0.000001
v 0.409411 0.051579 0.000001
v 0.413923 0.045443 0.000001
v 0.418910 0.039509 0.000001
v 0.424372 0.033778 0.000001
v 0.430170 0.028383 0.000001
v 0.436164 0.023457 0.000001
v 0.442356 0.019000 0.000001
v 0.448744 0.015013 0.000001
v 0.455329 0.011494 0.000001
v 0.462112 0.008445 0.000001
v 0.469091 0.005864 0.000001
v 0.476267 0.003753 0.000001
v 0.483640 0.002111 0.000001
v 0.491210 0.000938 0.000001
v 0.498977 0.000235 0.000001
v 0.506941 0.000000 0.000001
v 0.874747 0.000000 0.000001
v 0.882708 0.000235 0.000001
v 0.890466 0.000938 0.000001
v 0.898022 0.002111 0.000001
v 0.905375 0.003753 0.000001
v 0.912525 0.005864 0.000001
v 0.919472 0.008445 0.000001
v 0.926217 0.011494 0.000001
v 0.932759 0.015013 0.000001
v 0.939098 0.019000 0.000001
v 0.945235 0.023457 0.000001
v 0.951168 0.028383 0.000001
v 0.956899 0.033778 0.000001
v 0.962294 0.039509 0.000001
v 0.967220 0.045443 0.000001
v 0.971677 0.051579 0.000001
v 0.975665 0.057919 0.000001
v 0.979183 0.064461 0.000001
v 0.982233 0.071205 0.000001
v 0.984813 0.078153 0.000001
v 0.986924 0.085303 0.000001
v 0.988566 0.092655 0.000001
v 0.989739 0.100211 0.000001
v 0.990443 0.107969 0.000001
v 0.990677 0.115930 0.000001
v 0.990677 0.484570 0.000001
v 0.990443 0.492531 0.000001
v 0.989739 0.500290 0.000001
v 0.988566 0.507845 0.000001
v 0.986924 0.515198 0.000001
v 0.984813 0.522348 0.000001
v 0.982233 0.529295 0.000001
v 0.979183 0.536040 0.000001
v 0.975665 0.542582 0.000001
v 0.971677 0.548921 0.000001
v 0.967220 0.555057 0.000001
v 0.962294 0.560991 0.000001
v 0.956899 0.566722 0.000001
v 0.951168 0.572117 0.000001
v 0.945234 0.577043 0.000001
v 0.939098 0.581500 0.000001
v 0.932759 0.585488 0.000001
v 0.926217 0.589006 0.000001
v 0.919472 0.592056 0.000001
v 0.912525 0.594636 0.000001
v 0.905375 0.596747 0.000001
v 0.898022 0.598389 0.000001
v 0.890466 0.599562 0.000001
v 0.882708 0.600266 0.000001
v 0.874747 0.600500 0.000001
v 0.506941 0.600500 0.000001
v 0.498977 0.600266 0.000001
v 0.491210 0.599562 0.000001
v 0.483640 0.598389 0.000001
v 0.476267 0.596747 0.000001
v 0.469091 0.594636 0.000001
v 0.462111 0.592056 0.000001
v 0.455329 0.589006 0.000001
v 0.448744 0.585488 0.000001
v 0.442355 0.581500 0.000001
v 0.436164 0.577043 0.000001
v 0.430169 0.572117 0.000001
v 0.424372 0.566722 0.000001
v 0.418910 0.560991 0.000001
v 0.413924 0.555057 0.000001
v 0.409412 0.548921 0.000001
v 0.405375 0.542582 0.000001
v 0.401813 0.536040 0.000001
v 0.398726 0.529295 0.000001
v 0.396114 0.522348 0.000001
v 0.393976 0.515198 0.000001
v 0.392314 0.507845 0.000001
v 0.391127 0.500290 0.000001
v 0.390414 0.492531 0.000001
v 1.161653 0.600500 0.000001
v 1.029877 0.600500 0.000001
v 1.307608 0.224354 0.000001
v 1.307608 0.000000 0.000001
v 1.417700 0.000000 0.000001
v 1.417700 0.224354 0.000001
v 1.695431 0.600500 0.000001
v 1.564489 0.600500 0.000001
v 1.362654 0.345288 0.000001
v 2.311778 0.000000 0.000000
v 2.311778 0.601334 -0.000000
v 2.201686 0.601334 -0.000000
v 2.201686 0.110092 -0.000000
v 1.711278 0.110092 0.000001
v 1.711278 0.000000 0.000001
v 2.888926 0.600500 -0.000000
v 2.520285 0.600500 -0.000000
v 2.512455 0.600266 -0.000000
v 2.504809 0.599562 -0.000000
v 2.497350 0.598389 -0.000000
v 2.490075 0.596747 -0.000000
v 2.476082 0.592056 -0.000000
v 2.462830 0.585488 -0.000000
v 2.456482 0.581500 -0.000000
v 2.450320 0.577043 -0.000000
v 2.444342 0.572117 -0.000000
v 2.438550 0.566722 -0.000000
v 2.433089 0.560991 -0.000000
v 2.428102 0.555057 -0.000000
v 2.423590 0.548921 -0.000000
v 2.419553 0.542582 -0.000000
v 2.415991 0.536040 -0.000000
v 2.412904 0.529295 -0.000000
v 2.410292 0.522348 -0.000000
v 2.408155 0.515198 -0.000000
v 2.406493 0.507845 -0.000000
v 2.405305 0.500290 -0.000000
v 2.404593 0.492531 -0.000000
v 2.404355 0.484570 -0.000000
v 2.404355 0.115930 -0.000000
v 2.404593 0.107969 -0.000000
v 2.405305 0.100211 -0.000000
v 2.406492 0.092655 -0.000000
v 2.408155 0.085303 -0.000000
v 2.410292 0.078153 -0.000000
v 2.412904 0.071205 -0.000000
v 2.415991 0.064461 -0.000000
v 2.419553 0.057919 -0.000000
v 2.423590 0.051579 -0.000000
v 2.428102 0.045443 -0.000000
v 2.433089 0.039509 -0.000000
v 2.438550 0.033778 -0.000000
v 2.444342 0.028383 -0.000000
v 2.450320 0.023457 -0.000000
v 2.456482 0.019000 -0.000000
v 2.462830 0.015013 -0.000000
v 2.469363 0.011494 -0.000000
v 2.482986 0.005864 -0.000000
v 2.497350 0.002111 -0.000000
v 2.504809 0.000938 -0.000000
v 2.512455 0.000235 -0.000000
v 2.520285 0.000000 0.000000
v 2.888926 0.000000 0.000000
v 2.896887 0.000235 -0.000000
v 2.904645 0.000938 -0.000000
v 2.912200 0.002111 -0.000000
v 2.919553 0.003753 -0.000000
v 2.926703 0.005864 -0.000000
v 2.933650 0.008445 -0.000000
v 2.940395 0.011494 -0.000000
v 2.946937 0.015013 -0.000000
v 2.953276 0.019000 -0.000000
v 2.959413 0.023457 -0.000000
v 2.965347 0.028383 -0.000000
v 2.971078 0.033778 -0.000000
v 2.976473 0.039509 -0.000000
v 2.981399 0.045443 -0.000000
v 2.985856 0.051579 -0.000000
v 2.989843 0.057919 -0.000000
v 2.993362 0.064461 -0.000000
v 2.996411 0.071205 -0.000000
v 2.998991 0.078153 -0.000000
v 3.001103 0.085303 -0.000000
v 3.002745 0.092655 -0.000000
v 3.003917 0.100211 -0.000000
v 3.004621 0.107969 -0.000000
v 3.004856 0.115930 -0.000000
v 3.004856 0.484570 -0.000000
v 3.004621 0.492531 -0.000000
v 3.003918 0.500290 -0.000000
v 3.002745 0.507845 -0.000000
v 3.001103 0.515198 -0.000000
v 2.998991 0.522348 -0.000000
v 2.996411 0.529295 -0.000000
v 2.993362 0.536040 -0.000000
v 2.989843 0.542582 -0.000000
v 2.985856 0.548921 -0.000000
v 2.981399 0.555057 -0.000000
v 2.976473 0.560991 -0.000000
v 2.971078 0.566722 -0.000000
v 2.965347 0.572117 -0.000000
v 2.959413 0.577043 -0.000000
v 2.953276 0.581500 -0.000000
v 2.946937 0.585488 -0.000000
v 2.940395 0.589006 -0.000000
v 2.933650 0.592056 -0.000000
v 2.926703 0.594636 -0.000000
v 2.919553 0.596747 -0.000000
v 2.912200 0.598389 -0.000000
v 2.904645 0.599562 -0.000000
v 2.896887 0.600266 -0.000000
v 2.888926 0.110092 -0.000000
v 2.520285 0.110092 -0.000000
v 2.515281 0.115930 -0.000000
v 2.518096 0.490044 -0.000000
v 2.891480 0.490044 -0.000000
v 2.894723 0.114997 -0.000000
v 3.662904 0.599666 -0.000000
v 3.179168 0.599666 -0.000000
v 3.171204 0.599429 -0.000000
v 3.163437 0.598716 -0.000000
v 3.155867 0.597529 -0.000000
v 3.148494 0.595867 -0.000000
v 3.141318 0.593730 -0.000000
v 3.134339 0.591118 -0.000000
v 3.127556 0.588031 -0.000000
v 3.120971 0.584469 -0.000000
v 3.114583 0.580432 -0.000000
v 3.108391 0.575920 -0.000000
v 3.102396 0.570933 -0.000000
v 3.096599 0.565471 -0.000000
v 3.091137 0.559679 -0.000000
v 3.086150 0.553702 -0.000000
v 3.081639 0.547540 -0.000000
v 3.077602 0.541192 -0.000000
v 3.074040 0.534659 -0.000000
v 3.068341 0.521036 -0.000000
v 3.066203 0.513947 -0.000000
v 3.064541 0.506672 -0.000000
v 3.063354 0.499212 -0.000000
v 3.062641 0.491567 -0.000000
v 3.062404 0.483736 -0.000000
v 3.062404 0.321935 -0.000000
v 3.062641 0.314104 -0.000000
v 3.063354 0.306459 -0.000000
v 3.064541 0.298999 -0.000000
v 3.066203 0.291725 -0.000000
v 3.068340 0.284635 -0.000000
v 3.074039 0.271013 -0.000000
v 3.077601 0.264480 -0.000000
v 3.081638 0.258132 -0.000000
v 3.086150 0.251969 -0.000000
v 3.091137 0.245992 -0.000000
v 3.096599 0.240200 -0.000000
v 3.102396 0.234738 -0.000000
v 3.108391 0.229752 -0.000000
v 3.114583 0.225240 -0.000000
v 3.120971 0.221203 -0.000000
v 3.127556 0.217641 -0.000000
v 3.134339 0.214554 -0.000000
v 3.141318 0.211942 -0.000000
v 3.148494 0.209804 -0.000000
v 3.155867 0.208142 -0.000000
v 3.163437 0.206955 -0.000000
v 3.171204 0.206242 -0.000000
v 3.179168 0.206005 -0.000000
v 3.552812 0.206005 -0.000000
v 3.552812 0.000000 0.000000
v 3.662904 0.000000 0.000000
v 3.173370 0.484669 -0.000000
v 3.179168 0.489575 -0.000000
v 3.551353 0.488115 -0.000000
v 3.551799 0.318083 -0.000000
v 3.179168 0.316097 -0.000000
v 3.173370 0.321002 -0.000000
v -3.769956 0.484570 -0.230902
v -3.769956 0.437865 -0.230902
v -3.659031 0.437865 -0.230902
v -3.658990 0.485503 -0.230902
v -3.653193 0.490409 -0.230902
v -3.285386 0.490409 -0.230902
v -3.279590 0.485503 -0.230902
v -3.282831 0.110457 -0.230902
v -3.657043 0.111105 -0.230902
v -3.659031 0.229358 -0.230902
v -3.523084 0.229358 -0.230902
v -3.523084 0.339450 -0.230902
v -3.769956 0.339450 -0.230902
v -3.769956 0.115930 -0.230902
v -3.769719 0.107969 -0.230902
v -3.769006 0.100211 -0.230902
v -3.767819 0.092655 -0.230902
v -3.766157 0.085303 -0.230902
v -3.764020 0.078153 -0.230902
v -3.761408 0.071205 -0.230902
v -3.758321 0.064461 -0.230902
v -3.754759 0.057919 -0.230902
v -3.750722 0.051579 -0.230902
v -3.746210 0.045443 -0.230902
v -3.741223 0.039509 -0.230902
v -3.735761 0.033778 -0.230902
v -3.729964 0.028383 -0.230902
v -3.723970 0.023457 -0.230902
v -3.717778 0.019000 -0.230902
v -3.711390 0.015013 -0.230902
v -3.704805 0.011494 -0.230902
v -3.698023 0.008445 -0.230902
v -3.691044 0.005864 -0.230902
v -3.683868 0.003753 -0.230902
v -3.676495 0.002111 -0.230902
v -3.668926 0.000938 -0.230902
v -3.661159 0.000235 -0.230902
v -3.653193 -0.000000 -0.230902
v -3.285386 -0.000000 -0.230902
v -3.277425 0.000235 -0.230902
v -3.269667 0.000938 -0.230902
v -3.262111 0.002111 -0.230902
v -3.254759 0.003753 -0.230902
v -3.247608 0.005864 -0.230902
v -3.240661 0.008445 -0.230902
v -3.233917 0.011494 -0.230902
v -3.227375 0.015013 -0.230902
v -3.221036 0.019000 -0.230902
v -3.214899 0.023457 -0.230902
v -3.208966 0.028383 -0.230902
v -3.203234 0.033778 -0.230902
v -3.197839 0.039509 -0.230902
v -3.192913 0.045443 -0.230902
v -3.188456 0.051579 -0.230902
v -3.184468 0.057919 -0.230902
v -3.180949 0.064461 -0.230902
v -3.177900 0.071205 -0.230902
v -3.175320 0.078152 -0.230902
v -3.173209 0.085303 -0.230902
v -3.171567 0.092655 -0.230902
v -3.170394 0.100211 -0.230902
v -3.169690 0.107969 -0.230902
v -3.169456 0.115930 -0.230902
v -3.169456 0.484570 -0.230902
v -3.169691 0.492531 -0.230902
v -3.170395 0.500290 -0.230902
v -3.171568 0.507845 -0.230902
v -3.173209 0.515198 -0.230902
v -3.175320 0.522348 -0.230902
v -3.177901 0.529295 -0.230902
v -3.180950 0.536040 -0.230902
v -3.184469 0.542582 -0.230902
v -3.188456 0.548921 -0.230902
v -3.192913 0.555057 -0.230902
v -3.197839 0.560991 -0.230902
v -3.203234 0.566722 -0.230902
v -3.208966 0.572117 -0.230902
v -3.214899 0.577043 -0.230902
v -3.221036 0.581500 -0.230902
v -3.227375 0.585488 -0.230902
v -3.233917 0.589006 -0.230902
v -3.240661 0.592056 -0.230902
v -3.247608 0.594636 -0.230902
v -3.254759 0.596747 -0.230902
v -3.262111 0.598389 -0.230902
v -3.269667 0.599562 -0.230902
v -3.277425 0.600266 -0.230902
v -3.285386 0.600500 -0.230902
v -3.653193 0.600500 -0.230902
v -3.661156 0.600266 -0.230902
v -3.668923 0.599562 -0.230902
v -3.676493 0.598389 -0.230902
v -3.683866 0.596747 -0.230902
v -3.691042 0.594636 -0.230902
v -3.698021 0.592056 -0.230902
v -3.704803 0.589006 -0.230902
v -3.711388 0.585488 -0.230902
v -3.717776 0.581500 -0.230902
v -3.723967 0.577043 -0.230902
v -3.729962 0.572117 -0.230902
v -3.735761 0.566722 -0.230902
v -3.741223 0.560991 -0.230902
v -3.746210 0.555057 -0.230902
v -3.750722 0.548921 -0.230902
v -3.754759 0.542582 -0.230902
v -3.758321 0.536040 -0.230902
v -3.761408 0.529295 -0.230902
v -3.764020 0.522348 -0.230902
v -3.766157 0.515198 -0.230902
v -3.767819 0.507845 -0.230902
v -3.769006 0.500290 -0.230902
v -3.769719 0.492531 -0.230902
v -2.965119 0.160133 -0.230902
v -2.965119 0.600500 -0.230902
v -3.076045 0.600500 -0.230902
v -3.076045 -0.000000 -0.230902
v -2.955945 -0.000000 -0.230902
v -2.585636 0.440367 -0.230902
v -2.585636 -0.000000 -0.230902
v -2.475545 -0.000000 -0.230902
v -2.475545 0.600500 -0.230902
v -2.595645 0.600500 -0.230902
v -1.895895 0.600500 -0.230903
v -2.263702 0.600500 -0.230903
v -2.271665 0.600266 -0.230903
v -2.279432 0.599562 -0.230903
v -2.287002 0.598389 -0.230903
v -2.294375 0.596747 -0.230903
v -2.301551 0.594636 -0.230903
v -2.308530 0.592056 -0.230903
v -2.315312 0.589006 -0.230903
v -2.321897 0.585488 -0.230903
v -2.328285 0.581500 -0.230903
v -2.334476 0.577043 -0.230903
v -2.340471 0.572117 -0.230903
v -2.346270 0.566722 -0.230903
v -2.351732 0.560991 -0.230903
v -2.356719 0.555057 -0.230903
v -2.361231 0.548921 -0.230903
v -2.365268 0.542582 -0.230903
v -2.368829 0.536040 -0.230903
v -2.371917 0.529295 -0.230903
v -2.374529 0.522348 -0.230902
v -2.376666 0.515198 -0.230902
v -2.378328 0.507845 -0.230902
v -2.379515 0.500290 -0.230902
v -2.380228 0.492531 -0.230902
v -2.380466 0.484570 -0.230902
v -2.380466 -0.000000 -0.230902
v -2.269540 -0.000000 -0.230903
v -2.269540 0.201835 -0.230903
v -1.890057 0.201835 -0.230903
v -1.890057 -0.000000 -0.230903
v -1.779965 -0.000000 -0.230903
v -1.779965 0.484570 -0.230903
v -1.780200 0.492531 -0.230903
v -1.780904 0.500290 -0.230903
v -1.782077 0.507845 -0.230903
v -1.783719 0.515198 -0.230903
v -1.785830 0.522348 -0.230903
v -1.788410 0.529295 -0.230903
v -1.791459 0.536040 -0.230903
v -1.794978 0.542582 -0.230903
v -1.798966 0.548921 -0.230903
v -1.803423 0.555057 -0.230903
v -1.808348 0.560991 -0.230903
v -1.813743 0.566722 -0.230903
v -1.819474 0.572117 -0.230903
v -1.825408 0.577043 -0.230903
v -1.831545 0.581500 -0.230903
v -1.837884 0.585488 -0.230903
v -1.844425 0.589006 -0.230903
v -1.851170 0.592056 -0.230903
v -1.858117 0.594636 -0.230903
v -1.865268 0.596747 -0.230903
v -1.872620 0.598389 -0.230903
v -1.880176 0.599562 -0.230903
v -1.887934 0.600266 -0.230903
v -1.890057 0.311927 -0.230903
v -2.269540 0.311927 -0.230903
v -2.269377 0.486354 -0.230903
v -1.890219 0.486354 -0.230903
v -1.686554 0.484570 -0.230903
v -1.686554 0.437865 -0.230903
v -1.575628 0.437865 -0.230903
v -1.575588 0.485503 -0.230903
v -1.569790 0.490409 -0.230903
v -1.196309 0.486354 -0.230903
v -1.196186 0.114997 -0.230903
v -1.201983 0.110092 -0.230903
v -1.569790 0.110092 -0.230903
v -1.575586 0.114997 -0.230903
v -1.575628 0.229358 -0.230903
v -1.439681 0.229358 -0.230903
v -1.439681 0.339450 -0.230903
v -1.686554 0.339450 -0.230903
v -1.686554 0.115930 -0.230903
v -1.686316 0.107969 -0.230903
v -1.685604 0.100211 -0.230903
v -1.684417 0.092655 -0.230903
v -1.682754 0.085303 -0.230903
v -1.680617 0.078153 -0.230903
v -1.678005 0.071205 -0.230903
v -1.674918 0.064461 -0.230903
v -1.671356 0.057919 -0.230903
v -1.667319 0.051579 -0.230903
v -1.662807 0.045443 -0.230903
v -1.657820 0.039509 -0.230903
v -1.652359 0.033778 -0.230903
v -1.646561 0.028383 -0.230903
v -1.640567 0.023457 -0.230903
v -1.634376 0.019000 -0.230903
v -1.627988 0.015013 -0.230903
v -1.621403 0.011494 -0.230903
v -1.614620 0.008445 -0.230903
v -1.607641 0.005864 -0.230903
v -1.600466 0.003753 -0.230903
v -1.593093 0.002111 -0.230903
v -1.585523 0.000938 -0.230903
v -1.577756 0.000235 -0.230903
v -1.569790 -0.000000 -0.230903
v -1.201983 -0.000000 -0.230903
v -1.194022 0.000235 -0.230903
v -1.186264 0.000938 -0.230903
v -1.178709 0.002111 -0.230903
v -1.171356 0.003753 -0.230903
v -1.164206 0.005864 -0.230903
v -1.157258 0.008445 -0.230903
v -1.150514 0.011494 -0.230903
v -1.143972 0.015013 -0.230903
v -1.137633 0.019000 -0.230903
v -1.131497 0.023457 -0.230903
v -1.125563 0.028383 -0.230903
v -1.119832 0.033778 -0.230903
v -1.114436 0.039509 -0.230903
v -1.109510 0.045443 -0.230903
v -1.105053 0.051579 -0.230903
v -1.101065 0.057919 -0.230903
v -1.097547 0.064461 -0.230903
v -1.094497 0.071205 -0.230903
v -1.091917 0.078152 -0.230903
v -1.089806 0.085303 -0.230903
v -1.088165 0.092655 -0.230903
v -1.086992 0.100211 -0.230903
v -1.086288 0.107969 -0.230903
v -1.086054 0.115930 -0.230903
v -1.086054 0.484570 -0.230903
v -1.086288 0.492531 -0.230903
v -1.086992 0.500290 -0.230903
v -1.088165 0.507845 -0.230903
v -1.089807 0.515198 -0.230903
v -1.091918 0.522348 -0.230903
v -1.094498 0.529295 -0.230903
v -1.097547 0.536040 -0.230903
v -1.101066 0.542582 -0.230903
v -1.105054 0.548921 -0.230903
v -1.109511 0.555057 -0.230903
v -1.114437 0.560991 -0.230903
v -1.119832 0.566722 -0.230903
v -1.125563 0.572117 -0.230903
v -1.131497 0.577043 -0.230903
v -1.137633 0.581500 -0.230903
v -1.143972 0.585488 -0.230903
v -1.150514 0.589006 -0.230903
v -1.157258 0.592056 -0.230903
v -1.164206 0.594636 -0.230903
v -1.171356 0.596747 -0.230903
v -1.178709 0.598389 -0.230903
v -1.186264 0.599562 -0.230903
v -1.194022 0.600266 -0.230903
v -1.201983 0.600500 -0.230903
v -1.569790 0.600500 -0.230903
v -1.577754 0.600266 -0.230903
v -1.585521 0.599562 -0.230903
v -1.593090 0.598389 -0.230903
v -1.600463 0.596747 -0.230903
v -1.607639 0.594636 -0.230903
v -1.614618 0.592056 -0.230903
v -1.621400 0.589006 -0.230903
v -1.627985 0.585488 -0.230903
v -1.634373 0.581500 -0.230903
v -1.640565 0.577043 -0.230903
v -1.646559 0.572117 -0.230903
v -1.652359 0.566722 -0.230903
v -1.657820 0.560991 -0.230903
v -1.662807 0.555057 -0.230903
v -1.667319 0.548921 -0.230903
v -1.671356 0.542582 -0.230903
v -1.674918 0.536040 -0.230903
v -1.678005 0.529295 -0.230903
v -1.680617 0.522348 -0.230903
v -1.682754 0.515198 -0.230903
v -1.684417 0.507845 -0.230903
v -1.685604 0.500290 -0.230903
v -1.686316 0.492531 -0.230903
v -0.881716 0.160133 -0.230903
v -0.881716 0.600500 -0.230903
v -0.992642 0.600500 -0.230903
v -0.992642 -0.000000 -0.230903
v -0.872542 -0.000000 -0.230903
v -0.502234 0.440367 -0.230903
v -0.502234 -0.000000 -0.230903
v -0.392142 -0.000000 -0.230903
v -0.392142 0.600500 -0.230903
v -0.512242 0.600500 -0.230903
v 0.184172 0.600500 -0.230903
v -0.184469 0.600500 -0.230903
v -0.192299 0.600266 -0.230903
v -0.199944 0.599562 -0.230903
v -0.207404 0.598389 -0.230903
v -0.214679 0.596747 -0.230903
v -0.235391 0.589006 -0.230903
v -0.241924 0.585488 -0.230903
v -0.248272 0.581500 -0.230903
v -0.254434 0.577043 -0.230903
v -0.260412 0.572117 -0.230903
v -0.266204 0.566722 -0.230903
v -0.271665 0.560991 -0.230903
v -0.276652 0.555057 -0.230903
v -0.281164 0.548921 -0.230903
v -0.285201 0.542582 -0.230903
v -0.288763 0.536040 -0.230903
v -0.291850 0.529295 -0.230903
v -0.294462 0.522348 -0.230903
v -0.296599 0.515198 -0.230903
v -0.298261 0.507845 -0.230903
v -0.299449 0.500290 -0.230903
v -0.300161 0.492531 -0.230903
v -0.300399 0.484570 -0.230903
v -0.300399 0.115930 -0.230903
v -0.300161 0.107969 -0.230903
v -0.299449 0.100211 -0.230903
v -0.298261 0.092655 -0.230903
v -0.296599 0.085303 -0.230903
v -0.294462 0.078153 -0.230903
v -0.291850 0.071205 -0.230903
v -0.288763 0.064461 -0.230903
v -0.285201 0.057919 -0.230903
v -0.281164 0.051579 -0.230903
v -0.276652 0.045443 -0.230903
v -0.271665 0.039509 -0.230903
v -0.266204 0.033778 -0.230903
v -0.260412 0.028383 -0.230903
v -0.254435 0.023457 -0.230903
v -0.248272 0.019000 -0.230903
v -0.241924 0.015013 -0.230903
v -0.228672 0.008445 -0.230903
v -0.214679 0.003753 -0.230903
v -0.207405 0.002111 -0.230903
v -0.199945 0.000938 -0.230903
v -0.192300 0.000235 -0.230903
v -0.184469 -0.000000 -0.230903
v 0.184172 -0.000000 -0.230903
v 0.192133 0.000235 -0.230903
v 0.199891 0.000938 -0.230903
v 0.207446 0.002111 -0.230903
v 0.214799 0.003753 -0.230903
v 0.221949 0.005864 -0.230903
v 0.228896 0.008445 -0.230903
v 0.235641 0.011494 -0.230903
v 0.242183 0.015013 -0.230903
v 0.248522 0.019000 -0.230903
v 0.254658 0.023457 -0.230903
v 0.260592 0.028383 -0.230903
v 0.266324 0.033778 -0.230903
v 0.271719 0.039509 -0.230903
v 0.276645 0.045443 -0.230903
v 0.281101 0.051579 -0.230903
v 0.285089 0.057919 -0.230903
v 0.288608 0.064461 -0.230903
v 0.291657 0.071205 -0.230903
v 0.294237 0.078152 -0.230903
v 0.296349 0.085303 -0.230903
v 0.297991 0.092655 -0.230903
v 0.299163 0.100211 -0.230903
v 0.299867 0.107969 -0.230903
v 0.300102 0.115930 -0.230903
v 0.300102 0.484570 -0.230903
v 0.299867 0.492531 -0.230903
v 0.299163 0.500290 -0.230903
v 0.297991 0.507845 -0.230903
v 0.296349 0.515198 -0.230903
v 0.294237 0.522348 -0.230903
v 0.291657 0.529295 -0.230903
v 0.288608 0.536040 -0.230903
v 0.285089 0.542582 -0.230903
v 0.281101 0.548921 -0.230903
v 0.276645 0.555057 -0.230903
v 0.271719 0.560991 -0.230903
v 0.266324 0.566722 -0.230903
v 0.260592 0.572117 -0.230903
v 0.254659 0.577043 -0.230903
v 0.248522 0.581500 -0.230903
v 0.242183 0.585488 -0.230903
v 0.235641 0.589006 -0.230903
v 0.228897 0.592056 -0.230903
v 0.221949 0.594636 -0.230903
v 0.214799 0.596747 -0.230903
v 0.207447 0.598389 -0.230903
v 0.199891 0.599562 -0.230903
v 0.192133 0.600266 -0.230903
v -0.184469 0.110092 -0.230903
v -0.189473 0.115930 -0.230903
v -0.189334 0.486354 -0.230903
v 0.185104 0.490368 -0.230903
v 0.190010 0.484570 -0.230903
v 0.190010 0.115930 -0.230903
v 0.185104 0.110132 -0.230903
v 0.390177 0.484570 -0.230903
v 0.390177 0.437865 -0.230903
v 0.501103 0.437865 -0.230903
v 0.501103 0.484570 -0.230903
v 0.506008 0.490368 -0.230903
v 0.878599 0.489395 -0.230904
v 0.876531 0.110254 -0.230904
v 0.506008 0.110132 -0.230903
v 0.501103 0.115930 -0.230903
v 0.501103 0.229358 -0.230903
v 0.637049 0.229358 -0.230903
v 0.637049 0.339450 -0.230903
v 0.390177 0.339450 -0.230903
v 0.390177 0.115930 -0.230903
v 0.390414 0.107969 -0.230903
v 0.391127 0.100211 -0.230903
v 0.392314 0.092655 -0.230903
v 0.393976 0.085303 -0.230903
v 0.396113 0.078153 -0.230903
v 0.398726 0.071205 -0.230903
v 0.401813 0.064461 -0.230903
v 0.405375 0.057919 -0.230903
v 0.409411 0.051579 -0.230903
v 0.413923 0.045443 -0.230903
v 0.418910 0.039509 -0.230903
v 0.424372 0.033778 -0.230903
v 0.430170 0.028383 -0.230903
v 0.436164 0.023457 -0.230903
v 0.442356 0.019000 -0.230903
v 0.448744 0.015013 -0.230903
v 0.455329 0.011494 -0.230903
v 0.462112 0.008445 -0.230903
v 0.469091 0.005864 -0.230903
v 0.476267 0.003753 -0.230903
v 0.483640 0.002111 -0.230903
v 0.491210 0.000938 -0.230903
v 0.498977 0.000235 -0.230903
v 0.506941 -0.000000 -0.230903
v 0.874747 -0.000000 -0.230904
v 0.882708 0.000235 -0.230904
v 0.890466 0.000938 -0.230904
v 0.898022 0.002111 -0.230904
v 0.905375 0.003753 -0.230904
v 0.912525 0.005864 -0.230904
v 0.919472 0.008445 -0.230904
v 0.926217 0.011494 -0.230904
v 0.932759 0.015013 -0.230904
v 0.939098 0.019000 -0.230904
v 0.945235 0.023457 -0.230904
v 0.951168 0.028383 -0.230904
v 0.956899 0.033778 -0.230904
v 0.962294 0.039509 -0.230904
v 0.967220 0.045443 -0.230904
v 0.971677 0.051579 -0.230904
v 0.975665 0.057919 -0.230904
v 0.979183 0.064461 -0.230904
v 0.982233 0.071205 -0.230904
v 0.984813 0.078152 -0.230904
v 0.986924 0.085303 -0.230904
v 0.988566 0.092655 -0.230904
v 0.989739 0.100211 -0.230904
v 0.990443 0.107969 -0.230904
v 0.990677 0.115930 -0.230904
v 0.990677 0.484570 -0.230904
v 0.990443 0.492531 -0.230904
v 0.989739 0.500290 -0.230904
v 0.988566 0.507845 -0.230904
v 0.986924 0.515198 -0.230904
v 0.984813 0.522348 -0.230904
v 0.982233 0.529295 -0.230904
v 0.979183 0.536040 -0.230904
v 0.975665 0.542582 -0.230904
v 0.971677 0.548921 -0.230904
v 0.967220 0.555057 -0.230904
v 0.962294 0.560991 -0.230904
v 0.956899 0.566722 -0.230904
v 0.951168 0.572117 -0.230904
v 0.945234 0.577043 -0.230904
v 0.939098 0.581500 -0.230904
v 0.932759 0.585488 -0.230904
v 0.926217 0.589006 -0.230904
v 0.919472 0.592056 -0.230904
v 0.912525 0.594636 -0.230904
v 0.905375 0.596747 -0.230904
v 0.898022 0.598389 -0.230904
v 0.890466 0.599562 -0.230904
v 0.882708 0.600266 -0.230904
v 0.874747 0.600500 -0.230904
v 0.506941 0.600500 -0.230903
v 0.498977 0.600266 -0.230903
v 0.491210 0.599562 -0.230903
v 0.483640 0.598389 -0.230903
v 0.476267 0.596747 -0.230903
v 0.469091 0.594636 -0.230903
v 0.462111 0.592056 -0.230903
v 0.455329 0.589006 -0.230903
v 0.448744 0.585488 -0.230903
v 0.442355 0.581500 -0.230903
v 0.436164 0.577043 -0.230903
v 0.430169 0.572117 -0.230903
v 0.424372 0.566722 -0.230903
v 0.418910 0.560991 -0.230903
v 0.413924 0.555057 -0.230903
v 0.409412 0.548921 -0.230903
v 0.405375 0.542582 -0.230903
v 0.401813 0.536040 -0.230903
v 0.398726 0.529295 -0.230903
v 0.396114 0.522348 -0.230903
v 0.393976 0.515198 -0.230903
v 0.392314 0.507845 -0.230903
v 0.391127 0.500290 -0.230903
v 0.390414 0.492531 -0.230903
v 1.161653 0.600500 -0.230904
v 1.029877 0.600500 -0.230904
v 1.307608 0.224354 -0.230904
v 1.307608 -0.000000 -0.230904
v 1.417700 -0.000000 -0.230904
v 1.417700 0.224354 -0.230904
v 1.695431 0.600500 -0.230904
v 1.564489 0.600500 -0.230904
v 1.362654 0.345288 -0.230904
v 2.311778 -0.000000 -0.230904
v 2.311778 0.601334 -0.230904
v 2.201686 0.601334 -0.230904
v 2.201686 0.110092 -0.230904
v 1.711278 0.110092 -0.230904
v 1.711278 -0.000000 -0.230904
v 2.888926 0.600500 -0.230904
v 2.520285 0.600500 -0.230904
v 2.512455 0.600266 -0.230904
v 2.504809 0.599562 -0.230904
v 2.497350 0.598389 -0.230904
v 2.482985 0.594636 -0.230904
v 2.469363 0.589006 -0.230904
v 2.462830 0.585488 -0.230904
v 2.456482 0.581500 -0.230904
v 2.450320 0.577043 -0.230904
v 2.444342 0.572117 -0.230904
v 2.438550 0.566722 -0.230904
v 2.433089 0.560991 -0.230904
v 2.428102 0.555057 -0.230904
v 2.423590 0.548921 -0.230904
v 2.419553 0.542582 -0.230904
v 2.415991 0.536040 -0.230904
v 2.412904 0.529295 -0.230904
v 2.410292 0.522348 -0.230904
v 2.408155 0.515198 -0.230904
v 2.406493 0.507845 -0.230904
v 2.405305 0.500290 -0.230904
v 2.404593 0.492531 -0.230904
v 2.404355 0.484570 -0.230904
v 2.404355 0.115930 -0.230904
v 2.404593 0.107969 -0.230904
v 2.405305 0.100211 -0.230904
v 2.406492 0.092655 -0.230904
v 2.408154 0.085303 -0.230904
v 2.410292 0.078153 -0.230904
v 2.412904 0.071205 -0.230904
v 2.415991 0.064461 -0.230904
v 2.419553 0.057919 -0.230904
v 2.423590 0.051579 -0.230904
v 2.428102 0.045443 -0.230904
v 2.433088 0.039509 -0.230904
v 2.438550 0.033778 -0.230904
v 2.444342 0.028383 -0.230904
v 2.450320 0.023457 -0.230904
v 2.456482 0.019000 -0.230904
v 2.462830 0.015013 -0.230904
v 2.469363 0.011494 -0.230904
v 2.482985 0.005864 -0.230904
v 2.497350 0.002111 -0.230904
v 2.504809 0.000938 -0.230904
v 2.512455 0.000235 -0.230904
v 2.520285 -0.000000 -0.230904
v 2.888926 -0.000000 -0.230904
v 2.896887 0.000235 -0.230904
v 2.904645 0.000938 -0.230904
v 2.912200 0.002111 -0.230904
v 2.919553 0.003753 -0.230904
v 2.926703 0.005864 -0.230904
v 2.933650 0.008445 -0.230904
v 2.940395 0.011494 -0.230904
v 2.946937 0.015013 -0.230904
v 2.953276 0.019000 -0.230904
v 2.959413 0.023457 -0.230904
v 2.965347 0.028383 -0.230904
v 2.971077 0.033778 -0.230904
v 2.976473 0.039509 -0.230904
v 2.981399 0.045443 -0.230904
v 2.985856 0.051579 -0.230904
v 2.989843 0.057919 -0.230904
v 2.993362 0.064461 -0.230904
v 2.996411 0.071205 -0.230904
v 2.998991 0.078152 -0.230904
v 3.001103 0.085303 -0.230904
v 3.002745 0.092655 -0.230904
v 3.003917 0.100211 -0.230904
v 3.004621 0.107969 -0.230904
v 3.004856 0.115930 -0.230904
v 3.004856 0.484570 -0.230904
v 3.004621 0.492531 -0.230904
v 3.003917 0.500290 -0.230904
v 3.002745 0.507845 -0.230904
v 3.001103 0.515198 -0.230904
v 2.998991 0.522348 -0.230904
v 2.996411 0.529295 -0.230904
v 2.993362 0.536040 -0.230904
v 2.989843 0.542582 -0.230904
v 2.985856 0.548921 -0.230904
v 2.981399 0.555057 -0.230904
v 2.976473 0.560991 -0.230904
v 2.971077 0.566722 -0.230904
v 2.965347 0.572117 -0.230904
v 2.959413 0.577043 -0.230904
v 2.953276 0.581500 -0.230904
v 2.946937 0.585488 -0.230904
v 2.940395 0.589006 -0.230904
v 2.933650 0.592056 -0.230904
v 2.926703 0.594636 -0.230904
v 2.919553 0.596747 -0.230904
v 2.912200 0.598389 -0.230904
v 2.904645 0.599562 -0.230904
v 2.896887 0.600266 -0.230904
v 2.515837 0.112686 -0.230904
v 2.515316 0.485503 -0.230904
v 2.888926 0.490409 -0.230904
v 2.894723 0.485503 -0.230904
v 2.894764 0.115930 -0.230904
v 2.889858 0.110132 -0.230904
v 3.662904 0.599666 -0.230904
v 3.179168 0.599666 -0.230904
v 3.171204 0.599429 -0.230904
v 3.163437 0.598716 -0.230904
v 3.155867 0.597529 -0.230904
v 3.148494 0.595867 -0.230904
v 3.141318 0.593730 -0.230904
v 3.134339 0.591118 -0.230904
v 3.127556 0.588031 -0.230904
v 3.120971 0.584469 -0.230904
v 3.114583 0.580432 -0.230904
v 3.108391 0.575920 -0.230904
v 3.102396 0.570933 -0.230904
v 3.096599 0.565471 -0.230904
v 3.091137 0.559679 -0.230904
v 3.086150 0.553702 -0.230904
v 3.081639 0.547540 -0.230904
v 3.077602 0.541192 -0.230904
v 3.074040 0.534659 -0.230904
v 3.068341 0.521036 -0.230904
v 3.066203 0.513947 -0.230904
v 3.064541 0.506672 -0.230904
v 3.063354 0.499212 -0.230904
v 3.062641 0.491567 -0.230904
v 3.062404 0.483736 -0.230904
v 3.062404 0.321935 -0.230904
v 3.062641 0.314104 -0.230904
v 3.063354 0.306459 -0.230904
v 3.064541 0.298999 -0.230904
v 3.066203 0.291725 -0.230904
v 3.070952 0.277731 -0.230904
v 3.077601 0.264480 -0.230904
v 3.081638 0.258132 -0.230904
v 3.086150 0.251969 -0.230904
v 3.091137 0.245992 -0.230904
v 3.096599 0.240200 -0.230904
v 3.102396 0.234738 -0.230904
v 3.108391 0.229752 -0.230904
v 3.114583 0.225240 -0.230904
v 3.120971 0.221203 -0.230904
v 3.127556 0.217641 -0.230904
v 3.134339 0.214554 -0.230904
v 3.141318 0.211942 -0.230904
v 3.148494 0.209804 -0.230904
v 3.155867 0.208142 -0.230904
v 3.163437 0.206955 -0.230904
v 3.171204 0.206242 -0.230904
v 3.179168 0.206005 -0.230904
v 3.552812 0.206005 -0.230904
v 3.552812 -0.000000 -0.230904
v 3.662904 -0.000000 -0.230904
v 3.173694 0.486291 -0.230904
v 3.551799 0.487588 -0.230904
v 3.552812 0.321935 -0.230904
v 3.546974 0.316097 -0.230904
v 3.179168 0.316097 -0.230904
v 3.173370 0.321002 -0.230904
vn -0.0000 -0.0000 1.0000
vn -0.0000 -0.0000 -1.0000
vn -0.0000 -0.0001 -1.0000
vn -0.0000 0.0001 -1.0000
vn 0.3481 0.9375 -0.0000
vn -0.4712 0.8820 -0.0000
vn -0.9957 -0.0929 -0.0000
vn 0.4736 0.8807 -0.0000
vn -0.9876 -0.1571 -0.0000
vn 0.4121 0.9112 -0.0000
vn -0.5296 0.8483 -0.0000
vn -0.9749 -0.2228 -0.0000
vn 0.5325 0.8464 -0.0000
vn -0.9575 -0.2886 -0.0000
vn -0.4741 0.8805 -0.0000
vn -0.5843 0.8116 -0.0000
vn 0.5876 0.8091 -0.0000
vn -0.9087 -0.4175 -0.0000
vn -0.5320 0.8468 -0.0000
vn -0.6349 0.7726 -0.0000
vn -0.8780 -0.4787 -0.0000
vn 0.6388 0.7694 -0.0000
vn -0.8438 -0.5367 -0.0000
vn -0.5861 0.8103 -0.0000
vn -0.6812 0.7321 -0.0000
vn -0.8069 -0.5907 -0.0000
vn 0.6854 0.7282 -0.0000
vn -0.7678 -0.6407 -0.0000
vn -0.6359 0.7717 -0.0000
vn 0.7281 0.6854 -0.0000
vn 1.0000 -0.0000 -0.0000
vn -0.7275 -0.6861 -0.0000
vn -0.7239 0.6899 -0.0000
vn -1.0000 -0.0000 -0.0000
vn -0.6858 -0.7278 -0.0000
vn -0.6816 0.7317 -0.0000
vn -0.7655 0.6434 -0.0000
vn -0.6394 -0.7689 -0.0000
vn 0.7694 0.6387 -0.0000
vn -0.0000 -1.0000 -0.0000
vn -0.5889 -0.8082 -0.0000
vn -0.8057 0.5924 -0.0000
vn -0.5342 -0.8453 -0.0000
vn -0.7240 0.6898 -0.0000
vn 0.8091 0.5877 -0.0000
vn -0.0000 1.0000 -0.0000
vn -0.4758 -0.8796 -0.0000
vn -0.7656 0.6434 -0.0000
vn -0.8435 0.5372 -0.0000
vn -0.4142 -0.9102 -0.0000
vn 0.8465 0.5324 -0.0000
vn -0.3505 -0.9366 -0.0000
vn -0.8056 0.5924 -0.0000
vn 0.8091 0.5876 -0.0000
vn -0.8783 0.4782 -0.0000
vn 0.9996 -0.0294 -0.0000
vn -0.2855 -0.9584 -0.0000
vn 0.8807 0.4737 -0.0000
vn -0.2199 -0.9755 -0.0000
vn 0.8464 0.5325 -0.0000
vn -0.9093 0.4162 -0.0000
vn 0.9991 0.0433 0.0001
vn 0.9991 0.0433 -0.0000
vn -0.1549 -0.9879 -0.0000
vn 0.9112 0.4119 -0.0000
vn -1.0000 -0.0001 -0.0000
vn -0.0909 -0.9959 -0.0000
vn -0.9996 -0.0298 -0.0000
vn -0.9360 0.3519 -0.0000
vn -0.0297 -0.9996 -0.0000
vn 0.9374 0.3483 -0.0000
vn -0.9581 0.2863 -0.0000
vn -0.0023 -1.0000 -0.0000
vn 0.9591 0.2832 -0.0000
vn 0.9374 0.3481 -0.0000
vn -0.9754 0.2205 -0.0000
vn 0.9760 0.2178 -0.0000
vn -0.9581 0.2864 -0.0000
vn 0.9590 0.2833 -0.0000
vn -0.9879 0.1552 -0.0000
vn 0.9882 0.1534 -0.0000
vn 0.0294 0.9996 -0.0000
vn 0.9760 0.2179 -0.0000
vn -0.9958 0.0915 -0.0000
vn 0.9959 0.0903 -0.0000
vn -0.0294 0.9996 -0.0000
vn -0.9879 0.1553 -0.0000
vn -0.0903 0.9959 -0.0000
vn 0.9882 0.1533 -0.0000
vn 0.0904 0.9959 -0.0000
vn 0.0434 -0.9991 -0.0000
vn -0.9958 0.0914 -0.0000
vn -0.1531 0.9882 -0.0000
vn 0.9959 0.0904 -0.0000
vn -0.9996 0.0298 -0.0000
vn 0.1534 0.9882 -0.0000
vn 0.9996 0.0295 -0.0000
vn -0.2174 0.9761 -0.0000
vn -0.0434 -0.9991 -0.0002
vn -0.0434 -0.9991 -0.0000
vn 0.2179 0.9760 -0.0000
vn -0.9996 0.0299 -0.0000
vn -0.2822 0.9594 -0.0000
vn 0.2832 0.9591 -0.0000
vn -0.3467 0.9380 -0.0000
vn 0.0506 -0.9987 -0.0031
vn 0.0506 -0.9987 -0.0000
vn -0.1415 0.9899 -0.0040
vn -0.1415 0.9899 -0.0000
vn -0.4101 0.9120 -0.0000
vn -0.9958 -0.0915 -0.0000
vn 0.9959 -0.0904 -0.0000
vn -0.5842 0.8116 -0.0000
vn -0.9878 -0.1555 -0.0000
vn 0.5877 0.8091 -0.0000
vn 0.9882 -0.1534 -0.0000
vn -0.9754 -0.2205 -0.0000
vn 0.6387 0.7694 -0.0000
vn 0.9760 -0.2180 -0.0000
vn -0.6811 0.7322 -0.0000
vn -0.9581 -0.2864 -0.0000
vn 0.6854 0.7281 -0.0000
vn 0.9591 -0.2831 -0.0000
vn -0.9360 -0.3520 -0.0000
vn 0.9374 -0.3481 -0.0000
vn -0.9093 -0.4162 -0.0000
vn 0.9112 -0.4121 -0.0000
vn -0.8783 -0.4782 -0.0000
vn 0.8807 -0.4736 -0.0000
vn -0.9900 -0.1414 -0.0018
vn -0.9900 -0.1414 -0.0000
vn -0.9900 -0.1414 0.0001
vn -0.8436 -0.5370 -0.0000
vn 0.8465 -0.5324 -0.0000
vn -0.9991 -0.0431 0.0001
vn -0.9991 -0.0431 -0.0000
vn -0.8782 0.4782 -0.0000
vn -0.8056 -0.5924 -0.0000
vn 0.8091 -0.5877 -0.0000
vn -0.9093 0.4161 -0.0000
vn -0.7656 -0.6434 -0.0000
vn -1.0000 -0.0000 -0.0002
vn 0.7694 -0.6387 -0.0000
vn 1.0000 -0.0001 0.0002
vn -0.7239 -0.6899 -0.0000
vn 0.9374 0.3482 -0.0000
vn 0.7281 -0.6854 -0.0000
vn 0.9996 -0.0295 -0.0000
vn 0.6854 -0.7281 -0.0000
vn 0.9591 0.2831 -0.0000
vn -0.9991 0.0433 -0.0001
vn -0.9991 0.0433 0.0020
vn -0.9991 0.0433 -0.0000
vn -0.6812 -0.7321 -0.0000
vn 0.6388 -0.7694 -0.0000
vn -0.9754 0.2206 -0.0000
vn -0.9996 -0.0299 -0.0000
vn -0.6349 -0.7726 -0.0000
vn -0.9900 0.1414 -0.0000
vn -0.9900 0.1414 -0.0001
vn 0.5876 -0.8091 -0.0000
vn -0.5842 -0.8116 -0.0000
vn -0.5295 -0.8483 -0.0000
vn 0.5324 -0.8465 -0.0000
vn -0.4713 -0.8820 -0.0000
vn 0.0433 -0.9991 0.0001
vn 0.0433 -0.9991 -0.0000
vn 0.4737 -0.8807 -0.0000
vn -0.9958 -0.0914 -0.0000
vn -0.4100 -0.9121 -0.0000
vn 0.9996 0.0294 -0.0000
vn 0.4119 -0.9112 -0.0000
vn -0.9879 -0.1552 -0.0000
vn -0.0436 -0.9991 -0.0000
vn -0.0436 -0.9991 -0.0001
vn 0.9882 -0.1533 -0.0000
vn -0.3469 -0.9379 -0.0000
vn 0.3483 -0.9374 -0.0000
vn -0.2822 -0.9594 -0.0000
vn 0.1415 -0.9899 -0.0019
vn 0.1415 -0.9899 -0.0000
vn 0.1415 -0.9899 0.0001
vn 0.2832 -0.9591 -0.0000
vn 0.9590 -0.2832 -0.0000
vn -0.2174 -0.9761 -0.0000
vn 0.2179 -0.9760 -0.0000
vn -0.9360 -0.3519 -0.0000
vn 0.9375 -0.3481 -0.0000
vn -0.1531 -0.9882 -0.0000
vn 0.1534 -0.9882 -0.0000
vn 0.9112 -0.4120 -0.0000
vn -0.0901 -0.9959 -0.0000
vn 0.0902 -0.9959 -0.0000
vn 0.8807 -0.4737 -0.0000
vn -0.0295 -0.9996 -0.0000
vn 0.0295 -0.9996 -0.0000
vn -0.8435 -0.5371 -0.0000
vn 0.8045 -0.5940 -0.0000
vn 0.0505 0.9987 -0.0000
vn 0.0505 0.9987 0.0017
vn 0.8465 -0.5323 -0.0000
vn -0.7844 0.6203 -0.0000
vn 0.7856 0.6187 -0.0000
vn -0.9958 -0.0912 -0.0000
vn -0.8045 -0.5940 -0.0000
vn -0.9879 -0.1553 -0.0000
vn 0.7281 -0.6855 -0.0000
vn 0.6855 -0.7281 -0.0000
vn 0.9760 -0.2179 -0.0000
vn -0.6816 -0.7317 -0.0000
vn 0.6387 -0.7694 -0.0000
vn 0.9590 -0.2833 -0.0000
vn -0.9581 -0.2863 -0.0000
vn -0.6359 -0.7718 -0.0000
vn 0.9374 -0.3482 -0.0000
vn -0.5861 -0.8103 -0.0000
vn -1.0000 0.0001 -0.0001
vn 1.0000 -0.0001 -0.0000
vn -0.5319 -0.8468 -0.0000
vn -0.0299 0.9996 -0.0000
vn 0.9112 -0.4119 -0.0000
vn -0.0917 0.9958 -0.0000
vn -0.4742 -0.8804 -0.0000
vn -0.1553 0.9879 -0.0000
vn -0.4132 -0.9106 -0.0000
vn 0.8465 -0.5325 -0.0000
vn -0.2202 0.9755 -0.0000
vn 0.8091 -0.5876 -0.0000
vn -0.3502 -0.9367 -0.0000
vn -0.8057 -0.5924 -0.0000
vn -0.2854 0.9584 -0.0000
vn -0.7655 -0.6434 -0.0000
vn -0.3501 0.9367 -0.0000
vn -0.7240 -0.6898 -0.0000
vn 0.3481 0.9374 -0.0000
vn -0.2202 -0.9755 -0.0000
vn -0.9900 0.1414 -0.0002
vn 0.6854 -0.7282 -0.0000
vn 0.4120 0.9112 -0.0000
vn -0.1554 -0.9879 -0.0000
vn -0.6813 -0.7320 -0.0000
vn -0.0916 -0.9958 -0.0000
vn -0.6360 -0.7717 -0.0000
vn 0.5877 -0.8091 -0.0000
vn -0.0300 -0.9995 -0.0000
vn -0.5860 -0.8103 -0.0000
vn 0.5329 -0.8462 -0.0000
vn -0.6359 0.7718 -0.0000
vn 0.6855 0.7281 -0.0000
vn -0.4101 -0.9121 -0.0000
vn 0.7281 0.6855 -0.0000
vn 0.4120 -0.9112 -0.0000
vn -0.2854 -0.9584 -0.0000
vn 0.2831 -0.9591 -0.0000
vn -0.2202 -0.9754 -0.0000
vn -0.0297 0.9996 -0.0000
vn -0.0911 0.9958 -0.0000
vn 0.2180 -0.9760 -0.0000
vn -0.1553 -0.9879 -0.0000
vn -0.1549 0.9879 -0.0000
vn -0.2199 0.9755 -0.0000
vn 0.0428 0.9991 -0.0000
vn -0.0300 -0.9996 -0.0000
vn -0.3505 0.9366 -0.0000
vn 0.9112 0.4120 -0.0000
vn -0.4142 0.9102 -0.0000
vn -0.4758 0.8796 -0.0000
vn -0.5342 0.8453 -0.0000
vn -0.5889 0.8082 -0.0000
vn -0.9754 -0.2206 -0.0000
vn -0.6395 0.7688 -0.0000
vn 0.9760 -0.2178 -0.0000
vn -0.7661 0.6427 -0.0000
vn -0.6858 0.7278 -0.0000
vn -0.7275 0.6861 -0.0000
vn 0.9591 -0.2832 -0.0000
vn -0.7678 0.6407 -0.0000
vn 0.7654 -0.6436 -0.0000
vn -0.8069 0.5907 -0.0000
vn -0.8438 0.5366 -0.0000
vn -0.8780 0.4787 -0.0000
vn -0.8782 -0.4782 -0.0000
vn 0.3482 0.9374 -0.0000
vn -0.9087 0.4175 -0.0000
vn -0.4102 0.9120 -0.0000
vn -0.9574 0.2887 -0.0000
vn -0.9749 0.2227 -0.0000
vn -0.9876 0.1571 -0.0000
vn -0.5295 0.8483 -0.0000
vn 0.2180 0.9760 -0.0000
vn -0.9957 0.0929 -0.0000
vn 0.2831 0.9591 -0.0000
vn -0.3468 0.9380 -0.0000
vn -0.9995 0.0302 -0.0000
vn -0.6813 0.7320 -0.0000
vn 0.4737 0.8807 -0.0000
vn -0.5843 -0.8116 -0.0000
vn -0.7656 0.6433 -0.0000
vn 0.9899 -0.1416 -0.0000
vn 0.9899 -0.1416 -0.0001
vn 0.8807 0.4736 -0.0000
vn 0.3482 -0.9374 -0.0000
vn -0.2823 -0.9593 -0.0000
vn 0.7695 0.6386 -0.0000
vn -0.9581 0.2865 -0.0000
vn -0.9995 -0.0302 -0.0000
vn -0.8435 0.5371 -0.0000
vn -0.8783 0.4781 -0.0000
vn -0.9991 0.0433 0.0001
vn 0.9993 0.0367 -0.0057
vn 0.9993 0.0367 -0.0000
vn -0.9899 0.1415 -0.0000
vn -0.9899 0.1414 -0.0000
vn -0.9899 0.1415 -0.0001
vn 0.1412 -0.9900 -0.0000
vn -0.1414 0.9899 -0.0000
vn -0.0434 -0.9991 -0.0001
vn 0.0431 0.9991 -0.0000
vn 0.4121 0.9111 -0.0000
vt 0.840764 0.000000
vt 0.847134 0.000000
vt 0.853503 0.000000
vt 0.859873 0.000000
vt 0.866242 0.000000
vt 0.834395 0.000000
vt 0.872611 0.000000
vt 0.828025 0.000000
vt 0.878981 0.000000
vt 0.821656 0.000000
vt 0.885350 0.000000
vt 0.815287 0.000000
vt 0.891720 0.000000
vt 0.808917 0.000000
vt 0.898089 0.000000
vt 0.802548 0.000000
vt 0.904459 0.000000
vt 0.796178 0.000000
vt 0.910828 0.000000
vt 0.789809 0.000000
vt 0.917197 0.000000
vt 0.783440 0.000000
vt 0.923567 0.000000
vt 0.777070 0.000000
vt 0.929936 0.000000
vt 0.770701 0.000000
vt 0.764331 0.000000
vt 0.936306 0.000000
vt 0.942675 0.000000
vt 0.757962 0.000000
vt 0.949045 0.000000
vt 0.751592 0.000000
vt 0.955414 0.000000
vt 0.745223 0.000000
vt 0.961783 0.000000
vt 0.738854 0.000000
vt 0.968153 0.000000
vt 0.732484 0.000000
vt 0.974522 0.000000
vt 0.726115 0.000000
vt 0.980892 0.000000
vt 0.719745 0.000000
vt 0.987261 0.000000
vt 0.713376 0.000000
vt 0.993631 0.000000
vt 0.707006 0.000000
vt 1.000000 0.000000
vt 0.700637 0.000000
vt 0.095541 0.000000
vt 0.089172 0.000000
vt 0.000000 0.000000
vt 0.694268 0.000000
vt 0.108280 0.000000
vt 0.101911 0.000000
vt 0.687898 0.000000
vt 0.178344 0.000000
vt 0.184713 0.000000
vt 0.012739 0.000000
vt 0.019108 0.000000
vt 0.006369 0.000000
vt 0.356688 0.000000
vt 0.363057 0.000000
vt 0.369427 0.000000
vt 0.350318 0.000000
vt 0.375796 0.000000
vt 0.343949 0.000000
vt 0.681529 0.000000
vt 0.337580 0.000000
vt 0.382166 0.000000
vt 0.261146 0.000000
vt 0.267516 0.000000
vt 0.388535 0.000000
vt 0.675159 0.000000
vt 0.394904 0.000000
vt 0.668790 0.000000
vt 0.401274 0.000000
vt 0.662420 0.000000
vt 0.407643 0.000000
vt 0.656051 0.000000
vt 0.414013 0.000000
vt 0.649682 0.000000
vt 0.420382 0.000000
vt 0.643312 0.000000
vt 0.426752 0.000000
vt 0.636943 0.000000
vt 0.433121 0.000000
vt 0.630573 0.000000
vt 0.439490 0.000000
vt 0.624204 0.000000
vt 0.445860 0.000000
vt 0.617834 0.000000
vt 0.452229 0.000000
vt 0.611465 0.000000
vt 0.605096 0.000000
vt 0.458599 0.000000
vt 0.598726 0.000000
vt 0.464968 0.000000
vt 0.592357 0.000000
vt 0.471338 0.000000
vt 0.477707 0.000000
vt 0.585987 0.000000
vt 0.484076 0.000000
vt 0.579618 0.000000
vt 0.490446 0.000000
vt 0.573248 0.000000
vt 0.496815 0.000000
vt 0.566879 0.000000
vt 0.503185 0.000000
vt 0.560510 0.000000
vt 0.509554 0.000000
vt 0.554140 0.000000
vt 0.515924 0.000000
vt 0.547771 0.000000
vt 0.522293 0.000000
vt 0.541401 0.000000
vt 0.528662 0.000000
vt 0.535032 0.000000
vt 0.777778 0.000000
vt 0.888889 0.000000
vt 0.555556 0.000000
vt 0.111111 0.000000
vt 0.222222 0.000000
vt 0.333333 0.000000
vt 0.666667 0.000000
vt 0.444444 0.000000
vt 0.662651 0.000000
vt 0.012048 0.000000
vt 0.024096 0.000000
vt 0.036145 0.000000
vt 0.650602 0.000000
vt 0.048193 0.000000
vt 0.638554 0.000000
vt 0.060241 0.000000
vt 0.626506 0.000000
vt 0.072289 0.000000
vt 0.614458 0.000000
vt 0.084337 0.000000
vt 0.602410 0.000000
vt 0.096386 0.000000
vt 0.590361 0.000000
vt 0.108434 0.000000
vt 0.578313 0.000000
vt 0.120482 0.000000
vt 0.566265 0.000000
vt 0.132530 0.000000
vt 0.554217 0.000000
vt 0.144578 0.000000
vt 0.542169 0.000000
vt 0.156627 0.000000
vt 0.530120 0.000000
vt 0.518072 0.000000
vt 0.168675 0.000000
vt 0.180723 0.000000
vt 0.506024 0.000000
vt 0.192771 0.000000
vt 0.493976 0.000000
vt 0.204819 0.000000
vt 0.481928 0.000000
vt 0.216867 0.000000
vt 0.469880 0.000000
vt 0.228916 0.000000
vt 0.457831 0.000000
vt 0.240964 0.000000
vt 0.445783 0.000000
vt 0.253012 0.000000
vt 0.433735 0.000000
vt 0.265060 0.000000
vt 0.421687 0.000000
vt 0.277108 0.000000
vt 0.409639 0.000000
vt 0.289157 0.000000
vt 0.397590 0.000000
vt 0.843373 0.000000
vt 0.831325 0.000000
vt 0.301205 0.000000
vt 0.385542 0.000000
vt 0.867470 0.000000
vt 0.855422 0.000000
vt 0.373494 0.000000
vt 0.674699 0.000000
vt 0.686747 0.000000
vt 0.698795 0.000000
vt 0.313253 0.000000
vt 0.349398 0.000000
vt 0.337349 0.000000
vt 0.361446 0.000000
vt 0.325301 0.000000
vt 0.082803 0.000000
vt 0.191083 0.000000
vt 0.197452 0.000000
vt 0.273885 0.000000
vt 0.655629 0.000000
vt 0.006623 0.000000
vt 0.013245 0.000000
vt 0.019868 0.000000
vt 0.649007 0.000000
vt 0.026490 0.000000
vt 0.642384 0.000000
vt 0.033113 0.000000
vt 0.635762 0.000000
vt 0.629139 0.000000
vt 0.039735 0.000000
vt 0.046358 0.000000
vt 0.622517 0.000000
vt 0.615894 0.000000
vt 0.052980 0.000000
vt 0.059603 0.000000
vt 0.609272 0.000000
vt 0.066225 0.000000
vt 0.602649 0.000000
vt 0.072848 0.000000
vt 0.596026 0.000000
vt 0.079470 0.000000
vt 0.589404 0.000000
vt 0.086093 0.000000
vt 0.582781 0.000000
vt 0.576159 0.000000
vt 0.092715 0.000000
vt 0.099338 0.000000
vt 0.569536 0.000000
vt 0.105960 0.000000
vt 0.562914 0.000000
vt 0.112583 0.000000
vt 0.556291 0.000000
vt 0.119205 0.000000
vt 0.549669 0.000000
vt 0.125828 0.000000
vt 0.543046 0.000000
vt 0.132450 0.000000
vt 0.536424 0.000000
vt 0.139073 0.000000
vt 0.529801 0.000000
vt 0.145695 0.000000
vt 0.523179 0.000000
vt 0.152318 0.000000
vt 0.516556 0.000000
vt 0.158940 0.000000
vt 0.509934 0.000000
vt 0.834437 0.000000
vt 0.165563 0.000000
vt 0.503311 0.000000
vt 0.847682 0.000000
vt 0.841060 0.000000
vt 0.827815 0.000000
vt 0.907285 0.000000
vt 0.913907 0.000000
vt 0.496689 0.000000
vt 0.920530 0.000000
vt 0.927152 0.000000
vt 0.748344 0.000000
vt 0.754967 0.000000
vt 0.172185 0.000000
vt 0.490066 0.000000
vt 0.741722 0.000000
vt 0.178808 0.000000
vt 0.933775 0.000000
vt 0.940397 0.000000
vt 0.662252 0.000000
vt 0.668874 0.000000
vt 0.185430 0.000000
vt 0.483444 0.000000
vt 0.192053 0.000000
vt 0.476821 0.000000
vt 0.198675 0.000000
vt 0.470199 0.000000
vt 0.205298 0.000000
vt 0.463576 0.000000
vt 0.211921 0.000000
vt 0.456954 0.000000
vt 0.218543 0.000000
vt 0.450331 0.000000
vt 0.225166 0.000000
vt 0.443709 0.000000
vt 0.231788 0.000000
vt 0.437086 0.000000
vt 0.238411 0.000000
vt 0.430464 0.000000
vt 0.245033 0.000000
vt 0.423841 0.000000
vt 0.251656 0.000000
vt 0.417219 0.000000
vt 0.410596 0.000000
vt 0.258278 0.000000
vt 0.403974 0.000000
vt 0.264901 0.000000
vt 0.397351 0.000000
vt 0.271523 0.000000
vt 0.278146 0.000000
vt 0.390728 0.000000
vt 0.284768 0.000000
vt 0.384106 0.000000
vt 0.291391 0.000000
vt 0.377483 0.000000
vt 0.370861 0.000000
vt 0.298013 0.000000
vt 0.364238 0.000000
vt 0.304636 0.000000
vt 0.311258 0.000000
vt 0.357616 0.000000
vt 0.317881 0.000000
vt 0.350993 0.000000
vt 0.324503 0.000000
vt 0.344371 0.000000
vt 0.331126 0.000000
vt 0.337748 0.000000
vt 0.248408 0.000000
vt 0.254777 0.000000
vt 0.625000 0.000000
vt 0.750000 0.000000
vt 0.875000 0.000000
vt 0.125000 0.000000
vt 0.250000 0.000000
vt 0.500000 0.000000
vt 0.375000 0.000000
vt 0.200000 0.000000
vt 0.400000 0.000000
vt 0.600000 0.000000
vt 0.800000 0.000000
vt 0.509434 0.000000
vt 0.745283 0.000000
vt 0.679245 0.000000
vt 0.009434 0.000000
vt 0.018868 0.000000
vt 0.028302 0.000000
vt 0.037736 0.000000
vt 0.047170 0.000000
vt 0.669811 0.000000
vt 0.056604 0.000000
vt 0.066038 0.000000
vt 0.075472 0.000000
vt 0.084906 0.000000
vt 0.094340 0.000000
vt 0.103774 0.000000
vt 0.113208 0.000000
vt 0.122642 0.000000
vt 0.132075 0.000000
vt 0.660377 0.000000
vt 0.141509 0.000000
vt 0.150943 0.000000
vt 0.160377 0.000000
vt 0.169811 0.000000
vt 0.179245 0.000000
vt 0.188679 0.000000
vt 0.198113 0.000000
vt 0.650943 0.000000
vt 0.207547 0.000000
vt 0.216981 0.000000
vt 0.226415 0.000000
vt 0.641509 0.000000
vt 0.632075 0.000000
vt 0.235849 0.000000
vt 0.537736 0.000000
vt 0.547170 0.000000
vt 0.764151 0.000000
vt 0.773585 0.000000
vt 0.518868 0.000000
vt 0.528302 0.000000
vt 0.245283 0.000000
vt 0.254717 0.000000
vt 0.896226 0.000000
vt 0.905660 0.000000
vt 0.886792 0.000000
vt 0.490566 0.000000
vt 0.264151 0.000000
vt 0.273585 0.000000
vt 0.283019 0.000000
vt 0.292453 0.000000
vt 0.301887 0.000000
vt 0.311321 0.000000
vt 0.320755 0.000000
vt 0.330189 0.000000
vt 0.339623 0.000000
vt 0.349057 0.000000
vt 0.358491 0.000000
vt 0.367925 0.000000
vt 0.377358 0.000000
vt 0.386792 0.000000
vt 0.396226 0.000000
vt 0.405660 0.000000
vt 0.415094 0.000000
vt 0.424528 0.000000
vt 0.433962 0.000000
vt 0.443396 0.000000
vt 0.452830 0.000000
vt 0.462264 0.000000
vt 0.471698 0.000000
vt 0.675497 0.000000
vt 0.877358 0.000000
vt 0.867925 0.000000
vt 0.481132 0.000000
s 1
usemtl Material.003
f 87/1/1 88/2/1 89/3/1
f 87/1/1 89/3/1 90/4/1
f 87/1/1 90/4/1 91/5/1
f 86/6/1 87/1/1 91/5/1
f 86/6/1 91/5/1 92/7/1
f 85/8/1 86/6/1 92/7/1
f 85/8/1 92/7/1 93/9/1
f 84/10/1 85/8/1 93/9/1
f 84/10/1 93/9/1 94/11/1
f 83/12/1 84/10/1 94/11/1
f 83/12/1 94/11/1 95/13/1
f 82/14/1 83/12/1 95/13/1
f 82/14/1 95/13/1 96/15/1
f 81/16/1 82/14/1 96/15/1
f 81/16/1 96/15/1 97/17/1
f 80/18/1 81/16/1 97/17/1
f 80/18/1 97/17/1 98/19/1
f 79/20/1 80/18/1 98/19/1
f 79/20/1 98/19/1 99/21/1
f 78/22/1 79/20/1 99/21/1
f 78/22/1 99/21/1 100/23/1
f 77/24/1 78/22/1 100/23/1
f 77/24/1 100/23/1 101/25/1
f 76/26/1 77/24/1 101/25/1
f 75/27/1 76/26/1 101/25/1
f 75/27/1 101/25/1 102/28/1
f 75/27/1 102/28/1 103/29/1
f 74/30/1 75/27/1 103/29/1
f 74/30/1 103/29/1 104/31/1
f 73/32/1 74/30/1 104/31/1
f 73/32/1 104/31/1 105/33/1
f 72/34/1 73/32/1 105/33/1
f 72/34/1 105/33/1 106/35/1
f 71/36/1 72/34/1 106/35/1
f 71/36/1 106/35/1 107/37/1
f 70/38/1 71/36/1 107/37/1
f 70/38/1 107/37/1 108/39/1
f 69/40/1 70/38/1 108/39/1
f 69/40/1 108/39/1 109/41/1
f 68/42/1 69/40/1 109/41/1
f 68/42/1 109/41/1 110/43/1
f 67/44/1 68/42/1 110/43/1
f 67/44/1 110/43/1 111/45/1
f 66/46/1 67/44/1 111/45/1
f 66/46/1 111/45/1 112/47/1
f 65/48/1 66/46/1 112/47/1
f 65/48/1 112/47/1 5/49/1
f 5/49/1 112/47/1 4/50/1
f 4/50/1 112/47/1 1/51/1
f 64/52/1 65/48/1 7/53/1
f 7/53/1 65/48/1 6/54/1
f 6/54/1 65/48/1 5/49/1
f 63/55/1 64/52/1 7/56/1
f 63/55/1 7/56/1 8/57/1
f 3/58/1 4/59/1 1/51/1
f 3/58/1 1/51/1 2/60/1
f 11/61/1 12/62/1 13/63/1
f 11/61/1 13/63/1 10/64/1
f 10/64/1 13/63/1 14/65/1
f 9/66/1 10/64/1 14/65/1
f 62/67/1 63/55/1 8/57/1
f 9/68/1 14/65/1 15/69/1
f 62/67/1 8/70/1 9/71/1
f 62/67/1 9/71/1 15/69/1
f 62/67/1 15/69/1 16/72/1
f 61/73/1 62/67/1 16/72/1
f 61/73/1 16/72/1 17/74/1
f 60/75/1 61/73/1 17/74/1
f 60/75/1 17/74/1 18/76/1
f 59/77/1 60/75/1 18/76/1
f 59/77/1 18/76/1 19/78/1
f 58/79/1 59/77/1 19/78/1
f 58/79/1 19/78/1 20/80/1
f 57/81/1 58/79/1 20/80/1
f 57/81/1 20/80/1 21/82/1
f 56/83/1 57/81/1 21/82/1
f 56/83/1 21/82/1 22/84/1
f 55/85/1 56/83/1 22/84/1
f 55/85/1 22/84/1 23/86/1
f 54/87/1 55/85/1 23/86/1
f 54/87/1 23/86/1 24/88/1
f 53/89/1 54/87/1 24/88/1
f 53/89/1 24/88/1 25/90/1
f 52/91/1 53/89/1 25/90/1
f 52/91/1 25/90/1 26/92/1
f 51/93/1 52/91/1 26/92/1
f 50/94/1 51/93/1 26/92/1
f 50/94/1 26/92/1 27/95/1
f 49/96/1 50/94/1 27/95/1
f 49/96/1 27/95/1 28/97/1
f 48/98/1 49/96/1 28/97/1
f 48/98/1 28/97/1 29/99/1
f 48/98/1 29/99/1 30/100/1
f 47/101/1 48/98/1 30/100/1
f 47/101/1 30/100/1 31/102/1
f 46/103/1 47/101/1 31/102/1
f 46/103/1 31/102/1 32/104/1
f 45/105/1 46/103/1 32/104/1
f 45/105/1 32/104/1 33/106/1
f 44/107/1 45/105/1 33/106/1
f 44/107/1 33/106/1 34/108/1
f 43/109/1 44/107/1 34/108/1
f 43/109/1 34/108/1 35/110/1
f 42/111/1 43/109/1 35/110/1
f 42/111/1 35/110/1 36/112/1
f 41/113/1 42/111/1 36/112/1
f 41/113/1 36/112/1 37/114/1
f 40/115/1 41/113/1 37/114/1
f 40/115/1 37/114/1 38/116/1
f 39/117/1 40/115/1 38/116/1
f 120/118/1 121/119/1 122/47/1
f 120/118/1 122/47/1 118/120/1
f 118/120/1 122/47/1 113/51/1
f 113/51/1 114/121/1 115/122/1
f 113/51/1 115/122/1 116/123/1
f 120/118/1 118/120/1 119/124/1
f 117/125/1 118/120/1 113/51/1
f 117/125/1 113/51/1 116/123/1
f 178/126/1 123/51/1 124/127/1
f 178/126/1 124/127/1 125/128/1
f 178/126/1 125/128/1 126/129/1
f 177/130/1 178/126/1 126/129/1
f 177/130/1 126/129/1 127/131/1
f 176/132/1 177/130/1 127/131/1
f 176/132/1 127/131/1 128/133/1
f 175/134/1 176/132/1 128/133/1
f 175/134/1 128/133/1 129/135/1
f 174/136/1 175/134/1 129/135/1
f 174/136/1 129/135/1 130/137/1
f 173/138/1 174/136/1 130/137/1
f 173/138/1 130/137/1 131/139/1
f 172/140/1 173/138/1 131/139/1
f 172/140/1 131/139/1 132/141/1
f 171/142/1 172/140/1 132/141/1
f 171/142/1 132/141/1 133/143/1
f 170/144/1 171/142/1 133/143/1
f 170/144/1 133/143/1 134/145/1
f 169/146/1 170/144/1 134/145/1
f 169/146/1 134/145/1 135/147/1
f 168/148/1 169/146/1 135/147/1
f 168/148/1 135/147/1 136/149/1
f 167/150/1 168/148/1 136/149/1
f 166/151/1 167/150/1 136/149/1
f 166/151/1 136/149/1 137/152/1
f 166/151/1 137/152/1 138/153/1
f 165/154/1 166/151/1 138/153/1
f 165/154/1 138/153/1 139/155/1
f 164/156/1 165/154/1 139/155/1
f 164/156/1 139/155/1 140/157/1
f 163/158/1 164/156/1 140/157/1
f 163/158/1 140/157/1 141/159/1
f 162/160/1 163/158/1 141/159/1
f 162/160/1 141/159/1 142/161/1
f 161/162/1 162/160/1 142/161/1
f 161/162/1 142/161/1 143/163/1
f 160/164/1 161/162/1 143/163/1
f 160/164/1 143/163/1 144/165/1
f 159/166/1 160/164/1 144/165/1
f 159/166/1 144/165/1 145/167/1
f 158/168/1 159/166/1 145/167/1
f 158/168/1 145/167/1 146/169/1
f 157/170/1 158/168/1 146/169/1
f 157/170/1 146/169/1 147/171/1
f 156/172/1 157/170/1 147/171/1
f 156/172/1 147/171/1 181/173/1
f 181/174/1 147/171/1 148/175/1
f 155/176/1 156/172/1 183/177/1
f 183/177/1 156/172/1 182/178/1
f 182/178/1 156/172/1 181/173/1
f 154/179/1 155/176/1 183/47/1
f 154/179/1 183/47/1 179/180/1
f 180/181/1 181/182/1 148/175/1
f 180/181/1 148/175/1 149/183/1
f 154/179/1 179/180/1 152/184/1
f 152/184/1 179/180/1 180/181/1
f 152/184/1 180/181/1 151/185/1
f 151/185/1 180/181/1 149/183/1
f 154/179/1 152/184/1 153/186/1
f 150/187/1 151/185/1 149/183/1
f 272/1/1 273/2/1 274/3/1
f 272/1/1 274/3/1 275/4/1
f 272/1/1 275/4/1 276/5/1
f 271/6/1 272/1/1 276/5/1
f 271/6/1 276/5/1 277/7/1
f 270/8/1 271/6/1 277/7/1
f 270/8/1 277/7/1 278/9/1
f 269/10/1 270/8/1 278/9/1
f 269/10/1 278/9/1 279/11/1
f 268/12/1 269/10/1 279/11/1
f 268/12/1 279/11/1 280/13/1
f 267/14/1 268/12/1 280/13/1
f 267/14/1 280/13/1 281/15/1
f 266/16/1 267/14/1 281/15/1
f 266/16/1 281/15/1 282/17/1
f 265/18/1 266/16/1 282/17/1
f 265/18/1 282/17/1 283/19/1
f 264/20/1 265/18/1 283/19/1
f 264/20/1 283/19/1 284/21/1
f 263/22/1 264/20/1 284/21/1
f 263/22/1 284/21/1 285/23/1
f 262/24/1 263/22/1 285/23/1
f 262/24/1 285/23/1 286/25/1
f 261/26/1 262/24/1 286/25/1
f 260/27/1 261/26/1 286/25/1
f 260/27/1 286/25/1 287/28/1
f 260/27/1 287/28/1 288/29/1
f 259/30/1 260/27/1 288/29/1
f 259/30/1 288/29/1 289/31/1
f 258/32/1 259/30/1 289/31/1
f 258/32/1 289/31/1 290/33/1
f 257/34/1 258/32/1 290/33/1
f 257/34/1 290/33/1 291/35/1
f 256/36/1 257/34/1 291/35/1
f 256/36/1 291/35/1 292/37/1
f 255/38/1 256/36/1 292/37/1
f 255/38/1 292/37/1 293/39/1
f 254/40/1 255/38/1 293/39/1
f 254/40/1 293/39/1 294/41/1
f 253/42/1 254/40/1 294/41/1
f 253/42/1 294/41/1 295/43/1
f 252/44/1 253/42/1 295/43/1
f 252/44/1 295/43/1 296/45/1
f 251/46/1 252/44/1 296/45/1
f 251/46/1 296/45/1 297/47/1
f 250/48/1 251/46/1 297/47/1
f 250/48/1 297/47/1 188/49/1
f 188/50/1 297/47/1 184/51/1
f 249/52/1 250/48/1 190/53/1
f 190/53/1 250/48/1 189/54/1
f 189/54/1 250/48/1 188/49/1
f 187/188/1 188/50/1 184/51/1
f 248/55/1 249/52/1 190/56/1
f 248/55/1 190/56/1 191/57/1
f 186/58/1 187/59/1 184/51/1
f 186/58/1 184/51/1 185/60/1
f 196/61/1 197/62/1 198/63/1
f 196/61/1 198/63/1 195/64/1
f 195/64/1 198/63/1 199/65/1
f 194/66/1 195/64/1 199/65/1
f 247/67/1 248/55/1 191/57/1
f 194/68/1 199/65/1 200/69/1
f 247/67/1 191/189/1 192/190/1
f 193/71/1 194/191/1 200/69/1
f 247/67/1 192/70/1 193/71/1
f 247/67/1 193/71/1 200/69/1
f 247/67/1 200/69/1 201/72/1
f 246/73/1 247/67/1 201/72/1
f 246/73/1 201/72/1 202/74/1
f 245/75/1 246/73/1 202/74/1
f 245/75/1 202/74/1 203/76/1
f 244/77/1 245/75/1 203/76/1
f 244/77/1 203/76/1 204/78/1
f 243/79/1 244/77/1 204/78/1
f 243/79/1 204/78/1 205/80/1
f 242/81/1 243/79/1 205/80/1
f 242/81/1 205/80/1 206/82/1
f 241/83/1 242/81/1 206/82/1
f 241/83/1 206/82/1 207/84/1
f 240/85/1 241/83/1 207/84/1
f 240/85/1 207/84/1 208/86/1
f 239/87/1 240/85/1 208/86/1
f 239/87/1 208/86/1 209/88/1
f 238/89/1 239/87/1 209/88/1
f 238/89/1 209/88/1 210/90/1
f 237/91/1 238/89/1 210/90/1
f 237/91/1 210/90/1 211/92/1
f 236/93/1 237/91/1 211/92/1
f 235/94/1 236/93/1 211/92/1
f 235/94/1 211/92/1 212/95/1
f 234/96/1 235/94/1 212/95/1
f 234/96/1 212/95/1 213/97/1
f 233/98/1 234/96/1 213/97/1
f 233/98/1 213/97/1 214/99/1
f 233/98/1 214/99/1 215/100/1
f 232/101/1 233/98/1 215/100/1
f 232/101/1 215/100/1 216/102/1
f 231/103/1 232/101/1 216/102/1
f 231/103/1 216/102/1 217/104/1
f 230/105/1 231/103/1 217/104/1
f 230/105/1 217/104/1 218/106/1
f 229/107/1 230/105/1 218/106/1
f 229/107/1 218/106/1 219/108/1
f 228/109/1 229/107/1 219/108/1
f 228/109/1 219/108/1 220/110/1
f 227/111/1 228/109/1 220/110/1
f 227/111/1 220/110/1 221/112/1
f 226/113/1 227/111/1 221/112/1
f 226/113/1 221/112/1 222/114/1
f 225/115/1 226/113/1 222/114/1
f 225/115/1 222/114/1 223/116/1
f 224/117/1 225/115/1 223/116/1
f 305/118/1 306/119/1 307/47/1
f 305/118/1 307/47/1 303/120/1
f 303/120/1 307/47/1 298/51/1
f 298/51/1 299/121/1 300/122/1
f 298/51/1 300/122/1 301/123/1
f 305/118/1 303/120/1 304/124/1
f 302/125/1 303/120/1 298/51/1
f 302/125/1 298/51/1 301/123/1
f 403/192/1 308/51/1 309/193/1
f 403/192/1 309/193/1 310/194/1
f 403/192/1 310/194/1 311/195/1
f 402/196/1 403/192/1 311/195/1
f 402/196/1 311/195/1 312/197/1
f 401/198/1 402/196/1 312/197/1
f 401/198/1 312/197/1 313/199/1
f 400/200/1 401/198/1 313/199/1
f 399/201/1 400/200/1 313/202/1
f 399/201/1 313/202/1 314/203/1
f 398/204/1 399/201/1 314/203/1
f 397/205/1 398/204/1 314/206/1
f 397/205/1 314/206/1 315/207/1
f 396/208/1 397/205/1 315/207/1
f 396/208/1 315/207/1 316/209/1
f 395/210/1 396/208/1 316/209/1
f 395/210/1 316/209/1 317/211/1
f 394/212/1 395/210/1 317/211/1
f 394/212/1 317/211/1 318/213/1
f 393/214/1 394/212/1 318/213/1
f 393/214/1 318/213/1 319/215/1
f 392/216/1 393/214/1 319/215/1
f 391/217/1 392/216/1 319/215/1
f 391/217/1 319/215/1 320/218/1
f 391/217/1 320/218/1 321/219/1
f 390/220/1 391/217/1 321/219/1
f 390/220/1 321/219/1 322/221/1
f 389/222/1 390/220/1 322/221/1
f 389/222/1 322/221/1 323/223/1
f 388/224/1 389/222/1 323/223/1
f 388/224/1 323/223/1 324/225/1
f 387/226/1 388/224/1 324/225/1
f 387/226/1 324/225/1 325/227/1
f 386/228/1 387/226/1 325/227/1
f 386/228/1 325/227/1 326/229/1
f 385/230/1 386/228/1 326/229/1
f 385/230/1 326/229/1 327/231/1
f 384/232/1 385/230/1 327/231/1
f 384/232/1 327/231/1 328/233/1
f 383/234/1 384/232/1 328/233/1
f 383/234/1 328/233/1 329/235/1
f 382/236/1 383/234/1 329/235/1
f 382/236/1 329/235/1 330/237/1
f 381/238/1 382/236/1 330/237/1
f 381/238/1 330/237/1 407/239/1
f 407/239/1 330/237/1 331/240/1
f 380/241/1 381/238/1 408/242/1
f 408/243/1 381/238/1 407/239/1
f 406/244/1 407/239/1 331/240/1
f 380/241/1 408/245/1 409/246/1
f 379/247/1 380/241/1 409/248/1
f 379/247/1 409/248/1 410/249/1
f 405/250/1 406/251/1 331/240/1
f 405/250/1 331/240/1 332/252/1
f 378/253/1 379/247/1 410/249/1
f 405/254/1 332/252/1 333/255/1
f 378/253/1 410/256/1 404/257/1
f 378/253/1 404/258/1 405/259/1
f 378/253/1 405/259/1 333/255/1
f 378/253/1 333/255/1 334/260/1
f 377/261/1 378/253/1 334/260/1
f 377/261/1 334/260/1 335/262/1
f 376/263/1 377/261/1 335/262/1
f 376/263/1 335/262/1 336/264/1
f 375/265/1 376/263/1 336/264/1
f 375/265/1 336/264/1 337/266/1
f 374/267/1 375/265/1 337/266/1
f 374/267/1 337/266/1 338/268/1
f 373/269/1 374/267/1 338/268/1
f 373/269/1 338/268/1 339/270/1
f 372/271/1 373/269/1 339/270/1
f 372/271/1 339/270/1 340/272/1
f 371/273/1 372/271/1 340/272/1
f 371/273/1 340/272/1 341/274/1
f 370/275/1 371/273/1 341/274/1
f 370/275/1 341/274/1 342/276/1
f 369/277/1 370/275/1 342/276/1
f 369/277/1 342/276/1 343/278/1
f 368/279/1 369/277/1 343/278/1
f 368/279/1 343/278/1 344/280/1
f 367/281/1 368/279/1 344/280/1
f 366/282/1 367/281/1 344/280/1
f 366/282/1 344/280/1 345/283/1
f 365/284/1 366/282/1 345/283/1
f 365/284/1 345/283/1 346/285/1
f 364/286/1 365/284/1 346/285/1
f 364/286/1 346/285/1 347/287/1
f 364/286/1 347/287/1 348/288/1
f 363/289/1 364/286/1 348/288/1
f 363/289/1 348/288/1 349/290/1
f 362/291/1 363/289/1 349/290/1
f 362/291/1 349/290/1 350/292/1
f 361/293/1 362/291/1 350/292/1
f 360/294/1 361/293/1 350/295/1
f 359/296/1 360/294/1 350/297/1
f 359/296/1 350/297/1 351/298/1
f 358/299/1 359/296/1 351/298/1
f 358/299/1 351/298/1 352/300/1
f 357/301/1 358/299/1 352/300/1
f 357/301/1 352/300/1 353/302/1
f 356/303/1 357/301/1 353/302/1
f 356/303/1 353/302/1 354/304/1
f 355/305/1 356/303/1 354/304/1
f 496/1/1 497/2/1 498/3/1
f 496/1/1 498/3/1 499/4/1
f 496/1/1 499/4/1 500/5/1
f 495/6/1 496/1/1 500/5/1
f 495/6/1 500/5/1 501/7/1
f 494/8/1 495/6/1 501/7/1
f 494/8/1 501/7/1 502/9/1
f 493/10/1 494/8/1 502/9/1
f 493/10/1 502/9/1 503/11/1
f 492/12/1 493/10/1 503/11/1
f 492/12/1 503/11/1 504/13/1
f 491/14/1 492/12/1 504/13/1
f 491/14/1 504/13/1 505/15/1
f 490/16/1 491/14/1 505/15/1
f 490/16/1 505/15/1 506/17/1
f 489/18/1 490/16/1 506/17/1
f 489/18/1 506/17/1 507/19/1
f 488/20/1 489/18/1 507/19/1
f 488/20/1 507/19/1 508/21/1
f 487/22/1 488/20/1 508/21/1
f 487/22/1 508/21/1 509/23/1
f 486/24/1 487/22/1 509/23/1
f 486/24/1 509/23/1 510/25/1
f 485/26/1 486/24/1 510/25/1
f 484/27/1 485/26/1 510/25/1
f 484/27/1 510/25/1 511/28/1
f 484/27/1 511/28/1 512/29/1
f 483/30/1 484/27/1 512/29/1
f 483/30/1 512/29/1 513/31/1
f 482/32/1 483/30/1 513/31/1
f 482/32/1 513/31/1 514/33/1
f 481/34/1 482/32/1 514/33/1
f 481/34/1 514/33/1 515/35/1
f 480/36/1 481/34/1 515/35/1
f 480/36/1 515/35/1 516/37/1
f 479/38/1 480/36/1 516/37/1
f 479/38/1 516/37/1 517/39/1
f 478/40/1 479/38/1 517/39/1
f 478/40/1 517/39/1 518/41/1
f 477/42/1 478/40/1 518/41/1
f 477/42/1 518/41/1 519/43/1
f 476/44/1 477/42/1 519/43/1
f 476/44/1 519/43/1 520/45/1
f 475/46/1 476/44/1 520/45/1
f 475/46/1 520/45/1 521/47/1
f 474/48/1 475/46/1 521/47/1
f 474/48/1 521/47/1 414/49/1
f 414/50/1 521/47/1 411/51/1
f 473/52/1 474/48/1 415/53/1
f 415/54/1 474/48/1 414/49/1
f 472/55/1 473/52/1 415/56/1
f 472/55/1 415/56/1 416/57/1
f 413/58/1 414/59/1 411/51/1
f 413/58/1 411/51/1 412/60/1
f 420/61/1 421/62/1 422/63/1
f 420/61/1 422/63/1 419/64/1
f 419/64/1 422/63/1 423/65/1
f 418/66/1 419/64/1 423/65/1
f 471/67/1 472/55/1 416/57/1
f 418/68/1 423/65/1 424/69/1
f 471/67/1 416/306/1 417/307/1
f 471/67/1 417/70/1 418/71/1
f 471/67/1 418/71/1 424/69/1
f 471/67/1 424/69/1 425/72/1
f 470/73/1 471/67/1 425/72/1
f 470/73/1 425/72/1 426/74/1
f 469/75/1 470/73/1 426/74/1
f 469/75/1 426/74/1 427/76/1
f 468/77/1 469/75/1 427/76/1
f 468/77/1 427/76/1 428/78/1
f 467/79/1 468/77/1 428/78/1
f 467/79/1 428/78/1 429/80/1
f 466/81/1 467/79/1 429/80/1
f 466/81/1 429/80/1 430/82/1
f 465/83/1 466/81/1 430/82/1
f 465/83/1 430/82/1 431/84/1
f 464/85/1 465/83/1 431/84/1
f 464/85/1 431/84/1 432/86/1
f 463/87/1 464/85/1 432/86/1
f 463/87/1 432/86/1 433/88/1
f 462/89/1 463/87/1 433/88/1
f 462/89/1 433/88/1 434/90/1
f 461/91/1 462/89/1 434/90/1
f 461/91/1 434/90/1 435/92/1
f 460/93/1 461/91/1 435/92/1
f 459/94/1 460/93/1 435/92/1
f 459/94/1 435/92/1 436/95/1
f 458/96/1 459/94/1 436/95/1
f 458/96/1 436/95/1 437/97/1
f 457/98/1 458/96/1 437/97/1
f 457/98/1 437/97/1 438/99/1
f 457/98/1 438/99/1 439/100/1
f 456/101/1 457/98/1 439/100/1
f 456/101/1 439/100/1 440/102/1
f 455/103/1 456/101/1 440/102/1
f 455/103/1 440/102/1 441/104/1
f 454/105/1 455/103/1 441/104/1
f 454/105/1 441/104/1 442/106/1
f 453/107/1 454/105/1 442/106/1
f 453/107/1 442/106/1 443/108/1
f 452/109/1 453/107/1 443/108/1
f 452/109/1 443/108/1 444/110/1
f 451/111/1 452/109/1 444/110/1
f 451/111/1 444/110/1 445/112/1
f 450/113/1 451/111/1 445/112/1
f 450/113/1 445/112/1 446/114/1
f 449/115/1 450/113/1 446/114/1
f 449/115/1 446/114/1 447/116/1
f 448/117/1 449/115/1 447/116/1
f 527/308/1 528/309/1 529/310/1
f 527/308/1 529/310/1 530/47/1
f 530/47/1 522/51/1 523/311/1
f 530/47/1 523/311/1 524/312/1
f 527/308/1 530/47/1 524/312/1
f 526/313/1 527/308/1 524/312/1
f 526/313/1 524/312/1 525/314/1
f 531/51/1 532/315/1 533/316/1
f 531/51/1 533/316/1 534/317/1
f 531/51/1 534/317/1 535/318/1
f 531/51/1 535/318/1 536/47/1
f 632/192/1 537/51/1 538/193/1
f 632/192/1 538/193/1 539/194/1
f 632/192/1 539/194/1 540/195/1
f 631/196/1 632/192/1 540/195/1
f 631/196/1 540/195/1 541/197/1
f 630/198/1 631/196/1 541/197/1
f 630/198/1 541/197/1 542/199/1
f 629/200/1 630/198/1 542/199/1
f 629/200/1 542/199/1 543/202/1
f 628/201/1 629/200/1 543/202/1
f 627/204/1 628/201/1 543/203/1
f 626/205/1 627/204/1 543/206/1
f 626/205/1 543/206/1 544/207/1
f 625/208/1 626/205/1 544/207/1
f 625/208/1 544/207/1 545/209/1
f 624/210/1 625/208/1 545/209/1
f 624/210/1 545/209/1 546/211/1
f 623/212/1 624/210/1 546/211/1
f 623/212/1 546/211/1 547/213/1
f 622/214/1 623/212/1 547/213/1
f 622/214/1 547/213/1 548/215/1
f 621/216/1 622/214/1 548/215/1
f 620/217/1 621/216/1 548/215/1
f 620/217/1 548/215/1 549/218/1
f 620/217/1 549/218/1 550/219/1
f 619/220/1 620/217/1 550/219/1
f 619/220/1 550/219/1 551/221/1
f 618/222/1 619/220/1 551/221/1
f 618/222/1 551/221/1 552/223/1
f 617/224/1 618/222/1 552/223/1
f 617/224/1 552/223/1 553/225/1
f 616/226/1 617/224/1 553/225/1
f 616/226/1 553/225/1 554/227/1
f 615/228/1 616/226/1 554/227/1
f 615/228/1 554/227/1 555/229/1
f 614/230/1 615/228/1 555/229/1
f 614/230/1 555/229/1 556/231/1
f 613/232/1 614/230/1 556/231/1
f 613/232/1 556/231/1 557/233/1
f 612/234/1 613/232/1 557/233/1
f 612/234/1 557/233/1 558/235/1
f 611/236/1 612/234/1 558/235/1
f 611/236/1 558/235/1 559/237/1
f 610/238/1 611/236/1 559/237/1
f 610/238/1 559/237/1 636/239/1
f 636/239/1 559/237/1 560/240/1
f 609/241/1 610/238/1 637/242/1
f 637/243/1 610/238/1 636/239/1
f 608/247/1 609/241/1 637/248/1
f 608/247/1 637/248/1 638/249/1
f 635/250/1 636/251/1 560/240/1
f 635/250/1 560/240/1 561/252/1
f 607/253/1 608/247/1 638/249/1
f 634/254/1 635/250/1 561/252/1
f 634/254/1 561/252/1 562/255/1
f 607/253/1 638/256/1 633/257/1
f 607/253/1 633/258/1 634/259/1
f 607/253/1 634/259/1 562/255/1
f 607/253/1 562/255/1 563/260/1
f 606/261/1 607/253/1 563/260/1
f 606/261/1 563/260/1 564/262/1
f 605/263/1 606/261/1 564/262/1
f 605/263/1 564/262/1 565/264/1
f 604/265/1 605/263/1 565/264/1
f 604/265/1 565/264/1 566/266/1
f 603/267/1 604/265/1 566/266/1
f 603/267/1 566/266/1 567/268/1
f 602/269/1 603/267/1 567/268/1
f 602/269/1 567/268/1 568/270/1
f 601/271/1 602/269/1 568/270/1
f 601/271/1 568/270/1 569/272/1
f 600/273/1 601/271/1 569/272/1
f 600/273/1 569/272/1 570/274/1
f 599/275/1 600/273/1 570/274/1
f 599/275/1 570/274/1 571/276/1
f 598/277/1 599/275/1 571/276/1
f 598/277/1 571/276/1 572/278/1
f 597/279/1 598/277/1 572/278/1
f 597/279/1 572/278/1 573/280/1
f 596/281/1 597/279/1 573/280/1
f 595/282/1 596/281/1 573/280/1
f 595/282/1 573/280/1 574/283/1
f 594/284/1 595/282/1 574/283/1
f 594/284/1 574/283/1 575/285/1
f 593/286/1 594/284/1 575/285/1
f 593/286/1 575/285/1 576/287/1
f 593/286/1 576/287/1 577/288/1
f 592/289/1 593/286/1 577/288/1
f 592/289/1 577/288/1 578/290/1
f 591/291/1 592/289/1 578/290/1
f 591/291/1 578/290/1 579/292/1
f 590/293/1 591/291/1 579/292/1
f 589/294/1 590/293/1 579/295/1
f 588/296/1 589/294/1 579/297/1
f 588/296/1 579/297/1 580/298/1
f 587/299/1 588/296/1 580/298/1
f 587/299/1 580/298/1 581/300/1
f 586/301/1 587/299/1 581/300/1
f 586/301/1 581/300/1 582/302/1
f 585/303/1 586/301/1 582/302/1
f 585/303/1 582/302/1 583/304/1
f 584/305/1 585/303/1 583/304/1
f 690/319/1 639/51/1 693/320/1
f 693/321/1 639/51/1 640/322/1
f 693/321/1 640/322/1 641/323/1
f 693/321/1 641/323/1 642/324/1
f 693/321/1 642/324/1 643/325/1
f 693/321/1 643/325/1 644/326/1
f 693/327/1 644/326/1 645/328/1
f 693/327/1 645/328/1 646/329/1
f 693/327/1 646/329/1 647/330/1
f 693/327/1 647/330/1 648/331/1
f 693/327/1 648/331/1 649/332/1
f 693/327/1 649/332/1 650/333/1
f 693/327/1 650/333/1 651/334/1
f 693/327/1 651/334/1 652/335/1
f 693/327/1 652/335/1 653/336/1
f 693/337/1 653/336/1 654/338/1
f 693/337/1 654/338/1 655/339/1
f 693/337/1 655/339/1 656/340/1
f 693/337/1 656/340/1 657/341/1
f 693/337/1 657/341/1 658/342/1
f 693/337/1 658/343/1 659/344/1
f 693/345/1 659/344/1 660/346/1
f 693/345/1 660/346/1 661/347/1
f 693/345/1 661/347/1 662/348/1
f 693/345/1 662/348/1 692/349/1
f 692/350/1 662/348/1 663/351/1
f 691/352/1 692/353/1 663/351/1
f 690/319/1 693/354/1 694/355/1
f 696/356/1 691/357/1 663/351/1
f 696/356/1 663/351/1 664/358/1
f 696/47/1 664/358/1 665/359/1
f 695/360/1 696/361/1 665/359/1
f 690/319/1 694/362/1 688/363/1
f 688/363/1 694/362/1 695/360/1
f 688/363/1 695/360/1 665/359/1
f 688/363/1 665/359/1 666/364/1
f 688/363/1 666/364/1 667/365/1
f 688/363/1 667/365/1 668/366/1
f 688/363/1 668/366/1 669/367/1
f 688/363/1 669/368/1 670/369/1
f 688/363/1 670/369/1 671/370/1
f 688/363/1 671/370/1 672/371/1
f 688/363/1 672/371/1 673/372/1
f 688/363/1 673/372/1 674/373/1
f 688/363/1 674/373/1 675/374/1
f 688/363/1 675/374/1 676/375/1
f 688/363/1 676/375/1 677/376/1
f 688/363/1 677/376/1 678/377/1
f 688/363/1 678/377/1 679/378/1
f 688/363/1 679/378/1 680/379/1
f 688/363/1 680/379/1 681/380/1
f 688/363/1 681/380/1 682/381/1
f 688/363/1 682/381/1 683/382/1
f 688/363/1 683/382/1 684/383/1
f 688/363/1 684/383/1 685/384/1
f 688/363/1 685/384/1 686/385/1
f 688/363/1 686/385/1 687/386/1
f 690/319/1 688/363/1 689/313/1
f 783/1/2 785/3/2 784/2/2
f 783/1/2 786/4/2 785/3/2
f 783/1/2 787/5/2 786/4/2
f 782/6/2 787/5/2 783/1/2
f 782/6/2 788/7/2 787/5/2
f 781/8/2 788/7/2 782/6/2
f 781/8/2 789/9/2 788/7/2
f 780/10/2 789/9/2 781/8/2
f 780/10/2 790/11/2 789/9/2
f 779/12/2 790/11/2 780/10/2
f 779/12/2 791/13/2 790/11/2
f 778/14/2 791/13/2 779/12/2
f 778/14/2 792/15/2 791/13/2
f 777/16/2 792/15/2 778/14/2
f 777/16/2 793/17/2 792/15/2
f 776/18/2 793/17/2 777/16/2
f 776/18/2 794/19/2 793/17/2
f 775/20/2 794/19/2 776/18/2
f 775/20/2 795/21/2 794/19/2
f 774/22/2 795/21/2 775/20/2
f 774/22/2 796/23/2 795/21/2
f 773/24/2 796/23/2 774/22/2
f 773/24/2 797/25/2 796/23/2
f 772/26/2 797/25/2 773/24/2
f 771/27/2 797/25/2 772/26/2
f 771/27/2 798/28/2 797/25/2
f 771/27/2 799/29/2 798/28/2
f 770/30/2 799/29/2 771/27/2
f 770/30/2 800/31/2 799/29/2
f 769/32/2 800/31/2 770/30/2
f 769/32/2 801/33/2 800/31/2
f 768/34/2 801/33/2 769/32/2
f 768/34/2 802/35/2 801/33/2
f 767/36/2 802/35/2 768/34/2
f 767/36/2 803/37/2 802/35/2
f 766/38/2 803/37/2 767/36/2
f 766/38/2 804/39/2 803/37/2
f 765/40/2 804/39/2 766/38/2
f 765/40/2 805/41/2 804/39/2
f 764/42/2 805/41/2 765/40/2
f 764/42/2 806/43/2 805/41/2
f 763/44/2 806/43/2 764/42/2
f 763/44/2 807/45/2 806/43/2
f 762/46/2 807/45/2 763/44/2
f 762/46/2 808/47/2 807/45/2
f 761/48/2 808/47/2 762/46/2
f 761/48/2 701/49/2 808/47/2
f 701/49/2 700/50/2 808/47/2
f 700/50/2 697/51/2 808/47/2
f 760/52/2 703/53/2 761/48/2
f 703/53/2 702/54/2 761/48/2
f 702/54/2 701/49/2 761/48/2
f 759/55/2 703/56/2 760/52/2
f 759/55/2 704/57/2 703/56/2
f 699/58/2 697/51/2 700/59/2
f 699/58/2 698/60/2 697/51/2
f 707/61/2 709/63/2 708/62/2
f 707/61/2 706/64/2 709/63/2
f 706/64/2 710/65/2 709/63/2
f 705/66/2 710/65/2 706/64/2
f 758/67/2 704/57/2 759/55/2
f 705/68/2 711/69/2 710/65/2
f 758/67/2 705/71/2 704/70/2
f 758/67/2 711/69/2 705/71/2
f 758/67/2 712/72/2 711/69/2
f 757/73/2 712/72/2 758/67/2
f 757/73/2 713/74/2 712/72/2
f 756/75/2 713/74/2 757/73/2
f 756/75/2 714/76/2 713/74/2
f 755/77/2 714/76/2 756/75/2
f 755/77/2 715/78/2 714/76/2
f 754/79/2 715/78/2 755/77/2
f 754/79/2 716/80/2 715/78/2
f 753/81/2 716/80/2 754/79/2
f 753/81/2 717/82/2 716/80/2
f 752/83/2 717/82/2 753/81/2
f 752/83/2 718/84/2 717/82/2
f 751/85/2 718/84/2 752/83/2
f 751/85/2 719/86/2 718/84/2
f 750/87/2 719/86/2 751/85/2
f 750/87/2 720/88/2 719/86/2
f 749/89/2 720/88/2 750/87/2
f 749/89/2 721/90/2 720/88/2
f 748/91/2 721/90/2 749/89/2
f 748/91/2 722/92/2 721/90/2
f 747/93/2 722/92/2 748/91/2
f 746/94/2 722/92/2 747/93/2
f 746/94/2 723/95/2 722/92/2
f 745/96/2 723/95/2 746/94/2
f 745/96/2 724/97/2 723/95/2
f 744/98/2 724/97/2 745/96/2
f 744/98/2 725/99/2 724/97/2
f 744/98/2 726/100/2 725/99/2
f 743/101/2 726/100/2 744/98/2
f 743/101/2 727/102/2 726/100/2
f 742/103/2 727/102/2 743/101/2
f 742/103/2 728/104/2 727/102/2
f 741/105/2 728/104/2 742/103/2
f 741/105/2 729/106/2 728/104/2
f 740/107/2 729/106/2 741/105/2
f 740/107/2 730/108/2 729/106/2
f 739/109/2 730/108/2 740/107/2
f 739/109/2 731/110/2 730/108/2
f 738/111/2 731/110/2 739/109/2
f 738/111/2 732/112/2 731/110/2
f 737/113/2 732/112/2 738/111/2
f 737/113/2 733/114/2 732/112/2
f 736/115/2 733/114/2 737/113/2
f 736/115/2 734/116/2 733/114/2
f 735/117/2 734/116/2 736/115/2
f 816/118/2 818/47/2 817/119/2
f 816/118/2 814/120/2 818/47/2
f 814/120/2 809/51/2 818/47/2
f 809/51/2 811/122/2 810/121/2
f 809/51/2 812/123/2 811/122/2
f 816/118/2 815/124/2 814/120/2
f 813/125/2 809/51/2 814/120/2
f 813/125/2 812/123/2 809/51/2
f 874/126/2 820/127/2 819/51/2
f 874/126/2 821/128/2 820/127/2
f 874/126/2 822/129/2 821/128/2
f 873/130/2 822/129/2 874/126/2
f 873/130/2 823/131/2 822/129/2
f 872/132/2 823/131/2 873/130/2
f 872/132/2 824/133/2 823/131/2
f 871/134/2 824/133/2 872/132/2
f 871/134/2 825/135/2 824/133/2
f 870/136/2 825/135/2 871/134/2
f 870/136/2 826/137/2 825/135/2
f 869/138/2 826/137/2 870/136/2
f 869/138/2 827/139/2 826/137/2
f 868/140/2 827/139/2 869/138/2
f 868/140/2 828/141/2 827/139/2
f 867/142/2 828/141/2 868/140/2
f 867/142/2 829/143/2 828/141/2
f 866/144/2 829/143/2 867/142/2
f 866/144/2 830/145/2 829/143/2
f 865/146/2 830/145/2 866/144/2
f 865/146/2 831/147/2 830/145/2
f 864/148/2 831/147/2 865/146/2
f 864/148/2 832/149/2 831/147/2
f 863/150/2 832/149/2 864/148/2
f 862/151/2 832/149/2 863/150/2
f 862/151/2 833/152/2 832/149/2
f 862/151/2 834/153/2 833/152/2
f 861/154/2 834/153/2 862/151/2
f 861/154/2 835/155/2 834/153/2
f 860/156/2 835/155/2 861/154/2
f 860/156/2 836/157/2 835/155/2
f 859/158/2 836/157/2 860/156/2
f 859/158/2 837/159/2 836/157/2
f 858/160/2 837/159/2 859/158/2
f 858/160/2 838/161/3 837/159/2
f 857/162/2 838/161/3 858/160/2
f 857/162/2 839/163/3 838/161/3
f 856/164/2 839/163/3 857/162/2
f 856/164/2 840/165/2 839/163/3
f 855/166/2 840/165/2 856/164/2
f 855/166/2 841/167/2 840/165/2
f 854/168/2 841/167/2 855/166/2
f 854/168/2 842/169/2 841/167/2
f 853/170/2 842/169/2 854/168/2
f 853/170/2 843/171/2 842/169/2
f 852/172/2 843/171/2 853/170/2
f 852/172/2 877/173/4 843/171/2
f 877/174/4 844/175/2 843/171/2
f 851/176/2 878/177/2 852/172/2
f 878/178/2 877/173/4 852/172/2
f 850/179/2 878/47/2 851/176/2
f 850/179/2 875/180/2 878/47/2
f 876/181/2 844/175/2 877/182/4
f 876/181/2 845/183/2 844/175/2
f 850/179/2 848/184/2 875/180/2
f 848/184/2 876/181/2 875/180/2
f 848/184/2 847/185/2 876/181/2
f 847/185/2 845/183/2 876/181/2
f 850/179/2 849/186/2 848/184/2
f 846/187/2 845/183/2 847/185/2
f 966/1/2 968/3/2 967/2/2
f 966/1/2 969/4/2 968/3/2
f 966/1/2 970/5/2 969/4/2
f 965/6/2 970/5/2 966/1/2
f 965/6/2 971/7/2 970/5/2
f 964/8/2 971/7/2 965/6/2
f 964/8/2 972/9/2 971/7/2
f 963/10/2 972/9/2 964/8/2
f 963/10/2 973/11/2 972/9/2
f 962/12/2 973/11/2 963/10/2
f 962/12/2 974/13/2 973/11/2
f 961/14/2 974/13/2 962/12/2
f 961/14/2 975/15/2 974/13/2
f 960/16/2 975/15/2 961/14/2
f 960/16/2 976/17/2 975/15/2
f 959/18/2 976/17/2 960/16/2
f 959/18/2 977/19/2 976/17/2
f 958/20/2 977/19/2 959/18/2
f 958/20/2 978/21/2 977/19/2
f 957/22/2 978/21/2 958/20/2
f 957/22/2 979/23/2 978/21/2
f 956/24/2 979/23/2 957/22/2
f 956/24/2 980/25/2 979/23/2
f 955/26/2 980/25/2 956/24/2
f 954/27/2 980/25/2 955/26/2
f 954/27/2 981/28/2 980/25/2
f 954/27/2 982/29/2 981/28/2
f 953/30/2 982/29/2 954/27/2
f 953/30/2 983/31/2 982/29/2
f 952/32/2 983/31/2 953/30/2
f 952/32/2 984/33/2 983/31/2
f 951/34/2 984/33/2 952/32/2
f 951/34/2 985/35/2 984/33/2
f 950/36/2 985/35/2 951/34/2
f 950/36/2 986/37/2 985/35/2
f 949/38/2 986/37/2 950/36/2
f 949/38/2 987/39/2 986/37/2
f 948/40/2 987/39/2 949/38/2
f 948/40/2 988/41/2 987/39/2
f 947/42/2 988/41/2 948/40/2
f 947/42/2 989/43/2 988/41/2
f 946/44/2 989/43/2 947/42/2
f 946/44/2 990/45/2 989/43/2
f 945/46/2 990/45/2 946/44/2
f 945/46/2 991/47/2 990/45/2
f 944/48/2 991/47/2 945/46/2
f 944/48/2 883/49/2 991/47/2
f 883/49/2 882/50/2 991/47/2
f 882/50/2 879/51/2 991/47/2
f 943/52/2 884/53/2 944/48/2
f 884/54/2 883/49/2 944/48/2
f 942/55/2 884/56/2 943/52/2
f 942/55/2 885/57/2 884/56/2
f 881/58/2 879/51/2 882/59/2
f 881/58/2 880/60/2 879/51/2
f 890/61/2 892/63/2 891/62/2
f 890/61/2 889/64/2 892/63/2
f 889/64/2 893/65/2 892/63/2
f 888/66/2 893/65/2 889/64/2
f 941/67/2 885/57/2 942/55/2
f 888/68/2 894/69/2 893/65/2
f 941/67/2 886/190/2 885/189/2
f 887/71/2 894/69/2 888/191/2
f 941/67/2 887/71/2 886/70/2
f 941/67/2 894/69/2 887/71/2
f 941/67/2 895/72/2 894/69/2
f 940/73/2 895/72/2 941/67/2
f 940/73/2 896/74/2 895/72/2
f 939/75/2 896/74/2 940/73/2
f 939/75/2 897/76/2 896/74/2
f 938/77/2 897/76/2 939/75/2
f 938/77/2 898/78/2 897/76/2
f 937/79/2 898/78/2 938/77/2
f 937/79/2 899/80/2 898/78/2
f 936/81/2 899/80/2 937/79/2
f 936/81/2 900/82/2 899/80/2
f 935/83/2 900/82/2 936/81/2
f 935/83/2 901/84/2 900/82/2
f 934/85/2 901/84/2 935/83/2
f 934/85/2 902/86/2 901/84/2
f 933/87/2 902/86/2 934/85/2
f 933/87/2 903/88/2 902/86/2
f 932/89/2 903/88/2 933/87/2
f 932/89/2 904/90/2 903/88/2
f 931/91/2 904/90/2 932/89/2
f 931/91/2 905/92/2 904/90/2
f 930/93/2 905/92/2 931/91/2
f 929/94/2 905/92/2 930/93/2
f 929/94/2 906/95/2 905/92/2
f 928/96/2 906/95/2 929/94/2
f 928/96/2 907/97/2 906/95/2
f 927/98/2 907/97/2 928/96/2
f 927/98/2 908/99/2 907/97/2
f 927/98/2 909/100/2 908/99/2
f 926/101/2 909/100/2 927/98/2
f 926/101/2 910/102/2 909/100/2
f 925/103/2 910/102/2 926/101/2
f 925/103/2 911/104/2 910/102/2
f 924/105/2 911/104/2 925/103/2
f 924/105/2 912/106/2 911/104/2
f 923/107/2 912/106/2 924/105/2
f 923/107/2 913/108/2 912/106/2
f 922/109/2 913/108/2 923/107/2
f 922/109/2 914/110/2 913/108/2
f 921/111/2 914/110/2 922/109/2
f 921/111/2 915/112/2 914/110/2
f 920/113/2 915/112/2 921/111/2
f 920/113/2 916/114/2 915/112/2
f 919/115/2 916/114/2 920/113/2
f 919/115/2 917/116/2 916/114/2
f 918/117/2 917/116/2 919/115/2
f 999/118/2 1001/47/2 1000/119/2
f 999/118/2 997/120/2 1001/47/2
f 997/120/2 992/51/2 1001/47/2
f 992/51/2 994/122/2 993/121/2
f 992/51/2 995/123/2 994/122/2
f 999/118/2 998/124/2 997/120/2
f 996/125/2 992/51/2 997/120/2
f 996/125/2 995/123/2 992/51/2
f 1097/192/2 1003/193/2 1002/51/2
f 1097/192/2 1004/194/2 1003/193/2
f 1097/192/2 1005/195/2 1004/194/2
f 1096/196/2 1005/195/2 1097/192/2
f 1096/196/2 1006/197/2 1005/195/2
f 1095/198/2 1006/197/2 1096/196/2
f 1095/198/2 1007/199/2 1006/197/2
f 1094/200/2 1007/199/2 1095/198/2
f 1093/201/2 1007/202/2 1094/200/2
f 1093/201/2 1008/203/2 1007/202/2
f 1092/204/2 1008/203/2 1093/201/2
f 1091/205/2 1008/206/2 1092/204/2
f 1091/205/2 1009/207/2 1008/206/2
f 1090/208/2 1009/207/2 1091/205/2
f 1090/208/2 1010/209/2 1009/207/2
f 1089/210/2 1010/209/2 1090/208/2
f 1089/210/2 1011/211/2 1010/209/2
f 1088/212/2 1011/211/2 1089/210/2
f 1088/212/2 1012/213/2 1011/211/2
f 1087/214/2 1012/213/2 1088/212/2
f 1087/214/2 1013/215/2 1012/213/2
f 1086/216/2 1013/215/2 1087/214/2
f 1085/217/2 1013/215/2 1086/216/2
f 1085/217/2 1014/218/2 1013/215/2
f 1085/217/2 1015/219/2 1014/218/2
f 1084/220/2 1015/219/2 1085/217/2
f 1084/220/2 1016/221/2 1015/219/2
f 1083/222/2 1016/221/2 1084/220/2
f 1083/222/2 1017/223/2 1016/221/2
f 1082/224/2 1017/223/2 1083/222/2
f 1082/224/2 1018/225/2 1017/223/2
f 1081/226/2 1018/225/2 1082/224/2
f 1081/226/2 1019/227/2 1018/225/2
f 1080/228/2 1019/227/2 1081/226/2
f 1080/228/2 1020/229/2 1019/227/2
f 1079/230/2 1020/229/2 1080/228/2
f 1079/230/2 1021/231/2 1020/229/2
f 1078/232/2 1021/231/2 1079/230/2
f 1078/232/2 1022/233/2 1021/231/2
f 1077/234/2 1022/233/2 1078/232/2
f 1077/234/2 1023/235/2 1022/233/2
f 1076/236/2 1023/235/2 1077/234/2
f 1076/236/2 1024/237/2 1023/235/2
f 1075/238/2 1024/237/2 1076/236/2
f 1075/238/2 1100/239/2 1024/237/2
f 1100/239/2 1025/240/2 1024/237/2
f 1074/241/2 1101/242/2 1075/238/2
f 1101/243/2 1100/239/2 1075/238/2
f 1074/241/2 1102/248/2 1101/246/2
f 1073/247/2 1102/248/2 1074/241/2
f 1073/247/2 1103/249/2 1102/248/2
f 1099/250/2 1025/240/2 1100/251/2
f 1099/250/2 1026/252/2 1025/240/2
f 1072/253/2 1103/249/2 1073/247/2
f 1072/253/2 1104/256/2 1103/249/2
f 1099/254/2 1027/255/2 1026/252/2
f 1098/259/2 1027/255/2 1099/387/2
f 1072/253/2 1098/259/2 1104/258/2
f 1072/253/2 1027/255/2 1098/259/2
f 1072/253/2 1028/260/2 1027/255/2
f 1071/261/2 1028/260/2 1072/253/2
f 1071/261/2 1029/262/2 1028/260/2
f 1070/263/2 1029/262/2 1071/261/2
f 1070/263/2 1030/264/2 1029/262/2
f 1069/265/2 1030/264/2 1070/263/2
f 1069/265/2 1031/266/2 1030/264/2
f 1068/267/2 1031/266/2 1069/265/2
f 1068/267/2 1032/268/2 1031/266/2
f 1067/269/2 1032/268/2 1068/267/2
f 1067/269/2 1033/270/2 1032/268/2
f 1066/271/2 1033/270/2 1067/269/2
f 1066/271/2 1034/272/2 1033/270/2
f 1065/273/2 1034/272/2 1066/271/2
f 1065/273/2 1035/274/2 1034/272/2
f 1064/275/2 1035/274/2 1065/273/2
f 1064/275/2 1036/276/2 1035/274/2
f 1063/277/2 1036/276/2 1064/275/2
f 1063/277/2 1037/278/2 1036/276/2
f 1062/279/2 1037/278/2 1063/277/2
f 1062/279/2 1038/280/2 1037/278/2
f 1061/281/2 1038/280/2 1062/279/2
f 1060/282/2 1038/280/2 1061/281/2
f 1060/282/2 1039/283/2 1038/280/2
f 1059/284/2 1039/283/2 1060/282/2
f 1059/284/2 1040/285/2 1039/283/2
f 1058/286/2 1040/285/2 1059/284/2
f 1058/286/2 1041/287/2 1040/285/2
f 1058/286/2 1042/288/2 1041/287/2
f 1057/289/2 1042/288/2 1058/286/2
f 1057/289/2 1043/290/2 1042/288/2
f 1056/291/2 1043/290/2 1057/289/2
f 1055/293/2 1043/292/2 1056/291/2
f 1054/294/2 1043/295/2 1055/293/2
f 1054/294/2 1044/297/2 1043/295/2
f 1053/296/2 1044/297/2 1054/294/2
f 1053/296/2 1045/298/2 1044/297/2
f 1052/299/2 1045/298/2 1053/296/2
f 1052/299/2 1046/300/2 1045/298/2
f 1051/301/2 1046/300/2 1052/299/2
f 1051/301/2 1047/302/2 1046/300/2
f 1050/303/2 1047/302/2 1051/301/2
f 1050/303/2 1048/304/2 1047/302/2
f 1049/305/2 1048/304/2 1050/303/2
f 1191/1/2 1193/3/4 1192/2/3
f 1191/1/2 1194/4/2 1193/3/4
f 1191/1/2 1195/5/2 1194/4/2
f 1190/6/2 1195/5/2 1191/1/2
f 1190/6/2 1196/7/2 1195/5/2
f 1189/8/2 1196/7/2 1190/6/2
f 1189/8/2 1197/9/2 1196/7/2
f 1188/10/2 1197/9/2 1189/8/2
f 1188/10/2 1198/11/2 1197/9/2
f 1187/12/2 1198/11/2 1188/10/2
f 1187/12/2 1199/13/2 1198/11/2
f 1186/14/2 1199/13/2 1187/12/2
f 1186/14/2 1200/15/2 1199/13/2
f 1185/16/2 1200/15/2 1186/14/2
f 1185/16/2 1201/17/2 1200/15/2
f 1184/18/2 1201/17/2 1185/16/2
f 1184/18/2 1202/19/2 1201/17/2
f 1183/20/2 1202/19/2 1184/18/2
f 1183/20/2 1203/21/2 1202/19/2
f 1182/22/2 1203/21/2 1183/20/2
f 1182/22/2 1204/23/2 1203/21/2
f 1181/24/2 1204/23/2 1182/22/2
f 1181/24/2 1205/25/2 1204/23/2
f 1180/26/2 1205/25/2 1181/24/2
f 1179/27/2 1205/25/2 1180/26/2
f 1179/27/2 1206/28/2 1205/25/2
f 1179/27/2 1207/29/2 1206/28/2
f 1178/30/2 1207/29/2 1179/27/2
f 1178/30/2 1208/31/2 1207/29/2
f 1177/32/2 1208/31/2 1178/30/2
f 1177/32/2 1209/33/2 1208/31/2
f 1176/34/2 1209/33/2 1177/32/2
f 1176/34/2 1210/35/2 1209/33/2
f 1175/36/2 1210/35/2 1176/34/2
f 1175/36/2 1211/37/2 1210/35/2
f 1174/38/2 1211/37/2 1175/36/2
f 1174/38/2 1212/39/2 1211/37/2
f 1173/40/2 1212/39/2 1174/38/2
f 1173/40/2 1213/41/2 1212/39/2
f 1172/42/2 1213/41/2 1173/40/2
f 1172/42/2 1214/43/2 1213/41/2
f 1171/44/2 1214/43/2 1172/42/2
f 1171/44/2 1215/45/2 1214/43/2
f 1170/46/2 1215/45/2 1171/44/2
f 1170/46/2 1216/47/2 1215/45/2
f 1169/48/2 1216/47/2 1170/46/2
f 1169/48/2 1109/49/3 1216/47/2
f 1109/50/3 1105/51/2 1216/47/2
f 1168/52/2 1110/53/4 1169/48/2
f 1110/54/4 1109/49/3 1169/48/2
f 1108/188/2 1105/51/2 1109/50/3
f 1167/55/2 1110/56/4 1168/52/2
f 1167/55/2 1111/57/3 1110/56/4
f 1107/58/2 1105/51/2 1108/59/2
f 1107/58/2 1106/60/2 1105/51/2
f 1115/61/2 1117/63/2 1116/62/2
f 1115/61/2 1114/64/2 1117/63/2
f 1114/64/2 1118/65/2 1117/63/2
f 1113/66/2 1118/65/2 1114/64/2
f 1166/67/2 1111/57/3 1167/55/2
f 1112/68/4 1118/65/2 1113/66/2
f 1112/68/4 1119/69/2 1118/65/2
f 1166/67/2 1112/71/4 1111/70/3
f 1166/67/2 1119/69/2 1112/71/4
f 1166/67/2 1120/72/2 1119/69/2
f 1165/73/2 1120/72/2 1166/67/2
f 1165/73/2 1121/74/2 1120/72/2
f 1164/75/2 1121/74/2 1165/73/2
f 1164/75/2 1122/76/2 1121/74/2
f 1163/77/2 1122/76/2 1164/75/2
f 1163/77/2 1123/78/2 1122/76/2
f 1162/79/2 1123/78/2 1163/77/2
f 1162/79/2 1124/80/2 1123/78/2
f 1161/81/2 1124/80/2 1162/79/2
f 1161/81/2 1125/82/2 1124/80/2
f 1160/83/2 1125/82/2 1161/81/2
f 1160/83/2 1126/84/2 1125/82/2
f 1159/85/2 1126/84/2 1160/83/2
f 1159/85/2 1127/86/2 1126/84/2
f 1158/87/2 1127/86/2 1159/85/2
f 1158/87/2 1128/88/2 1127/86/2
f 1157/89/2 1128/88/2 1158/87/2
f 1157/89/2 1129/90/2 1128/88/2
f 1156/91/2 1129/90/2 1157/89/2
f 1156/91/2 1130/92/2 1129/90/2
f 1155/93/2 1130/92/2 1156/91/2
f 1154/94/2 1130/92/2 1155/93/2
f 1154/94/2 1131/95/2 1130/92/2
f 1153/96/2 1131/95/2 1154/94/2
f 1153/96/2 1132/97/2 1131/95/2
f 1152/98/2 1132/97/2 1153/96/2
f 1152/98/2 1133/99/2 1132/97/2
f 1152/98/2 1134/100/2 1133/99/2
f 1151/101/2 1134/100/2 1152/98/2
f 1151/101/2 1135/102/2 1134/100/2
f 1150/103/2 1135/102/2 1151/101/2
f 1150/103/2 1136/104/2 1135/102/2
f 1149/105/2 1136/104/2 1150/103/2
f 1149/105/2 1137/106/2 1136/104/2
f 1148/107/2 1137/106/2 1149/105/2
f 1148/107/2 1138/108/2 1137/106/2
f 1147/109/2 1138/108/2 1148/107/2
f 1147/109/2 1139/110/2 1138/108/2
f 1146/111/2 1139/110/2 1147/109/2
f 1146/111/2 1140/112/2 1139/110/2
f 1145/113/2 1140/112/2 1146/111/2
f 1145/113/2 1141/114/2 1140/112/2
f 1144/115/2 1141/114/2 1145/113/2
f 1144/115/2 1142/116/3 1141/114/2
f 1143/117/4 1142/116/3 1144/115/2
f 1222/308/2 1224/310/2 1223/309/2
f 1222/308/2 1225/47/2 1224/310/2
f 1225/47/2 1218/311/2 1217/51/2
f 1225/47/2 1219/312/2 1218/311/2
f 1222/308/2 1219/312/2 1225/47/2
f 1221/313/2 1219/312/2 1222/308/2
f 1221/313/2 1220/314/2 1219/312/2
f 1226/51/2 1228/316/2 1227/315/2
f 1226/51/2 1229/317/2 1228/316/2
f 1226/51/2 1230/318/2 1229/317/2
f 1226/51/2 1231/47/2 1230/318/2
f 1327/192/2 1233/193/2 1232/51/2
f 1327/192/2 1234/194/2 1233/193/2
f 1327/192/2 1235/195/2 1234/194/2
f 1326/196/2 1235/195/2 1327/192/2
f 1326/196/2 1236/197/2 1235/195/2
f 1325/198/2 1236/197/2 1326/196/2
f 1325/198/2 1237/199/2 1236/197/2
f 1324/200/2 1237/199/2 1325/198/2
f 1323/201/2 1237/202/2 1324/200/2
f 1323/201/2 1238/203/2 1237/202/2
f 1322/204/2 1238/203/2 1323/201/2
f 1321/205/2 1238/206/2 1322/204/2
f 1321/205/2 1239/207/2 1238/206/2
f 1320/208/2 1239/207/2 1321/205/2
f 1320/208/2 1240/209/2 1239/207/2
f 1319/210/2 1240/209/2 1320/208/2
f 1319/210/2 1241/211/2 1240/209/2
f 1318/212/2 1241/211/2 1319/210/2
f 1318/212/2 1242/213/2 1241/211/2
f 1317/214/2 1242/213/2 1318/212/2
f 1317/214/2 1243/215/2 1242/213/2
f 1316/216/2 1243/215/2 1317/214/2
f 1315/217/2 1243/215/2 1316/216/2
f 1315/217/2 1244/218/2 1243/215/2
f 1315/217/2 1245/219/2 1244/218/2
f 1314/220/2 1245/219/2 1315/217/2
f 1314/220/2 1246/221/2 1245/219/2
f 1313/222/2 1246/221/2 1314/220/2
f 1313/222/2 1247/223/2 1246/221/2
f 1312/224/2 1247/223/2 1313/222/2
f 1312/224/2 1248/225/2 1247/223/2
f 1311/226/2 1248/225/2 1312/224/2
f 1311/226/2 1249/227/2 1248/225/2
f 1310/228/2 1249/227/2 1311/226/2
f 1310/228/2 1250/229/2 1249/227/2
f 1309/230/2 1250/229/2 1310/228/2
f 1309/230/2 1251/231/2 1250/229/2
f 1308/232/2 1251/231/2 1309/230/2
f 1308/232/2 1252/233/2 1251/231/2
f 1307/234/2 1252/233/2 1308/232/2
f 1307/234/2 1253/235/2 1252/233/2
f 1306/236/2 1253/235/2 1307/234/2
f 1306/236/2 1254/237/2 1253/235/2
f 1305/238/2 1254/237/2 1306/236/2
f 1305/238/2 1329/239/2 1254/237/2
f 1329/239/2 1255/240/2 1254/237/2
f 1304/241/2 1330/242/2 1305/238/2
f 1330/243/2 1329/239/2 1305/238/2
f 1304/241/2 1331/246/2 1330/245/2
f 1303/247/2 1331/248/2 1304/241/2
f 1303/247/2 1332/249/2 1331/248/2
f 1328/250/2 1255/240/2 1329/251/2
f 1328/250/2 1256/252/2 1255/240/2
f 1302/253/2 1332/249/2 1303/247/2
f 1302/253/2 1333/256/2 1332/249/2
f 1328/254/2 1257/255/2 1256/252/2
f 1302/253/2 1328/259/2 1333/258/2
f 1302/253/2 1257/255/2 1328/259/2
f 1302/253/2 1258/260/2 1257/255/2
f 1301/261/2 1258/260/2 1302/253/2
f 1301/261/2 1259/262/2 1258/260/2
f 1300/263/2 1259/262/2 1301/261/2
f 1300/263/2 1260/264/2 1259/262/2
f 1299/265/2 1260/264/2 1300/263/2
f 1299/265/2 1261/266/2 1260/264/2
f 1298/267/2 1261/266/2 1299/265/2
f 1298/267/2 1262/268/2 1261/266/2
f 1297/269/2 1262/268/2 1298/267/2
f 1297/269/2 1263/270/2 1262/268/2
f 1296/271/2 1263/270/2 1297/269/2
f 1296/271/2 1264/272/2 1263/270/2
f 1295/273/2 1264/272/2 1296/271/2
f 1295/273/2 1265/274/2 1264/272/2
f 1294/275/2 1265/274/2 1295/273/2
f 1294/275/2 1266/276/2 1265/274/2
f 1293/277/2 1266/276/2 1294/275/2
f 1293/277/2 1267/278/2 1266/276/2
f 1292/279/2 1267/278/2 1293/277/2
f 1292/279/2 1268/280/2 1267/278/2
f 1291/281/2 1268/280/2 1292/279/2
f 1290/282/2 1268/280/2 1291/281/2
f 1290/282/2 1269/283/2 1268/280/2
f 1289/284/2 1269/283/2 1290/282/2
f 1289/284/2 1270/285/2 1269/283/2
f 1288/286/2 1270/285/2 1289/284/2
f 1288/286/2 1271/287/2 1270/285/2
f 1288/286/2 1272/288/2 1271/287/2
f 1287/289/2 1272/288/2 1288/286/2
f 1287/289/2 1273/290/2 1272/288/2
f 1286/291/2 1273/290/2 1287/289/2
f 1285/293/2 1273/292/2 1286/291/2
f 1285/293/2 1274/295/2 1273/292/2
f 1284/294/2 1274/295/2 1285/293/2
f 1283/296/2 1274/297/2 1284/294/2
f 1283/296/2 1275/298/2 1274/297/2
f 1282/299/2 1275/298/2 1283/296/2
f 1282/299/2 1276/300/2 1275/298/2
f 1281/301/2 1276/300/2 1282/299/2
f 1281/301/2 1277/302/2 1276/300/2
f 1280/303/2 1277/302/2 1281/301/2
f 1280/303/2 1278/304/2 1277/302/2
f 1279/305/2 1278/304/2 1280/303/2
f 1384/319/2 1386/320/2 1334/51/2
f 1386/321/2 1335/322/2 1334/51/2
f 1386/321/2 1336/323/2 1335/322/2
f 1386/321/2 1337/324/2 1336/323/2
f 1386/321/2 1338/325/2 1337/324/2
f 1386/321/2 1339/326/2 1338/325/2
f 1386/327/2 1340/328/2 1339/326/2
f 1386/327/2 1341/329/2 1340/328/2
f 1386/327/2 1342/330/2 1341/329/2
f 1386/327/2 1343/331/2 1342/330/2
f 1386/327/2 1344/332/2 1343/331/2
f 1386/327/2 1345/333/2 1344/332/2
f 1386/327/2 1346/334/2 1345/333/2
f 1386/327/2 1347/335/2 1346/334/2
f 1386/327/2 1348/336/2 1347/335/2
f 1386/337/2 1349/338/2 1348/336/2
f 1386/337/2 1350/339/2 1349/338/2
f 1386/337/2 1351/340/2 1350/339/2
f 1386/337/2 1352/341/2 1351/340/2
f 1386/337/2 1353/342/2 1352/341/2
f 1386/337/2 1354/344/2 1353/343/2
f 1386/345/2 1355/346/2 1354/344/2
f 1386/345/2 1356/347/2 1355/346/2
f 1386/345/2 1357/348/2 1356/347/2
f 1386/345/2 1385/349/2 1357/348/2
f 1385/350/2 1358/351/2 1357/348/2
f 1384/319/2 1387/355/2 1386/354/2
f 1390/356/2 1358/351/2 1385/357/2
f 1390/356/2 1359/358/2 1358/351/2
f 1390/47/2 1360/359/2 1359/358/2
f 1384/319/2 1388/388/2 1387/389/2
f 1389/360/2 1360/359/2 1390/361/2
f 1384/319/2 1382/363/2 1388/362/2
f 1382/363/2 1389/360/2 1388/362/2
f 1382/363/2 1360/359/2 1389/360/2
f 1382/363/2 1361/364/2 1360/359/2
f 1382/363/2 1362/365/2 1361/364/2
f 1382/363/2 1363/366/2 1362/365/2
f 1382/363/2 1364/367/2 1363/366/2
f 1382/363/2 1365/370/2 1364/369/2
f 1382/363/2 1366/371/2 1365/370/2
f 1382/363/2 1367/372/2 1366/371/2
f 1382/363/2 1368/373/2 1367/372/2
f 1382/363/2 1369/374/2 1368/373/2
f 1382/363/2 1370/375/2 1369/374/2
f 1382/363/2 1371/376/2 1370/375/2
f 1382/363/2 1372/377/2 1371/376/2
f 1382/363/2 1373/378/2 1372/377/2
f 1382/363/2 1374/379/2 1373/378/2
f 1382/363/2 1375/380/2 1374/379/2
f 1382/363/2 1376/381/2 1375/380/2
f 1382/363/2 1377/382/2 1376/381/2
f 1382/363/2 1378/383/2 1377/382/2
f 1382/363/2 1379/384/2 1378/383/2
f 1382/363/2 1380/385/2 1379/384/2
f 1382/363/2 1381/386/2 1380/385/2
f 1384/319/2 1383/313/2 1382/363/2
f 399/201/5 398/204/5 1092/204/5 1093/201/5
f 97/17/6 96/15/6 792/15/6 793/17/6
f 666/364/7 665/359/7 1360/359/7 1361/364/7
f 81/16/8 80/18/8 776/18/8 777/16/8
f 667/365/9 666/364/9 1361/364/9 1362/365/9
f 398/204/10 397/205/10 1091/205/10 1092/204/10
f 98/19/11 97/17/11 793/17/11 794/19/11
f 668/366/12 667/365/12 1362/365/12 1363/366/12
f 80/18/13 79/20/13 775/20/13 776/18/13
f 669/367/14 668/366/14 1363/366/14 1364/367/14
f 315/207/15 314/206/15 1008/206/15 1009/207/15
f 397/205/8 396/208/8 1090/208/8 1091/205/8
f 99/21/16 98/19/16 794/19/16 795/21/16
f 79/20/17 78/22/17 774/22/17 775/20/17
f 670/369/18 669/368/18 1364/369/18
f 316/209/19 315/207/19 1009/207/19 1010/209/19
f 396/208/13 395/210/13 1089/210/13 1090/208/13
f 100/23/20 99/21/20 795/21/20 796/23/20
f 671/370/21 670/369/21 1364/369/21 1365/370/21
f 78/22/22 77/24/22 773/24/22 774/22/22
f 672/371/23 671/370/23 1365/370/23 1366/371/23
f 317/211/24 316/209/24 1010/209/24 1011/211/24
f 395/210/17 394/212/17 1088/212/17 1089/210/17
f 101/25/25 100/23/25 796/23/25 797/25/25
f 673/372/26 672/371/26 1366/371/26 1367/372/26
f 77/24/27 76/26/27 772/26/27 773/24/27
f 674/373/28 673/372/28 1367/372/28 1368/373/28
f 318/213/29 317/211/29 1011/211/29 1012/213/29
f 76/26/30 75/27/30 771/27/30 772/26/30
f 473/52/31 472/55/31 1167/55/31 1168/52/31
f 394/212/22 393/214/22 1087/214/22 1088/212/22
f 675/374/32 674/373/32 1368/373/32 1369/374/32
f 102/28/33 101/25/33 797/25/33 798/28/33
f 416/57/34 415/56/34 1110/56/34 1111/57/34
f 676/375/35 675/374/35 1369/374/35 1370/375/35
f 319/215/36 318/213/36 1012/213/36 1013/215/36
f 414/59/31 413/58/31 1107/58/31 1108/59/31
f 393/214/27 392/216/27 1086/216/27 1087/214/27
f 103/29/37 102/28/37 798/28/37 799/29/37
f 677/376/38 676/375/38 1370/375/38 1371/376/38
f 75/27/39 74/30/39 770/30/39 771/27/39
f 413/58/40 412/60/40 1106/60/40 1107/58/40
f 392/216/30 391/217/30 1085/217/30 1086/216/30
f 412/60/34 411/51/34 1105/51/34 1106/60/34
f 678/377/41 677/376/41 1371/376/41 1372/377/41
f 421/62/31 420/61/31 1115/61/31 1116/62/31
f 104/31/42 103/29/42 799/29/42 800/31/42
f 679/378/43 678/377/43 1372/377/43 1373/378/43
f 320/218/44 319/215/44 1013/215/44 1014/218/44
f 74/30/45 73/32/45 769/32/45 770/30/45
f 422/63/46 421/62/46 1116/62/46 1117/63/46
f 420/61/40 419/64/40 1114/64/40 1115/61/40
f 680/379/47 679/378/47 1373/378/47 1374/379/47
f 321/219/48 320/218/48 1014/218/48 1015/219/48
f 391/217/39 390/220/39 1084/220/39 1085/217/39
f 105/33/49 104/31/49 800/31/49 801/33/49
f 681/380/50 680/379/50 1374/379/50 1375/380/50
f 73/32/51 72/34/51 768/34/51 769/32/51
f 423/65/34 422/63/34 1117/63/34 1118/65/34
f 419/64/31 418/66/31 1113/66/31 1114/64/31
f 682/381/52 681/380/52 1375/380/52 1376/381/52
f 322/221/53 321/219/53 1015/219/53 1016/221/53
f 390/220/54 389/222/54 1083/222/54 1084/220/54
f 106/35/55 105/33/55 801/33/55 802/35/55
f 472/55/56 471/67/56 1166/67/56 1167/55/56
f 683/382/57 682/381/57 1376/381/57 1377/382/57
f 72/34/58 71/36/58 767/36/58 768/34/58
f 155/176/31 154/179/31 850/179/31 851/176/31
f 684/383/59 683/382/59 1377/382/59 1378/383/59
f 323/223/49 322/221/49 1016/221/49 1017/223/49
f 389/222/60 388/224/60 1082/224/60 1083/222/60
f 107/37/61 106/35/61 802/35/61 803/37/61
f 418/68/62 1112/68/63 1113/66/63
f 685/384/64 684/383/64 1378/383/64 1379/384/64
f 71/36/65 70/38/65 766/38/65 767/36/65
f 179/180/66 183/47/66 878/47/66 875/180/66
f 181/182/31 180/181/31 876/181/31 877/182/31
f 686/385/67 685/384/67 1379/384/67 1380/385/67
f 324/225/55 323/223/55 1017/223/55 1018/225/55
f 424/69/68 423/65/68 1118/65/68 1119/69/68
f 388/224/58 387/226/58 1081/226/58 1082/224/58
f 108/39/69 107/37/69 803/37/69 804/39/69
f 687/386/70 686/385/70 1380/385/70 1381/386/70
f 70/38/71 69/40/71 765/40/71 766/38/71
f 149/183/34 148/175/34 844/175/34 845/183/34
f 690/319/40 689/313/40 1383/313/40 1384/319/40
f 689/313/34 688/363/34 1382/363/34 1383/313/34
f 325/227/61 324/225/61 1018/225/61 1019/227/61
f 387/226/65 386/228/65 1080/228/65 1081/226/65
f 109/41/72 108/39/72 804/39/72 805/41/72
f 688/390/73 687/386/73 1381/386/73 1382/390/73
f 69/40/74 68/42/74 764/42/74 765/40/74
f 180/181/46 179/180/46 875/180/46 876/181/46
f 152/184/40 151/185/40 847/185/40 848/184/40
f 326/229/69 325/227/69 1019/227/69 1020/229/69
f 386/228/75 385/230/75 1079/230/75 1080/228/75
f 110/43/76 109/41/76 805/41/76 806/43/76
f 68/42/77 67/44/77 763/44/77 764/42/77
f 154/179/40 153/186/40 849/186/40 850/179/40
f 153/186/34 152/184/34 848/184/34 849/186/34
f 327/231/78 326/229/78 1020/229/78 1021/231/78
f 151/185/31 150/187/31 846/187/31 847/185/31
f 385/230/79 384/232/79 1078/232/79 1079/230/79
f 111/45/80 110/43/80 806/43/80 807/45/80
f 150/187/40 149/183/40 845/183/40 846/187/40
f 67/44/81 66/46/81 762/46/81 763/44/81
f 273/2/82 272/1/82 966/1/82 967/2/82
f 328/233/76 327/231/76 1021/231/76 1022/233/76
f 274/3/46 273/2/46 967/2/46 968/3/46
f 384/232/83 383/234/83 1077/234/83 1078/232/83
f 112/47/84 111/45/84 807/45/84 808/47/84
f 66/46/85 65/48/85 761/48/85 762/46/85
f 275/4/86 274/3/86 968/3/86 969/4/86
f 329/235/87 328/233/87 1022/233/87 1023/235/87
f 276/5/88 275/4/88 969/4/88 970/5/88
f 383/234/89 382/236/89 1076/236/89 1077/234/89
f 272/1/90 271/6/90 965/6/90 966/1/90
f 5/49/91 4/50/91 700/50/91 701/49/91
f 330/237/92 329/235/92 1023/235/92 1024/237/92
f 277/7/93 276/5/93 970/5/93 971/7/93
f 382/236/94 381/238/94 1075/238/94 1076/236/94
f 1/51/95 112/47/95 808/47/95 697/51/95
f 271/6/96 270/8/96 964/8/96 965/6/96
f 65/48/97 64/52/97 760/52/97 761/48/97
f 278/9/98 277/7/98 971/7/98 972/9/98
f 7/53/99 6/54/100 702/54/100 703/53/100
f 270/8/101 269/10/101 963/10/101 964/8/101
f 331/240/102 330/237/102 1024/237/102 1025/240/102
f 381/238/97 380/241/97 1074/241/97 1075/238/97
f 6/54/40 5/49/40 701/49/40 702/54/40
f 279/11/103 278/9/103 972/9/103 973/11/103
f 269/10/104 268/12/104 962/12/104 963/10/104
f 408/243/40 407/239/40 1100/239/40 1101/243/40
f 280/13/105 279/11/105 973/11/105 974/13/105
f 407/239/106 406/244/107 1100/239/107
f 268/12/5 267/14/5 961/14/5 962/12/5
f 417/307/108 416/306/109 1111/307/109
f 281/15/110 280/13/110 974/13/110 975/15/110
f 267/14/10 266/16/10 960/16/10 961/14/10
f 282/17/6 281/15/6 975/15/6 976/17/6
f 266/16/8 265/18/8 959/18/8 960/16/8
f 418/71/46 417/70/46 1111/70/46 1112/71/46
f 283/19/11 282/17/11 976/17/11 977/19/11
f 425/72/111 424/69/111 1119/69/111 1120/72/111
f 265/18/13 264/20/13 958/20/13 959/18/13
f 471/67/112 470/73/112 1165/73/112 1166/67/112
f 284/21/113 283/19/113 977/19/113 978/21/113
f 426/74/114 425/72/114 1120/72/114 1121/74/114
f 264/20/115 263/22/115 957/22/115 958/20/115
f 470/73/116 469/75/116 1164/75/116 1165/73/116
f 285/23/20 284/21/20 978/21/20 979/23/20
f 427/76/117 426/74/117 1121/74/117 1122/76/117
f 263/22/118 262/24/118 956/24/118 957/22/118
f 469/75/119 468/77/119 1163/77/119 1164/75/119
f 286/25/120 285/23/120 979/23/120 980/25/120
f 428/78/121 427/76/121 1122/76/121 1123/78/121
f 262/24/122 261/26/122 955/26/122 956/24/122
f 468/77/123 467/79/123 1162/79/123 1163/77/123
f 261/26/30 260/27/30 954/27/30 955/26/30
f 429/80/124 428/78/124 1123/78/124 1124/80/124
f 467/79/125 466/81/125 1161/81/125 1162/79/125
f 287/28/44 286/25/44 980/25/44 981/28/44
f 288/29/37 287/28/37 981/28/37 982/29/37
f 430/82/126 429/80/126 1124/80/126 1125/82/126
f 260/27/39 259/30/39 953/30/39 954/27/39
f 466/81/127 465/83/127 1160/83/127 1161/81/127
f 289/31/53 288/29/53 982/29/53 983/31/53
f 431/84/128 430/82/128 1125/82/128 1126/84/128
f 259/30/45 258/32/45 952/32/45 953/30/45
f 465/83/129 464/85/129 1159/85/129 1160/83/129
f 409/246/130 408/245/131 1101/246/132
f 64/52/31 63/55/31 759/55/31 760/52/31
f 290/33/49 289/31/49 983/31/49 984/33/49
f 432/86/133 431/84/133 1126/84/133 1127/86/133
f 258/32/60 257/34/60 951/34/60 952/32/60
f 464/85/134 463/87/134 1158/87/134 1159/85/134
f 8/57/34 7/56/34 703/56/34 704/57/34
f 409/246/135 1101/246/136 1102/248/136
f 4/59/31 3/58/31 699/58/31 700/59/31
f 291/35/137 290/33/137 984/33/137 985/35/137
f 433/88/138 432/86/138 1127/86/138 1128/88/138
f 257/34/58 256/36/58 950/36/58 951/34/58
f 3/58/40 2/60/40 698/60/40 699/58/40
f 463/87/139 462/89/139 1157/89/139 1158/87/139
f 380/241/31 379/247/31 1073/247/31 1074/241/31
f 2/60/34 1/51/34 697/51/34 698/60/34
f 12/62/31 11/61/31 707/61/31 708/62/31
f 292/37/140 291/35/140 985/35/140 986/37/140
f 434/90/141 433/88/141 1128/88/141 1129/90/141
f 256/36/65 255/38/65 949/38/65 950/36/65
f 410/249/142 409/248/142 1102/248/142 1103/249/142
f 13/63/46 12/62/46 708/62/46 709/63/46
f 462/89/143 461/91/143 1156/91/143 1157/89/143
f 406/251/144 405/250/144 1099/250/144 1100/251/144
f 11/61/40 10/64/40 706/64/40 707/61/40
f 293/39/69 292/37/69 986/37/69 987/39/69
f 435/92/145 434/90/145 1129/90/145 1130/92/145
f 255/38/146 254/40/146 948/40/146 949/38/146
f 332/252/34 331/240/34 1025/240/34 1026/252/34
f 14/65/34 13/63/34 709/63/34 710/65/34
f 461/91/147 460/93/147 1155/93/147 1156/91/147
f 379/247/148 378/253/148 1072/253/148 1073/247/148
f 10/64/31 9/66/31 705/66/31 706/64/31
f 460/93/149 459/94/149 1154/94/149 1155/93/149
f 294/41/78 293/39/78 987/39/78 988/41/78
f 63/55/56 62/67/56 758/67/56 759/55/56
f 254/40/150 253/42/150 947/42/150 948/40/150
f 410/249/151 1103/249/152 1104/256/153
f 436/95/154 435/92/154 1130/92/154 1131/95/154
f 459/94/155 458/96/155 1153/96/155 1154/94/155
f 295/43/156 294/41/156 988/41/156 989/43/156
f 253/42/83 252/44/83 946/44/83 947/42/83
f 333/255/157 332/252/157 1026/252/157 1027/255/157
f 437/97/158 436/95/158 1131/95/158 1132/97/158
f 404/257/159 410/256/159 1104/257/160
f 15/69/68 14/65/68 710/65/68 711/69/68
f 458/96/161 457/98/161 1152/98/161 1153/96/161
f 296/45/80 295/43/80 989/43/80 990/45/80
f 252/44/81 251/46/81 945/46/81 946/44/81
f 438/99/162 437/97/162 1132/97/162 1133/99/162
f 297/47/92 296/45/92 990/45/92 991/47/92
f 439/100/163 438/99/163 1133/99/163 1134/100/163
f 251/46/94 250/48/94 944/48/94 945/46/94
f 457/98/164 456/101/164 1151/101/164 1152/98/164
f 634/259/46 633/258/46 1333/258/46 1328/259/46
f 440/102/165 439/100/165 1134/100/165 1135/102/165
f 188/50/166 882/50/167 883/49/167
f 456/101/168 455/103/168 1150/103/168 1151/101/168
f 563/260/169 562/255/169 1257/255/169 1258/260/169
f 184/51/102 297/47/102 991/47/102 879/51/102
f 607/253/112 606/261/112 1301/261/112 1302/253/112
f 441/104/170 440/102/170 1135/102/170 1136/104/170
f 250/48/171 249/52/171 943/52/171 944/48/171
f 455/103/172 454/105/172 1149/105/172 1150/103/172
f 564/262/173 563/260/173 1258/260/173 1259/262/173
f 190/53/174 189/54/174 884/53/175
f 606/261/176 605/263/176 1300/263/176 1301/261/176
f 442/106/177 441/104/177 1136/104/177 1137/106/177
f 454/105/178 453/107/178 1148/107/178 1149/105/178
f 189/54/40 188/49/40 883/49/40 884/54/40
f 565/264/117 564/262/117 1259/262/117 1260/264/117
f 605/263/119 604/265/119 1299/265/119 1300/263/119
f 443/108/179 442/106/179 1137/106/179 1138/108/179
f 188/50/180 187/188/181 882/50/182
f 453/107/183 452/109/183 1147/109/183 1148/107/183
f 566/266/121 565/264/121 1260/264/121 1261/266/121
f 604/265/184 603/267/184 1298/267/184 1299/265/184
f 444/110/185 443/108/185 1138/108/185 1139/110/185
f 452/109/186 451/111/186 1146/111/186 1147/109/186
f 567/268/187 566/266/187 1261/266/187 1262/268/187
f 603/267/188 602/269/188 1297/269/188 1298/267/188
f 445/112/189 444/110/189 1139/110/189 1140/112/189
f 451/111/190 450/113/190 1145/113/190 1146/111/190
f 568/270/126 567/268/126 1262/268/126 1263/270/126
f 602/269/191 601/271/191 1296/271/191 1297/269/191
f 446/114/192 445/112/192 1140/112/192 1141/114/192
f 450/113/193 449/115/193 1144/115/193 1145/113/193
f 569/272/128 568/270/128 1263/270/128 1264/272/128
f 601/271/194 600/273/194 1295/273/194 1296/271/194
f 447/116/195 446/114/195 1141/114/195 1142/116/195
f 449/115/196 448/117/196 1143/117/196 1144/115/196
f 448/117/40 447/116/40 1142/116/40 1143/117/40
f 570/274/197 569/272/197 1264/272/197 1265/274/197
f 528/309/198 527/308/198 1222/308/198 1223/309/198
f 405/259/199 1098/259/200 1099/387/199
f 600/273/201 599/275/201 1294/275/201 1295/273/201
f 529/310/46 528/309/46 1223/309/46 1224/310/46
f 405/259/46 404/258/46 1104/258/46 1098/259/46
f 571/276/138 570/274/138 1265/274/138 1266/276/138
f 530/47/202 529/310/202 1224/310/202 1225/47/202
f 599/275/139 598/277/139 1293/277/139 1294/275/139
f 522/51/203 530/47/203 1225/47/203 1217/51/203
f 9/71/46 8/70/46 704/70/46 705/71/46
f 334/260/169 333/255/169 1027/255/169 1028/260/169
f 523/311/46 522/51/46 1217/51/46 1218/311/46
f 378/253/112 377/261/112 1071/261/112 1072/253/112
f 572/278/141 571/276/141 1266/276/141 1267/278/141
f 16/72/204 15/69/204 711/69/204 712/72/204
f 598/277/143 597/279/143 1292/279/143 1293/277/143
f 524/312/205 523/311/205 1218/311/205 1219/312/205
f 62/67/112 61/73/112 757/73/112 758/67/112
f 335/262/206 334/260/206 1028/260/206 1029/262/206
f 527/308/31 526/313/31 1221/313/31 1222/308/31
f 377/261/176 376/263/176 1070/263/176 1071/261/176
f 573/280/145 572/278/145 1267/278/145 1268/280/145
f 17/74/173 16/72/173 712/72/173 713/74/173
f 597/279/207 596/281/207 1291/281/207 1292/279/207
f 526/313/40 525/314/40 1220/314/40 1221/313/40
f 61/73/116 60/75/116 756/75/116 757/73/116
f 525/314/34 524/312/34 1219/312/34 1220/314/34
f 336/264/117 335/262/117 1029/262/117 1030/264/117
f 596/281/208 595/282/208 1290/282/208 1291/281/208
f 532/315/31 531/51/31 1226/51/31 1227/315/31
f 376/263/119 375/265/119 1069/265/119 1070/263/119
f 18/76/117 17/74/117 713/74/117 714/76/117
f 533/316/46 532/315/46 1227/315/46 1228/316/46
f 60/75/209 59/77/209 755/77/209 756/75/209
f 574/283/210 573/280/210 1268/280/210 1269/283/210
f 337/266/121 336/264/121 1030/264/121 1031/266/121
f 595/282/211 594/284/211 1289/284/211 1290/282/211
f 534/317/34 533/316/34 1228/316/34 1229/317/34
f 375/265/212 374/267/212 1068/267/212 1069/265/212
f 19/78/213 18/76/213 714/76/213 715/78/213
f 535/318/46 534/317/46 1229/317/46 1230/318/46
f 59/77/123 58/79/123 754/79/123 755/77/123
f 575/285/214 574/283/214 1269/283/214 1270/285/214
f 531/51/40 536/47/40 1231/47/40 1226/51/40
f 338/268/187 337/266/187 1031/266/187 1032/268/187
f 594/284/161 593/286/161 1288/286/161 1289/284/161
f 536/47/34 535/318/34 1230/318/34 1231/47/34
f 249/52/31 248/55/31 942/55/31 943/52/31
f 374/267/125 373/269/125 1067/269/125 1068/267/125
f 537/51/82 632/192/82 1327/192/82 1232/51/82
f 20/80/187 19/78/187 715/78/187 716/80/187
f 58/79/215 57/81/215 753/81/215 754/79/215
f 576/287/216 575/285/216 1270/285/216 1271/287/216
f 538/193/46 537/51/46 1232/51/46 1233/193/46
f 191/57/217 190/56/217 884/56/217 885/57/217
f 339/270/126 338/268/126 1032/268/126 1033/270/126
f 187/59/218 186/58/218 881/58/218 882/59/218
f 373/269/191 372/271/191 1066/271/191 1067/269/191
f 577/288/219 576/287/219 1271/287/219 1272/288/219
f 539/194/220 538/193/220 1233/193/220 1234/194/220
f 21/82/126 20/80/126 716/80/126 717/82/126
f 593/286/164 592/289/164 1287/289/164 1288/286/164
f 186/58/40 185/60/40 880/60/40 881/58/40
f 57/81/221 56/83/221 752/83/221 753/81/221
f 540/195/222 539/194/222 1234/194/222 1235/195/222
f 185/60/34 184/51/34 879/51/34 880/60/34
f 340/272/128 339/270/128 1033/270/128 1034/272/128
f 632/192/90 631/196/90 1326/196/90 1327/192/90
f 197/62/31 196/61/31 890/61/31 891/62/31
f 372/271/194 371/273/194 1065/273/194 1066/271/194
f 578/290/223 577/288/223 1272/288/223 1273/290/223
f 22/84/128 21/82/128 717/82/128 718/84/128
f 592/289/168 591/291/168 1286/291/168 1287/289/168
f 198/63/46 197/62/46 891/62/46 892/63/46
f 56/83/194 55/85/194 751/85/194 752/83/194
f 541/197/224 540/195/224 1235/195/224 1236/197/224
f 196/61/40 195/64/40 889/64/40 890/61/40
f 341/274/197 340/272/197 1034/272/197 1035/274/197
f 631/196/96 630/198/96 1325/198/96 1326/196/96
f 371/273/134 370/275/134 1064/275/134 1065/273/134
f 579/292/225 578/290/225 1273/292/225
f 23/86/197 22/84/197 718/84/197 719/86/197
f 591/291/172 590/293/172 1285/293/172 1286/291/172
f 199/65/34 198/63/34 892/63/34 893/65/34
f 55/85/226 54/87/226 750/87/226 751/85/226
f 542/199/227 541/197/227 1236/197/227 1237/199/227
f 195/64/31 194/66/31 888/66/31 889/64/31
f 342/276/138 341/274/138 1035/274/138 1036/276/138
f 630/198/101 629/200/101 1324/200/101 1325/198/101
f 370/275/228 369/277/228 1063/277/228 1064/275/228
f 579/292/229 1273/292/229 1274/295/229
f 248/55/56 247/67/56 941/67/56 942/55/56
f 24/88/230 23/86/230 719/86/230 720/88/230
f 590/293/178 589/294/178 1284/294/178 1285/293/178
f 54/87/139 53/89/139 749/89/139 750/87/139
f 543/202/231 542/199/231 1237/202/231
f 343/278/141 342/276/141 1036/276/141 1037/278/141
f 629/200/104 628/201/104 1323/201/104 1324/200/104
f 369/277/143 368/279/143 1062/279/143 1063/277/143
f 25/90/232 24/88/232 720/88/232 721/90/232
f 589/294/183 588/296/183 1283/296/183 1284/294/183
f 53/89/143 52/91/143 748/91/143 749/89/143
f 543/202/233 1237/202/233 1238/203/233
f 344/280/234 343/278/234 1037/278/234 1038/280/234
f 628/201/235 627/204/235 1322/204/235 1323/201/235
f 200/69/157 199/65/157 893/65/157 894/69/157
f 368/279/147 367/281/147 1061/281/147 1062/279/147
f 580/298/236 579/297/236 1274/297/236 1275/298/236
f 26/92/145 25/90/145 721/90/145 722/92/145
f 588/296/186 587/299/186 1282/299/186 1283/296/186
f 192/190/237 191/189/159 885/189/159 886/190/159
f 367/281/238 366/282/238 1060/282/238 1061/281/238
f 52/91/147 51/93/147 747/93/147 748/91/147
f 627/204/239 626/205/239 1321/205/239 1322/204/239
f 51/93/238 50/94/238 746/94/238 747/93/238
f 581/300/240 580/298/240 1275/298/240 1276/300/240
f 345/283/210 344/280/210 1038/280/210 1039/283/210
f 587/299/190 586/301/190 1281/301/190 1282/299/190
f 366/282/211 365/284/211 1059/284/211 1060/282/211
f 544/207/15 543/206/15 1238/206/15 1239/207/15
f 27/95/241 26/92/241 722/92/241 723/95/241
f 626/205/8 625/208/8 1320/208/8 1321/205/8
f 50/94/155 49/96/155 745/96/155 746/94/155
f 582/302/242 581/300/242 1276/300/242 1277/302/242
f 346/285/243 345/283/243 1039/283/243 1040/285/243
f 586/301/193 585/303/193 1280/303/193 1281/301/193
f 365/284/244 364/286/244 1058/286/244 1059/284/244
f 545/209/19 544/207/19 1239/207/19 1240/209/19
f 28/97/158 27/95/158 723/95/158 724/97/158
f 625/208/13 624/210/13 1319/210/13 1320/208/13
f 49/96/161 48/98/161 744/98/161 745/96/161
f 583/304/245 582/302/245 1277/302/245 1278/304/245
f 347/287/246 346/285/246 1040/285/246 1041/287/246
f 585/303/196 584/305/196 1279/305/196 1280/303/196
f 584/305/40 583/304/40 1278/304/40 1279/305/40
f 546/211/24 545/209/24 1240/209/24 1241/211/24
f 348/288/219 347/287/219 1041/287/219 1042/288/219
f 29/99/162 28/97/162 724/97/162 725/99/162
f 639/51/31 690/319/31 1384/319/31 1334/51/31
f 624/210/17 623/212/17 1318/212/17 1319/210/17
f 364/286/164 363/289/164 1057/289/164 1058/286/164
f 30/100/163 29/99/163 725/99/163 726/100/163
f 48/98/247 47/101/247 743/101/247 744/98/247
f 547/213/248 546/211/248 1241/211/248 1242/213/248
f 349/290/223 348/288/223 1042/288/223 1043/290/223
f 623/212/118 622/214/118 1317/214/118 1318/212/118
f 363/289/168 362/291/168 1056/291/168 1057/289/168
f 31/102/165 30/100/165 726/100/165 727/102/165
f 47/101/168 46/103/168 742/103/168 743/101/168
f 548/215/36 547/213/36 1242/213/36 1243/215/36
f 350/292/225 349/290/225 1043/292/225
f 622/214/249 621/216/249 1316/216/249 1317/214/249
f 362/291/172 361/293/172 1055/293/172 1056/291/172
f 32/104/250 31/102/250 727/102/250 728/104/250
f 621/216/251 620/217/251 1315/217/251 1316/216/251
f 46/103/252 45/105/252 741/105/252 742/103/252
f 361/293/178 360/294/178 1054/294/178 1055/293/178
f 549/218/33 548/215/33 1243/215/33 1244/218/33
f 33/106/177 32/104/177 728/104/177 729/106/177
f 45/105/178 44/107/178 740/107/178 741/105/178
f 550/219/48 549/218/48 1244/218/48 1245/219/48
f 350/295/253 1043/295/253 1044/297/253
f 620/217/39 619/220/39 1314/220/39 1315/217/39
f 360/294/183 359/296/183 1053/296/183 1054/294/183
f 34/108/179 33/106/179 729/106/179 730/108/179
f 640/322/46 639/51/46 1334/51/46 1335/322/46
f 44/107/254 43/109/254 739/109/254 740/107/254
f 551/221/53 550/219/53 1245/219/53 1246/221/53
f 351/298/255 350/297/236 1044/297/236 1045/298/236
f 641/323/256 640/322/256 1335/322/256 1336/323/256
f 619/220/45 618/222/45 1313/222/45 1314/220/45
f 359/296/186 358/299/186 1052/299/186 1053/296/186
f 35/110/185 34/108/185 730/108/185 731/110/185
f 642/324/257 641/323/257 1336/323/257 1337/324/257
f 43/109/258 42/111/258 738/111/258 739/109/258
f 552/223/49 551/221/49 1246/221/49 1247/223/49
f 352/300/259 351/298/259 1045/298/259 1046/300/259
f 643/325/260 642/324/260 1337/324/260 1338/325/260
f 618/222/51 617/224/51 1312/224/51 1313/222/51
f 358/299/190 357/301/190 1051/301/190 1052/299/190
f 36/112/189 35/110/189 731/110/189 732/112/189
f 644/326/261 643/325/261 1338/325/261 1339/326/261
f 42/111/190 41/113/190 737/113/190 738/111/190
f 553/225/55 552/223/55 1247/223/55 1248/225/55
f 194/191/262 193/71/262 887/71/262 888/191/262
f 353/302/242 352/300/242 1046/300/242 1047/302/242
f 617/224/58 616/226/58 1311/226/58 1312/224/58
f 357/301/193 356/303/193 1050/303/193 1051/301/193
f 37/114/192 36/112/192 732/112/192 733/114/192
f 645/328/231 644/326/231 1339/326/231 1340/328/231
f 193/71/46 192/70/46 886/70/46 887/71/46
f 41/113/193 40/115/193 736/115/193 737/113/193
f 554/227/61 553/225/61 1248/225/61 1249/227/61
f 354/304/263 353/302/263 1047/302/263 1048/304/263
f 646/329/264 645/328/264 1340/328/264 1341/329/264
f 616/226/265 615/228/265 1310/228/265 1311/226/265
f 356/303/196 355/305/196 1049/305/196 1050/303/196
f 201/72/169 200/69/169 894/69/169 895/72/169
f 355/305/40 354/304/40 1048/304/40 1049/305/40
f 38/116/195 37/114/195 733/114/195 734/116/195
f 647/330/266 646/329/266 1341/329/266 1342/330/266
f 247/67/112 246/73/112 940/73/112 941/67/112
f 497/2/82 496/1/82 1191/1/82 1192/2/82
f 40/115/196 39/117/196 735/117/196 736/115/196
f 555/229/69 554/227/69 1249/227/69 1250/229/69
f 39/117/40 38/116/40 734/116/40 735/117/40
f 648/331/267 647/330/267 1342/330/267 1343/331/267
f 615/228/75 614/230/75 1309/230/75 1310/228/75
f 498/3/46 497/2/46 1192/2/46 1193/3/46
f 121/119/31 120/118/31 816/118/31 817/119/31
f 202/74/173 201/72/173 895/72/173 896/74/173
f 649/332/268 648/331/268 1343/331/268 1344/332/268
f 246/73/116 245/75/116 939/75/116 940/73/116
f 499/4/86 498/3/86 1193/3/86 1194/4/86
f 122/47/46 121/119/46 817/119/46 818/47/46
f 556/231/72 555/229/72 1250/229/72 1251/231/72
f 650/333/269 649/332/269 1344/332/269 1345/333/269
f 614/230/79 613/232/79 1308/232/79 1309/230/79
f 500/5/88 499/4/88 1194/4/88 1195/5/88
f 203/76/270 202/74/270 896/74/270 897/76/270
f 496/1/90 495/6/90 1190/6/90 1191/1/90
f 651/334/271 650/333/271 1345/333/271 1346/334/271
f 245/75/272 244/77/272 938/77/272 939/75/272
f 113/51/273 122/47/273 818/47/273 809/51/273
f 557/233/76 556/231/76 1251/231/76 1252/233/76
f 114/121/31 113/51/31 809/51/31 810/121/31
f 652/335/274 651/334/274 1346/334/274 1347/335/274
f 613/232/83 612/234/83 1307/234/83 1308/232/83
f 501/7/93 500/5/93 1195/5/93 1196/7/93
f 204/78/121 203/76/121 897/76/121 898/78/121
f 495/6/96 494/8/96 1189/8/96 1190/6/96
f 115/122/46 114/121/46 810/121/46 811/122/46
f 653/336/275 652/335/275 1347/335/275 1348/336/275
f 244/77/276 243/79/276 937/79/276 938/77/276
f 558/235/87 557/233/87 1252/233/87 1253/235/87
f 116/123/34 115/122/34 811/122/34 812/123/34
f 612/234/81 611/236/81 1306/236/81 1307/234/81
f 502/9/98 501/7/98 1196/7/98 1197/9/98
f 120/118/40 119/124/40 815/124/40 816/118/40
f 205/80/187 204/78/187 898/78/187 899/80/187
f 494/8/101 493/10/101 1188/10/101 1189/8/101
f 119/124/34 118/120/34 814/120/34 815/124/34
f 654/338/277 653/336/277 1348/336/277 1349/338/277
f 243/79/188 242/81/188 936/81/188 937/79/188
f 118/120/278 117/125/278 813/125/278 814/120/278
f 559/237/92 558/235/92 1253/235/92 1254/237/92
f 655/339/279 654/338/279 1349/338/279 1350/339/279
f 611/236/85 610/238/85 1305/238/85 1306/236/85
f 503/11/103 502/9/103 1197/9/103 1198/11/103
f 117/125/40 116/123/40 812/123/40 813/125/40
f 206/82/126 205/80/126 899/80/126 900/82/126
f 493/10/104 492/12/104 1187/12/104 1188/10/104
f 123/51/82 178/126/82 874/126/82 819/51/82
f 656/340/280 655/339/280 1350/339/280 1351/340/280
f 242/81/127 241/83/127 935/83/127 936/81/127
f 124/127/46 123/51/46 819/51/46 820/127/46
f 657/341/281 656/340/281 1351/340/281 1352/341/281
f 504/13/105 503/11/105 1198/11/105 1199/13/105
f 560/240/102 559/237/102 1254/237/102 1255/240/102
f 207/84/282 206/82/282 900/82/282 901/84/282
f 492/12/283 491/14/283 1186/14/283 1187/12/283
f 125/128/86 124/127/86 820/127/86 821/128/86
f 658/342/284 657/341/284 1352/341/284 1353/342/284
f 610/238/97 609/241/97 1304/241/97 1305/238/97
f 241/83/129 240/85/129 934/85/129 935/83/129
f 126/129/88 125/128/88 821/128/88 822/129/88
f 505/15/285 504/13/285 1199/13/285 1200/15/285
f 178/126/90 177/130/90 873/130/90 874/126/90
f 208/86/197 207/84/197 901/84/197 902/86/197
f 491/14/239 490/16/239 1185/16/239 1186/14/239
f 659/344/286 658/343/286 1353/343/286 1354/344/286
f 240/85/134 239/87/134 933/87/134 934/85/134
f 637/243/40 636/239/40 1329/239/40 1330/243/40
f 127/131/93 126/129/93 822/129/93 823/131/93
f 506/17/6 505/15/6 1200/15/6 1201/17/6
f 177/130/96 176/132/96 872/132/96 873/130/96
f 209/88/138 208/86/138 902/86/138 903/88/138
f 490/16/8 489/18/8 1184/18/8 1185/16/8
f 660/346/287 659/344/287 1354/344/287 1355/346/287
f 239/87/139 238/89/139 932/89/139 933/87/139
f 128/133/98 127/131/98 823/131/98 824/133/98
f 661/347/288 660/346/288 1355/346/288 1356/347/288
f 507/19/289 506/17/289 1201/17/289 1202/19/289
f 176/132/290 175/134/290 871/134/290 872/132/290
f 210/90/232 209/88/232 903/88/232 904/90/232
f 489/18/13 488/20/13 1183/20/13 1184/18/13
f 662/348/291 661/347/291 1356/347/291 1357/348/291
f 238/89/143 237/91/143 931/91/143 932/89/143
f 693/345/40 692/349/40 1385/349/40 1386/345/40
f 129/135/103 128/133/103 824/133/103 825/135/103
f 508/21/16 507/19/16 1202/19/16 1203/21/16
f 175/134/292 174/136/292 870/136/292 871/134/292
f 211/92/234 210/90/234 904/90/234 905/92/234
f 488/20/115 487/22/115 1182/22/115 1183/20/115
f 237/91/207 236/93/207 930/93/207 931/91/207
f 130/137/293 129/135/293 825/135/293 826/137/293
f 663/351/294 662/348/294 1357/348/294 1358/351/294
f 236/93/149 235/94/149 929/94/149 930/93/149
f 509/23/20 508/21/20 1203/21/20 1204/23/20
f 174/136/283 173/138/283 869/138/283 870/136/283
f 487/22/118 486/24/118 1181/24/118 1182/22/118
f 212/95/154 211/92/154 905/92/154 906/95/154
f 131/139/285 130/137/285 826/137/285 827/139/285
f 235/94/211 234/96/211 928/96/211 929/94/211
f 510/25/295 509/23/295 1204/23/295 1205/25/295
f 173/138/239 172/140/239 868/140/239 869/138/239
f 486/24/122 485/26/122 1180/26/122 1181/24/122
f 213/97/158 212/95/158 906/95/158 907/97/158
f 485/26/30 484/27/30 1179/27/30 1180/26/30
f 132/141/6 131/139/6 827/139/6 828/141/6
f 234/96/244 233/98/244 927/98/244 928/96/244
f 172/140/296 171/142/296 867/142/296 868/140/296
f 511/28/33 510/25/33 1205/25/33 1206/28/33
f 214/99/297 213/97/297 907/97/297 908/99/297
f 133/143/11 132/141/11 828/141/11 829/143/11
f 512/29/298 511/28/298 1206/28/298 1207/29/298
f 171/142/13 170/144/13 866/144/13 867/142/13
f 215/100/163 214/99/163 908/99/163 909/100/163
f 484/27/39 483/30/39 1178/30/39 1179/27/39
f 233/98/164 232/101/164 926/101/164 927/98/164
f 134/145/16 133/143/16 829/143/16 830/145/16
f 513/31/53 512/29/53 1207/29/53 1208/31/53
f 170/144/17 169/146/17 865/146/17 866/144/17
f 216/102/165 215/100/165 909/100/165 910/102/165
f 483/30/45 482/32/45 1177/32/45 1178/30/45
f 232/101/168 231/103/168 925/103/168 926/101/168
f 135/147/20 134/145/20 830/145/20 831/147/20
f 514/33/49 513/31/49 1208/31/49 1209/33/49
f 169/146/118 168/148/118 864/148/118 865/146/118
f 692/353/299 691/352/299 1385/353/300
f 217/104/170 216/102/170 910/102/170 911/104/170
f 482/32/60 481/34/60 1176/34/60 1177/32/60
f 231/103/252 230/105/252 924/105/252 925/103/252
f 136/149/120 135/147/120 831/147/120 832/149/120
f 515/35/55 514/33/55 1209/33/55 1210/35/55
f 168/148/122 167/150/122 863/150/122 864/148/122
f 218/106/177 217/104/177 911/104/177 912/106/177
f 481/34/301 480/36/301 1175/36/301 1176/34/301
f 230/105/302 229/107/302 923/107/302 924/105/302
f 167/150/30 166/151/30 862/151/30 863/150/30
f 637/245/131 1330/245/131 1331/246/131
f 694/355/34 693/354/34 1386/354/34 1387/355/34
f 516/37/61 515/35/61 1210/35/61 1211/37/61
f 691/357/31 696/356/31 1390/356/31 1385/357/31
f 219/108/303 218/106/303 912/106/303 913/108/303
f 480/36/265 479/38/265 1174/38/265 1175/36/265
f 137/152/33 136/149/33 832/149/33 833/152/33
f 229/107/183 228/109/183 922/109/183 923/107/183
f 138/153/48 137/152/48 833/152/48 834/153/48
f 664/358/34 663/351/34 1358/351/34 1359/358/34
f 517/39/69 516/37/69 1211/37/69 1212/39/69
f 166/151/304 165/154/304 861/154/304 862/151/304
f 220/110/185 219/108/185 913/108/185 914/110/185
f 479/38/75 478/40/75 1173/40/75 1174/38/75
f 609/241/31 608/247/31 1303/247/31 1304/241/31
f 228/109/186 227/111/186 921/111/186 922/109/186
f 139/155/53 138/153/53 834/153/53 835/155/53
f 518/41/305 517/39/305 1212/39/305 1213/41/305
f 165/154/45 164/156/45 860/156/45 861/154/45
f 638/249/34 637/248/34 1331/248/34 1332/249/34
f 221/112/189 220/110/189 914/110/189 915/112/189
f 478/40/74 477/42/74 1172/42/74 1173/40/74
f 665/359/306 664/358/306 1359/358/306 1360/359/306
f 636/251/31 635/250/31 1328/250/31 1329/251/31
f 227/111/190 226/113/190 920/113/190 921/111/190
f 140/157/307 139/155/307 835/155/307 836/157/307
f 519/43/76 518/41/76 1213/41/76 1214/43/76
f 164/156/60 163/158/60 859/158/60 860/156/60
f 561/252/34 560/240/34 1255/240/34 1256/252/34
f 222/114/192 221/112/192 915/112/192 916/114/192
f 477/42/83 476/44/83 1171/44/83 1172/42/83
f 608/247/148 607/253/148 1302/253/148 1303/247/148
f 226/113/193 225/115/193 919/115/193 920/113/193
f 141/159/308 140/157/308 836/157/308 837/159/308
f 520/45/80 519/43/80 1214/43/80 1215/45/80
f 163/158/58 162/160/58 858/160/58 859/158/58
f 638/249/309 1332/249/152 1333/256/153
f 223/116/195 222/114/195 916/114/195 917/116/195
f 476/44/81 475/46/81 1170/46/81 1171/44/81
f 635/250/310 634/254/311 1328/250/311
f 225/115/196 224/117/196 918/117/196 919/115/196
f 224/117/40 223/116/40 917/116/40 918/117/40
f 142/161/61 141/159/61 837/159/61 838/161/61
f 306/119/31 305/118/31 999/118/31 1000/119/31
f 521/47/84 520/45/84 1215/45/84 1216/47/84
f 162/160/65 161/162/65 857/162/65 858/160/65
f 562/255/157 561/252/157 1256/252/157 1257/255/157
f 475/46/94 474/48/94 1169/48/94 1170/46/94
f 307/47/46 306/119/46 1000/119/46 1001/47/46
f 633/257/312 638/256/313 1333/257/314
f 143/163/69 142/161/69 838/161/69 839/163/69
f 161/162/75 160/164/75 856/164/75 857/162/75
f 298/51/273 307/47/273 1001/47/273 992/51/273
f 299/121/31 298/51/31 992/51/31 993/121/31
f 144/165/78 143/163/78 839/163/78 840/165/78
f 411/51/95 521/47/95 1216/47/95 1105/51/95
f 160/164/74 159/166/74 855/166/74 856/164/74
f 300/122/46 299/121/46 993/121/46 994/122/46
f 474/48/171 473/52/171 1168/52/171 1169/48/171
f 88/2/82 87/1/82 783/1/82 784/2/82
f 301/123/34 300/122/34 994/122/34 995/123/34
f 145/167/76 144/165/76 840/165/76 841/167/76
f 305/118/40 304/124/40 998/124/40 999/118/40
f 89/3/46 88/2/46 784/2/46 785/3/46
f 159/166/83 158/168/83 854/168/83 855/166/83
f 304/124/34 303/120/34 997/120/34 998/124/34
f 303/120/278 302/125/278 996/125/278 997/120/278
f 90/4/86 89/3/86 785/3/86 786/4/86
f 415/54/40 414/49/40 1109/49/40 1110/54/40
f 146/169/80 145/167/80 841/167/80 842/169/80
f 302/125/40 301/123/40 995/123/40 996/125/40
f 91/5/88 90/4/88 786/4/88 787/5/88
f 158/168/81 157/170/81 853/170/81 854/168/81
f 308/51/82 403/192/82 1097/192/82 1002/51/82
f 87/1/90 86/6/90 782/6/90 783/1/90
f 414/188/315 1108/188/315 1109/50/315
f 309/193/46 308/51/46 1002/51/46 1003/193/46
f 147/171/84 146/169/84 842/169/84 843/171/84
f 92/7/93 91/5/93 787/5/93 788/7/93
f 157/170/94 156/172/94 852/172/94 853/170/94
f 310/194/220 309/193/220 1003/193/220 1004/194/220
f 86/6/96 85/8/96 781/8/96 782/6/96
f 311/195/222 310/194/222 1004/194/222 1005/195/222
f 403/192/90 402/196/90 1096/196/90 1097/192/90
f 93/9/98 92/7/98 788/7/98 789/9/98
f 85/8/290 84/10/290 780/10/290 781/8/290
f 312/197/224 311/195/224 1005/195/224 1006/197/224
f 148/175/102 147/171/102 843/171/102 844/175/102
f 694/389/316 1387/389/109 1388/388/316
f 402/196/96 401/198/96 1095/198/96 1096/196/96
f 94/11/103 93/9/103 789/9/103 790/11/103
f 156/172/97 155/176/97 851/176/97 852/172/97
f 84/10/292 83/12/292 779/12/292 780/10/292
f 313/199/227 312/197/227 1006/197/227 1007/199/227
f 183/177/100 182/178/100 878/177/317
f 401/198/290 400/200/290 1094/200/290 1095/198/290
f 95/13/293 94/11/293 790/11/293 791/13/293
f 696/361/318 695/360/318 1389/360/318 1390/361/318
f 83/12/235 82/14/235 778/14/235 779/12/235
f 182/178/40 181/173/40 877/173/40 878/178/40
f 400/200/104 399/201/104 1093/201/104 1094/200/104
f 96/15/110 95/13/110 791/13/110 792/15/110
f 82/14/319 81/16/319 777/16/319 778/14/319
f 695/360/46 694/362/46 1388/362/46 1389/360/46
f 314/203/233 313/202/233 1007/202/233 1008/203/233
