# Blender 4.4.3
# www.blender.org
mtllib POLYGONGANG.mtl
o Text
v -3.769956 0.484570 0.000002
v -3.769956 0.437865 0.000002
v -3.659031 0.437865 0.000002
v -3.659031 0.484570 0.000002
v -3.658990 0.485503 0.000002
v -3.658869 0.486354 0.000002
v -3.658666 0.487125 0.000002
v -3.658382 0.487814 0.000002
v -3.658017 0.488422 0.000002
v -3.657572 0.488949 0.000002
v -3.657045 0.489395 0.000002
v -3.656437 0.489760 0.000002
v -3.655748 0.490044 0.000002
v -3.654978 0.490247 0.000002
v -3.654126 0.490368 0.000002
v -3.653193 0.490409 0.000002
v -3.285386 0.490409 0.000002
v -3.284454 0.490368 0.000002
v -3.283602 0.490247 0.000002
v -3.282832 0.490044 0.000002
v -3.282143 0.489760 0.000002
v -3.281535 0.489395 0.000002
v -3.281008 0.488949 0.000002
v -3.280563 0.488422 0.000002
v -3.280198 0.487814 0.000002
v -3.279914 0.487125 0.000002
v -3.279711 0.486354 0.000002
v -3.279590 0.485503 0.000002
v -3.279548 0.484570 0.000002
v -3.279548 0.115930 0.000002
v -3.279588 0.114997 0.000002
v -3.279710 0.114146 0.000002
v -3.279913 0.113376 0.000002
v -3.280196 0.112686 0.000002
v -3.280561 0.112078 0.000002
v -3.281007 0.111551 0.000002
v -3.281534 0.111105 0.000002
v -3.282142 0.110740 0.000002
v -3.282831 0.110457 0.000002
v -3.283601 0.110254 0.000002
v -3.284452 0.110132 0.000002
v -3.285386 0.110092 0.000002
v -3.653193 0.110092 0.000002
v -3.654125 0.110132 0.000002
v -3.654976 0.110254 0.000002
v -3.655746 0.110457 0.000002
v -3.656435 0.110740 0.000002
v -3.657043 0.111105 0.000002
v -3.657570 0.111551 0.000002
v -3.658016 0.112078 0.000002
v -3.658381 0.112686 0.000002
v -3.658664 0.113376 0.000002
v -3.658867 0.114146 0.000002
v -3.658989 0.114997 0.000002
v -3.659031 0.115930 0.000002
v -3.659031 0.229358 0.000002
v -3.523084 0.229358 0.000002
v -3.523084 0.339450 0.000002
v -3.769956 0.339450 0.000002
v -3.769956 0.115930 0.000002
v -3.769719 0.107969 0.000002
v -3.769006 0.100211 0.000002
v -3.767819 0.092655 0.000002
v -3.766157 0.085303 0.000002
v -3.764020 0.078153 0.000002
v -3.761408 0.071205 0.000002
v -3.758321 0.064461 0.000002
v -3.754759 0.057919 0.000002
v -3.750722 0.051579 0.000002
v -3.746210 0.045443 0.000002
v -3.741223 0.039509 0.000002
v -3.735761 0.033778 0.000002
v -3.729964 0.028383 0.000002
v -3.723970 0.023457 0.000002
v -3.717778 0.019000 0.000002
v -3.711390 0.015013 0.000002
v -3.704805 0.011494 0.000002
v -3.698023 0.008445 0.000002
v -3.691044 0.005864 0.000002
v -3.683868 0.003753 0.000002
v -3.676495 0.002111 0.000002
v -3.668926 0.000938 0.000002
v -3.661159 0.000235 0.000002
v -3.653193 0.000000 0.000002
v -3.285386 0.000000 0.000002
v -3.277425 0.000235 0.000002
v -3.269667 0.000938 0.000002
v -3.262111 0.002111 0.000002
v -3.254759 0.003753 0.000002
v -3.247608 0.005864 0.000002
v -3.240661 0.008445 0.000002
v -3.233917 0.011494 0.000002
v -3.227375 0.015013 0.000002
v -3.221036 0.019000 0.000002
v -3.214899 0.023457 0.000002
v -3.208966 0.028383 0.000002
v -3.203234 0.033778 0.000002
v -3.197839 0.039509 0.000002
v -3.192913 0.045443 0.000002
v -3.188456 0.051579 0.000002
v -3.184468 0.057919 0.000002
v -3.180949 0.064461 0.000002
v -3.177900 0.071205 0.000002
v -3.175320 0.078153 0.000002
v -3.173209 0.085303 0.000002
v -3.171567 0.092655 0.000002
v -3.170394 0.100211 0.000002
v -3.169690 0.107969 0.000002
v -3.169456 0.115930 0.000002
v -3.169456 0.484570 0.000002
v -3.169691 0.492531 0.000002
v -3.170395 0.500290 0.000002
v -3.171568 0.507845 0.000002
v -3.173209 0.515198 0.000002
v -3.175320 0.522348 0.000002
v -3.177901 0.529295 0.000002
v -3.180950 0.536040 0.000002
v -3.184469 0.542582 0.000002
v -3.188456 0.548921 0.000002
v -3.192913 0.555057 0.000002
v -3.197839 0.560991 0.000002
v -3.203234 0.566722 0.000002
v -3.208966 0.572117 0.000002
v -3.214899 0.577043 0.000002
v -3.221036 0.581500 0.000002
v -3.227375 0.585488 0.000002
v -3.233917 0.589006 0.000002
v -3.240661 0.592056 0.000002
v -3.247608 0.594636 0.000002
v -3.254759 0.596747 0.000002
v -3.262111 0.598389 0.000002
v -3.269667 0.599562 0.000002
v -3.277425 0.600266 0.000002
v -3.285386 0.600500 0.000002
v -3.653193 0.600500 0.000002
v -3.661156 0.600266 0.000002
v -3.668923 0.599562 0.000002
v -3.676493 0.598389 0.000002
v -3.683866 0.596747 0.000002
v -3.691042 0.594636 0.000002
v -3.698021 0.592056 0.000002
v -3.704803 0.589006 0.000002
v -3.711388 0.585488 0.000002
v -3.717776 0.581500 0.000002
v -3.723967 0.577043 0.000002
v -3.729962 0.572117 0.000002
v -3.735761 0.566722 0.000002
v -3.741223 0.560991 0.000002
v -3.746210 0.555057 0.000002
v -3.750722 0.548921 0.000002
v -3.754759 0.542582 0.000002
v -3.758321 0.536040 0.000002
v -3.761408 0.529295 0.000002
v -3.764020 0.522348 0.000002
v -3.766157 0.515198 0.000002
v -3.767819 0.507845 0.000002
v -3.769006 0.500290 0.000002
v -3.769719 0.492531 0.000002
v -2.965119 0.160133 0.000002
v -2.965119 0.600500 0.000002
v -3.076045 0.600500 0.000002
v -3.076045 0.000000 0.000002
v -2.955945 0.000000 0.000002
v -2.585636 0.440367 0.000002
v -2.585636 0.000000 0.000002
v -2.475545 0.000000 0.000002
v -2.475545 0.600500 0.000002
v -2.595645 0.600500 0.000002
v -1.895895 0.600500 0.000002
v -2.263702 0.600500 0.000002
v -2.271665 0.600266 0.000002
v -2.279432 0.599562 0.000002
v -2.287002 0.598389 0.000002
v -2.294375 0.596747 0.000002
v -2.301551 0.594636 0.000002
v -2.308530 0.592056 0.000002
v -2.315312 0.589006 0.000002
v -2.321897 0.585488 0.000002
v -2.328285 0.581500 0.000002
v -2.334476 0.577043 0.000002
v -2.340471 0.572117 0.000002
v -2.346270 0.566722 0.000002
v -2.351732 0.560991 0.000002
v -2.356719 0.555057 0.000002
v -2.361231 0.548921 0.000002
v -2.365268 0.542582 0.000002
v -2.368829 0.536040 0.000002
v -2.371917 0.529295 0.000002
v -2.374529 0.522348 0.000002
v -2.376666 0.515198 0.000002
v -2.378328 0.507845 0.000002
v -2.379515 0.500290 0.000002
v -2.380228 0.492531 0.000002
v -2.380466 0.484570 0.000002
v -2.380466 0.000000 0.000002
v -2.269540 0.000000 0.000002
v -2.269540 0.201835 0.000002
v -1.890057 0.201835 0.000002
v -1.890057 0.000000 0.000002
v -1.779965 0.000000 0.000002
v -1.779965 0.484570 0.000002
v -1.780200 0.492531 0.000002
v -1.780904 0.500290 0.000002
v -1.782077 0.507845 0.000002
v -1.783719 0.515198 0.000002
v -1.785830 0.522348 0.000002
v -1.788410 0.529295 0.000002
v -1.791459 0.536040 0.000002
v -1.794978 0.542582 0.000002
v -1.798966 0.548921 0.000002
v -1.803423 0.555057 0.000002
v -1.808348 0.560991 0.000002
v -1.813743 0.566722 0.000002
v -1.819474 0.572117 0.000002
v -1.825408 0.577043 0.000002
v -1.831545 0.581500 0.000002
v -1.837884 0.585488 0.000002
v -1.844425 0.589006 0.000002
v -1.851170 0.592056 0.000002
v -1.858117 0.594636 0.000002
v -1.865268 0.596747 0.000002
v -1.872620 0.598389 0.000002
v -1.880176 0.599562 0.000002
v -1.887934 0.600266 0.000002
v -1.890057 0.311927 0.000002
v -2.269540 0.311927 0.000002
v -2.269540 0.484570 0.000002
v -2.269499 0.485503 0.000002
v -2.269377 0.486354 0.000002
v -2.269175 0.487125 0.000002
v -2.268891 0.487814 0.000002
v -2.268526 0.488422 0.000002
v -2.268080 0.488949 0.000002
v -2.267554 0.489395 0.000002
v -2.266946 0.489760 0.000002
v -2.266257 0.490044 0.000002
v -2.265486 0.490247 0.000002
v -2.264635 0.490368 0.000002
v -2.263702 0.490409 0.000002
v -1.895895 0.490409 0.000002
v -1.894963 0.490368 0.000002
v -1.894111 0.490247 0.000002
v -1.893340 0.490044 0.000002
v -1.892651 0.489760 0.000002
v -1.892043 0.489395 0.000002
v -1.891516 0.488949 0.000002
v -1.891071 0.488422 0.000002
v -1.890706 0.487814 0.000002
v -1.890422 0.487125 0.000002
v -1.890219 0.486354 0.000002
v -1.890098 0.485503 0.000002
v -1.890057 0.484570 0.000002
v -1.686554 0.484570 0.000002
v -1.686554 0.437865 0.000002
v -1.575628 0.437865 0.000002
v -1.575628 0.484570 0.000002
v -1.575588 0.485503 0.000002
v -1.575466 0.486354 0.000002
v -1.575263 0.487125 0.000002
v -1.574980 0.487814 0.000002
v -1.574615 0.488422 0.000002
v -1.574169 0.488949 0.000002
v -1.573642 0.489395 0.000002
v -1.573034 0.489760 0.000002
v -1.572345 0.490044 0.000002
v -1.571575 0.490247 0.000002
v -1.570724 0.490368 0.000002
v -1.569790 0.490409 0.000002
v -1.201983 0.490409 0.000002
v -1.201051 0.490368 0.000002
v -1.200200 0.490247 0.000002
v -1.199430 0.490044 0.000002
v -1.198741 0.489760 0.000002
v -1.198133 0.489395 0.000002
v -1.197606 0.488949 0.000002
v -1.197160 0.488422 0.000002
v -1.196795 0.487814 0.000002
v -1.196512 0.487125 0.000002
v -1.196309 0.486354 0.000002
v -1.196187 0.485503 0.000002
v -1.196145 0.484570 0.000002
v -1.196145 0.115930 0.000002
v -1.196186 0.114997 0.000002
v -1.196307 0.114146 0.000002
v -1.196510 0.113376 0.000002
v -1.196794 0.112686 0.000002
v -1.197159 0.112078 0.000002
v -1.197604 0.111551 0.000002
v -1.198131 0.111105 0.000002
v -1.198739 0.110740 0.000002
v -1.199428 0.110457 0.000002
v -1.200198 0.110254 0.000002
v -1.201050 0.110132 0.000002
v -1.201983 0.110092 0.000002
v -1.569790 0.110092 0.000002
v -1.570722 0.110132 0.000002
v -1.571573 0.110254 0.000002
v -1.572344 0.110457 0.000002
v -1.573033 0.110740 0.000002
v -1.573641 0.111105 0.000002
v -1.574167 0.111551 0.000002
v -1.574613 0.112078 0.000002
v -1.574978 0.112686 0.000002
v -1.575262 0.113376 0.000002
v -1.575464 0.114146 0.000002
v -1.575586 0.114997 0.000002
v -1.575628 0.115930 0.000002
v -1.575628 0.229358 0.000002
v -1.439681 0.229358 0.000002
v -1.439681 0.339450 0.000002
v -1.686554 0.339450 0.000002
v -1.686554 0.115930 0.000002
v -1.686316 0.107969 0.000002
v -1.685604 0.100211 0.000002
v -1.684417 0.092655 0.000002
v -1.682754 0.085303 0.000002
v -1.680617 0.078153 0.000002
v -1.678005 0.071205 0.000002
v -1.674918 0.064461 0.000002
v -1.671356 0.057919 0.000002
v -1.667319 0.051579 0.000002
v -1.662807 0.045443 0.000002
v -1.657820 0.039509 0.000002
v -1.652359 0.033778 0.000002
v -1.646561 0.028383 0.000002
v -1.640567 0.023457 0.000002
v -1.634376 0.019000 0.000002
v -1.627988 0.015013 0.000002
v -1.621403 0.011494 0.000002
v -1.614620 0.008445 0.000002
v -1.607641 0.005864 0.000002
v -1.600466 0.003753 0.000002
v -1.593093 0.002111 0.000002
v -1.585523 0.000938 0.000002
v -1.577756 0.000235 0.000002
v -1.569790 0.000000 0.000002
v -1.201983 0.000000 0.000002
v -1.194022 0.000235 0.000002
v -1.186264 0.000938 0.000002
v -1.178709 0.002111 0.000002
v -1.171356 0.003753 0.000002
v -1.164206 0.005864 0.000002
v -1.157258 0.008445 0.000002
v -1.150514 0.011494 0.000002
v -1.143972 0.015013 0.000002
v -1.137633 0.019000 0.000002
v -1.131497 0.023457 0.000002
v -1.125563 0.028383 0.000002
v -1.119832 0.033778 0.000002
v -1.114436 0.039509 0.000002
v -1.109510 0.045443 0.000002
v -1.105053 0.051579 0.000002
v -1.101065 0.057919 0.000002
v -1.097547 0.064461 0.000002
v -1.094497 0.071205 0.000002
v -1.091917 0.078153 0.000002
v -1.089806 0.085303 0.000002
v -1.088165 0.092655 0.000002
v -1.086992 0.100211 0.000002
v -1.086288 0.107969 0.000002
v -1.086054 0.115930 0.000002
v -1.086054 0.484570 0.000002
v -1.086288 0.492531 0.000002
v -1.086992 0.500290 0.000002
v -1.088165 0.507845 0.000002
v -1.089807 0.515198 0.000002
v -1.091918 0.522348 0.000002
v -1.094498 0.529295 0.000002
v -1.097547 0.536040 0.000002
v -1.101066 0.542582 0.000002
v -1.105054 0.548921 0.000002
v -1.109511 0.555057 0.000002
v -1.114437 0.560991 0.000002
v -1.119832 0.566722 0.000002
v -1.125563 0.572117 0.000002
v -1.131497 0.577043 0.000002
v -1.137633 0.581500 0.000002
v -1.143972 0.585488 0.000002
v -1.150514 0.589006 0.000002
v -1.157258 0.592056 0.000002
v -1.164206 0.594636 0.000002
v -1.171356 0.596747 0.000002
v -1.178709 0.598389 0.000002
v -1.186264 0.599562 0.000002
v -1.194022 0.600266 0.000002
v -1.201983 0.600500 0.000002
v -1.569790 0.600500 0.000002
v -1.577754 0.600266 0.000002
v -1.585521 0.599562 0.000002
v -1.593090 0.598389 0.000002
v -1.600463 0.596747 0.000002
v -1.607639 0.594636 0.000002
v -1.614618 0.592056 0.000002
v -1.621400 0.589006 0.000002
v -1.627985 0.585488 0.000002
v -1.634373 0.581500 0.000002
v -1.640565 0.577043 0.000002
v -1.646559 0.572117 0.000002
v -1.652359 0.566722 0.000002
v -1.657820 0.560991 0.000002
v -1.662807 0.555057 0.000002
v -1.667319 0.548921 0.000002
v -1.671356 0.542582 0.000002
v -1.674918 0.536040 0.000002
v -1.678005 0.529295 0.000002
v -1.680617 0.522348 0.000002
v -1.682754 0.515198 0.000002
v -1.684417 0.507845 0.000002
v -1.685604 0.500290 0.000002
v -1.686316 0.492531 0.000002
v -0.881716 0.160133 0.000001
v -0.881716 0.600500 0.000001
v -0.992642 0.600500 0.000002
v -0.992642 0.000000 0.000002
v -0.872542 0.000000 0.000001
v -0.502234 0.440367 0.000001
v -0.502234 0.000000 0.000001
v -0.392142 0.000000 0.000001
v -0.392142 0.600500 0.000001
v -0.512242 0.600500 0.000001
v 0.184172 0.600500 0.000001
v -0.184469 0.600500 0.000001
v -0.192299 0.600266 0.000001
v -0.199944 0.599562 0.000001
v -0.207404 0.598389 0.000001
v -0.214679 0.596747 0.000001
v -0.221768 0.594636 0.000001
v -0.228672 0.592056 0.000001
v -0.235391 0.589006 0.000001
v -0.241924 0.585488 0.000001
v -0.248272 0.581500 0.000001
v -0.254434 0.577043 0.000001
v -0.260412 0.572117 0.000001
v -0.266204 0.566722 0.000001
v -0.271665 0.560991 0.000001
v -0.276652 0.555057 0.000001
v -0.281164 0.548921 0.000001
v -0.285201 0.542582 0.000001
v -0.288763 0.536040 0.000001
v -0.291850 0.529295 0.000001
v -0.294462 0.522348 0.000001
v -0.296599 0.515198 0.000001
v -0.298261 0.507845 0.000001
v -0.299449 0.500290 0.000001
v -0.300161 0.492531 0.000001
v -0.300399 0.484570 0.000001
v -0.300399 0.115930 0.000001
v -0.300161 0.107969 0.000001
v -0.299449 0.100211 0.000001
v -0.298261 0.092655 0.000001
v -0.296599 0.085303 0.000001
v -0.294462 0.078153 0.000001
v -0.291850 0.071205 0.000001
v -0.288763 0.064461 0.000001
v -0.285201 0.057919 0.000001
v -0.281164 0.051579 0.000001
v -0.276652 0.045443 0.000001
v -0.271665 0.039509 0.000001
v -0.266204 0.033778 0.000001
v -0.260412 0.028383 0.000001
v -0.254435 0.023457 0.000001
v -0.248272 0.019000 0.000001
v -0.241924 0.015013 0.000001
v -0.235391 0.011494 0.000001
v -0.228672 0.008445 0.000001
v -0.221768 0.005864 0.000001
v -0.214679 0.003753 0.000001
v -0.207405 0.002111 0.000001
v -0.199945 0.000938 0.000001
v -0.192300 0.000235 0.000001
v -0.184469 0.000000 0.000001
v 0.184172 0.000000 0.000001
v 0.192133 0.000235 0.000001
v 0.199891 0.000938 0.000001
v 0.207446 0.002111 0.000001
v 0.214799 0.003753 0.000001
v 0.221949 0.005864 0.000001
v 0.228896 0.008445 0.000001
v 0.235641 0.011494 0.000001
v 0.242183 0.015013 0.000001
v 0.248522 0.019000 0.000001
v 0.254658 0.023457 0.000001
v 0.260592 0.028383 0.000001
v 0.266324 0.033778 0.000001
v 0.271719 0.039509 0.000001
v 0.276645 0.045443 0.000001
v 0.281101 0.051579 0.000001
v 0.285089 0.057919 0.000001
v 0.288608 0.064461 0.000001
v 0.291657 0.071205 0.000001
v 0.294237 0.078153 0.000001
v 0.296349 0.085303 0.000001
v 0.297991 0.092655 0.000001
v 0.299163 0.100211 0.000001
v 0.299867 0.107969 0.000001
v 0.300102 0.115930 0.000001
v 0.300102 0.484570 0.000001
v 0.299867 0.492531 0.000001
v 0.299163 0.500290 0.000001
v 0.297991 0.507845 0.000001
v 0.296349 0.515198 0.000001
v 0.294237 0.522348 0.000001
v 0.291657 0.529295 0.000001
v 0.288608 0.536040 0.000001
v 0.285089 0.542582 0.000001
v 0.281101 0.548921 0.000001
v 0.276645 0.555057 0.000001
v 0.271719 0.560991 0.000001
v 0.266324 0.566722 0.000001
v 0.260592 0.572117 0.000001
v 0.254659 0.577043 0.000001
v 0.248522 0.581500 0.000001
v 0.242183 0.585488 0.000001
v 0.235641 0.589006 0.000001
v 0.228897 0.592056 0.000001
v 0.221949 0.594636 0.000001
v 0.214799 0.596747 0.000001
v 0.207447 0.598389 0.000001
v 0.199891 0.599562 0.000001
v 0.192133 0.600266 0.000001
v 0.184172 0.110092 0.000001
v -0.184469 0.110092 0.000001
v -0.185268 0.110132 0.000001
v -0.185998 0.110254 0.000001
v -0.186658 0.110457 0.000001
v -0.187249 0.110740 0.000001
v -0.187770 0.111105 0.000001
v -0.188222 0.111551 0.000001
v -0.188604 0.112078 0.000001
v -0.188917 0.112686 0.000001
v -0.189160 0.113376 0.000001
v -0.189334 0.114146 0.000001
v -0.189438 0.114997 0.000001
v -0.189473 0.115930 0.000001
v -0.189473 0.484570 0.000001
v -0.189438 0.485503 0.000001
v -0.189334 0.486354 0.000001
v -0.189160 0.487125 0.000001
v -0.188917 0.487814 0.000001
v -0.188604 0.488422 0.000001
v -0.188222 0.488949 0.000001
v -0.187770 0.489395 0.000001
v -0.187249 0.489760 0.000001
v -0.186658 0.490044 0.000001
v -0.185998 0.490247 0.000001
v -0.185268 0.490368 0.000001
v -0.184469 0.490409 0.000001
v 0.184172 0.490409 0.000001
v 0.185104 0.490368 0.000001
v 0.185956 0.490247 0.000001
v 0.186726 0.490044 0.000001
v 0.187415 0.489760 0.000001
v 0.188024 0.489395 0.000001
v 0.188551 0.488949 0.000001
v 0.188997 0.488422 0.000001
v 0.189362 0.487814 0.000001
v 0.189645 0.487125 0.000001
v 0.189848 0.486354 0.000001
v 0.189970 0.485503 0.000001
v 0.190010 0.484570 0.000001
v 0.190010 0.115930 0.000001
v 0.189970 0.114997 0.000001
v 0.189848 0.114146 0.000001
v 0.189645 0.113376 0.000001
v 0.189362 0.112686 0.000001
v 0.188997 0.112078 0.000001
v 0.188551 0.111551 0.000001
v 0.188024 0.111105 0.000001
v 0.187415 0.110740 0.000001
v 0.186726 0.110457 0.000001
v 0.185956 0.110254 0.000001
v 0.185104 0.110132 0.000001
v 0.390177 0.484570 0.000001
v 0.390177 0.437865 0.000001
v 0.501103 0.437865 0.000001
v 0.501103 0.484570 0.000001
v 0.501143 0.485503 0.000001
v 0.501265 0.486354 0.000001
v 0.501467 0.487125 0.000001
v 0.501751 0.487814 0.000001
v 0.502116 0.488422 0.000001
v 0.502562 0.488949 0.000001
v 0.503089 0.489395 0.000001
v 0.503697 0.489760 0.000001
v 0.504387 0.490044 0.000001
v 0.505157 0.490247 0.000001
v 0.506008 0.490368 0.000001
v 0.506941 0.490409 0.000001
v 0.874747 0.490409 0.000001
v 0.875680 0.490368 0.000001
v 0.876531 0.490247 0.000001
v 0.877301 0.490044 0.000001
v 0.877991 0.489760 0.000001
v 0.878599 0.489395 0.000001
v 0.879126 0.488949 0.000001
v 0.879572 0.488422 0.000001
v 0.879937 0.487814 0.000001
v 0.880221 0.487125 0.000001
v 0.880423 0.486354 0.000001
v 0.880545 0.485503 0.000001
v 0.880585 0.484570 0.000001
v 0.880585 0.115930 0.000001
v 0.880545 0.114997 0.000001
v 0.880423 0.114146 0.000001
v 0.880221 0.113376 0.000001
v 0.879937 0.112686 0.000001
v 0.879572 0.112078 0.000001
v 0.879126 0.111551 0.000001
v 0.878599 0.111105 0.000001
v 0.877991 0.110740 0.000001
v 0.877301 0.110457 0.000001
v 0.876531 0.110254 0.000001
v 0.875680 0.110132 0.000001
v 0.874747 0.110092 0.000001
v 0.506941 0.110092 0.000001
v 0.506008 0.110132 0.000001
v 0.505157 0.110254 0.000001
v 0.504387 0.110457 0.000001
v 0.503697 0.110740 0.000001
v 0.503089 0.111105 0.000001
v 0.502562 0.111551 0.000001
v 0.502116 0.112078 0.000001
v 0.501751 0.112686 0.000001
v 0.501467 0.113376 0.000001
v 0.501265 0.114146 0.000001
v 0.501143 0.114997 0.000001
v 0.501103 0.115930 0.000001
v 0.501103 0.229358 0.000001
v 0.637049 0.229358 0.000001
v 0.637049 0.339450 0.000001
v 0.390177 0.339450 0.000001
v 0.390177 0.115930 0.000001
v 0.390414 0.107969 0.000001
v 0.391127 0.100211 0.000001
v 0.392314 0.092655 0.000001
v 0.393976 0.085303 0.000001
v 0.396113 0.078153 0.000001
v 0.398726 0.071205 0.000001
v 0.401813 0.064461 0.000001
v 0.405375 0.057919 0.000001
v 0.409411 0.051579 0.000001
v 0.413923 0.045443 0.000001
v 0.418910 0.039509 0.000001
v 0.424372 0.033778 0.000001
v 0.430170 0.028383 0.000001
v 0.436164 0.023457 0.000001
v 0.442356 0.019000 0.000001
v 0.448744 0.015013 0.000001
v 0.455329 0.011494 0.000001
v 0.462112 0.008445 0.000001
v 0.469091 0.005864 0.000001
v 0.476267 0.003753 0.000001
v 0.483640 0.002111 0.000001
v 0.491210 0.000938 0.000001
v 0.498977 0.000235 0.000001
v 0.506941 0.000000 0.000001
v 0.874747 0.000000 0.000001
v 0.882708 0.000235 0.000001
v 0.890466 0.000938 0.000001
v 0.898022 0.002111 0.000001
v 0.905375 0.003753 0.000001
v 0.912525 0.005864 0.000001
v 0.919472 0.008445 0.000001
v 0.926217 0.011494 0.000001
v 0.932759 0.015013 0.000001
v 0.939098 0.019000 0.000001
v 0.945235 0.023457 0.000001
v 0.951168 0.028383 0.000001
v 0.956899 0.033778 0.000001
v 0.962294 0.039509 0.000001
v 0.967220 0.045443 0.000001
v 0.971677 0.051579 0.000001
v 0.975665 0.057919 0.000001
v 0.979183 0.064461 0.000001
v 0.982233 0.071205 0.000001
v 0.984813 0.078153 0.000001
v 0.986924 0.085303 0.000001
v 0.988566 0.092655 0.000001
v 0.989739 0.100211 0.000001
v 0.990443 0.107969 0.000001
v 0.990677 0.115930 0.000001
v 0.990677 0.484570 0.000001
v 0.990443 0.492531 0.000001
v 0.989739 0.500290 0.000001
v 0.988566 0.507845 0.000001
v 0.986924 0.515198 0.000001
v 0.984813 0.522348 0.000001
v 0.982233 0.529295 0.000001
v 0.979183 0.536040 0.000001
v 0.975665 0.542582 0.000001
v 0.971677 0.548921 0.000001
v 0.967220 0.555057 0.000001
v 0.962294 0.560991 0.000001
v 0.956899 0.566722 0.000001
v 0.951168 0.572117 0.000001
v 0.945234 0.577043 0.000001
v 0.939098 0.581500 0.000001
v 0.932759 0.585488 0.000001
v 0.926217 0.589006 0.000001
v 0.919472 0.592056 0.000001
v 0.912525 0.594636 0.000001
v 0.905375 0.596747 0.000001
v 0.898022 0.598389 0.000001
v 0.890466 0.599562 0.000001
v 0.882708 0.600266 0.000001
v 0.874747 0.600500 0.000001
v 0.506941 0.600500 0.000001
v 0.498977 0.600266 0.000001
v 0.491210 0.599562 0.000001
v 0.483640 0.598389 0.000001
v 0.476267 0.596747 0.000001
v 0.469091 0.594636 0.000001
v 0.462111 0.592056 0.000001
v 0.455329 0.589006 0.000001
v 0.448744 0.585488 0.000001
v 0.442355 0.581500 0.000001
v 0.436164 0.577043 0.000001
v 0.430169 0.572117 0.000001
v 0.424372 0.566722 0.000001
v 0.418910 0.560991 0.000001
v 0.413924 0.555057 0.000001
v 0.409412 0.548921 0.000001
v 0.405375 0.542582 0.000001
v 0.401813 0.536040 0.000001
v 0.398726 0.529295 0.000001
v 0.396114 0.522348 0.000001
v 0.393976 0.515198 0.000001
v 0.392314 0.507845 0.000001
v 0.391127 0.500290 0.000001
v 0.390414 0.492531 0.000001
v 1.161653 0.600500 0.000001
v 1.029877 0.600500 0.000001
v 1.307608 0.224354 0.000001
v 1.307608 0.000000 0.000001
v 1.417700 0.000000 0.000001
v 1.417700 0.224354 0.000001
v 1.695431 0.600500 0.000001
v 1.564489 0.600500 0.000001
v 1.362654 0.345288 0.000001
v 2.311778 0.000000 0.000000
v 2.311778 0.601334 0.000000
v 2.201686 0.601334 0.000000
v 2.201686 0.110092 0.000000
v 1.711278 0.110092 0.000001
v 1.711278 0.000000 0.000001
v 2.888926 0.600500 0.000000
v 2.520285 0.600500 0.000000
v 2.512455 0.600266 0.000000
v 2.504809 0.599562 0.000000
v 2.497350 0.598389 0.000000
v 2.490075 0.596747 0.000000
v 2.482986 0.594636 0.000000
v 2.476082 0.592056 0.000000
v 2.469363 0.589006 0.000000
v 2.462830 0.585488 0.000000
v 2.456482 0.581500 0.000000
v 2.450320 0.577043 0.000000
v 2.444342 0.572117 0.000000
v 2.438550 0.566722 0.000000
v 2.433089 0.560991 0.000000
v 2.428102 0.555057 0.000000
v 2.423590 0.548921 0.000000
v 2.419553 0.542582 0.000000
v 2.415991 0.536040 0.000000
v 2.412904 0.529295 0.000000
v 2.410292 0.522348 0.000000
v 2.408155 0.515198 0.000000
v 2.406493 0.507845 0.000000
v 2.405305 0.500290 0.000000
v 2.404593 0.492531 0.000000
v 2.404355 0.484570 0.000000
v 2.404355 0.115930 0.000000
v 2.404593 0.107969 0.000000
v 2.405305 0.100211 0.000000
v 2.406492 0.092655 0.000000
v 2.408155 0.085303 0.000000
v 2.410292 0.078153 0.000000
v 2.412904 0.071205 0.000000
v 2.415991 0.064461 0.000000
v 2.419553 0.057919 0.000000
v 2.423590 0.051579 0.000000
v 2.428102 0.045443 0.000000
v 2.433089 0.039509 0.000000
v 2.438550 0.033778 0.000000
v 2.444342 0.028383 0.000000
v 2.450320 0.023457 0.000000
v 2.456482 0.019000 0.000000
v 2.462830 0.015013 0.000000
v 2.469363 0.011494 0.000000
v 2.476082 0.008445 0.000000
v 2.482986 0.005864 0.000000
v 2.490075 0.003753 0.000000
v 2.497350 0.002111 0.000000
v 2.504809 0.000938 0.000000
v 2.512455 0.000235 0.000000
v 2.520285 0.000000 0.000000
v 2.888926 0.000000 0.000000
v 2.896887 0.000235 0.000000
v 2.904645 0.000938 0.000000
v 2.912200 0.002111 0.000000
v 2.919553 0.003753 0.000000
v 2.926703 0.005864 0.000000
v 2.933650 0.008445 0.000000
v 2.940395 0.011494 0.000000
v 2.946937 0.015013 0.000000
v 2.953276 0.019000 0.000000
v 2.959413 0.023457 0.000000
v 2.965347 0.028383 0.000000
v 2.971078 0.033778 0.000000
v 2.976473 0.039509 0.000000
v 2.981399 0.045443 0.000000
v 2.985856 0.051579 0.000000
v 2.989843 0.057919 0.000000
v 2.993362 0.064461 0.000000
v 2.996411 0.071205 0.000000
v 2.998991 0.078153 0.000000
v 3.001103 0.085303 0.000000
v 3.002745 0.092655 0.000000
v 3.003917 0.100211 0.000000
v 3.004621 0.107969 0.000000
v 3.004856 0.115930 0.000000
v 3.004856 0.484570 0.000000
v 3.004621 0.492531 0.000000
v 3.003918 0.500290 0.000000
v 3.002745 0.507845 0.000000
v 3.001103 0.515198 0.000000
v 2.998991 0.522348 0.000000
v 2.996411 0.529295 0.000000
v 2.993362 0.536040 0.000000
v 2.989843 0.542582 0.000000
v 2.985856 0.548921 0.000000
v 2.981399 0.555057 0.000000
v 2.976473 0.560991 0.000000
v 2.971078 0.566722 0.000000
v 2.965347 0.572117 0.000000
v 2.959413 0.577043 0.000000
v 2.953276 0.581500 0.000000
v 2.946937 0.585488 0.000000
v 2.940395 0.589006 0.000000
v 2.933650 0.592056 0.000000
v 2.926703 0.594636 0.000000
v 2.919553 0.596747 0.000000
v 2.912200 0.598389 0.000000
v 2.904645 0.599562 0.000000
v 2.896887 0.600266 0.000000
v 2.888926 0.110092 0.000000
v 2.520285 0.110092 0.000000
v 2.519486 0.110132 0.000000
v 2.518756 0.110254 0.000000
v 2.518096 0.110457 0.000000
v 2.517505 0.110740 0.000000
v 2.516984 0.111105 0.000000
v 2.516532 0.111551 0.000000
v 2.516150 0.112078 0.000000
v 2.515837 0.112686 0.000000
v 2.515594 0.113376 0.000000
v 2.515420 0.114146 0.000000
v 2.515316 0.114997 0.000000
v 2.515281 0.115930 0.000000
v 2.515281 0.484570 0.000000
v 2.515316 0.485503 0.000000
v 2.515420 0.486354 0.000000
v 2.515594 0.487125 0.000000
v 2.515837 0.487814 0.000000
v 2.516150 0.488422 0.000000
v 2.516532 0.488949 0.000000
v 2.516984 0.489395 0.000000
v 2.517506 0.489760 0.000000
v 2.518096 0.490044 0.000000
v 2.518757 0.490247 0.000000
v 2.519486 0.490368 0.000000
v 2.520285 0.490409 0.000000
v 2.888926 0.490409 0.000000
v 2.889858 0.490368 0.000000
v 2.890710 0.490247 0.000000
v 2.891480 0.490044 0.000000
v 2.892169 0.489760 0.000000
v 2.892777 0.489395 0.000000
v 2.893305 0.488949 0.000000
v 2.893750 0.488422 0.000000
v 2.894115 0.487814 0.000000
v 2.894399 0.487125 0.000000
v 2.894602 0.486354 0.000000
v 2.894723 0.485503 0.000000
v 2.894764 0.484570 0.000000
v 2.894764 0.115930 0.000000
v 2.894723 0.114997 0.000000
v 2.894602 0.114146 0.000000
v 2.894399 0.113376 0.000000
v 2.894115 0.112686 0.000000
v 2.893750 0.112078 0.000000
v 2.893305 0.111551 0.000000
v 2.892777 0.111105 0.000000
v 2.892169 0.110740 0.000000
v 2.891480 0.110457 0.000000
v 2.890710 0.110254 0.000000
v 2.889858 0.110132 0.000000
v 3.426106 0.480387 -0.066782
v 3.222184 0.480387 -0.066782
v 3.218827 0.480287 -0.066782
v 3.215552 0.479987 -0.066782
v 3.212361 0.479486 -0.066782
v 3.209253 0.478785 -0.066782
v 3.206228 0.477884 -0.066782
v 3.203286 0.476783 -0.066782
v 3.200427 0.475482 -0.066782
v 3.197650 0.473980 -0.066782
v 3.194957 0.472279 -0.066782
v 3.192347 0.470377 -0.066782
v 3.189820 0.468274 -0.066782
v 3.187376 0.465972 -0.066782
v 3.185074 0.463530 -0.066782
v 3.182971 0.461011 -0.066782
v 3.181070 0.458413 -0.066782
v 3.179368 0.455737 -0.066782
v 3.177866 0.452983 -0.066782
v 3.176565 0.450150 -0.066782
v 3.175464 0.447240 -0.066782
v 3.174563 0.444251 -0.066782
v 3.173862 0.441185 -0.066782
v 3.173362 0.438040 -0.066782
v 3.173061 0.434817 -0.066782
v 3.172961 0.431516 -0.066782
v 3.172961 0.363307 -0.066782
v 3.173061 0.360006 -0.066782
v 3.173362 0.356783 -0.066782
v 3.173862 0.353639 -0.066782
v 3.174563 0.350572 -0.066782
v 3.175464 0.347584 -0.066782
v 3.176565 0.344673 -0.066782
v 3.177866 0.341841 -0.066782
v 3.179368 0.339087 -0.066782
v 3.181070 0.336411 -0.066782
v 3.182971 0.333813 -0.066782
v 3.185074 0.331293 -0.066782
v 3.187376 0.328852 -0.066782
v 3.189820 0.326549 -0.066782
v 3.192347 0.324447 -0.066782
v 3.194957 0.322545 -0.066782
v 3.197650 0.320843 -0.066782
v 3.200427 0.319341 -0.066782
v 3.203286 0.318040 -0.066782
v 3.206228 0.316939 -0.066782
v 3.209253 0.316038 -0.066782
v 3.212361 0.315337 -0.066782
v 3.215552 0.314837 -0.066782
v 3.218827 0.314536 -0.066782
v 3.222184 0.314436 -0.066782
v 3.378642 0.314085 -0.066782
v 3.379696 0.314436 -0.066782
v 3.379696 0.227593 -0.066782
v 3.426106 0.227593 -0.066782
v 3.219723 0.363307 -0.066782
v 3.219723 0.431516 -0.066782
v 3.219740 0.431909 -0.066782
v 3.219791 0.432268 -0.066782
v 3.219876 0.432593 -0.066782
v 3.219996 0.432883 -0.066782
v 3.220150 0.433140 -0.066782
v 3.220338 0.433362 -0.066782
v 3.220560 0.433550 -0.066782
v 3.220816 0.433704 -0.066782
v 3.221107 0.433823 -0.066782
v 3.221432 0.433909 -0.066782
v 3.221791 0.433960 -0.066782
v 3.222184 0.433977 -0.066782
v 3.377235 0.433977 -0.066782
v 3.377628 0.433960 -0.066782
v 3.377987 0.433909 -0.066782
v 3.378312 0.433823 -0.066782
v 3.378603 0.433704 -0.066782
v 3.378859 0.433550 -0.066782
v 3.379081 0.433362 -0.066782
v 3.379269 0.433140 -0.066782
v 3.379423 0.432883 -0.066782
v 3.379542 0.432593 -0.066782
v 3.379628 0.432268 -0.066782
v 3.379679 0.431909 -0.066782
v 3.379696 0.431516 -0.066782
v 3.379696 0.363307 -0.066782
v 3.379679 0.362914 -0.066782
v 3.379628 0.362555 -0.066782
v 3.379542 0.362231 -0.066782
v 3.379423 0.361940 -0.066782
v 3.379269 0.361684 -0.066782
v 3.379081 0.361462 -0.066782
v 3.378859 0.361274 -0.066782
v 3.378603 0.361120 -0.066782
v 3.378312 0.361000 -0.066782
v 3.377987 0.360915 -0.066782
v 3.377628 0.360863 -0.066782
v 3.377235 0.360846 -0.066782
v 3.222184 0.360846 -0.066782
v 3.221791 0.360863 -0.066782
v 3.221432 0.360915 -0.066782
v 3.221107 0.361000 -0.066782
v 3.220816 0.361120 -0.066782
v 3.220560 0.361274 -0.066782
v 3.220338 0.361462 -0.066782
v 3.220150 0.361684 -0.066782
v 3.219996 0.361940 -0.066782
v 3.219876 0.362231 -0.066782
v 3.219791 0.362555 -0.066782
v 3.219740 0.362914 -0.066782
v -3.769956 0.484570 -0.230902
v -3.769956 0.437865 -0.230902
v -3.659031 0.437865 -0.230902
v -3.659031 0.484570 -0.230902
v -3.658990 0.485503 -0.230902
v -3.658869 0.486354 -0.230902
v -3.658666 0.487125 -0.230902
v -3.658382 0.487814 -0.230902
v -3.658017 0.488422 -0.230902
v -3.657572 0.488949 -0.230902
v -3.657045 0.489395 -0.230902
v -3.656437 0.489760 -0.230902
v -3.655748 0.490044 -0.230902
v -3.654978 0.490247 -0.230902
v -3.654126 0.490368 -0.230902
v -3.653193 0.490409 -0.230902
v -3.285386 0.490409 -0.230902
v -3.284454 0.490368 -0.230902
v -3.283602 0.490247 -0.230902
v -3.282832 0.490044 -0.230902
v -3.282143 0.489760 -0.230902
v -3.281535 0.489395 -0.230902
v -3.281008 0.488949 -0.230902
v -3.280563 0.488422 -0.230902
v -3.280198 0.487814 -0.230902
v -3.279914 0.487125 -0.230902
v -3.279711 0.486354 -0.230902
v -3.279590 0.485503 -0.230902
v -3.279548 0.484570 -0.230902
v -3.279548 0.115930 -0.230902
v -3.279588 0.114997 -0.230902
v -3.279710 0.114146 -0.230902
v -3.279913 0.113376 -0.230902
v -3.280196 0.112686 -0.230902
v -3.280561 0.112078 -0.230902
v -3.281007 0.111551 -0.230902
v -3.281534 0.111105 -0.230902
v -3.282142 0.110740 -0.230902
v -3.282831 0.110457 -0.230902
v -3.283601 0.110254 -0.230902
v -3.284452 0.110132 -0.230902
v -3.285386 0.110092 -0.230902
v -3.653193 0.110092 -0.230902
v -3.654125 0.110132 -0.230902
v -3.654976 0.110254 -0.230902
v -3.655746 0.110457 -0.230902
v -3.656435 0.110740 -0.230902
v -3.657043 0.111105 -0.230902
v -3.657570 0.111551 -0.230902
v -3.658016 0.112078 -0.230902
v -3.658381 0.112686 -0.230902
v -3.658664 0.113376 -0.230902
v -3.658867 0.114146 -0.230902
v -3.658989 0.114997 -0.230902
v -3.659031 0.115930 -0.230902
v -3.659031 0.229358 -0.230902
v -3.523084 0.229358 -0.230902
v -3.523084 0.339450 -0.230902
v -3.769956 0.339450 -0.230902
v -3.769956 0.115930 -0.230902
v -3.769719 0.107969 -0.230902
v -3.769006 0.100211 -0.230902
v -3.767819 0.092655 -0.230902
v -3.766157 0.085303 -0.230902
v -3.764020 0.078153 -0.230902
v -3.761408 0.071205 -0.230902
v -3.758321 0.064461 -0.230902
v -3.754759 0.057919 -0.230902
v -3.750722 0.051579 -0.230902
v -3.746210 0.045443 -0.230902
v -3.741223 0.039509 -0.230902
v -3.735761 0.033778 -0.230902
v -3.729964 0.028383 -0.230902
v -3.723970 0.023457 -0.230902
v -3.717778 0.019000 -0.230902
v -3.711390 0.015013 -0.230902
v -3.704805 0.011494 -0.230902
v -3.698023 0.008445 -0.230902
v -3.691044 0.005864 -0.230902
v -3.683868 0.003753 -0.230902
v -3.676495 0.002111 -0.230902
v -3.668926 0.000938 -0.230902
v -3.661159 0.000235 -0.230902
v -3.653193 -0.000000 -0.230902
v -3.285386 -0.000000 -0.230902
v -3.277425 0.000235 -0.230902
v -3.269667 0.000938 -0.230902
v -3.262111 0.002111 -0.230902
v -3.254759 0.003753 -0.230902
v -3.247608 0.005864 -0.230902
v -3.240661 0.008445 -0.230902
v -3.233917 0.011494 -0.230902
v -3.227375 0.015013 -0.230902
v -3.221036 0.019000 -0.230902
v -3.214899 0.023457 -0.230902
v -3.208966 0.028383 -0.230902
v -3.203234 0.033778 -0.230902
v -3.197839 0.039509 -0.230902
v -3.192913 0.045443 -0.230902
v -3.188456 0.051579 -0.230902
v -3.184468 0.057919 -0.230902
v -3.180949 0.064461 -0.230902
v -3.177900 0.071205 -0.230902
v -3.175320 0.078152 -0.230902
v -3.173209 0.085303 -0.230902
v -3.171567 0.092655 -0.230902
v -3.170394 0.100211 -0.230902
v -3.169690 0.107969 -0.230902
v -3.169456 0.115930 -0.230902
v -3.169456 0.484570 -0.230902
v -3.169691 0.492531 -0.230902
v -3.170395 0.500290 -0.230902
v -3.171568 0.507845 -0.230902
v -3.173209 0.515198 -0.230902
v -3.175320 0.522348 -0.230902
v -3.177901 0.529295 -0.230902
v -3.180950 0.536040 -0.230902
v -3.184469 0.542582 -0.230902
v -3.188456 0.548921 -0.230902
v -3.192913 0.555057 -0.230902
v -3.197839 0.560991 -0.230902
v -3.203234 0.566722 -0.230902
v -3.208966 0.572117 -0.230902
v -3.214899 0.577043 -0.230902
v -3.221036 0.581500 -0.230902
v -3.227375 0.585488 -0.230902
v -3.233917 0.589006 -0.230902
v -3.240661 0.592056 -0.230902
v -3.247608 0.594636 -0.230902
v -3.254759 0.596747 -0.230902
v -3.262111 0.598389 -0.230902
v -3.269667 0.599562 -0.230902
v -3.277425 0.600266 -0.230902
v -3.285386 0.600500 -0.230902
v -3.653193 0.600500 -0.230902
v -3.661156 0.600266 -0.230902
v -3.668923 0.599562 -0.230902
v -3.676493 0.598389 -0.230902
v -3.683866 0.596747 -0.230902
v -3.691042 0.594636 -0.230902
v -3.698021 0.592056 -0.230902
v -3.704803 0.589006 -0.230902
v -3.711388 0.585488 -0.230902
v -3.717776 0.581500 -0.230902
v -3.723967 0.577043 -0.230902
v -3.729962 0.572117 -0.230902
v -3.735761 0.566722 -0.230902
v -3.741223 0.560991 -0.230902
v -3.746210 0.555057 -0.230902
v -3.750722 0.548921 -0.230902
v -3.754759 0.542582 -0.230902
v -3.758321 0.536040 -0.230902
v -3.761408 0.529295 -0.230902
v -3.764020 0.522348 -0.230902
v -3.766157 0.515198 -0.230902
v -3.767819 0.507845 -0.230902
v -3.769006 0.500290 -0.230902
v -3.769719 0.492531 -0.230902
v -2.965119 0.160133 -0.230902
v -2.965119 0.600500 -0.230902
v -3.076045 0.600500 -0.230902
v -3.076045 -0.000000 -0.230902
v -2.955945 -0.000000 -0.230902
v -2.585636 0.440367 -0.230902
v -2.585636 -0.000000 -0.230902
v -2.475545 -0.000000 -0.230902
v -2.475545 0.600500 -0.230902
v -2.595645 0.600500 -0.230902
v -1.895895 0.600500 -0.230903
v -2.263702 0.600500 -0.230903
v -2.271665 0.600266 -0.230903
v -2.279432 0.599562 -0.230903
v -2.287002 0.598389 -0.230903
v -2.294375 0.596747 -0.230903
v -2.301551 0.594636 -0.230903
v -2.308530 0.592056 -0.230903
v -2.315312 0.589006 -0.230903
v -2.321897 0.585488 -0.230903
v -2.328285 0.581500 -0.230903
v -2.334476 0.577043 -0.230903
v -2.340471 0.572117 -0.230903
v -2.346270 0.566722 -0.230903
v -2.351732 0.560991 -0.230903
v -2.356719 0.555057 -0.230903
v -2.361231 0.548921 -0.230903
v -2.365268 0.542582 -0.230903
v -2.368829 0.536040 -0.230903
v -2.371917 0.529295 -0.230903
v -2.374529 0.522348 -0.230902
v -2.376666 0.515198 -0.230902
v -2.378328 0.507845 -0.230902
v -2.379515 0.500290 -0.230902
v -2.380228 0.492531 -0.230902
v -2.380466 0.484570 -0.230902
v -2.380466 -0.000000 -0.230902
v -2.269540 -0.000000 -0.230903
v -2.269540 0.201835 -0.230903
v -1.890057 0.201835 -0.230903
v -1.890057 -0.000000 -0.230903
v -1.779965 -0.000000 -0.230903
v -1.779965 0.484570 -0.230903
v -1.780200 0.492531 -0.230903
v -1.780904 0.500290 -0.230903
v -1.782077 0.507845 -0.230903
v -1.783719 0.515198 -0.230903
v -1.785830 0.522348 -0.230903
v -1.788410 0.529295 -0.230903
v -1.791459 0.536040 -0.230903
v -1.794978 0.542582 -0.230903
v -1.798966 0.548921 -0.230903
v -1.803423 0.555057 -0.230903
v -1.808348 0.560991 -0.230903
v -1.813743 0.566722 -0.230903
v -1.819474 0.572117 -0.230903
v -1.825408 0.577043 -0.230903
v -1.831545 0.581500 -0.230903
v -1.837884 0.585488 -0.230903
v -1.844425 0.589006 -0.230903
v -1.851170 0.592056 -0.230903
v -1.858117 0.594636 -0.230903
v -1.865268 0.596747 -0.230903
v -1.872620 0.598389 -0.230903
v -1.880176 0.599562 -0.230903
v -1.887934 0.600266 -0.230903
v -1.890057 0.311927 -0.230903
v -2.269540 0.311927 -0.230903
v -2.269540 0.484570 -0.230903
v -2.269499 0.485503 -0.230903
v -2.269377 0.486354 -0.230903
v -2.269175 0.487125 -0.230903
v -2.268891 0.487814 -0.230903
v -2.268526 0.488422 -0.230903
v -2.268080 0.488949 -0.230903
v -2.267554 0.489395 -0.230903
v -2.266946 0.489760 -0.230903
v -2.266257 0.490044 -0.230903
v -2.265486 0.490247 -0.230903
v -2.264635 0.490368 -0.230903
v -2.263702 0.490409 -0.230903
v -1.895895 0.490409 -0.230903
v -1.894963 0.490368 -0.230903
v -1.894111 0.490247 -0.230903
v -1.893340 0.490044 -0.230903
v -1.892651 0.489760 -0.230903
v -1.892043 0.489395 -0.230903
v -1.891516 0.488949 -0.230903
v -1.891071 0.488422 -0.230903
v -1.890706 0.487814 -0.230903
v -1.890422 0.487125 -0.230903
v -1.890219 0.486354 -0.230903
v -1.890098 0.485503 -0.230903
v -1.890057 0.484570 -0.230903
v -1.686554 0.484570 -0.230903
v -1.686554 0.437865 -0.230903
v -1.575628 0.437865 -0.230903
v -1.575628 0.484570 -0.230903
v -1.575588 0.485503 -0.230903
v -1.575466 0.486354 -0.230903
v -1.575263 0.487125 -0.230903
v -1.574980 0.487814 -0.230903
v -1.574615 0.488422 -0.230903
v -1.574169 0.488949 -0.230903
v -1.573642 0.489395 -0.230903
v -1.573034 0.489760 -0.230903
v -1.572345 0.490044 -0.230903
v -1.571575 0.490247 -0.230903
v -1.570724 0.490368 -0.230903
v -1.569790 0.490409 -0.230903
v -1.201983 0.490409 -0.230903
v -1.201051 0.490368 -0.230903
v -1.200200 0.490247 -0.230903
v -1.199430 0.490044 -0.230903
v -1.198741 0.489760 -0.230903
v -1.198133 0.489395 -0.230903
v -1.197606 0.488949 -0.230903
v -1.197160 0.488422 -0.230903
v -1.196795 0.487814 -0.230903
v -1.196512 0.487125 -0.230903
v -1.196309 0.486354 -0.230903
v -1.196187 0.485503 -0.230903
v -1.196145 0.484570 -0.230903
v -1.196145 0.115930 -0.230903
v -1.196186 0.114997 -0.230903
v -1.196307 0.114146 -0.230903
v -1.196510 0.113376 -0.230903
v -1.196794 0.112686 -0.230903
v -1.197159 0.112078 -0.230903
v -1.197604 0.111551 -0.230903
v -1.198131 0.111105 -0.230903
v -1.198739 0.110740 -0.230903
v -1.199428 0.110457 -0.230903
v -1.200198 0.110254 -0.230903
v -1.201050 0.110132 -0.230903
v -1.201983 0.110092 -0.230903
v -1.569790 0.110092 -0.230903
v -1.570722 0.110132 -0.230903
v -1.571573 0.110254 -0.230903
v -1.572344 0.110457 -0.230903
v -1.573033 0.110740 -0.230903
v -1.573641 0.111105 -0.230903
v -1.574167 0.111551 -0.230903
v -1.574613 0.112078 -0.230903
v -1.574978 0.112686 -0.230903
v -1.575262 0.113376 -0.230903
v -1.575464 0.114146 -0.230903
v -1.575586 0.114997 -0.230903
v -1.575628 0.115930 -0.230903
v -1.575628 0.229358 -0.230903
v -1.439681 0.229358 -0.230903
v -1.439681 0.339450 -0.230903
v -1.686554 0.339450 -0.230903
v -1.686554 0.115930 -0.230903
v -1.686316 0.107969 -0.230903
v -1.685604 0.100211 -0.230903
v -1.684417 0.092655 -0.230903
v -1.682754 0.085303 -0.230903
v -1.680617 0.078153 -0.230903
v -1.678005 0.071205 -0.230903
v -1.674918 0.064461 -0.230903
v -1.671356 0.057919 -0.230903
v -1.667319 0.051579 -0.230903
v -1.662807 0.045443 -0.230903
v -1.657820 0.039509 -0.230903
v -1.652359 0.033778 -0.230903
v -1.646561 0.028383 -0.230903
v -1.640567 0.023457 -0.230903
v -1.634376 0.019000 -0.230903
v -1.627988 0.015013 -0.230903
v -1.621403 0.011494 -0.230903
v -1.614620 0.008445 -0.230903
v -1.607641 0.005864 -0.230903
v -1.600466 0.003753 -0.230903
v -1.593093 0.002111 -0.230903
v -1.585523 0.000938 -0.230903
v -1.577756 0.000235 -0.230903
v -1.569790 -0.000000 -0.230903
v -1.201983 -0.000000 -0.230903
v -1.194022 0.000235 -0.230903
v -1.186264 0.000938 -0.230903
v -1.178709 0.002111 -0.230903
v -1.171356 0.003753 -0.230903
v -1.164206 0.005864 -0.230903
v -1.157258 0.008445 -0.230903
v -1.150514 0.011494 -0.230903
v -1.143972 0.015013 -0.230903
v -1.137633 0.019000 -0.230903
v -1.131497 0.023457 -0.230903
v -1.125563 0.028383 -0.230903
v -1.119832 0.033778 -0.230903
v -1.114436 0.039509 -0.230903
v -1.109510 0.045443 -0.230903
v -1.105053 0.051579 -0.230903
v -1.101065 0.057919 -0.230903
v -1.097547 0.064461 -0.230903
v -1.094497 0.071205 -0.230903
v -1.091917 0.078152 -0.230903
v -1.089806 0.085303 -0.230903
v -1.088165 0.092655 -0.230903
v -1.086992 0.100211 -0.230903
v -1.086288 0.107969 -0.230903
v -1.086054 0.115930 -0.230903
v -1.086054 0.484570 -0.230903
v -1.086288 0.492531 -0.230903
v -1.086992 0.500290 -0.230903
v -1.088165 0.507845 -0.230903
v -1.089807 0.515198 -0.230903
v -1.091918 0.522348 -0.230903
v -1.094498 0.529295 -0.230903
v -1.097547 0.536040 -0.230903
v -1.101066 0.542582 -0.230903
v -1.105054 0.548921 -0.230903
v -1.109511 0.555057 -0.230903
v -1.114437 0.560991 -0.230903
v -1.119832 0.566722 -0.230903
v -1.125563 0.572117 -0.230903
v -1.131497 0.577043 -0.230903
v -1.137633 0.581500 -0.230903
v -1.143972 0.585488 -0.230903
v -1.150514 0.589006 -0.230903
v -1.157258 0.592056 -0.230903
v -1.164206 0.594636 -0.230903
v -1.171356 0.596747 -0.230903
v -1.178709 0.598389 -0.230903
v -1.186264 0.599562 -0.230903
v -1.194022 0.600266 -0.230903
v -1.201983 0.600500 -0.230903
v -1.569790 0.600500 -0.230903
v -1.577754 0.600266 -0.230903
v -1.585521 0.599562 -0.230903
v -1.593090 0.598389 -0.230903
v -1.600463 0.596747 -0.230903
v -1.607639 0.594636 -0.230903
v -1.614618 0.592056 -0.230903
v -1.621400 0.589006 -0.230903
v -1.627985 0.585488 -0.230903
v -1.634373 0.581500 -0.230903
v -1.640565 0.577043 -0.230903
v -1.646559 0.572117 -0.230903
v -1.652359 0.566722 -0.230903
v -1.657820 0.560991 -0.230903
v -1.662807 0.555057 -0.230903
v -1.667319 0.548921 -0.230903
v -1.671356 0.542582 -0.230903
v -1.674918 0.536040 -0.230903
v -1.678005 0.529295 -0.230903
v -1.680617 0.522348 -0.230903
v -1.682754 0.515198 -0.230903
v -1.684417 0.507845 -0.230903
v -1.685604 0.500290 -0.230903
v -1.686316 0.492531 -0.230903
v -0.881716 0.160133 -0.230903
v -0.881716 0.600500 -0.230903
v -0.992642 0.600500 -0.230903
v -0.992642 -0.000000 -0.230903
v -0.872542 -0.000000 -0.230903
v -0.502234 0.440367 -0.230903
v -0.502234 -0.000000 -0.230903
v -0.392142 -0.000000 -0.230903
v -0.392142 0.600500 -0.230903
v -0.512242 0.600500 -0.230903
v 0.184172 0.600500 -0.230903
v -0.184469 0.600500 -0.230903
v -0.192299 0.600266 -0.230903
v -0.199944 0.599562 -0.230903
v -0.207404 0.598389 -0.230903
v -0.214679 0.596747 -0.230903
v -0.221768 0.594636 -0.230903
v -0.228672 0.592056 -0.230903
v -0.235391 0.589006 -0.230903
v -0.241924 0.585488 -0.230903
v -0.248272 0.581500 -0.230903
v -0.254434 0.577043 -0.230903
v -0.260412 0.572117 -0.230903
v -0.266204 0.566722 -0.230903
v -0.271665 0.560991 -0.230903
v -0.276652 0.555057 -0.230903
v -0.281164 0.548921 -0.230903
v -0.285201 0.542582 -0.230903
v -0.288763 0.536040 -0.230903
v -0.291850 0.529295 -0.230903
v -0.294462 0.522348 -0.230903
v -0.296599 0.515198 -0.230903
v -0.298261 0.507845 -0.230903
v -0.299449 0.500290 -0.230903
v -0.300161 0.492531 -0.230903
v -0.300399 0.484570 -0.230903
v -0.300399 0.115930 -0.230903
v -0.300161 0.107969 -0.230903
v -0.299449 0.100211 -0.230903
v -0.298261 0.092655 -0.230903
v -0.296599 0.085303 -0.230903
v -0.294462 0.078153 -0.230903
v -0.291850 0.071205 -0.230903
v -0.288763 0.064461 -0.230903
v -0.285201 0.057919 -0.230903
v -0.281164 0.051579 -0.230903
v -0.276652 0.045443 -0.230903
v -0.271665 0.039509 -0.230903
v -0.266204 0.033778 -0.230903
v -0.260412 0.028383 -0.230903
v -0.254435 0.023457 -0.230903
v -0.248272 0.019000 -0.230903
v -0.241924 0.015013 -0.230903
v -0.235391 0.011494 -0.230903
v -0.228672 0.008445 -0.230903
v -0.221768 0.005864 -0.230903
v -0.214679 0.003753 -0.230903
v -0.207405 0.002111 -0.230903
v -0.199945 0.000938 -0.230903
v -0.192300 0.000235 -0.230903
v -0.184469 -0.000000 -0.230903
v 0.184172 -0.000000 -0.230903
v 0.192133 0.000235 -0.230903
v 0.199891 0.000938 -0.230903
v 0.207446 0.002111 -0.230903
v 0.214799 0.003753 -0.230903
v 0.221949 0.005864 -0.230903
v 0.228896 0.008445 -0.230903
v 0.235641 0.011494 -0.230903
v 0.242183 0.015013 -0.230903
v 0.248522 0.019000 -0.230903
v 0.254658 0.023457 -0.230903
v 0.260592 0.028383 -0.230903
v 0.266324 0.033778 -0.230903
v 0.271719 0.039509 -0.230903
v 0.276645 0.045443 -0.230903
v 0.281101 0.051579 -0.230903
v 0.285089 0.057919 -0.230903
v 0.288608 0.064461 -0.230903
v 0.291657 0.071205 -0.230903
v 0.294237 0.078152 -0.230903
v 0.296349 0.085303 -0.230903
v 0.297991 0.092655 -0.230903
v 0.299163 0.100211 -0.230903
v 0.299867 0.107969 -0.230903
v 0.300102 0.115930 -0.230903
v 0.300102 0.484570 -0.230903
v 0.299867 0.492531 -0.230903
v 0.299163 0.500290 -0.230903
v 0.297991 0.507845 -0.230903
v 0.296349 0.515198 -0.230903
v 0.294237 0.522348 -0.230903
v 0.291657 0.529295 -0.230903
v 0.288608 0.536040 -0.230903
v 0.285089 0.542582 -0.230903
v 0.281101 0.548921 -0.230903
v 0.276645 0.555057 -0.230903
v 0.271719 0.560991 -0.230903
v 0.266324 0.566722 -0.230903
v 0.260592 0.572117 -0.230903
v 0.254659 0.577043 -0.230903
v 0.248522 0.581500 -0.230903
v 0.242183 0.585488 -0.230903
v 0.235641 0.589006 -0.230903
v 0.228897 0.592056 -0.230903
v 0.221949 0.594636 -0.230903
v 0.214799 0.596747 -0.230903
v 0.207447 0.598389 -0.230903
v 0.199891 0.599562 -0.230903
v 0.192133 0.600266 -0.230903
v 0.184172 0.110092 -0.230903
v -0.184469 0.110092 -0.230903
v -0.185268 0.110132 -0.230903
v -0.185998 0.110254 -0.230903
v -0.186658 0.110457 -0.230903
v -0.187249 0.110740 -0.230903
v -0.187770 0.111105 -0.230903
v -0.188222 0.111551 -0.230903
v -0.188604 0.112078 -0.230903
v -0.188917 0.112686 -0.230903
v -0.189160 0.113376 -0.230903
v -0.189334 0.114146 -0.230903
v -0.189438 0.114997 -0.230903
v -0.189473 0.115930 -0.230903
v -0.189473 0.484570 -0.230903
v -0.189438 0.485503 -0.230903
v -0.189334 0.486354 -0.230903
v -0.189160 0.487125 -0.230903
v -0.188917 0.487814 -0.230903
v -0.188604 0.488422 -0.230903
v -0.188222 0.488949 -0.230903
v -0.187770 0.489395 -0.230903
v -0.187249 0.489760 -0.230903
v -0.186658 0.490044 -0.230903
v -0.185998 0.490247 -0.230903
v -0.185268 0.490368 -0.230903
v -0.184469 0.490409 -0.230903
v 0.184172 0.490409 -0.230903
v 0.185104 0.490368 -0.230903
v 0.185956 0.490247 -0.230903
v 0.186726 0.490044 -0.230903
v 0.187415 0.489760 -0.230903
v 0.188024 0.489395 -0.230903
v 0.188551 0.488949 -0.230903
v 0.188997 0.488422 -0.230903
v 0.189362 0.487814 -0.230903
v 0.189645 0.487125 -0.230903
v 0.189848 0.486354 -0.230903
v 0.189970 0.485503 -0.230903
v 0.190010 0.484570 -0.230903
v 0.190010 0.115930 -0.230903
v 0.189970 0.114997 -0.230903
v 0.189848 0.114146 -0.230903
v 0.189645 0.113376 -0.230903
v 0.189362 0.112686 -0.230903
v 0.188997 0.112078 -0.230903
v 0.188551 0.111551 -0.230903
v 0.188024 0.111105 -0.230903
v 0.187415 0.110740 -0.230903
v 0.186726 0.110457 -0.230903
v 0.185956 0.110254 -0.230903
v 0.185104 0.110132 -0.230903
v 0.390177 0.484570 -0.230903
v 0.390177 0.437865 -0.230903
v 0.501103 0.437865 -0.230903
v 0.501103 0.484570 -0.230903
v 0.501143 0.485503 -0.230903
v 0.501265 0.486354 -0.230903
v 0.501467 0.487125 -0.230903
v 0.501751 0.487814 -0.230903
v 0.502116 0.488422 -0.230903
v 0.502562 0.488949 -0.230903
v 0.503089 0.489395 -0.230903
v 0.503697 0.489760 -0.230903
v 0.504387 0.490044 -0.230903
v 0.505157 0.490247 -0.230903
v 0.506008 0.490368 -0.230903
v 0.506941 0.490409 -0.230903
v 0.874747 0.490409 -0.230904
v 0.875680 0.490368 -0.230904
v 0.876531 0.490247 -0.230904
v 0.877301 0.490044 -0.230904
v 0.877991 0.489760 -0.230904
v 0.878599 0.489395 -0.230904
v 0.879126 0.488949 -0.230904
v 0.879572 0.488422 -0.230904
v 0.879937 0.487814 -0.230904
v 0.880221 0.487125 -0.230904
v 0.880423 0.486354 -0.230904
v 0.880545 0.485503 -0.230904
v 0.880585 0.484570 -0.230904
v 0.880585 0.115930 -0.230904
v 0.880545 0.114997 -0.230904
v 0.880423 0.114146 -0.230904
v 0.880221 0.113376 -0.230904
v 0.879937 0.112686 -0.230904
v 0.879572 0.112078 -0.230904
v 0.879126 0.111551 -0.230904
v 0.878599 0.111105 -0.230904
v 0.877991 0.110740 -0.230904
v 0.877301 0.110457 -0.230904
v 0.876531 0.110254 -0.230904
v 0.875680 0.110132 -0.230904
v 0.874747 0.110092 -0.230904
v 0.506941 0.110092 -0.230903
v 0.506008 0.110132 -0.230903
v 0.505157 0.110254 -0.230903
v 0.504387 0.110457 -0.230903
v 0.503697 0.110740 -0.230903
v 0.503089 0.111105 -0.230903
v 0.502562 0.111551 -0.230903
v 0.502116 0.112078 -0.230903
v 0.501751 0.112686 -0.230903
v 0.501467 0.113376 -0.230903
v 0.501265 0.114146 -0.230903
v 0.501143 0.114997 -0.230903
v 0.501103 0.115930 -0.230903
v 0.501103 0.229358 -0.230903
v 0.637049 0.229358 -0.230903
v 0.637049 0.339450 -0.230903
v 0.390177 0.339450 -0.230903
v 0.390177 0.115930 -0.230903
v 0.390414 0.107969 -0.230903
v 0.391127 0.100211 -0.230903
v 0.392314 0.092655 -0.230903
v 0.393976 0.085303 -0.230903
v 0.396113 0.078153 -0.230903
v 0.398726 0.071205 -0.230903
v 0.401813 0.064461 -0.230903
v 0.405375 0.057919 -0.230903
v 0.409411 0.051579 -0.230903
v 0.413923 0.045443 -0.230903
v 0.418910 0.039509 -0.230903
v 0.424372 0.033778 -0.230903
v 0.430170 0.028383 -0.230903
v 0.436164 0.023457 -0.230903
v 0.442356 0.019000 -0.230903
v 0.448744 0.015013 -0.230903
v 0.455329 0.011494 -0.230903
v 0.462112 0.008445 -0.230903
v 0.469091 0.005864 -0.230903
v 0.476267 0.003753 -0.230903
v 0.483640 0.002111 -0.230903
v 0.491210 0.000938 -0.230903
v 0.498977 0.000235 -0.230903
v 0.506941 -0.000000 -0.230903
v 0.874747 -0.000000 -0.230904
v 0.882708 0.000235 -0.230904
v 0.890466 0.000938 -0.230904
v 0.898022 0.002111 -0.230904
v 0.905375 0.003753 -0.230904
v 0.912525 0.005864 -0.230904
v 0.919472 0.008445 -0.230904
v 0.926217 0.011494 -0.230904
v 0.932759 0.015013 -0.230904
v 0.939098 0.019000 -0.230904
v 0.945235 0.023457 -0.230904
v 0.951168 0.028383 -0.230904
v 0.956899 0.033778 -0.230904
v 0.962294 0.039509 -0.230904
v 0.967220 0.045443 -0.230904
v 0.971677 0.051579 -0.230904
v 0.975665 0.057919 -0.230904
v 0.979183 0.064461 -0.230904
v 0.982233 0.071205 -0.230904
v 0.984813 0.078152 -0.230904
v 0.986924 0.085303 -0.230904
v 0.988566 0.092655 -0.230904
v 0.989739 0.100211 -0.230904
v 0.990443 0.107969 -0.230904
v 0.990677 0.115930 -0.230904
v 0.990677 0.484570 -0.230904
v 0.990443 0.492531 -0.230904
v 0.989739 0.500290 -0.230904
v 0.988566 0.507845 -0.230904
v 0.986924 0.515198 -0.230904
v 0.984813 0.522348 -0.230904
v 0.982233 0.529295 -0.230904
v 0.979183 0.536040 -0.230904
v 0.975665 0.542582 -0.230904
v 0.971677 0.548921 -0.230904
v 0.967220 0.555057 -0.230904
v 0.962294 0.560991 -0.230904
v 0.956899 0.566722 -0.230904
v 0.951168 0.572117 -0.230904
v 0.945234 0.577043 -0.230904
v 0.939098 0.581500 -0.230904
v 0.932759 0.585488 -0.230904
v 0.926217 0.589006 -0.230904
v 0.919472 0.592056 -0.230904
v 0.912525 0.594636 -0.230904
v 0.905375 0.596747 -0.230904
v 0.898022 0.598389 -0.230904
v 0.890466 0.599562 -0.230904
v 0.882708 0.600266 -0.230904
v 0.874747 0.600500 -0.230904
v 0.506941 0.600500 -0.230903
v 0.498977 0.600266 -0.230903
v 0.491210 0.599562 -0.230903
v 0.483640 0.598389 -0.230903
v 0.476267 0.596747 -0.230903
v 0.469091 0.594636 -0.230903
v 0.462111 0.592056 -0.230903
v 0.455329 0.589006 -0.230903
v 0.448744 0.585488 -0.230903
v 0.442355 0.581500 -0.230903
v 0.436164 0.577043 -0.230903
v 0.430169 0.572117 -0.230903
v 0.424372 0.566722 -0.230903
v 0.418910 0.560991 -0.230903
v 0.413924 0.555057 -0.230903
v 0.409412 0.548921 -0.230903
v 0.405375 0.542582 -0.230903
v 0.401813 0.536040 -0.230903
v 0.398726 0.529295 -0.230903
v 0.396114 0.522348 -0.230903
v 0.393976 0.515198 -0.230903
v 0.392314 0.507845 -0.230903
v 0.391127 0.500290 -0.230903
v 0.390414 0.492531 -0.230903
v 1.161653 0.600500 -0.230904
v 1.029877 0.600500 -0.230904
v 1.307608 0.224354 -0.230904
v 1.307608 -0.000000 -0.230904
v 1.417700 -0.000000 -0.230904
v 1.417700 0.224354 -0.230904
v 1.695431 0.600500 -0.230904
v 1.564489 0.600500 -0.230904
v 1.362654 0.345288 -0.230904
v 2.311778 -0.000000 -0.230904
v 2.311778 0.601334 -0.230904
v 2.201686 0.601334 -0.230904
v 2.201686 0.110092 -0.230904
v 1.711278 0.110092 -0.230904
v 1.711278 -0.000000 -0.230904
v 2.888926 0.600500 -0.230904
v 2.520285 0.600500 -0.230904
v 2.512455 0.600266 -0.230904
v 2.504809 0.599562 -0.230904
v 2.497350 0.598389 -0.230904
v 2.490075 0.596747 -0.230904
v 2.482985 0.594636 -0.230904
v 2.476082 0.592056 -0.230904
v 2.469363 0.589006 -0.230904
v 2.462830 0.585488 -0.230904
v 2.456482 0.581500 -0.230904
v 2.450320 0.577043 -0.230904
v 2.444342 0.572117 -0.230904
v 2.438550 0.566722 -0.230904
v 2.433089 0.560991 -0.230904
v 2.428102 0.555057 -0.230904
v 2.423590 0.548921 -0.230904
v 2.419553 0.542582 -0.230904
v 2.415991 0.536040 -0.230904
v 2.412904 0.529295 -0.230904
v 2.410292 0.522348 -0.230904
v 2.408155 0.515198 -0.230904
v 2.406493 0.507845 -0.230904
v 2.405305 0.500290 -0.230904
v 2.404593 0.492531 -0.230904
v 2.404355 0.484570 -0.230904
v 2.404355 0.115930 -0.230904
v 2.404593 0.107969 -0.230904
v 2.405305 0.100211 -0.230904
v 2.406492 0.092655 -0.230904
v 2.408154 0.085303 -0.230904
v 2.410292 0.078153 -0.230904
v 2.412904 0.071205 -0.230904
v 2.415991 0.064461 -0.230904
v 2.419553 0.057919 -0.230904
v 2.423590 0.051579 -0.230904
v 2.428102 0.045443 -0.230904
v 2.433088 0.039509 -0.230904
v 2.438550 0.033778 -0.230904
v 2.444342 0.028383 -0.230904
v 2.450320 0.023457 -0.230904
v 2.456482 0.019000 -0.230904
v 2.462830 0.015013 -0.230904
v 2.469363 0.011494 -0.230904
v 2.476082 0.008445 -0.230904
v 2.482985 0.005864 -0.230904
v 2.490075 0.003753 -0.230904
v 2.497350 0.002111 -0.230904
v 2.504809 0.000938 -0.230904
v 2.512455 0.000235 -0.230904
v 2.520285 -0.000000 -0.230904
v 2.888926 -0.000000 -0.230904
v 2.896887 0.000235 -0.230904
v 2.904645 0.000938 -0.230904
v 2.912200 0.002111 -0.230904
v 2.919553 0.003753 -0.230904
v 2.926703 0.005864 -0.230904
v 2.933650 0.008445 -0.230904
v 2.940395 0.011494 -0.230904
v 2.946937 0.015013 -0.230904
v 2.953276 0.019000 -0.230904
v 2.959413 0.023457 -0.230904
v 2.965347 0.028383 -0.230904
v 2.971077 0.033778 -0.230904
v 2.976473 0.039509 -0.230904
v 2.981399 0.045443 -0.230904
v 2.985856 0.051579 -0.230904
v 2.989843 0.057919 -0.230904
v 2.993362 0.064461 -0.230904
v 2.996411 0.071205 -0.230904
v 2.998991 0.078152 -0.230904
v 3.001103 0.085303 -0.230904
v 3.002745 0.092655 -0.230904
v 3.003917 0.100211 -0.230904
v 3.004621 0.107969 -0.230904
v 3.004856 0.115930 -0.230904
v 3.004856 0.484570 -0.230904
v 3.004621 0.492531 -0.230904
v 3.003917 0.500290 -0.230904
v 3.002745 0.507845 -0.230904
v 3.001103 0.515198 -0.230904
v 2.998991 0.522348 -0.230904
v 2.996411 0.529295 -0.230904
v 2.993362 0.536040 -0.230904
v 2.989843 0.542582 -0.230904
v 2.985856 0.548921 -0.230904
v 2.981399 0.555057 -0.230904
v 2.976473 0.560991 -0.230904
v 2.971077 0.566722 -0.230904
v 2.965347 0.572117 -0.230904
v 2.959413 0.577043 -0.230904
v 2.953276 0.581500 -0.230904
v 2.946937 0.585488 -0.230904
v 2.940395 0.589006 -0.230904
v 2.933650 0.592056 -0.230904
v 2.926703 0.594636 -0.230904
v 2.919553 0.596747 -0.230904
v 2.912200 0.598389 -0.230904
v 2.904645 0.599562 -0.230904
v 2.896887 0.600266 -0.230904
v 2.888926 0.110092 -0.230904
v 2.520285 0.110092 -0.230904
v 2.519486 0.110132 -0.230904
v 2.518756 0.110254 -0.230904
v 2.518096 0.110457 -0.230904
v 2.517505 0.110740 -0.230904
v 2.516984 0.111105 -0.230904
v 2.516532 0.111551 -0.230904
v 2.516150 0.112078 -0.230904
v 2.515837 0.112686 -0.230904
v 2.515594 0.113376 -0.230904
v 2.515420 0.114146 -0.230904
v 2.515316 0.114997 -0.230904
v 2.515281 0.115930 -0.230904
v 2.515281 0.484570 -0.230904
v 2.515316 0.485503 -0.230904
v 2.515420 0.486354 -0.230904
v 2.515594 0.487125 -0.230904
v 2.515837 0.487814 -0.230904
v 2.516150 0.488422 -0.230904
v 2.516532 0.488949 -0.230904
v 2.516984 0.489395 -0.230904
v 2.517506 0.489760 -0.230904
v 2.518096 0.490044 -0.230904
v 2.518757 0.490247 -0.230904
v 2.519486 0.490368 -0.230904
v 2.520285 0.490409 -0.230904
v 2.888926 0.490409 -0.230904
v 2.889858 0.490368 -0.230904
v 2.890710 0.490247 -0.230904
v 2.891480 0.490044 -0.230904
v 2.892169 0.489760 -0.230904
v 2.892777 0.489395 -0.230904
v 2.893304 0.488949 -0.230904
v 2.893750 0.488422 -0.230904
v 2.894115 0.487814 -0.230904
v 2.894399 0.487125 -0.230904
v 2.894602 0.486354 -0.230904
v 2.894723 0.485503 -0.230904
v 2.894764 0.484570 -0.230904
v 2.894764 0.115930 -0.230904
v 2.894723 0.114997 -0.230904
v 2.894602 0.114146 -0.230904
v 2.894399 0.113376 -0.230904
v 2.894115 0.112686 -0.230904
v 2.893750 0.112078 -0.230904
v 2.893304 0.111551 -0.230904
v 2.892777 0.111105 -0.230904
v 2.892169 0.110740 -0.230904
v 2.891480 0.110457 -0.230904
v 2.890710 0.110254 -0.230904
v 2.889858 0.110132 -0.230904
v 3.426106 0.480387 -0.164122
v 3.222184 0.480387 -0.164122
v 3.218827 0.480287 -0.164122
v 3.215552 0.479987 -0.164122
v 3.212361 0.479486 -0.164122
v 3.209253 0.478785 -0.164122
v 3.206228 0.477884 -0.164122
v 3.203286 0.476783 -0.164122
v 3.200427 0.475482 -0.164122
v 3.197650 0.473980 -0.164122
v 3.194957 0.472279 -0.164122
v 3.192347 0.470377 -0.164122
v 3.189820 0.468274 -0.164122
v 3.187376 0.465972 -0.164122
v 3.185074 0.463530 -0.164122
v 3.182971 0.461011 -0.164122
v 3.181070 0.458413 -0.164122
v 3.179368 0.455737 -0.164122
v 3.177866 0.452983 -0.164122
v 3.176565 0.450150 -0.164122
v 3.175464 0.447240 -0.164122
v 3.174563 0.444251 -0.164122
v 3.173862 0.441185 -0.164122
v 3.173362 0.438040 -0.164122
v 3.173061 0.434817 -0.164122
v 3.172961 0.431516 -0.164122
v 3.172961 0.363307 -0.164122
v 3.173061 0.360006 -0.164122
v 3.173361 0.356783 -0.164122
v 3.173862 0.353639 -0.164122
v 3.174563 0.350572 -0.164122
v 3.175464 0.347584 -0.164122
v 3.176565 0.344673 -0.164122
v 3.177866 0.341841 -0.164122
v 3.179368 0.339087 -0.164122
v 3.181069 0.336411 -0.164122
v 3.182971 0.333813 -0.164122
v 3.185074 0.331293 -0.164122
v 3.187376 0.328852 -0.164122
v 3.189820 0.326549 -0.164122
v 3.192347 0.324447 -0.164122
v 3.194957 0.322545 -0.164122
v 3.197650 0.320843 -0.164122
v 3.200427 0.319341 -0.164122
v 3.203286 0.318040 -0.164122
v 3.206228 0.316939 -0.164122
v 3.209253 0.316038 -0.164122
v 3.212361 0.315337 -0.164122
v 3.215552 0.314837 -0.164122
v 3.218827 0.314536 -0.164122
v 3.222184 0.314436 -0.164122
v 3.378641 0.314085 -0.164122
v 3.379696 0.314436 -0.164122
v 3.379696 0.227593 -0.164122
v 3.426106 0.227593 -0.164122
v 3.219723 0.363307 -0.164122
v 3.219723 0.431516 -0.164122
v 3.219740 0.431909 -0.164122
v 3.219791 0.432268 -0.164122
v 3.219876 0.432593 -0.164122
v 3.219996 0.432883 -0.164122
v 3.220150 0.433140 -0.164122
v 3.220338 0.433362 -0.164122
v 3.220560 0.433550 -0.164122
v 3.220816 0.433704 -0.164122
v 3.221107 0.433823 -0.164122
v 3.221432 0.433909 -0.164122
v 3.221791 0.433960 -0.164122
v 3.222184 0.433977 -0.164122
v 3.377235 0.433977 -0.164122
v 3.377628 0.433960 -0.164122
v 3.377987 0.433909 -0.164122
v 3.378312 0.433823 -0.164122
v 3.378603 0.433704 -0.164122
v 3.378859 0.433550 -0.164122
v 3.379081 0.433362 -0.164122
v 3.379269 0.433140 -0.164122
v 3.379423 0.432883 -0.164122
v 3.379542 0.432593 -0.164122
v 3.379628 0.432268 -0.164122
v 3.379679 0.431909 -0.164122
v 3.379696 0.431516 -0.164122
v 3.379696 0.363307 -0.164122
v 3.379679 0.362914 -0.164122
v 3.379628 0.362555 -0.164122
v 3.379542 0.362231 -0.164122
v 3.379423 0.361940 -0.164122
v 3.379269 0.361684 -0.164122
v 3.379081 0.361462 -0.164122
v 3.378859 0.361274 -0.164122
v 3.378603 0.361120 -0.164122
v 3.378312 0.361000 -0.164122
v 3.377987 0.360915 -0.164122
v 3.377628 0.360863 -0.164122
v 3.377235 0.360846 -0.164122
v 3.222184 0.360846 -0.164122
v 3.221791 0.360863 -0.164122
v 3.221432 0.360915 -0.164122
v 3.221107 0.361000 -0.164122
v 3.220816 0.361120 -0.164122
v 3.220560 0.361274 -0.164122
v 3.220338 0.361462 -0.164122
v 3.220150 0.361684 -0.164122
v 3.219996 0.361940 -0.164122
v 3.219876 0.362231 -0.164122
v 3.219791 0.362555 -0.164122
v 3.219740 0.362914 -0.164122
vn -0.0000 -0.0000 1.0000
vn -0.0001 -0.0000 1.0000
vn 0.0001 -0.0000 1.0000
vn -0.0000 -0.0000 -1.0000
vn 0.0012 -0.0000 -1.0000
vn 0.0004 -0.0000 -1.0000
vn -0.0002 -0.0000 -1.0000
vn 0.0002 -0.0000 -1.0000
vn -0.0001 -0.0000 -1.0000
vn 0.3482 0.9374 -0.0000
vn -0.4713 0.8820 -0.0000
vn -0.8576 -0.5143 -0.0000
vn 0.2545 -0.9671 -0.0000
vn -0.9957 -0.0928 -0.0000
vn 0.4737 0.8807 -0.0000
vn 0.8576 -0.5143 -0.0000
vn -0.9876 -0.1572 -0.0000
vn -0.4133 0.9106 -0.0000
vn -0.3810 -0.9246 -0.0000
vn 0.4120 0.9112 -0.0000
vn -0.5295 0.8483 -0.0000
vn -0.9247 -0.3806 -0.0000
vn 0.3810 -0.9246 -0.0000
vn -0.9749 -0.2228 -0.0000
vn 0.5325 0.8464 -0.0000
vn 0.9247 -0.3806 -0.0000
vn -0.9574 -0.2886 -0.0000
vn -0.4742 0.8804 -0.0000
vn -0.5145 -0.8575 -0.0000
vn -0.5842 0.8116 -0.0000
vn -0.9671 -0.2544 -0.0000
vn 0.5145 -0.8575 -0.0000
vn -0.9353 -0.3539 -0.0000
vn 0.5877 0.8091 -0.0000
vn 0.9670 -0.2547 -0.0000
vn -0.9087 -0.4175 -0.0000
vn -0.5319 0.8468 -0.0000
vn -0.6463 -0.7631 -0.0000
vn 0.5325 0.8465 -0.0000
vn -0.6349 0.7726 -0.0000
vn -0.9899 -0.1417 -0.0000
vn 0.6459 -0.7634 -0.0000
vn -0.8780 -0.4787 -0.0000
vn 0.6387 0.7694 -0.0000
vn 0.9900 -0.1414 -0.0000
vn -0.8438 -0.5366 -0.0000
vn -0.5860 0.8103 -0.0000
vn -0.7633 -0.6460 -0.0000
vn -0.6811 0.7322 -0.0000
vn -0.9991 -0.0434 -0.0000
vn 0.7637 -0.6456 -0.0000
vn -0.8069 -0.5907 -0.0000
vn 0.6854 0.7281 -0.0000
vn 0.9991 -0.0434 -0.0000
vn -0.7679 -0.6406 -0.0000
vn -0.6360 0.7717 -0.0000
vn 0.7281 0.6854 -0.0000
vn 1.0000 -0.0000 -0.0000
vn -0.8574 -0.5146 -0.0000
vn 0.8574 -0.5146 -0.0000
vn -0.7275 -0.6861 -0.0000
vn -0.7239 0.6899 -0.0000
vn -1.0000 -0.0000 -0.0000
vn -0.6857 -0.7279 -0.0000
vn -0.6816 0.7317 -0.0000
vn -0.9249 -0.3803 -0.0000
vn -0.7655 0.6434 -0.0000
vn 0.9249 -0.3803 -0.0000
vn -0.6395 -0.7688 -0.0000
vn 0.7694 0.6388 -0.0000
vn -0.0000 -1.0000 -0.0000
vn -0.5889 -0.8082 -0.0000
vn -0.9670 -0.2547 -0.0000
vn -0.8057 0.5924 -0.0000
vn -0.5342 -0.8454 -0.0000
vn 0.8091 0.5877 -0.0000
vn -0.0000 1.0000 -0.0000
vn -0.4758 -0.8796 -0.0000
vn -0.7656 0.6434 -0.0000
vn -0.9900 -0.1411 -0.0000
vn 0.7694 0.6387 -0.0000
vn -0.8435 0.5371 -0.0000
vn 0.9900 -0.1411 -0.0000
vn -0.4143 -0.9102 -0.0000
vn 0.8465 0.5325 -0.0000
vn -0.3505 -0.9366 -0.0000
vn -0.9990 -0.0442 -0.0000
vn 0.8091 0.5876 -0.0000
vn -0.8782 0.4782 -0.0000
vn 0.9996 -0.0294 -0.0000
vn 0.9990 -0.0437 -0.0000
vn -0.2854 -0.9584 -0.0000
vn 0.8807 0.4737 -0.0000
vn -0.2199 -0.9755 -0.0000
vn -0.8435 0.5372 -0.0000
vn -0.9991 0.0434 -0.0000
vn 0.8464 0.5325 -0.0000
vn -0.9093 0.4162 -0.0000
vn 0.9991 0.0434 -0.0000
vn -0.1550 -0.9879 -0.0000
vn 0.9112 0.4120 -0.0000
vn -0.0913 -0.9958 -0.0000
vn -0.8783 0.4782 -0.0000
vn -0.9996 -0.0298 -0.0000
vn -0.9360 0.3520 -0.0000
vn -0.0298 -0.9996 -0.0000
vn 0.9374 0.3482 -0.0000
vn -0.9899 0.1417 -0.0000
vn 0.9900 0.1414 -0.0000
vn 0.3162 -0.9487 -0.0000
vn -0.9581 0.2863 -0.0000
vn -0.0022 -1.0000 -0.0000
vn 0.9591 0.2831 -0.0000
vn -0.9671 0.2544 -0.0000
vn 0.9670 0.2547 -0.0000
vn -0.9754 0.2205 -0.0000
vn 0.9760 0.2179 -0.0000
vn -0.9247 0.3806 -0.0000
vn 0.9247 0.3806 -0.0000
vn -0.9581 0.2864 -0.0000
vn 0.9591 0.2832 -0.0000
vn -0.9879 0.1553 -0.0000
vn 0.9882 0.1535 -0.0000
vn -0.8576 0.5143 -0.0000
vn 0.0295 0.9996 -0.0000
vn 0.8576 0.5143 -0.0000
vn -0.9958 0.0914 -0.0000
vn 0.9959 0.0903 -0.0000
vn -0.7633 0.6460 -0.0000
vn -0.0294 0.9996 -0.0000
vn 0.7633 0.6460 -0.0000
vn -0.0902 0.9959 -0.0000
vn 0.9882 0.1534 -0.0000
vn 0.0903 0.9959 -0.0000
vn 0.0434 -0.9991 -0.0000
vn -0.6459 0.7634 -0.0000
vn 0.6459 0.7634 -0.0000
vn -0.1531 0.9882 -0.0000
vn -0.9996 0.0298 -0.0000
vn 0.1534 0.9882 -0.0000
vn 0.9996 0.0294 -0.0000
vn -0.5145 0.8575 -0.0000
vn 0.5145 0.8575 -0.0000
vn -0.2174 0.9761 -0.0000
vn -0.0434 -0.9991 -0.0000
vn 0.2179 0.9760 -0.0000
vn -0.3808 0.9247 -0.0000
vn 0.9996 0.0295 -0.0000
vn 0.3808 0.9247 -0.0000
vn -0.2822 0.9593 -0.0000
vn -0.1414 -0.9899 -0.0000
vn 0.2832 0.9591 -0.0000
vn 0.1414 -0.9899 -0.0000
vn -0.2544 0.9671 -0.0000
vn 0.2544 0.9671 -0.0000
vn -0.3468 0.9380 -0.0000
vn 0.0506 -0.9987 -0.0000
vn -0.2547 -0.9670 -0.0000
vn 0.2547 -0.9670 -0.0000
vn -0.1414 0.9899 -0.0000
vn 0.1414 0.9899 -0.0000
vn -0.4101 0.9120 -0.0000
vn 0.1644 -0.9864 -0.0000
vn -0.3808 -0.9247 -0.0000
vn 0.3808 -0.9247 -0.0000
vn -0.0434 0.9991 -0.0000
vn 0.0434 0.9991 -0.0000
vn -0.2545 -0.9671 -0.0000
vn 0.2935 -0.9560 -0.0000
vn 0.5148 -0.8573 -0.0000
vn 0.4331 -0.9013 -0.0000
vn -0.9958 -0.0914 -0.0000
vn 0.9959 -0.0903 -0.0000
vn -0.5143 -0.8576 -0.0000
vn 0.5735 -0.8192 -0.0000
vn -0.9879 -0.1553 -0.0000
vn 0.7633 -0.6460 -0.0000
vn 0.9882 -0.1534 -0.0000
vn -0.6459 -0.7634 -0.0000
vn 0.7023 -0.7118 -0.0000
vn -0.8577 -0.5141 -0.0000
vn -0.9754 -0.2205 -0.0000
vn 0.6388 0.7694 -0.0000
vn 0.8577 -0.5141 -0.0000
vn 0.9760 -0.2179 -0.0000
vn 0.8097 -0.5869 -0.0000
vn -0.9246 -0.3809 -0.0000
vn -0.9581 -0.2864 -0.0000
vn 0.9246 -0.3809 -0.0000
vn 0.9591 -0.2832 -0.0000
vn 0.8892 -0.4575 -0.0000
vn -0.9672 -0.2541 -0.0000
vn -0.9360 -0.3519 -0.0000
vn 0.9672 -0.2541 -0.0000
vn 0.9374 -0.3482 -0.0000
vn 0.9430 -0.3327 -0.0000
vn -0.9671 0.2545 -0.0000
vn -0.9093 -0.4162 -0.0000
vn 0.9899 -0.1417 -0.0000
vn 0.9755 0.2202 -0.0000
vn 0.9112 -0.4120 -0.0000
vn -0.8056 0.5924 -0.0000
vn 0.9755 -0.2200 -0.0000
vn -0.9990 -0.0448 -0.0000
vn -0.9247 0.3807 -0.0000
vn -0.8783 -0.4782 -0.0000
vn 0.9991 -0.0431 -0.0000
vn 0.9430 0.3329 -0.0000
vn 0.8807 -0.4737 -0.0000
vn -0.9900 -0.1414 -0.0000
vn 0.9926 -0.1216 -0.0000
vn -0.8575 0.5145 -0.0000
vn -0.8435 -0.5372 -0.0000
vn 0.8892 0.4575 -0.0000
vn 0.8464 -0.5325 -0.0000
vn 0.9993 -0.0373 -0.0000
vn -0.7634 0.6459 -0.0000
vn -0.8057 -0.5924 -0.0000
vn 0.8095 0.5871 -0.0000
vn 0.8091 -0.5876 -0.0000
vn -0.7656 -0.6434 -0.0000
vn 0.7025 0.7116 -0.0000
vn 0.7694 -0.6387 -0.0000
vn -0.7239 -0.6899 -0.0000
vn 0.5734 0.8193 -0.0000
vn 0.7281 -0.6854 -0.0000
vn 0.9996 -0.0295 -0.0000
vn 0.6855 -0.7281 -0.0000
vn 0.4330 0.9014 -0.0000
vn 0.9993 0.0376 -0.0000
vn -0.6812 -0.7321 -0.0000
vn -0.9991 0.0431 -0.0000
vn 0.6387 -0.7694 -0.0000
vn 0.9990 0.0448 -0.0000
vn -0.2545 0.9671 -0.0000
vn 0.2935 0.9559 -0.0000
vn -0.6349 -0.7726 -0.0000
vn -0.9900 0.1414 -0.0000
vn 0.5877 -0.8091 -0.0000
vn 0.9926 0.1216 -0.0000
vn 0.1644 0.9864 -0.0000
vn 0.9900 0.1411 -0.0000
vn -0.5842 -0.8116 -0.0000
vn 0.9755 0.2200 -0.0000
vn -0.5295 -0.8483 -0.0000
vn -0.9672 0.2541 -0.0000
vn 0.0507 0.9987 -0.0000
vn 0.5325 -0.8465 -0.0000
vn 0.9430 0.3327 -0.0000
vn -0.4713 -0.8820 -0.0000
vn -0.9246 0.3809 -0.0000
vn 0.4737 -0.8807 -0.0000
vn 0.9246 0.3809 -0.0000
vn -0.4101 -0.9121 -0.0000
vn -0.8577 0.5141 -0.0000
vn 0.4120 -0.9112 -0.0000
vn 0.8577 0.5141 -0.0000
vn -0.9879 -0.1552 -0.0000
vn -0.0435 -0.9991 -0.0000
vn 0.8097 0.5869 -0.0000
vn -0.3468 -0.9380 -0.0000
vn 0.3482 -0.9374 -0.0000
vn 0.7023 0.7118 -0.0000
vn -0.2822 -0.9593 -0.0000
vn 0.1415 -0.9899 -0.0000
vn 0.2832 -0.9591 -0.0000
vn 0.6463 0.7631 -0.0000
vn -0.5143 0.8576 -0.0000
vn 0.5735 0.8192 -0.0000
vn -0.2174 -0.9761 -0.0000
vn -0.5148 0.8573 -0.0000
vn 0.2179 -0.9760 -0.0000
vn 0.4331 0.9013 -0.0000
vn -0.1531 -0.9882 -0.0000
vn 0.1534 -0.9882 -0.0000
vn 0.2935 0.9560 -0.0000
vn -0.0902 -0.9959 -0.0000
vn 0.0903 -0.9959 -0.0000
vn 0.2547 0.9670 -0.0000
vn -0.0294 -0.9996 -0.0000
vn -0.1415 0.9899 -0.0000
vn 0.0295 -0.9996 -0.0000
vn -0.8435 -0.5371 -0.0000
vn 0.8045 -0.5940 -0.0000
vn 0.8465 -0.5325 -0.0000
vn -0.7844 0.6203 -0.0000
vn 0.7856 0.6187 -0.0000
vn -0.8045 -0.5940 -0.0000
vn 0.9959 -0.0904 -0.0000
vn 0.6854 -0.7281 -0.0000
vn -0.6816 -0.7317 -0.0000
vn -0.9581 -0.2863 -0.0000
vn -0.6360 -0.7717 -0.0000
vn -0.9360 -0.3520 -0.0000
vn 0.9375 -0.3481 -0.0000
vn -0.5860 -0.8103 -0.0000
vn -0.5319 -0.8468 -0.0000
vn -0.0299 0.9996 -0.0000
vn -0.0917 0.9958 -0.0000
vn -0.4742 -0.8804 -0.0000
vn -0.8782 -0.4782 -0.0000
vn -0.1553 0.9879 -0.0000
vn -0.4133 -0.9106 -0.0000
vn -0.2202 0.9755 -0.0000
vn -0.3501 -0.9367 -0.0000
vn 0.8091 -0.5877 -0.0000
vn -0.2854 0.9584 -0.0000
vn -0.7655 -0.6434 -0.0000
vn 0.7694 -0.6388 -0.0000
vn -0.3501 0.9367 -0.0000
vn -0.2202 -0.9755 -0.0000
vn 0.7281 -0.6855 -0.0000
vn 0.9899 0.1417 -0.0000
vn -0.1553 -0.9879 -0.0000
vn 0.9672 0.2541 -0.0000
vn -0.6813 -0.7320 -0.0000
vn -0.0917 -0.9958 -0.0000
vn -0.0299 -0.9996 -0.0000
vn 0.5876 0.8091 -0.0000
vn 0.5325 -0.8464 -0.0000
vn -0.9670 -0.2546 -0.0000
vn -0.9247 -0.3808 -0.0000
vn -0.6463 0.7631 -0.0000
vn -0.8575 -0.5144 -0.0000
vn -0.7634 -0.6459 -0.0000
vn -0.3468 -0.9379 -0.0000
vn -0.3807 -0.9247 -0.0000
vn -0.2547 0.9670 -0.0000
vn -0.0298 0.9996 -0.0000
vn -0.0913 0.9958 -0.0000
vn -0.1549 0.9879 -0.0000
vn -0.2199 0.9755 -0.0000
vn -0.3505 0.9366 -0.0000
vn -0.4143 0.9102 -0.0000
vn -0.9360 0.3519 -0.0000
vn -0.4758 0.8796 -0.0000
vn -0.5342 0.8454 -0.0000
vn 0.9882 -0.1535 -0.0000
vn -0.5889 0.8082 -0.0000
vn -0.6395 0.7688 -0.0000
vn -0.7661 0.6427 -0.0000
vn -0.6857 0.7279 -0.0000
vn -0.7275 0.6861 -0.0000
vn 0.9591 -0.2831 -0.0000
vn -0.1414 -0.9900 -0.0000
vn -0.9879 0.1552 -0.0000
vn -0.7679 0.6406 -0.0000
vn 0.7654 -0.6436 -0.0000
vn -0.8069 0.5907 -0.0000
vn -0.8438 0.5366 -0.0000
vn -0.8780 0.4787 -0.0000
vn -0.9087 0.4175 -0.0000
vn -0.9353 0.3539 -0.0000
vn -0.4101 0.9121 -0.0000
vn -0.9574 0.2886 -0.0000
vn 0.0507 -0.9987 -0.0000
vn -0.8056 -0.5924 -0.0000
vn -0.9749 0.2228 -0.0000
vn -0.9876 0.1572 -0.0000
vn -0.9957 0.0928 -0.0000
vn -0.3468 0.9379 -0.0000
vn -0.9995 0.0303 -0.0000
vn 0.4330 -0.9014 -0.0000
vn 0.1414 -0.9900 -0.0000
vn 0.5734 -0.8192 -0.0000
vn 0.6388 -0.7694 -0.0000
vn -0.6813 0.7320 -0.0000
vn 0.3807 -0.9247 -0.0000
vn 0.5146 -0.8574 -0.0000
vn 0.7024 -0.7117 -0.0000
vn 0.7634 -0.6459 -0.0000
vn 0.8095 -0.5872 -0.0000
vn 0.8575 -0.5145 -0.0000
vn 0.9247 -0.3808 -0.0000
vn -0.8575 -0.5145 -0.0000
vn 0.8893 -0.4573 -0.0000
vn 0.9671 -0.2544 -0.0000
vn -0.9247 -0.3807 -0.0000
vn 0.9430 -0.3329 -0.0000
vn 0.9899 -0.1416 -0.0000
vn -0.9671 -0.2545 -0.0000
vn 0.9755 -0.2202 -0.0000
vn -0.9899 -0.1414 -0.0000
vn -0.9995 -0.0303 -0.0000
vn -0.9900 0.1413 -0.0000
vn 0.9899 0.1414 -0.0000
vn -0.9670 0.2546 -0.0000
vn 0.9671 0.2545 -0.0000
vn 0.9993 0.0368 -0.0000
vn -0.9247 0.3808 -0.0000
vn 0.9112 0.4119 -0.0000
vn 0.9247 0.3808 -0.0000
vn 0.9959 0.0904 -0.0000
vn -0.9899 0.1414 -0.0000
vn -0.8575 0.5144 -0.0000
vn 0.8575 0.5144 -0.0000
vn -0.9996 0.0299 -0.0000
vn 0.7634 0.6459 -0.0000
vn 0.9760 0.2180 -0.0000
vn -0.3807 0.9247 -0.0000
vn -0.2544 -0.9671 -0.0000
vn 0.2544 -0.9671 -0.0000
vn 0.2545 0.9671 -0.0000
vn -0.1414 0.9900 -0.0000
vn 0.1414 0.9900 -0.0000
vn -0.1413 -0.9900 -0.0000
vn -0.2543 -0.9671 -0.0000
vt 0.840764 0.000000
vt 0.847134 0.000000
vt 0.853503 0.000000
vt 0.859873 0.000000
vt 0.866242 0.000000
vt 0.834395 0.000000
vt 0.872611 0.000000
vt 0.828025 0.000000
vt 0.878981 0.000000
vt 0.821656 0.000000
vt 0.885350 0.000000
vt 0.815287 0.000000
vt 0.891720 0.000000
vt 0.808917 0.000000
vt 0.898089 0.000000
vt 0.802548 0.000000
vt 0.904459 0.000000
vt 0.796178 0.000000
vt 0.910828 0.000000
vt 0.789809 0.000000
vt 0.917197 0.000000
vt 0.783440 0.000000
vt 0.923567 0.000000
vt 0.777070 0.000000
vt 0.929936 0.000000
vt 0.770701 0.000000
vt 0.764331 0.000000
vt 0.936306 0.000000
vt 0.942675 0.000000
vt 0.757962 0.000000
vt 0.949045 0.000000
vt 0.751592 0.000000
vt 0.955414 0.000000
vt 0.745223 0.000000
vt 0.961783 0.000000
vt 0.738854 0.000000
vt 0.968153 0.000000
vt 0.732484 0.000000
vt 0.974522 0.000000
vt 0.726115 0.000000
vt 0.980892 0.000000
vt 0.719745 0.000000
vt 0.987261 0.000000
vt 0.713376 0.000000
vt 0.993631 0.000000
vt 0.707006 0.000000
vt 1.000000 0.000000
vt 0.700637 0.000000
vt 0.095541 0.000000
vt 0.089172 0.000000
vt 0.000000 0.000000
vt 0.694268 0.000000
vt 0.108280 0.000000
vt 0.101911 0.000000
vt 0.114650 0.000000
vt 0.082803 0.000000
vt 0.121019 0.000000
vt 0.076433 0.000000
vt 0.127389 0.000000
vt 0.070064 0.000000
vt 0.133758 0.000000
vt 0.063694 0.000000
vt 0.140127 0.000000
vt 0.057325 0.000000
vt 0.146497 0.000000
vt 0.050955 0.000000
vt 0.152866 0.000000
vt 0.044586 0.000000
vt 0.159236 0.000000
vt 0.038217 0.000000
vt 0.165605 0.000000
vt 0.031847 0.000000
vt 0.171975 0.000000
vt 0.025478 0.000000
vt 0.178344 0.000000
vt 0.019108 0.000000
vt 0.687898 0.000000
vt 0.184713 0.000000
vt 0.012739 0.000000
vt 0.006369 0.000000
vt 0.356688 0.000000
vt 0.363057 0.000000
vt 0.369427 0.000000
vt 0.350318 0.000000
vt 0.375796 0.000000
vt 0.343949 0.000000
vt 0.681529 0.000000
vt 0.191083 0.000000
vt 0.337580 0.000000
vt 0.382166 0.000000
vt 0.197452 0.000000
vt 0.331210 0.000000
vt 0.203822 0.000000
vt 0.324841 0.000000
vt 0.210191 0.000000
vt 0.318471 0.000000
vt 0.216561 0.000000
vt 0.312102 0.000000
vt 0.222930 0.000000
vt 0.305732 0.000000
vt 0.229299 0.000000
vt 0.299363 0.000000
vt 0.235669 0.000000
vt 0.292994 0.000000
vt 0.242038 0.000000
vt 0.286624 0.000000
vt 0.248408 0.000000
vt 0.280255 0.000000
vt 0.254777 0.000000
vt 0.273885 0.000000
vt 0.261146 0.000000
vt 0.267516 0.000000
vt 0.388535 0.000000
vt 0.675159 0.000000
vt 0.394904 0.000000
vt 0.668790 0.000000
vt 0.401274 0.000000
vt 0.662420 0.000000
vt 0.407643 0.000000
vt 0.656051 0.000000
vt 0.414013 0.000000
vt 0.649682 0.000000
vt 0.420382 0.000000
vt 0.643312 0.000000
vt 0.426752 0.000000
vt 0.636943 0.000000
vt 0.433121 0.000000
vt 0.630573 0.000000
vt 0.439490 0.000000
vt 0.624204 0.000000
vt 0.445860 0.000000
vt 0.617834 0.000000
vt 0.452229 0.000000
vt 0.611465 0.000000
vt 0.605096 0.000000
vt 0.458599 0.000000
vt 0.598726 0.000000
vt 0.464968 0.000000
vt 0.592357 0.000000
vt 0.471338 0.000000
vt 0.477707 0.000000
vt 0.585987 0.000000
vt 0.484076 0.000000
vt 0.579618 0.000000
vt 0.490446 0.000000
vt 0.573248 0.000000
vt 0.496815 0.000000
vt 0.566879 0.000000
vt 0.503185 0.000000
vt 0.560510 0.000000
vt 0.509554 0.000000
vt 0.554140 0.000000
vt 0.515924 0.000000
vt 0.547771 0.000000
vt 0.522293 0.000000
vt 0.541401 0.000000
vt 0.528662 0.000000
vt 0.535032 0.000000
vt 0.777778 0.000000
vt 0.888889 0.000000
vt 0.555556 0.000000
vt 0.111111 0.000000
vt 0.222222 0.000000
vt 0.333333 0.000000
vt 0.666667 0.000000
vt 0.444444 0.000000
vt 0.662651 0.000000
vt 0.012048 0.000000
vt 0.024096 0.000000
vt 0.036145 0.000000
vt 0.650602 0.000000
vt 0.048193 0.000000
vt 0.638554 0.000000
vt 0.060241 0.000000
vt 0.626506 0.000000
vt 0.072289 0.000000
vt 0.614458 0.000000
vt 0.084337 0.000000
vt 0.602410 0.000000
vt 0.096386 0.000000
vt 0.590361 0.000000
vt 0.108434 0.000000
vt 0.578313 0.000000
vt 0.120482 0.000000
vt 0.566265 0.000000
vt 0.132530 0.000000
vt 0.554217 0.000000
vt 0.144578 0.000000
vt 0.542169 0.000000
vt 0.156627 0.000000
vt 0.530120 0.000000
vt 0.518072 0.000000
vt 0.168675 0.000000
vt 0.180723 0.000000
vt 0.506024 0.000000
vt 0.192771 0.000000
vt 0.493976 0.000000
vt 0.204819 0.000000
vt 0.481928 0.000000
vt 0.216867 0.000000
vt 0.469880 0.000000
vt 0.228916 0.000000
vt 0.457831 0.000000
vt 0.240964 0.000000
vt 0.445783 0.000000
vt 0.253012 0.000000
vt 0.433735 0.000000
vt 0.265060 0.000000
vt 0.421687 0.000000
vt 0.277108 0.000000
vt 0.409639 0.000000
vt 0.289157 0.000000
vt 0.397590 0.000000
vt 0.843373 0.000000
vt 0.831325 0.000000
vt 0.301205 0.000000
vt 0.385542 0.000000
vt 0.867470 0.000000
vt 0.855422 0.000000
vt 0.879518 0.000000
vt 0.819277 0.000000
vt 0.891566 0.000000
vt 0.807229 0.000000
vt 0.903614 0.000000
vt 0.795181 0.000000
vt 0.915663 0.000000
vt 0.783133 0.000000
vt 0.927711 0.000000
vt 0.771084 0.000000
vt 0.939759 0.000000
vt 0.759036 0.000000
vt 0.951807 0.000000
vt 0.746988 0.000000
vt 0.963855 0.000000
vt 0.734940 0.000000
vt 0.975904 0.000000
vt 0.722892 0.000000
vt 0.987952 0.000000
vt 0.710843 0.000000
vt 0.698795 0.000000
vt 0.373494 0.000000
vt 0.674699 0.000000
vt 0.686747 0.000000
vt 0.313253 0.000000
vt 0.349398 0.000000
vt 0.337349 0.000000
vt 0.361446 0.000000
vt 0.325301 0.000000
vt 0.655629 0.000000
vt 0.006623 0.000000
vt 0.013245 0.000000
vt 0.019868 0.000000
vt 0.649007 0.000000
vt 0.026490 0.000000
vt 0.642384 0.000000
vt 0.033113 0.000000
vt 0.635762 0.000000
vt 0.039735 0.000000
vt 0.629139 0.000000
vt 0.046358 0.000000
vt 0.622517 0.000000
vt 0.052980 0.000000
vt 0.615894 0.000000
vt 0.059603 0.000000
vt 0.609272 0.000000
vt 0.066225 0.000000
vt 0.602649 0.000000
vt 0.072848 0.000000
vt 0.596026 0.000000
vt 0.079470 0.000000
vt 0.589404 0.000000
vt 0.086093 0.000000
vt 0.582781 0.000000
vt 0.576159 0.000000
vt 0.092715 0.000000
vt 0.099338 0.000000
vt 0.569536 0.000000
vt 0.105960 0.000000
vt 0.562914 0.000000
vt 0.112583 0.000000
vt 0.556291 0.000000
vt 0.119205 0.000000
vt 0.549669 0.000000
vt 0.125828 0.000000
vt 0.543046 0.000000
vt 0.132450 0.000000
vt 0.536424 0.000000
vt 0.139073 0.000000
vt 0.529801 0.000000
vt 0.145695 0.000000
vt 0.523179 0.000000
vt 0.152318 0.000000
vt 0.516556 0.000000
vt 0.158940 0.000000
vt 0.509934 0.000000
vt 0.834437 0.000000
vt 0.165563 0.000000
vt 0.503311 0.000000
vt 0.847682 0.000000
vt 0.841060 0.000000
vt 0.827815 0.000000
vt 0.854305 0.000000
vt 0.821192 0.000000
vt 0.860927 0.000000
vt 0.814570 0.000000
vt 0.867550 0.000000
vt 0.807947 0.000000
vt 0.874172 0.000000
vt 0.801324 0.000000
vt 0.880795 0.000000
vt 0.794702 0.000000
vt 0.887417 0.000000
vt 0.788079 0.000000
vt 0.894040 0.000000
vt 0.781457 0.000000
vt 0.900662 0.000000
vt 0.774834 0.000000
vt 0.907285 0.000000
vt 0.768212 0.000000
vt 0.913907 0.000000
vt 0.761589 0.000000
vt 0.920530 0.000000
vt 0.754967 0.000000
vt 0.496689 0.000000
vt 0.927152 0.000000
vt 0.748344 0.000000
vt 0.172185 0.000000
vt 0.490066 0.000000
vt 0.933775 0.000000
vt 0.741722 0.000000
vt 0.178808 0.000000
vt 0.940397 0.000000
vt 0.735099 0.000000
vt 0.947020 0.000000
vt 0.728477 0.000000
vt 0.953642 0.000000
vt 0.721854 0.000000
vt 0.960265 0.000000
vt 0.715232 0.000000
vt 0.966887 0.000000
vt 0.708609 0.000000
vt 0.973510 0.000000
vt 0.701987 0.000000
vt 0.980132 0.000000
vt 0.695364 0.000000
vt 0.986755 0.000000
vt 0.688742 0.000000
vt 0.993378 0.000000
vt 0.682119 0.000000
vt 0.675497 0.000000
vt 0.662252 0.000000
vt 0.668874 0.000000
vt 0.185430 0.000000
vt 0.483444 0.000000
vt 0.192053 0.000000
vt 0.476821 0.000000
vt 0.198675 0.000000
vt 0.470199 0.000000
vt 0.205298 0.000000
vt 0.463576 0.000000
vt 0.211921 0.000000
vt 0.456954 0.000000
vt 0.218543 0.000000
vt 0.450331 0.000000
vt 0.225166 0.000000
vt 0.443709 0.000000
vt 0.231788 0.000000
vt 0.437086 0.000000
vt 0.238411 0.000000
vt 0.430464 0.000000
vt 0.245033 0.000000
vt 0.423841 0.000000
vt 0.251656 0.000000
vt 0.417219 0.000000
vt 0.410596 0.000000
vt 0.258278 0.000000
vt 0.403974 0.000000
vt 0.264901 0.000000
vt 0.397351 0.000000
vt 0.271523 0.000000
vt 0.278146 0.000000
vt 0.390728 0.000000
vt 0.284768 0.000000
vt 0.384106 0.000000
vt 0.291391 0.000000
vt 0.377483 0.000000
vt 0.298013 0.000000
vt 0.370861 0.000000
vt 0.304636 0.000000
vt 0.364238 0.000000
vt 0.311258 0.000000
vt 0.357616 0.000000
vt 0.317881 0.000000
vt 0.350993 0.000000
vt 0.324503 0.000000
vt 0.344371 0.000000
vt 0.331126 0.000000
vt 0.337748 0.000000
vt 0.625000 0.000000
vt 0.750000 0.000000
vt 0.875000 0.000000
vt 0.125000 0.000000
vt 0.250000 0.000000
vt 0.500000 0.000000
vt 0.375000 0.000000
vt 0.200000 0.000000
vt 0.400000 0.000000
vt 0.600000 0.000000
vt 0.800000 0.000000
vt 0.509434 0.000000
vt 0.745283 0.000000
vt 0.735849 0.000000
vt 0.726415 0.000000
vt 0.716981 0.000000
vt 0.707547 0.000000
vt 0.698113 0.000000
vt 0.688679 0.000000
vt 0.679245 0.000000
vt 0.009434 0.000000
vt 0.018868 0.000000
vt 0.028302 0.000000
vt 0.037736 0.000000
vt 0.047170 0.000000
vt 0.669811 0.000000
vt 0.056604 0.000000
vt 0.066038 0.000000
vt 0.075472 0.000000
vt 0.084906 0.000000
vt 0.094340 0.000000
vt 0.103774 0.000000
vt 0.113208 0.000000
vt 0.122642 0.000000
vt 0.132075 0.000000
vt 0.660377 0.000000
vt 0.141509 0.000000
vt 0.150943 0.000000
vt 0.160377 0.000000
vt 0.169811 0.000000
vt 0.179245 0.000000
vt 0.188679 0.000000
vt 0.198113 0.000000
vt 0.650943 0.000000
vt 0.207547 0.000000
vt 0.216981 0.000000
vt 0.226415 0.000000
vt 0.641509 0.000000
vt 0.632075 0.000000
vt 0.235849 0.000000
vt 0.622642 0.000000
vt 0.613208 0.000000
vt 0.603774 0.000000
vt 0.594340 0.000000
vt 0.584906 0.000000
vt 0.575472 0.000000
vt 0.566038 0.000000
vt 0.556604 0.000000
vt 0.547170 0.000000
vt 0.754717 0.000000
vt 0.537736 0.000000
vt 0.764151 0.000000
vt 0.528302 0.000000
vt 0.773585 0.000000
vt 0.518868 0.000000
vt 0.245283 0.000000
vt 0.783019 0.000000
vt 0.254717 0.000000
vt 0.792453 0.000000
vt 0.990566 0.000000
vt 0.801887 0.000000
vt 0.981132 0.000000
vt 0.811321 0.000000
vt 0.971698 0.000000
vt 0.820755 0.000000
vt 0.962264 0.000000
vt 0.830189 0.000000
vt 0.952830 0.000000
vt 0.839623 0.000000
vt 0.943396 0.000000
vt 0.849057 0.000000
vt 0.933962 0.000000
vt 0.858491 0.000000
vt 0.924528 0.000000
vt 0.867925 0.000000
vt 0.915094 0.000000
vt 0.877358 0.000000
vt 0.905660 0.000000
vt 0.886792 0.000000
vt 0.896226 0.000000
vt 0.490566 0.000000
vt 0.264151 0.000000
vt 0.273585 0.000000
vt 0.283019 0.000000
vt 0.292453 0.000000
vt 0.301887 0.000000
vt 0.311321 0.000000
vt 0.320755 0.000000
vt 0.330189 0.000000
vt 0.339623 0.000000
vt 0.349057 0.000000
vt 0.358491 0.000000
vt 0.367925 0.000000
vt 0.377358 0.000000
vt 0.386792 0.000000
vt 0.396226 0.000000
vt 0.405660 0.000000
vt 0.415094 0.000000
vt 0.424528 0.000000
vt 0.433962 0.000000
vt 0.443396 0.000000
vt 0.452830 0.000000
vt 0.462264 0.000000
vt 0.471698 0.000000
vt 0.481132 0.000000
s 0
usemtl Material.001
f 133/1/1 134/2/1 135/3/1
f 133/1/1 135/3/1 136/4/1
f 133/1/1 136/4/1 137/5/1
f 132/6/1 133/1/1 137/5/1
f 132/6/1 137/5/1 138/7/1
f 131/8/1 132/6/1 138/7/1
f 131/8/1 138/7/1 139/9/1
f 130/10/1 131/8/1 139/9/1
f 130/10/1 139/9/1 140/11/1
f 129/12/1 130/10/1 140/11/1
f 129/12/1 140/11/1 141/13/1
f 128/14/1 129/12/1 141/13/1
f 128/14/1 141/13/1 142/15/1
f 127/16/1 128/14/1 142/15/1
f 127/16/1 142/15/1 143/17/1
f 126/18/1 127/16/1 143/17/1
f 126/18/1 143/17/1 144/19/1
f 125/20/1 126/18/1 144/19/1
f 125/20/1 144/19/1 145/21/1
f 124/22/1 125/20/1 145/21/1
f 124/22/1 145/21/1 146/23/1
f 123/24/1 124/22/1 146/23/1
f 123/24/1 146/23/1 147/25/1
f 122/26/1 123/24/1 147/25/1
f 121/27/1 122/26/1 147/25/1
f 121/27/1 147/25/1 148/28/1
f 121/27/1 148/28/1 149/29/1
f 120/30/1 121/27/1 149/29/1
f 120/30/1 149/29/1 150/31/1
f 119/32/1 120/30/1 150/31/1
f 119/32/1 150/31/1 151/33/1
f 118/34/1 119/32/1 151/33/1
f 118/34/1 151/33/1 152/35/1
f 117/36/1 118/34/1 152/35/1
f 117/36/1 152/35/1 153/37/1
f 116/38/1 117/36/1 153/37/1
f 116/38/1 153/37/1 154/39/1
f 115/40/1 116/38/1 154/39/1
f 115/40/1 154/39/1 155/41/1
f 114/42/1 115/40/1 155/41/1
f 114/42/1 155/41/1 156/43/1
f 113/44/1 114/42/1 156/43/1
f 113/44/1 156/43/1 157/45/1
f 112/46/1 113/44/1 157/45/1
f 112/46/1 157/45/1 158/47/1
f 111/48/1 112/46/1 158/47/1
f 111/48/1 158/47/1 16/49/1
f 16/49/1 158/47/1 15/50/1
f 15/50/1 158/47/1 1/51/1
f 110/52/1 111/48/1 18/53/1
f 18/53/1 111/48/1 17/54/1
f 17/54/1 111/48/1 16/49/1
f 110/52/1 18/53/1 19/55/1
f 14/56/1 15/50/1 1/51/1
f 110/52/1 19/55/1 20/57/1
f 13/58/1 14/56/1 1/51/1
f 110/52/1 20/57/1 21/59/1
f 12/60/1 13/58/1 1/51/1
f 110/52/1 21/59/1 22/61/1
f 11/62/1 12/60/1 1/51/1
f 110/52/1 22/61/1 23/63/1
f 10/64/1 11/62/1 1/51/1
f 110/52/1 23/63/1 24/65/1
f 9/66/1 10/64/1 1/51/1
f 110/52/1 24/65/1 25/67/1
f 8/68/1 9/66/1 1/51/1
f 110/52/1 25/67/1 26/69/1
f 7/70/1 8/68/1 1/51/1
f 110/52/1 26/69/1 27/71/1
f 6/72/1 7/70/1 1/51/1
f 110/52/1 27/71/1 28/73/1
f 5/74/1 6/72/1 1/51/1
f 110/52/1 28/73/1 29/75/1
f 4/76/1 5/74/1 1/51/1
f 109/77/1 110/52/1 29/75/1
f 109/77/1 29/75/1 30/78/1
f 3/79/1 4/76/1 1/51/1
f 3/79/1 1/51/1 2/80/1
f 57/81/1 58/82/1 59/83/1
f 57/81/1 59/83/1 56/84/1
f 56/84/1 59/83/1 60/85/1
f 55/86/1 56/84/1 60/85/1
f 108/87/1 109/77/1 30/78/1
f 108/87/1 30/78/1 31/88/1
f 54/89/1 55/86/1 60/85/1
f 54/89/1 60/85/1 61/90/1
f 108/87/1 31/88/1 32/91/1
f 53/92/1 54/89/1 61/90/1
f 108/87/1 32/91/1 33/93/1
f 52/94/1 53/92/1 61/90/1
f 108/87/1 33/93/1 34/95/1
f 51/96/1 52/94/1 61/90/1
f 108/87/1 34/95/1 35/97/1
f 50/98/1 51/96/1 61/90/1
f 108/87/1 35/97/1 36/99/1
f 49/100/1 50/98/1 61/90/1
f 108/87/1 36/99/1 37/101/1
f 48/102/1 49/100/1 61/90/1
f 108/87/1 37/101/1 38/103/1
f 47/104/1 48/102/1 61/90/1
f 108/87/1 38/103/1 39/105/1
f 46/106/1 47/104/1 61/90/1
f 108/87/1 39/105/1 40/107/1
f 45/108/1 46/106/1 61/90/1
f 108/87/1 40/107/1 41/109/1
f 44/110/1 45/108/1 61/90/1
f 108/87/1 41/109/1 42/111/1
f 43/112/1 44/110/1 61/90/1
f 108/87/1 42/111/1 43/112/1
f 108/87/1 43/112/1 61/90/1
f 108/87/1 61/90/1 62/113/1
f 107/114/1 108/87/1 62/113/1
f 107/114/1 62/113/1 63/115/1
f 106/116/1 107/114/1 63/115/1
f 106/116/1 63/115/1 64/117/1
f 105/118/1 106/116/1 64/117/1
f 105/118/1 64/117/1 65/119/1
f 104/120/1 105/118/1 65/119/1
f 104/120/1 65/119/1 66/121/1
f 103/122/1 104/120/1 66/121/1
f 103/122/1 66/121/1 67/123/1
f 102/124/1 103/122/1 67/123/1
f 102/124/1 67/123/1 68/125/1
f 101/126/1 102/124/1 68/125/1
f 101/126/1 68/125/1 69/127/1
f 100/128/1 101/126/1 69/127/1
f 100/128/1 69/127/1 70/129/1
f 99/130/1 100/128/1 70/129/1
f 99/130/1 70/129/1 71/131/1
f 98/132/1 99/130/1 71/131/1
f 98/132/1 71/131/1 72/133/1
f 97/134/1 98/132/1 72/133/1
f 96/135/1 97/134/1 72/133/1
f 96/135/1 72/133/1 73/136/1
f 95/137/1 96/135/1 73/136/1
f 95/137/1 73/136/1 74/138/1
f 94/139/1 95/137/1 74/138/1
f 94/139/1 74/138/1 75/140/1
f 94/139/1 75/140/1 76/141/1
f 93/142/1 94/139/1 76/141/1
f 93/142/1 76/141/1 77/143/1
f 92/144/1 93/142/1 77/143/1
f 92/144/1 77/143/1 78/145/1
f 91/146/1 92/144/1 78/145/1
f 91/146/1 78/145/1 79/147/1
f 90/148/1 91/146/1 79/147/1
f 90/148/1 79/147/1 80/149/1
f 89/150/1 90/148/1 80/149/1
f 89/150/1 80/149/1 81/151/1
f 88/152/1 89/150/1 81/151/1
f 88/152/1 81/151/1 82/153/1
f 87/154/1 88/152/1 82/153/1
f 87/154/1 82/153/1 83/155/1
f 86/156/1 87/154/1 83/155/1
f 86/156/1 83/155/1 84/157/1
f 85/158/1 86/156/1 84/157/1
f 166/159/1 167/160/1 168/47/1
f 166/159/1 168/47/1 164/161/1
f 164/161/1 168/47/1 159/51/1
f 159/51/1 160/162/1 161/163/1
f 159/51/1 161/163/1 162/164/1
f 166/159/1 164/161/1 165/165/1
f 163/166/1 164/161/1 159/51/1
f 163/166/1 159/51/1 162/164/1
f 224/167/1 169/51/1 170/168/1
f 224/167/1 170/168/1 171/169/1
f 224/167/1 171/169/1 172/170/1
f 223/171/1 224/167/1 172/170/1
f 223/171/1 172/170/1 173/172/1
f 222/173/1 223/171/1 173/172/1
f 222/173/1 173/172/1 174/174/1
f 221/175/1 222/173/1 174/174/1
f 221/175/1 174/174/1 175/176/1
f 220/177/1 221/175/1 175/176/1
f 220/177/1 175/176/1 176/178/1
f 219/179/1 220/177/1 176/178/1
f 219/179/1 176/178/1 177/180/1
f 218/181/1 219/179/1 177/180/1
f 218/181/1 177/180/1 178/182/1
f 217/183/1 218/181/1 178/182/1
f 217/183/1 178/182/1 179/184/1
f 216/185/1 217/183/1 179/184/1
f 216/185/1 179/184/1 180/186/1
f 215/187/1 216/185/1 180/186/1
f 215/187/1 180/186/1 181/188/1
f 214/189/1 215/187/1 181/188/1
f 214/189/1 181/188/1 182/190/1
f 213/191/1 214/189/1 182/190/1
f 212/192/1 213/191/1 182/190/1
f 212/192/1 182/190/1 183/193/1
f 212/192/1 183/193/1 184/194/1
f 211/195/1 212/192/1 184/194/1
f 211/195/1 184/194/1 185/196/1
f 210/197/1 211/195/1 185/196/1
f 210/197/1 185/196/1 186/198/1
f 209/199/1 210/197/1 186/198/1
f 209/199/1 186/198/1 187/200/1
f 208/201/1 209/199/1 187/200/1
f 208/201/1 187/200/1 188/202/1
f 207/203/1 208/201/1 188/202/1
f 207/203/1 188/202/1 189/204/1
f 206/205/1 207/203/1 189/204/1
f 206/205/1 189/204/1 190/206/1
f 205/207/1 206/205/1 190/206/1
f 205/207/1 190/206/1 191/208/1
f 204/209/1 205/207/1 191/208/1
f 204/209/1 191/208/1 192/210/1
f 203/211/1 204/209/1 192/210/1
f 203/211/1 192/210/1 193/212/1
f 202/213/1 203/211/1 193/212/1
f 202/213/1 193/212/1 239/214/1
f 239/214/1 193/212/1 238/215/1
f 238/215/1 193/212/1 194/216/1
f 201/217/1 202/213/1 241/218/1
f 241/218/1 202/213/1 240/219/1
f 240/219/1 202/213/1 239/214/1
f 201/217/1 241/218/1 242/220/1
f 237/221/1 238/215/1 194/216/1
f 201/217/1 242/220/1 243/222/1
f 236/223/1 237/221/1 194/216/1
f 201/217/1 243/222/1 244/224/1
f 235/225/1 236/223/1 194/216/1
f 201/217/1 244/224/1 245/226/1
f 234/227/1 235/225/1 194/216/1
f 201/217/1 245/226/1 246/228/1
f 233/229/1 234/227/1 194/216/1
f 201/217/1 246/228/1 247/230/1
f 232/231/1 233/229/1 194/216/1
f 201/217/1 247/230/1 248/232/1
f 231/233/1 232/231/1 194/216/1
f 201/217/1 248/232/1 249/234/1
f 230/235/1 231/233/1 194/216/1
f 201/217/1 249/234/1 250/236/1
f 229/237/1 230/235/1 194/216/1
f 201/217/1 250/236/1 251/238/1
f 228/239/1 229/237/1 194/216/1
f 201/217/1 251/238/1 252/47/1
f 227/240/1 228/239/1 194/216/1
f 200/241/1 201/217/1 252/47/1
f 200/241/1 252/47/1 225/242/1
f 226/243/1 227/240/1 194/216/1
f 226/243/1 194/216/1 195/244/1
f 200/241/1 225/242/1 198/245/1
f 198/245/1 225/242/1 226/243/1
f 198/245/1 226/243/1 197/246/1
f 197/246/1 226/243/1 195/244/1
f 200/241/1 198/245/1 199/247/1
f 196/248/1 197/246/1 195/244/1
f 385/1/1 386/2/1 387/3/1
f 385/1/1 387/3/1 388/4/1
f 385/1/1 388/4/1 389/5/1
f 384/6/1 385/1/1 389/5/1
f 384/6/1 389/5/1 390/7/1
f 383/8/1 384/6/1 390/7/1
f 383/8/1 390/7/1 391/9/1
f 382/10/1 383/8/1 391/9/1
f 382/10/1 391/9/1 392/11/1
f 381/12/1 382/10/1 392/11/1
f 381/12/1 392/11/1 393/13/1
f 380/14/1 381/12/1 393/13/1
f 380/14/1 393/13/1 394/15/1
f 379/16/1 380/14/1 394/15/1
f 379/16/1 394/15/1 395/17/1
f 378/18/1 379/16/1 395/17/1
f 378/18/1 395/17/1 396/19/1
f 377/20/1 378/18/1 396/19/1
f 377/20/1 396/19/1 397/21/1
f 376/22/1 377/20/1 397/21/1
f 376/22/1 397/21/1 398/23/1
f 375/24/1 376/22/1 398/23/1
f 375/24/1 398/23/1 399/25/1
f 374/26/1 375/24/1 399/25/1
f 373/27/1 374/26/1 399/25/1
f 373/27/1 399/25/1 400/28/1
f 373/27/1 400/28/1 401/29/1
f 372/30/1 373/27/1 401/29/1
f 372/30/1 401/29/1 402/31/1
f 371/32/1 372/30/1 402/31/1
f 371/32/1 402/31/1 403/33/1
f 370/34/1 371/32/1 403/33/1
f 370/34/1 403/33/1 404/35/1
f 369/36/1 370/34/1 404/35/1
f 369/36/1 404/35/1 405/37/1
f 368/38/1 369/36/1 405/37/1
f 368/38/1 405/37/1 406/39/1
f 367/40/1 368/38/1 406/39/1
f 367/40/1 406/39/1 407/41/1
f 366/42/1 367/40/1 407/41/1
f 366/42/1 407/41/1 408/43/1
f 365/44/1 366/42/1 408/43/1
f 365/44/1 408/43/1 409/45/1
f 364/46/1 365/44/1 409/45/1
f 364/46/1 409/45/1 410/47/1
f 363/48/1 364/46/1 410/47/1
f 363/48/1 410/47/1 268/49/1
f 268/49/1 410/47/1 267/50/1
f 267/50/1 410/47/1 253/51/1
f 362/52/1 363/48/1 270/53/1
f 270/53/1 363/48/1 269/54/1
f 269/54/1 363/48/1 268/49/1
f 362/52/1 270/53/1 271/55/1
f 266/56/1 267/50/1 253/51/1
f 362/52/1 271/55/1 272/57/1
f 265/58/1 266/56/1 253/51/1
f 362/52/1 272/57/1 273/59/1
f 264/60/1 265/58/1 253/51/1
f 362/52/1 273/59/1 274/61/1
f 263/62/1 264/60/1 253/51/1
f 362/52/1 274/61/1 275/63/1
f 262/64/1 263/62/1 253/51/1
f 362/52/1 275/63/1 276/65/1
f 261/66/1 262/64/1 253/51/1
f 362/52/1 276/65/1 277/67/1
f 260/68/1 261/66/1 253/51/1
f 362/52/1 277/67/1 278/69/1
f 259/70/1 260/68/1 253/51/1
f 362/52/1 278/69/1 279/71/1
f 258/72/1 259/70/1 253/51/1
f 362/52/1 279/71/1 280/73/1
f 257/74/1 258/72/1 253/51/1
f 362/52/1 280/73/1 281/75/1
f 256/76/1 257/74/1 253/51/1
f 361/77/1 362/52/1 281/75/1
f 361/77/1 281/75/1 282/78/1
f 255/79/1 256/76/1 253/51/1
f 255/79/1 253/51/1 254/80/1
f 309/81/1 310/82/1 311/83/1
f 309/81/1 311/83/1 308/84/1
f 308/84/1 311/83/1 312/85/1
f 307/86/1 308/84/1 312/85/1
f 360/87/1 361/77/1 282/78/1
f 360/87/1 282/78/1 283/88/1
f 306/89/1 307/86/1 312/85/1
f 306/89/1 312/85/1 313/90/1
f 360/87/1 283/88/1 284/91/1
f 305/92/1 306/89/1 313/90/1
f 360/87/1 284/91/1 285/93/1
f 304/94/1 305/92/1 313/90/1
f 360/87/1 285/93/1 286/95/1
f 303/96/1 304/94/1 313/90/1
f 360/87/1 286/95/1 287/97/1
f 302/98/1 303/96/1 313/90/1
f 360/87/1 287/97/1 288/99/1
f 301/100/1 302/98/1 313/90/1
f 360/87/1 288/99/1 289/101/1
f 300/102/1 301/100/1 313/90/1
f 360/87/1 289/101/1 290/103/1
f 299/104/1 300/102/1 313/90/1
f 360/87/1 290/103/1 291/105/1
f 298/106/1 299/104/1 313/90/1
f 360/87/1 291/105/1 292/107/1
f 297/108/1 298/106/1 313/90/1
f 360/87/1 292/107/1 293/109/1
f 296/110/1 297/108/1 313/90/1
f 360/87/1 293/109/1 294/111/1
f 295/112/1 296/110/1 313/90/1
f 360/87/1 294/111/1 295/112/1
f 360/87/1 295/112/1 313/90/1
f 360/87/1 313/90/1 314/113/1
f 359/114/1 360/87/1 314/113/1
f 359/114/1 314/113/1 315/115/1
f 358/116/1 359/114/1 315/115/1
f 358/116/1 315/115/1 316/117/1
f 357/118/1 358/116/1 316/117/1
f 357/118/1 316/117/1 317/119/1
f 356/120/1 357/118/1 317/119/1
f 356/120/1 317/119/1 318/121/1
f 355/122/1 356/120/1 318/121/1
f 355/122/1 318/121/1 319/123/1
f 354/124/1 355/122/1 319/123/1
f 354/124/1 319/123/1 320/125/1
f 353/126/1 354/124/1 320/125/1
f 353/126/1 320/125/1 321/127/1
f 352/128/1 353/126/1 321/127/1
f 352/128/1 321/127/1 322/129/1
f 351/130/1 352/128/1 322/129/1
f 351/130/1 322/129/1 323/131/1
f 350/132/1 351/130/1 323/131/1
f 350/132/1 323/131/1 324/133/1
f 349/134/1 350/132/1 324/133/1
f 348/135/1 349/134/1 324/133/1
f 348/135/1 324/133/1 325/136/1
f 347/137/1 348/135/1 325/136/1
f 347/137/1 325/136/1 326/138/1
f 346/139/1 347/137/1 326/138/1
f 346/139/1 326/138/1 327/140/1
f 346/139/1 327/140/1 328/141/1
f 345/142/1 346/139/1 328/141/1
f 345/142/1 328/141/1 329/143/1
f 344/144/1 345/142/1 329/143/1
f 344/144/1 329/143/1 330/145/1
f 343/146/1 344/144/1 330/145/1
f 343/146/1 330/145/1 331/147/1
f 342/148/1 343/146/1 331/147/1
f 342/148/1 331/147/1 332/149/1
f 341/150/1 342/148/1 332/149/1
f 341/150/1 332/149/1 333/151/1
f 340/152/1 341/150/1 333/151/1
f 340/152/1 333/151/1 334/153/1
f 339/154/1 340/152/1 334/153/1
f 339/154/1 334/153/1 335/155/1
f 338/156/1 339/154/1 335/155/1
f 338/156/1 335/155/1 336/157/1
f 337/158/1 338/156/1 336/157/1
f 418/159/1 419/160/1 420/47/1
f 418/159/1 420/47/1 416/161/1
f 416/161/1 420/47/1 411/51/1
f 411/51/1 412/162/1 413/163/1
f 411/51/1 413/163/1 414/164/1
f 418/159/1 416/161/1 417/165/1
f 415/166/1 416/161/1 411/51/1
f 415/166/1 411/51/1 414/164/1
f 520/249/1 421/51/1 422/250/1
f 520/249/1 422/250/1 423/251/1
f 520/249/1 423/251/1 424/252/1
f 519/253/1 520/249/1 424/252/1
f 519/253/1 424/252/1 425/254/1
f 518/255/1 519/253/1 425/254/1
f 518/255/1 425/254/1 426/256/1
f 517/257/1 518/255/1 426/256/1
f 517/257/1 426/256/1 427/258/1
f 516/259/1 517/257/1 427/258/1
f 516/259/1 427/258/1 428/260/1
f 515/261/1 516/259/1 428/260/1
f 515/261/1 428/260/1 429/262/1
f 514/263/1 515/261/1 429/262/1
f 514/263/1 429/262/1 430/264/1
f 513/265/1 514/263/1 430/264/1
f 513/265/1 430/264/1 431/266/1
f 512/267/1 513/265/1 431/266/1
f 512/267/1 431/266/1 432/268/1
f 511/269/1 512/267/1 432/268/1
f 511/269/1 432/268/1 433/270/1
f 510/271/1 511/269/1 433/270/1
f 510/271/1 433/270/1 434/272/1
f 509/273/1 510/271/1 434/272/1
f 508/274/1 509/273/1 434/272/1
f 508/274/1 434/272/1 435/275/1
f 508/274/1 435/275/1 436/276/1
f 507/277/1 508/274/1 436/276/1
f 507/277/1 436/276/1 437/278/1
f 506/279/1 507/277/1 437/278/1
f 506/279/1 437/278/1 438/280/1
f 505/281/1 506/279/1 438/280/1
f 505/281/1 438/280/1 439/282/1
f 504/283/1 505/281/1 439/282/1
f 504/283/1 439/282/1 440/284/1
f 503/285/1 504/283/1 440/284/1
f 503/285/1 440/284/1 441/286/1
f 502/287/1 503/285/1 441/286/1
f 502/287/1 441/286/1 442/288/1
f 501/289/1 502/287/1 442/288/1
f 501/289/1 442/288/1 443/290/1
f 500/291/1 501/289/1 443/290/1
f 500/291/1 443/290/1 444/292/1
f 499/293/1 500/291/1 444/292/1
f 499/293/1 444/292/1 445/294/1
f 498/295/1 499/293/1 445/294/1
f 498/295/1 445/294/1 547/296/1
f 547/296/1 445/294/1 446/297/1
f 497/298/1 498/295/1 549/299/1
f 549/299/1 498/295/1 548/300/1
f 548/300/1 498/295/1 547/296/1
f 546/301/1 547/296/1 446/297/1
f 497/298/1 549/299/1 550/302/1
f 545/303/1 546/301/1 446/297/1
f 497/298/1 550/302/1 551/304/1
f 544/305/1 545/303/1 446/297/1
f 497/298/1 551/304/1 552/306/1
f 543/307/1 544/305/1 446/297/1
f 497/298/1 552/306/1 553/308/1
f 542/309/1 543/307/1 446/297/1
f 497/298/1 553/308/1 554/310/1
f 541/311/1 542/309/1 446/297/1
f 497/298/1 554/310/1 555/312/1
f 540/313/1 541/311/1 446/297/1
f 497/298/1 555/312/1 556/314/1
f 539/315/1 540/313/1 446/297/1
f 497/298/1 556/314/1 557/316/1
f 538/317/1 539/315/1 446/297/1
f 497/298/1 557/316/1 558/318/1
f 537/319/1 538/317/1 446/297/1
f 497/298/1 558/318/1 559/320/1
f 536/321/1 537/319/1 446/297/1
f 497/298/1 559/320/1 560/322/1
f 535/323/1 536/321/1 446/297/1
f 496/324/1 497/298/1 560/322/1
f 496/324/1 560/322/1 561/325/1
f 534/326/1 535/323/1 446/297/1
f 534/326/1 446/297/1 447/327/1
f 495/328/1 496/324/1 561/325/1
f 495/328/1 561/325/1 562/329/1
f 533/330/1 534/326/1 447/327/1
f 533/330/1 447/327/1 448/331/1
f 495/328/1 562/329/1 563/332/1
f 532/333/1 533/330/1 448/331/1
f 495/328/1 563/332/1 564/334/1
f 531/335/1 532/333/1 448/331/1
f 495/328/1 564/334/1 565/336/1
f 530/337/1 531/335/1 448/331/1
f 495/328/1 565/336/1 566/338/1
f 529/339/1 530/337/1 448/331/1
f 495/328/1 566/338/1 567/340/1
f 528/341/1 529/339/1 448/331/1
f 495/328/1 567/340/1 568/342/1
f 527/343/1 528/341/1 448/331/1
f 495/328/1 568/342/1 569/344/1
f 526/345/1 527/343/1 448/331/1
f 495/328/1 569/344/1 570/346/1
f 525/347/1 526/345/1 448/331/1
f 495/328/1 570/346/1 571/348/1
f 524/349/1 525/347/1 448/331/1
f 495/328/1 571/348/1 572/47/1
f 523/350/1 524/349/1 448/331/1
f 495/328/1 572/47/1 521/351/1
f 522/352/1 523/350/1 448/331/1
f 495/328/1 521/351/1 522/352/1
f 495/328/1 522/352/1 448/331/1
f 495/328/1 448/331/1 449/353/1
f 494/354/1 495/328/1 449/353/1
f 494/354/1 449/353/1 450/355/1
f 493/356/1 494/354/1 450/355/1
f 493/356/1 450/355/1 451/357/1
f 492/358/1 493/356/1 451/357/1
f 492/358/1 451/357/1 452/359/1
f 491/360/1 492/358/1 452/359/1
f 491/360/1 452/359/1 453/361/1
f 490/362/1 491/360/1 453/361/1
f 490/362/1 453/361/1 454/363/1
f 489/364/1 490/362/1 454/363/1
f 489/364/1 454/363/1 455/365/1
f 488/366/1 489/364/1 455/365/1
f 488/366/1 455/365/1 456/367/1
f 487/368/1 488/366/1 456/367/1
f 487/368/1 456/367/1 457/369/1
f 486/370/1 487/368/1 457/369/1
f 486/370/1 457/369/1 458/371/1
f 485/372/1 486/370/1 458/371/1
f 485/372/1 458/371/1 459/373/1
f 484/374/1 485/372/1 459/373/1
f 483/375/1 484/374/1 459/373/1
f 483/375/1 459/373/1 460/376/1
f 482/377/1 483/375/1 460/376/1
f 482/377/1 460/376/1 461/378/1
f 481/379/1 482/377/1 461/378/1
f 481/379/1 461/378/1 462/380/1
f 481/379/1 462/380/1 463/381/1
f 480/382/1 481/379/1 463/381/1
f 480/382/1 463/381/1 464/383/1
f 479/384/1 480/382/1 464/383/1
f 479/384/1 464/383/1 465/385/1
f 478/386/1 479/384/1 465/385/1
f 478/386/1 465/385/1 466/387/1
f 477/388/1 478/386/1 466/387/1
f 477/388/1 466/387/1 467/389/1
f 476/390/1 477/388/1 467/389/1
f 476/390/1 467/389/1 468/391/1
f 475/392/1 476/390/1 468/391/1
f 475/392/1 468/391/1 469/393/1
f 474/394/1 475/392/1 469/393/1
f 474/394/1 469/393/1 470/395/1
f 473/396/1 474/394/1 470/395/1
f 473/396/1 470/395/1 471/397/1
f 472/398/1 473/396/1 471/397/1
f 705/1/1 706/2/1 707/3/1
f 705/1/1 707/3/1 708/4/1
f 705/1/1 708/4/1 709/5/1
f 704/6/1 705/1/1 709/5/1
f 704/6/1 709/5/1 710/7/1
f 703/8/1 704/6/1 710/7/1
f 703/8/1 710/7/1 711/9/1
f 702/10/1 703/8/1 711/9/1
f 702/10/1 711/9/1 712/11/1
f 701/12/1 702/10/1 712/11/1
f 701/12/1 712/11/1 713/13/1
f 700/14/1 701/12/1 713/13/1
f 700/14/1 713/13/1 714/15/1
f 699/16/1 700/14/1 714/15/1
f 699/16/1 714/15/1 715/17/1
f 698/18/1 699/16/1 715/17/1
f 698/18/1 715/17/1 716/19/1
f 697/20/1 698/18/1 716/19/1
f 697/20/1 716/19/1 717/21/1
f 696/22/1 697/20/1 717/21/1
f 696/22/1 717/21/1 718/23/1
f 695/24/1 696/22/1 718/23/1
f 695/24/1 718/23/1 719/25/1
f 694/26/1 695/24/1 719/25/1
f 693/27/1 694/26/1 719/25/1
f 693/27/1 719/25/1 720/28/1
f 693/27/1 720/28/1 721/29/1
f 692/30/1 693/27/1 721/29/1
f 692/30/1 721/29/1 722/31/1
f 691/32/1 692/30/1 722/31/1
f 691/32/1 722/31/1 723/33/1
f 690/34/1 691/32/1 723/33/1
f 690/34/1 723/33/1 724/35/1
f 689/36/1 690/34/1 724/35/1
f 689/36/1 724/35/1 725/37/1
f 688/38/1 689/36/1 725/37/1
f 688/38/1 725/37/1 726/39/1
f 687/40/1 688/38/1 726/39/1
f 687/40/1 726/39/1 727/41/1
f 686/42/1 687/40/1 727/41/1
f 686/42/1 727/41/1 728/43/1
f 685/44/1 686/42/1 728/43/1
f 685/44/1 728/43/1 729/45/1
f 684/46/1 685/44/1 729/45/1
f 684/46/1 729/45/1 730/47/1
f 683/48/1 684/46/1 730/47/1
f 683/48/1 730/47/1 588/49/1
f 588/49/1 730/47/1 587/50/1
f 587/50/1 730/47/1 573/51/1
f 682/52/1 683/48/1 590/53/1
f 590/53/1 683/48/1 589/54/1
f 589/54/1 683/48/1 588/49/1
f 682/52/1 590/53/1 591/55/1
f 586/56/1 587/50/1 573/51/1
f 682/52/1 591/55/1 592/57/1
f 585/58/1 586/56/1 573/51/1
f 682/52/1 592/57/1 593/59/1
f 584/60/1 585/58/1 573/51/1
f 682/52/1 593/59/1 594/61/1
f 583/62/1 584/60/1 573/51/1
f 682/52/1 594/61/1 595/63/1
f 582/64/1 583/62/1 573/51/1
f 682/52/1 595/63/1 596/65/1
f 581/66/1 582/64/1 573/51/1
f 682/52/1 596/65/1 597/67/1
f 580/68/1 581/66/1 573/51/1
f 682/52/1 597/67/1 598/69/1
f 579/70/1 580/68/1 573/51/1
f 682/52/1 598/69/1 599/71/1
f 578/72/1 579/70/1 573/51/1
f 682/52/1 599/71/1 600/73/1
f 577/74/1 578/72/1 573/51/1
f 682/52/1 600/73/1 601/75/1
f 576/76/1 577/74/1 573/51/1
f 681/77/1 682/52/1 601/75/1
f 681/77/1 601/75/1 602/78/1
f 575/79/1 576/76/1 573/51/1
f 575/79/1 573/51/1 574/80/1
f 629/81/1 630/82/1 631/83/1
f 629/81/1 631/83/1 628/84/1
f 628/84/1 631/83/1 632/85/1
f 627/86/1 628/84/1 632/85/1
f 680/87/1 681/77/1 602/78/1
f 680/87/1 602/78/1 603/88/1
f 626/89/1 627/86/1 632/85/1
f 626/89/1 632/85/1 633/90/1
f 680/87/1 603/88/1 604/91/1
f 625/92/1 626/89/1 633/90/1
f 680/87/1 604/91/1 605/93/1
f 624/94/1 625/92/1 633/90/1
f 680/87/1 605/93/1 606/95/1
f 623/96/1 624/94/1 633/90/1
f 680/87/1 606/95/1 607/97/1
f 622/98/1 623/96/1 633/90/1
f 680/87/1 607/97/1 608/99/1
f 621/100/1 622/98/1 633/90/1
f 680/87/1 608/99/1 609/101/1
f 620/102/1 621/100/1 633/90/1
f 680/87/1 609/101/1 610/103/1
f 619/104/1 620/102/1 633/90/1
f 680/87/1 610/103/1 611/105/1
f 618/106/1 619/104/1 633/90/1
f 680/87/1 611/105/1 612/107/1
f 617/108/1 618/106/1 633/90/1
f 680/87/1 612/107/1 613/109/1
f 616/110/1 617/108/1 633/90/1
f 680/87/1 613/109/1 614/111/1
f 615/112/1 616/110/1 633/90/1
f 680/87/1 614/111/1 615/112/1
f 680/87/1 615/112/1 633/90/1
f 680/87/1 633/90/1 634/113/1
f 679/114/1 680/87/1 634/113/1
f 679/114/1 634/113/1 635/115/1
f 678/116/1 679/114/1 635/115/1
f 678/116/1 635/115/1 636/117/1
f 677/118/1 678/116/1 636/117/1
f 677/118/1 636/117/1 637/119/1
f 676/120/1 677/118/1 637/119/1
f 676/120/1 637/119/1 638/121/1
f 675/122/1 676/120/1 638/121/1
f 675/122/1 638/121/1 639/123/1
f 674/124/1 675/122/1 639/123/1
f 674/124/1 639/123/1 640/125/1
f 673/126/1 674/124/1 640/125/1
f 673/126/1 640/125/1 641/127/1
f 672/128/1 673/126/1 641/127/1
f 672/128/1 641/127/1 642/129/1
f 671/130/1 672/128/1 642/129/1
f 671/130/1 642/129/1 643/131/1
f 670/132/1 671/130/1 643/131/1
f 670/132/1 643/131/1 644/133/1
f 669/134/1 670/132/1 644/133/1
f 668/135/1 669/134/1 644/133/1
f 668/135/1 644/133/1 645/136/1
f 667/137/1 668/135/1 645/136/1
f 667/137/1 645/136/1 646/138/1
f 666/139/1 667/137/1 646/138/1
f 666/139/1 646/138/1 647/140/1
f 666/139/1 647/140/1 648/141/1
f 665/142/1 666/139/1 648/141/1
f 665/142/1 648/141/1 649/143/1
f 664/144/1 665/142/1 649/143/1
f 664/144/1 649/143/1 650/145/1
f 663/146/1 664/144/1 650/145/1
f 663/146/1 650/145/1 651/147/1
f 662/148/1 663/146/1 651/147/1
f 662/148/1 651/147/1 652/149/1
f 661/150/1 662/148/1 652/149/1
f 661/150/1 652/149/1 653/151/1
f 660/152/1 661/150/1 653/151/1
f 660/152/1 653/151/1 654/153/1
f 659/154/1 660/152/1 654/153/1
f 659/154/1 654/153/1 655/155/1
f 658/156/1 659/154/1 655/155/1
f 658/156/1 655/155/1 656/157/1
f 657/158/1 658/156/1 656/157/1
f 736/399/1 737/400/1 738/401/1
f 736/399/1 738/401/1 739/47/1
f 739/47/1 731/51/1 732/402/1
f 739/47/1 732/402/1 733/403/1
f 736/399/1 739/47/1 733/403/1
f 735/404/1 736/399/1 733/403/1
f 735/404/1 733/403/1 734/405/1
f 740/51/1 741/406/1 742/407/1
f 740/51/1 742/407/1 743/408/1
f 740/51/1 743/408/1 744/409/1
f 740/51/1 744/409/1 745/47/1
f 845/249/1 746/51/1 747/250/1
f 845/249/1 747/250/1 748/251/1
f 845/249/1 748/251/1 749/252/1
f 844/253/1 845/249/1 749/252/1
f 844/253/1 749/252/1 750/254/1
f 843/255/1 844/253/1 750/254/1
f 843/255/1 750/254/1 751/256/1
f 842/257/1 843/255/1 751/256/1
f 842/257/1 751/256/1 752/258/1
f 841/259/1 842/257/1 752/258/1
f 841/259/1 752/258/1 753/260/1
f 840/261/1 841/259/1 753/260/1
f 840/261/1 753/260/1 754/262/1
f 839/263/1 840/261/1 754/262/1
f 839/263/1 754/262/1 755/264/1
f 838/265/1 839/263/1 755/264/1
f 838/265/1 755/264/1 756/266/1
f 837/267/1 838/265/1 756/266/1
f 837/267/1 756/266/1 757/268/1
f 836/269/1 837/267/1 757/268/1
f 836/269/1 757/268/1 758/270/1
f 835/271/1 836/269/1 758/270/1
f 835/271/1 758/270/1 759/272/1
f 834/273/1 835/271/1 759/272/1
f 833/274/1 834/273/1 759/272/1
f 833/274/1 759/272/1 760/275/1
f 833/274/1 760/275/1 761/276/1
f 832/277/1 833/274/1 761/276/1
f 832/277/1 761/276/1 762/278/1
f 831/279/1 832/277/1 762/278/1
f 831/279/1 762/278/1 763/280/1
f 830/281/1 831/279/1 763/280/1
f 830/281/1 763/280/1 764/282/1
f 829/283/1 830/281/1 764/282/1
f 829/283/1 764/282/1 765/284/1
f 828/285/1 829/283/1 765/284/1
f 828/285/1 765/284/1 766/286/1
f 827/287/1 828/285/1 766/286/1
f 827/287/1 766/286/1 767/288/1
f 826/289/1 827/287/1 767/288/1
f 826/289/1 767/288/1 768/290/1
f 825/291/1 826/289/1 768/290/1
f 825/291/1 768/290/1 769/292/1
f 824/293/1 825/291/1 769/292/1
f 824/293/1 769/292/1 770/294/1
f 823/295/1 824/293/1 770/294/1
f 823/295/1 770/294/1 872/296/1
f 872/296/1 770/294/1 771/297/1
f 822/298/1 823/295/1 874/299/1
f 874/299/1 823/295/1 873/300/1
f 873/300/1 823/295/1 872/296/1
f 871/301/1 872/296/1 771/297/1
f 822/298/1 874/299/1 875/302/1
f 870/303/1 871/301/1 771/297/1
f 822/298/1 875/302/1 876/304/1
f 869/305/1 870/303/1 771/297/1
f 822/298/1 876/304/1 877/306/1
f 868/307/1 869/305/1 771/297/1
f 822/298/1 877/306/1 878/308/1
f 867/309/1 868/307/1 771/297/1
f 822/298/1 878/308/1 879/310/1
f 866/311/1 867/309/1 771/297/1
f 822/298/1 879/310/1 880/312/1
f 865/313/1 866/311/1 771/297/1
f 822/298/1 880/312/1 881/314/1
f 864/315/1 865/313/1 771/297/1
f 822/298/1 881/314/1 882/316/1
f 863/317/1 864/315/1 771/297/1
f 822/298/1 882/316/1 883/318/1
f 862/319/1 863/317/1 771/297/1
f 822/298/1 883/318/1 884/320/1
f 861/321/1 862/319/1 771/297/1
f 822/298/1 884/320/1 885/322/1
f 860/323/1 861/321/1 771/297/1
f 821/324/1 822/298/1 885/322/1
f 821/324/1 885/322/1 886/325/1
f 859/326/1 860/323/1 771/297/1
f 859/326/1 771/297/1 772/327/1
f 820/328/1 821/324/1 886/325/1
f 820/328/1 886/325/1 887/329/1
f 858/330/1 859/326/1 772/327/1
f 858/330/1 772/327/1 773/331/1
f 820/328/1 887/329/1 888/332/1
f 857/333/1 858/330/1 773/331/1
f 820/328/1 888/332/1 889/334/1
f 856/335/1 857/333/1 773/331/1
f 820/328/1 889/334/1 890/336/1
f 855/337/1 856/335/1 773/331/1
f 820/328/1 890/336/1 891/338/1
f 854/339/1 855/337/1 773/331/1
f 820/328/1 891/338/1 892/340/1
f 853/341/1 854/339/1 773/331/1
f 820/328/1 892/340/1 893/342/1
f 852/343/1 853/341/1 773/331/1
f 820/328/1 893/342/1 894/344/1
f 851/345/1 852/343/1 773/331/1
f 820/328/1 894/344/1 895/346/1
f 850/347/1 851/345/1 773/331/1
f 820/328/1 895/346/1 896/348/1
f 849/349/1 850/347/1 773/331/1
f 820/328/1 896/348/1 897/47/1
f 848/350/1 849/349/1 773/331/1
f 820/328/1 897/47/1 846/351/1
f 847/352/1 848/350/1 773/331/1
f 820/328/1 846/351/1 847/352/1
f 820/328/1 847/352/1 773/331/1
f 820/328/1 773/331/1 774/353/1
f 819/354/1 820/328/1 774/353/1
f 819/354/1 774/353/1 775/355/1
f 818/356/1 819/354/1 775/355/1
f 818/356/1 775/355/1 776/357/1
f 817/358/1 818/356/1 776/357/1
f 817/358/1 776/357/1 777/359/1
f 816/360/1 817/358/1 777/359/1
f 816/360/1 777/359/1 778/361/1
f 815/362/1 816/360/1 778/361/1
f 815/362/1 778/361/1 779/363/1
f 814/364/1 815/362/1 779/363/1
f 814/364/1 779/363/1 780/365/1
f 813/366/1 814/364/1 780/365/1
f 813/366/1 780/365/1 781/367/1
f 812/368/1 813/366/1 781/367/1
f 812/368/1 781/367/1 782/369/1
f 811/370/1 812/368/1 782/369/1
f 811/370/1 782/369/1 783/371/1
f 810/372/1 811/370/1 783/371/1
f 810/372/1 783/371/1 784/373/1
f 809/374/1 810/372/1 784/373/1
f 808/375/1 809/374/1 784/373/1
f 808/375/1 784/373/1 785/376/1
f 807/377/1 808/375/1 785/376/1
f 807/377/1 785/376/1 786/378/1
f 806/379/1 807/377/1 786/378/1
f 806/379/1 786/378/1 787/380/1
f 806/379/1 787/380/1 788/381/1
f 805/382/1 806/379/1 788/381/1
f 805/382/1 788/381/1 789/383/1
f 804/384/1 805/382/1 789/383/1
f 804/384/1 789/383/1 790/385/1
f 803/386/1 804/384/1 790/385/1
f 803/386/1 790/385/1 791/387/1
f 802/388/1 803/386/1 791/387/1
f 802/388/1 791/387/1 792/389/1
f 801/390/1 802/388/1 792/389/1
f 801/390/1 792/389/1 793/391/1
f 800/392/1 801/390/1 793/391/1
f 800/392/1 793/391/1 794/393/1
f 799/394/1 800/392/1 794/393/1
f 799/394/1 794/393/1 795/395/1
f 798/396/1 799/394/1 795/395/1
f 798/396/1 795/395/1 796/397/1
f 797/398/1 798/396/1 796/397/1
f 952/410/1 898/51/1 977/411/1
f 977/411/1 898/51/1 976/412/1
f 976/412/1 898/51/1 975/413/1
f 975/413/1 898/51/1 974/414/1
f 974/414/1 898/51/1 973/415/1
f 973/415/1 898/51/1 972/416/1
f 972/416/1 898/51/1 971/417/1
f 971/417/1 898/51/1 970/418/1
f 970/418/1 898/51/1 899/419/1
f 970/418/1 899/419/1 900/420/1
f 970/418/1 900/420/1 901/421/1
f 970/418/1 901/421/1 902/422/1
f 970/418/1 902/422/1 903/423/1
f 970/418/1 903/423/1 969/424/1
f 969/424/1 903/423/1 904/425/1
f 969/424/1 904/425/1 905/426/1
f 969/424/1 905/426/1 906/427/1
f 969/424/1 906/427/1 907/428/1
f 969/424/1 907/428/1 908/429/1
f 969/424/1 908/429/1 909/430/1
f 969/424/1 909/430/1 910/431/1
f 969/424/1 910/431/1 911/432/1
f 969/424/1 911/432/1 912/433/1
f 969/424/1 912/433/1 968/434/1
f 968/434/1 912/433/1 913/435/1
f 968/434/1 913/435/1 914/436/1
f 968/434/1 914/436/1 915/437/1
f 968/434/1 915/437/1 916/438/1
f 968/434/1 916/438/1 917/439/1
f 968/434/1 917/439/1 918/440/1
f 968/434/1 918/440/1 919/441/1
f 968/434/1 919/441/1 967/442/1
f 967/442/1 919/441/1 920/443/1
f 967/442/1 920/443/1 921/444/1
f 967/442/1 921/444/1 922/445/1
f 967/442/1 922/445/1 966/446/1
f 966/446/1 922/445/1 965/447/1
f 965/447/1 922/445/1 923/448/1
f 964/449/1 965/447/1 923/448/1
f 963/450/1 964/449/1 923/448/1
f 962/451/1 963/450/1 923/448/1
f 961/452/1 962/451/1 923/448/1
f 960/453/1 961/452/1 923/448/1
f 959/454/1 960/453/1 923/448/1
f 958/455/1 959/454/1 923/448/1
f 957/456/1 958/455/1 923/448/1
f 956/457/1 957/456/1 923/448/1
f 952/410/2 977/411/2 978/458/2
f 955/459/1 956/457/1 923/448/1
f 952/410/1 978/458/1 979/460/1
f 954/461/1 955/459/1 923/448/1
f 952/410/1 979/460/1 980/462/1
f 953/463/1 954/461/1 923/448/1
f 953/463/1 923/448/1 924/464/1
f 952/410/1 980/462/1 981/465/1
f 1004/47/1 953/463/1 924/464/1
f 1004/47/1 924/464/1 925/466/1
f 952/410/1 981/465/1 982/467/1
f 1003/468/1 1004/47/1 925/466/1
f 952/410/3 982/467/3 983/469/3
f 1002/470/1 1003/468/1 925/466/1
f 952/410/2 983/469/2 984/471/2
f 1001/472/1 1002/470/1 925/466/1
f 952/410/1 984/471/1 985/473/1
f 1000/474/1 1001/472/1 925/466/1
f 952/410/1 985/473/1 986/475/1
f 999/476/1 1000/474/1 925/466/1
f 952/410/1 986/475/1 987/477/1
f 998/478/1 999/476/1 925/466/1
f 952/410/1 987/477/1 988/479/1
f 997/480/1 998/478/1 925/466/1
f 952/410/1 988/479/1 989/481/1
f 996/482/1 997/480/1 925/466/1
f 952/410/1 989/481/1 990/483/1
f 995/484/1 996/482/1 925/466/1
f 952/410/1 990/483/1 991/485/1
f 994/486/1 995/484/1 925/466/1
f 952/410/1 991/485/1 992/487/1
f 993/488/1 994/486/1 925/466/1
f 952/410/1 992/487/1 950/489/1
f 950/489/1 992/487/1 993/488/1
f 950/489/1 993/488/1 925/466/1
f 950/489/1 925/466/1 926/490/1
f 950/489/1 926/490/1 927/491/1
f 950/489/1 927/491/1 928/492/1
f 950/489/1 928/492/1 929/493/1
f 950/489/1 929/493/1 930/494/1
f 950/489/1 930/494/1 931/495/1
f 950/489/1 931/495/1 932/496/1
f 950/489/1 932/496/1 933/497/1
f 950/489/1 933/497/1 934/498/1
f 950/489/1 934/498/1 935/499/1
f 950/489/1 935/499/1 936/500/1
f 950/489/1 936/500/1 937/501/1
f 950/489/1 937/501/1 938/502/1
f 950/489/1 938/502/1 939/503/1
f 950/489/1 939/503/1 940/504/1
f 950/489/1 940/504/1 941/505/1
f 950/489/1 941/505/1 942/506/1
f 950/489/1 942/506/1 943/507/1
f 950/489/1 943/507/1 944/508/1
f 950/489/1 944/508/1 945/509/1
f 950/489/1 945/509/1 946/510/1
f 950/489/1 946/510/1 947/511/1
f 950/489/1 947/511/1 948/512/1
f 952/410/1 950/489/1 951/404/1
f 949/513/1 950/489/1 948/512/1
f 1137/1/4 1139/3/4 1138/2/4
f 1137/1/4 1140/4/4 1139/3/4
f 1137/1/4 1141/5/4 1140/4/4
f 1136/6/4 1141/5/4 1137/1/4
f 1136/6/4 1142/7/4 1141/5/4
f 1135/8/4 1142/7/4 1136/6/4
f 1135/8/4 1143/9/4 1142/7/4
f 1134/10/4 1143/9/4 1135/8/4
f 1134/10/4 1144/11/4 1143/9/4
f 1133/12/4 1144/11/4 1134/10/4
f 1133/12/4 1145/13/4 1144/11/4
f 1132/14/4 1145/13/4 1133/12/4
f 1132/14/4 1146/15/4 1145/13/4
f 1131/16/4 1146/15/4 1132/14/4
f 1131/16/4 1147/17/4 1146/15/4
f 1130/18/4 1147/17/4 1131/16/4
f 1130/18/4 1148/19/4 1147/17/4
f 1129/20/4 1148/19/4 1130/18/4
f 1129/20/4 1149/21/4 1148/19/4
f 1128/22/4 1149/21/4 1129/20/4
f 1128/22/4 1150/23/4 1149/21/4
f 1127/24/4 1150/23/4 1128/22/4
f 1127/24/4 1151/25/4 1150/23/4
f 1126/26/4 1151/25/4 1127/24/4
f 1125/27/4 1151/25/4 1126/26/4
f 1125/27/4 1152/28/4 1151/25/4
f 1125/27/4 1153/29/4 1152/28/4
f 1124/30/4 1153/29/4 1125/27/4
f 1124/30/4 1154/31/4 1153/29/4
f 1123/32/4 1154/31/4 1124/30/4
f 1123/32/4 1155/33/4 1154/31/4
f 1122/34/4 1155/33/4 1123/32/4
f 1122/34/4 1156/35/4 1155/33/4
f 1121/36/4 1156/35/4 1122/34/4
f 1121/36/4 1157/37/4 1156/35/4
f 1120/38/4 1157/37/4 1121/36/4
f 1120/38/4 1158/39/4 1157/37/4
f 1119/40/4 1158/39/4 1120/38/4
f 1119/40/4 1159/41/4 1158/39/4
f 1118/42/4 1159/41/4 1119/40/4
f 1118/42/4 1160/43/4 1159/41/4
f 1117/44/4 1160/43/4 1118/42/4
f 1117/44/4 1161/45/4 1160/43/4
f 1116/46/4 1161/45/4 1117/44/4
f 1116/46/4 1162/47/4 1161/45/4
f 1115/48/4 1162/47/4 1116/46/4
f 1115/48/4 1020/49/4 1162/47/4
f 1020/49/4 1019/50/4 1162/47/4
f 1019/50/4 1005/51/4 1162/47/4
f 1114/52/4 1022/53/4 1115/48/4
f 1022/53/4 1021/54/4 1115/48/4
f 1021/54/4 1020/49/4 1115/48/4
f 1114/52/4 1023/55/4 1022/53/4
f 1018/56/4 1005/51/4 1019/50/4
f 1114/52/4 1024/57/4 1023/55/4
f 1017/58/4 1005/51/4 1018/56/4
f 1114/52/4 1025/59/4 1024/57/4
f 1016/60/4 1005/51/4 1017/58/4
f 1114/52/4 1026/61/4 1025/59/4
f 1015/62/4 1005/51/4 1016/60/4
f 1114/52/4 1027/63/4 1026/61/4
f 1014/64/4 1005/51/4 1015/62/4
f 1114/52/4 1028/65/4 1027/63/4
f 1013/66/4 1005/51/4 1014/64/4
f 1114/52/4 1029/67/4 1028/65/4
f 1012/68/4 1005/51/4 1013/66/4
f 1114/52/4 1030/69/4 1029/67/4
f 1011/70/4 1005/51/4 1012/68/4
f 1114/52/4 1031/71/4 1030/69/4
f 1010/72/4 1005/51/4 1011/70/4
f 1114/52/4 1032/73/4 1031/71/4
f 1009/74/4 1005/51/4 1010/72/4
f 1114/52/4 1033/75/4 1032/73/4
f 1008/76/4 1005/51/4 1009/74/4
f 1113/77/4 1033/75/4 1114/52/4
f 1113/77/4 1034/78/4 1033/75/4
f 1007/79/4 1005/51/4 1008/76/4
f 1007/79/4 1006/80/4 1005/51/4
f 1061/81/4 1063/83/4 1062/82/4
f 1061/81/4 1060/84/4 1063/83/4
f 1060/84/4 1064/85/4 1063/83/4
f 1059/86/4 1064/85/4 1060/84/4
f 1112/87/4 1034/78/4 1113/77/4
f 1112/87/4 1035/88/4 1034/78/4
f 1058/89/4 1064/85/4 1059/86/4
f 1058/89/4 1065/90/4 1064/85/4
f 1112/87/4 1036/91/4 1035/88/4
f 1057/92/4 1065/90/4 1058/89/4
f 1112/87/4 1037/93/4 1036/91/4
f 1056/94/4 1065/90/4 1057/92/4
f 1112/87/4 1038/95/4 1037/93/4
f 1055/96/4 1065/90/4 1056/94/4
f 1112/87/4 1039/97/4 1038/95/4
f 1054/98/4 1065/90/4 1055/96/4
f 1112/87/4 1040/99/4 1039/97/4
f 1053/100/4 1065/90/4 1054/98/4
f 1112/87/4 1041/101/4 1040/99/4
f 1052/102/4 1065/90/4 1053/100/4
f 1112/87/4 1042/103/4 1041/101/4
f 1051/104/4 1065/90/4 1052/102/4
f 1112/87/4 1043/105/4 1042/103/4
f 1050/106/4 1065/90/4 1051/104/4
f 1112/87/4 1044/107/4 1043/105/4
f 1049/108/4 1065/90/4 1050/106/4
f 1112/87/4 1045/109/4 1044/107/4
f 1048/110/4 1065/90/4 1049/108/4
f 1112/87/4 1046/111/4 1045/109/4
f 1047/112/4 1065/90/4 1048/110/4
f 1112/87/4 1047/112/4 1046/111/4
f 1112/87/4 1065/90/4 1047/112/4
f 1112/87/4 1066/113/4 1065/90/4
f 1111/114/4 1066/113/4 1112/87/4
f 1111/114/4 1067/115/4 1066/113/4
f 1110/116/4 1067/115/4 1111/114/4
f 1110/116/4 1068/117/4 1067/115/4
f 1109/118/4 1068/117/4 1110/116/4
f 1109/118/4 1069/119/4 1068/117/4
f 1108/120/4 1069/119/4 1109/118/4
f 1108/120/4 1070/121/4 1069/119/4
f 1107/122/4 1070/121/4 1108/120/4
f 1107/122/4 1071/123/4 1070/121/4
f 1106/124/4 1071/123/4 1107/122/4
f 1106/124/4 1072/125/4 1071/123/4
f 1105/126/4 1072/125/4 1106/124/4
f 1105/126/4 1073/127/4 1072/125/4
f 1104/128/4 1073/127/4 1105/126/4
f 1104/128/4 1074/129/4 1073/127/4
f 1103/130/4 1074/129/4 1104/128/4
f 1103/130/4 1075/131/4 1074/129/4
f 1102/132/4 1075/131/4 1103/130/4
f 1102/132/4 1076/133/4 1075/131/4
f 1101/134/4 1076/133/4 1102/132/4
f 1100/135/4 1076/133/4 1101/134/4
f 1100/135/4 1077/136/4 1076/133/4
f 1099/137/4 1077/136/4 1100/135/4
f 1099/137/4 1078/138/4 1077/136/4
f 1098/139/4 1078/138/4 1099/137/4
f 1098/139/4 1079/140/4 1078/138/4
f 1098/139/4 1080/141/4 1079/140/4
f 1097/142/4 1080/141/4 1098/139/4
f 1097/142/4 1081/143/4 1080/141/4
f 1096/144/4 1081/143/4 1097/142/4
f 1096/144/4 1082/145/4 1081/143/4
f 1095/146/4 1082/145/4 1096/144/4
f 1095/146/4 1083/147/4 1082/145/4
f 1094/148/4 1083/147/4 1095/146/4
f 1094/148/4 1084/149/4 1083/147/4
f 1093/150/4 1084/149/4 1094/148/4
f 1093/150/4 1085/151/4 1084/149/4
f 1092/152/4 1085/151/4 1093/150/4
f 1092/152/4 1086/153/4 1085/151/4
f 1091/154/4 1086/153/4 1092/152/4
f 1091/154/4 1087/155/4 1086/153/4
f 1090/156/4 1087/155/4 1091/154/4
f 1090/156/4 1088/157/4 1087/155/4
f 1089/158/4 1088/157/4 1090/156/4
f 1170/159/4 1172/47/4 1171/160/4
f 1170/159/4 1168/161/4 1172/47/4
f 1168/161/4 1163/51/4 1172/47/4
f 1163/51/4 1165/163/4 1164/162/4
f 1163/51/4 1166/164/4 1165/163/4
f 1170/159/4 1169/165/4 1168/161/4
f 1167/166/4 1163/51/4 1168/161/4
f 1167/166/4 1166/164/4 1163/51/4
f 1228/167/4 1174/168/4 1173/51/4
f 1228/167/4 1175/169/4 1174/168/4
f 1228/167/4 1176/170/4 1175/169/4
f 1227/171/4 1176/170/4 1228/167/4
f 1227/171/4 1177/172/4 1176/170/4
f 1226/173/4 1177/172/4 1227/171/4
f 1226/173/4 1178/174/4 1177/172/4
f 1225/175/4 1178/174/4 1226/173/4
f 1225/175/4 1179/176/4 1178/174/4
f 1224/177/4 1179/176/4 1225/175/4
f 1224/177/4 1180/178/4 1179/176/4
f 1223/179/4 1180/178/4 1224/177/4
f 1223/179/4 1181/180/4 1180/178/4
f 1222/181/4 1181/180/4 1223/179/4
f 1222/181/4 1182/182/4 1181/180/4
f 1221/183/4 1182/182/4 1222/181/4
f 1221/183/4 1183/184/4 1182/182/4
f 1220/185/4 1183/184/4 1221/183/4
f 1220/185/4 1184/186/4 1183/184/4
f 1219/187/4 1184/186/4 1220/185/4
f 1219/187/4 1185/188/4 1184/186/4
f 1218/189/4 1185/188/4 1219/187/4
f 1218/189/4 1186/190/4 1185/188/4
f 1217/191/4 1186/190/4 1218/189/4
f 1216/192/4 1186/190/4 1217/191/4
f 1216/192/4 1187/193/4 1186/190/4
f 1216/192/4 1188/194/4 1187/193/4
f 1215/195/4 1188/194/4 1216/192/4
f 1215/195/4 1189/196/4 1188/194/4
f 1214/197/4 1189/196/4 1215/195/4
f 1214/197/4 1190/198/4 1189/196/4
f 1213/199/4 1190/198/4 1214/197/4
f 1213/199/4 1191/200/4 1190/198/4
f 1212/201/4 1191/200/4 1213/199/4
f 1212/201/4 1192/202/4 1191/200/4
f 1211/203/4 1192/202/4 1212/201/4
f 1211/203/4 1193/204/4 1192/202/4
f 1210/205/4 1193/204/4 1211/203/4
f 1210/205/4 1194/206/4 1193/204/4
f 1209/207/4 1194/206/4 1210/205/4
f 1209/207/4 1195/208/4 1194/206/4
f 1208/209/4 1195/208/4 1209/207/4
f 1208/209/4 1196/210/4 1195/208/4
f 1207/211/4 1196/210/4 1208/209/4
f 1207/211/4 1197/212/4 1196/210/4
f 1206/213/4 1197/212/4 1207/211/4
f 1206/213/4 1243/214/4 1197/212/4
f 1243/214/4 1242/215/4 1197/212/4
f 1242/215/4 1198/216/4 1197/212/4
f 1205/217/4 1245/218/4 1206/213/4
f 1245/218/4 1244/219/4 1206/213/4
f 1244/219/4 1243/214/4 1206/213/4
f 1205/217/4 1246/220/4 1245/218/4
f 1241/221/4 1198/216/4 1242/215/4
f 1205/217/4 1247/222/4 1246/220/4
f 1240/223/4 1198/216/4 1241/221/4
f 1205/217/4 1248/224/4 1247/222/4
f 1239/225/4 1198/216/4 1240/223/4
f 1205/217/4 1249/226/4 1248/224/4
f 1238/227/4 1198/216/4 1239/225/4
f 1205/217/4 1250/228/4 1249/226/4
f 1237/229/4 1198/216/4 1238/227/4
f 1205/217/4 1251/230/4 1250/228/4
f 1236/231/4 1198/216/4 1237/229/4
f 1205/217/4 1252/232/4 1251/230/4
f 1235/233/4 1198/216/4 1236/231/4
f 1205/217/4 1253/234/4 1252/232/4
f 1234/235/4 1198/216/4 1235/233/4
f 1205/217/4 1254/236/4 1253/234/4
f 1233/237/4 1198/216/4 1234/235/4
f 1205/217/4 1255/238/4 1254/236/4
f 1232/239/4 1198/216/4 1233/237/4
f 1205/217/4 1256/47/4 1255/238/4
f 1231/240/4 1198/216/4 1232/239/4
f 1204/241/4 1256/47/4 1205/217/4
f 1204/241/4 1229/242/4 1256/47/4
f 1230/243/4 1198/216/4 1231/240/4
f 1230/243/4 1199/244/4 1198/216/4
f 1204/241/4 1202/245/4 1229/242/4
f 1202/245/4 1230/243/4 1229/242/4
f 1202/245/4 1201/246/4 1230/243/4
f 1201/246/4 1199/244/4 1230/243/4
f 1204/241/4 1203/247/4 1202/245/4
f 1200/248/4 1199/244/4 1201/246/4
f 1389/1/4 1391/3/4 1390/2/4
f 1389/1/4 1392/4/4 1391/3/4
f 1389/1/4 1393/5/4 1392/4/4
f 1388/6/4 1393/5/4 1389/1/4
f 1388/6/4 1394/7/4 1393/5/4
f 1387/8/4 1394/7/4 1388/6/4
f 1387/8/4 1395/9/4 1394/7/4
f 1386/10/4 1395/9/4 1387/8/4
f 1386/10/4 1396/11/4 1395/9/4
f 1385/12/4 1396/11/4 1386/10/4
f 1385/12/4 1397/13/4 1396/11/4
f 1384/14/4 1397/13/4 1385/12/4
f 1384/14/4 1398/15/4 1397/13/4
f 1383/16/4 1398/15/4 1384/14/4
f 1383/16/4 1399/17/4 1398/15/4
f 1382/18/4 1399/17/4 1383/16/4
f 1382/18/4 1400/19/4 1399/17/4
f 1381/20/4 1400/19/4 1382/18/4
f 1381/20/4 1401/21/4 1400/19/4
f 1380/22/4 1401/21/4 1381/20/4
f 1380/22/4 1402/23/4 1401/21/4
f 1379/24/4 1402/23/4 1380/22/4
f 1379/24/4 1403/25/4 1402/23/4
f 1378/26/4 1403/25/4 1379/24/4
f 1377/27/4 1403/25/4 1378/26/4
f 1377/27/4 1404/28/4 1403/25/4
f 1377/27/4 1405/29/4 1404/28/4
f 1376/30/4 1405/29/4 1377/27/4
f 1376/30/4 1406/31/4 1405/29/4
f 1375/32/4 1406/31/4 1376/30/4
f 1375/32/4 1407/33/4 1406/31/4
f 1374/34/4 1407/33/4 1375/32/4
f 1374/34/4 1408/35/4 1407/33/4
f 1373/36/4 1408/35/4 1374/34/4
f 1373/36/4 1409/37/4 1408/35/4
f 1372/38/4 1409/37/4 1373/36/4
f 1372/38/4 1410/39/4 1409/37/4
f 1371/40/4 1410/39/4 1372/38/4
f 1371/40/4 1411/41/4 1410/39/4
f 1370/42/4 1411/41/4 1371/40/4
f 1370/42/4 1412/43/4 1411/41/4
f 1369/44/4 1412/43/4 1370/42/4
f 1369/44/4 1413/45/4 1412/43/4
f 1368/46/4 1413/45/4 1369/44/4
f 1368/46/4 1414/47/4 1413/45/4
f 1367/48/4 1414/47/4 1368/46/4
f 1367/48/4 1272/49/4 1414/47/4
f 1272/49/4 1271/50/4 1414/47/4
f 1271/50/4 1257/51/4 1414/47/4
f 1366/52/4 1274/53/4 1367/48/4
f 1274/53/4 1273/54/4 1367/48/4
f 1273/54/4 1272/49/4 1367/48/4
f 1366/52/4 1275/55/4 1274/53/4
f 1270/56/4 1257/51/4 1271/50/4
f 1366/52/4 1276/57/4 1275/55/4
f 1269/58/4 1257/51/4 1270/56/4
f 1366/52/4 1277/59/4 1276/57/4
f 1268/60/4 1257/51/4 1269/58/4
f 1366/52/4 1278/61/4 1277/59/4
f 1267/62/4 1257/51/4 1268/60/4
f 1366/52/4 1279/63/4 1278/61/4
f 1266/64/4 1257/51/4 1267/62/4
f 1366/52/4 1280/65/4 1279/63/4
f 1265/66/4 1257/51/4 1266/64/4
f 1366/52/4 1281/67/4 1280/65/4
f 1264/68/4 1257/51/4 1265/66/4
f 1366/52/4 1282/69/4 1281/67/4
f 1263/70/4 1257/51/4 1264/68/4
f 1366/52/4 1283/71/4 1282/69/4
f 1262/72/4 1257/51/4 1263/70/4
f 1366/52/4 1284/73/4 1283/71/4
f 1261/74/4 1257/51/4 1262/72/4
f 1366/52/4 1285/75/4 1284/73/4
f 1260/76/4 1257/51/4 1261/74/4
f 1365/77/4 1285/75/4 1366/52/4
f 1365/77/4 1286/78/4 1285/75/4
f 1259/79/4 1257/51/4 1260/76/4
f 1259/79/4 1258/80/4 1257/51/4
f 1313/81/4 1315/83/4 1314/82/4
f 1313/81/4 1312/84/4 1315/83/4
f 1312/84/4 1316/85/4 1315/83/4
f 1311/86/4 1316/85/4 1312/84/4
f 1364/87/4 1286/78/4 1365/77/4
f 1364/87/4 1287/88/4 1286/78/4
f 1310/89/4 1316/85/4 1311/86/4
f 1310/89/4 1317/90/4 1316/85/4
f 1364/87/4 1288/91/4 1287/88/4
f 1309/92/4 1317/90/4 1310/89/4
f 1364/87/4 1289/93/4 1288/91/4
f 1308/94/4 1317/90/4 1309/92/4
f 1364/87/4 1290/95/4 1289/93/4
f 1307/96/4 1317/90/4 1308/94/4
f 1364/87/4 1291/97/4 1290/95/4
f 1306/98/4 1317/90/4 1307/96/4
f 1364/87/4 1292/99/4 1291/97/4
f 1305/100/4 1317/90/4 1306/98/4
f 1364/87/4 1293/101/4 1292/99/4
f 1304/102/4 1317/90/4 1305/100/4
f 1364/87/4 1294/103/4 1293/101/4
f 1303/104/4 1317/90/4 1304/102/4
f 1364/87/4 1295/105/4 1294/103/4
f 1302/106/4 1317/90/4 1303/104/4
f 1364/87/4 1296/107/4 1295/105/4
f 1301/108/4 1317/90/4 1302/106/4
f 1364/87/4 1297/109/4 1296/107/4
f 1300/110/4 1317/90/4 1301/108/4
f 1364/87/4 1298/111/4 1297/109/4
f 1299/112/4 1317/90/4 1300/110/4
f 1364/87/4 1299/112/4 1298/111/4
f 1364/87/4 1317/90/4 1299/112/4
f 1364/87/4 1318/113/4 1317/90/4
f 1363/114/4 1318/113/4 1364/87/4
f 1363/114/4 1319/115/4 1318/113/4
f 1362/116/4 1319/115/4 1363/114/4
f 1362/116/4 1320/117/4 1319/115/4
f 1361/118/4 1320/117/4 1362/116/4
f 1361/118/4 1321/119/4 1320/117/4
f 1360/120/4 1321/119/4 1361/118/4
f 1360/120/4 1322/121/4 1321/119/4
f 1359/122/4 1322/121/4 1360/120/4
f 1359/122/4 1323/123/4 1322/121/4
f 1358/124/4 1323/123/4 1359/122/4
f 1358/124/4 1324/125/4 1323/123/4
f 1357/126/4 1324/125/4 1358/124/4
f 1357/126/4 1325/127/4 1324/125/4
f 1356/128/4 1325/127/4 1357/126/4
f 1356/128/4 1326/129/4 1325/127/4
f 1355/130/4 1326/129/4 1356/128/4
f 1355/130/4 1327/131/4 1326/129/4
f 1354/132/4 1327/131/4 1355/130/4
f 1354/132/4 1328/133/4 1327/131/4
f 1353/134/4 1328/133/4 1354/132/4
f 1352/135/4 1328/133/4 1353/134/4
f 1352/135/4 1329/136/4 1328/133/4
f 1351/137/4 1329/136/4 1352/135/4
f 1351/137/4 1330/138/4 1329/136/4
f 1350/139/4 1330/138/4 1351/137/4
f 1350/139/4 1331/140/4 1330/138/4
f 1350/139/4 1332/141/4 1331/140/4
f 1349/142/4 1332/141/4 1350/139/4
f 1349/142/4 1333/143/4 1332/141/4
f 1348/144/4 1333/143/4 1349/142/4
f 1348/144/4 1334/145/4 1333/143/4
f 1347/146/4 1334/145/4 1348/144/4
f 1347/146/4 1335/147/4 1334/145/4
f 1346/148/4 1335/147/4 1347/146/4
f 1346/148/4 1336/149/4 1335/147/4
f 1345/150/4 1336/149/4 1346/148/4
f 1345/150/4 1337/151/4 1336/149/4
f 1344/152/4 1337/151/4 1345/150/4
f 1344/152/4 1338/153/4 1337/151/4
f 1343/154/4 1338/153/4 1344/152/4
f 1343/154/4 1339/155/4 1338/153/4
f 1342/156/4 1339/155/4 1343/154/4
f 1342/156/4 1340/157/4 1339/155/4
f 1341/158/4 1340/157/4 1342/156/4
f 1422/159/4 1424/47/4 1423/160/4
f 1422/159/4 1420/161/4 1424/47/4
f 1420/161/4 1415/51/4 1424/47/4
f 1415/51/4 1417/163/4 1416/162/4
f 1415/51/4 1418/164/4 1417/163/4
f 1422/159/4 1421/165/4 1420/161/4
f 1419/166/4 1415/51/4 1420/161/4
f 1419/166/4 1418/164/4 1415/51/4
f 1524/249/4 1426/250/4 1425/51/4
f 1524/249/4 1427/251/4 1426/250/4
f 1524/249/4 1428/252/4 1427/251/4
f 1523/253/4 1428/252/4 1524/249/4
f 1523/253/4 1429/254/4 1428/252/4
f 1522/255/4 1429/254/4 1523/253/4
f 1522/255/4 1430/256/4 1429/254/4
f 1521/257/4 1430/256/4 1522/255/4
f 1521/257/4 1431/258/4 1430/256/4
f 1520/259/4 1431/258/4 1521/257/4
f 1520/259/4 1432/260/4 1431/258/4
f 1519/261/4 1432/260/4 1520/259/4
f 1519/261/4 1433/262/4 1432/260/4
f 1518/263/4 1433/262/4 1519/261/4
f 1518/263/4 1434/264/4 1433/262/4
f 1517/265/4 1434/264/4 1518/263/4
f 1517/265/4 1435/266/4 1434/264/4
f 1516/267/4 1435/266/4 1517/265/4
f 1516/267/4 1436/268/4 1435/266/4
f 1515/269/4 1436/268/4 1516/267/4
f 1515/269/4 1437/270/4 1436/268/4
f 1514/271/4 1437/270/4 1515/269/4
f 1514/271/4 1438/272/4 1437/270/4
f 1513/273/4 1438/272/4 1514/271/4
f 1512/274/4 1438/272/4 1513/273/4
f 1512/274/4 1439/275/4 1438/272/4
f 1512/274/4 1440/276/4 1439/275/4
f 1511/277/4 1440/276/4 1512/274/4
f 1511/277/4 1441/278/4 1440/276/4
f 1510/279/4 1441/278/4 1511/277/4
f 1510/279/4 1442/280/4 1441/278/4
f 1509/281/4 1442/280/4 1510/279/4
f 1509/281/4 1443/282/4 1442/280/4
f 1508/283/4 1443/282/4 1509/281/4
f 1508/283/4 1444/284/4 1443/282/4
f 1507/285/4 1444/284/4 1508/283/4
f 1507/285/4 1445/286/4 1444/284/4
f 1506/287/4 1445/286/4 1507/285/4
f 1506/287/4 1446/288/4 1445/286/4
f 1505/289/4 1446/288/4 1506/287/4
f 1505/289/4 1447/290/4 1446/288/4
f 1504/291/4 1447/290/4 1505/289/4
f 1504/291/4 1448/292/4 1447/290/4
f 1503/293/4 1448/292/4 1504/291/4
f 1503/293/4 1449/294/4 1448/292/4
f 1502/295/4 1449/294/4 1503/293/4
f 1502/295/4 1551/296/4 1449/294/4
f 1551/296/4 1450/297/4 1449/294/4
f 1501/298/4 1553/299/4 1502/295/4
f 1553/299/4 1552/300/4 1502/295/4
f 1552/300/4 1551/296/4 1502/295/4
f 1550/301/4 1450/297/4 1551/296/4
f 1501/298/4 1554/302/4 1553/299/4
f 1549/303/4 1450/297/4 1550/301/4
f 1501/298/4 1555/304/4 1554/302/4
f 1548/305/4 1450/297/4 1549/303/4
f 1501/298/4 1556/306/4 1555/304/4
f 1547/307/4 1450/297/4 1548/305/4
f 1501/298/4 1557/308/4 1556/306/4
f 1546/309/4 1450/297/4 1547/307/4
f 1501/298/4 1558/310/4 1557/308/4
f 1545/311/4 1450/297/4 1546/309/4
f 1501/298/4 1559/312/4 1558/310/4
f 1544/313/4 1450/297/4 1545/311/4
f 1501/298/4 1560/314/4 1559/312/4
f 1543/315/4 1450/297/4 1544/313/4
f 1501/298/4 1561/316/4 1560/314/4
f 1542/317/4 1450/297/4 1543/315/4
f 1501/298/4 1562/318/4 1561/316/4
f 1541/319/4 1450/297/4 1542/317/4
f 1501/298/4 1563/320/4 1562/318/4
f 1540/321/4 1450/297/4 1541/319/4
f 1501/298/4 1564/322/4 1563/320/4
f 1539/323/4 1450/297/4 1540/321/4
f 1500/324/4 1564/322/4 1501/298/4
f 1500/324/4 1565/325/4 1564/322/4
f 1538/326/4 1450/297/4 1539/323/4
f 1538/326/4 1451/327/4 1450/297/4
f 1499/328/4 1565/325/4 1500/324/4
f 1499/328/4 1566/329/4 1565/325/4
f 1537/330/4 1451/327/4 1538/326/4
f 1537/330/4 1452/331/4 1451/327/4
f 1499/328/4 1567/332/4 1566/329/4
f 1536/333/4 1452/331/4 1537/330/4
f 1499/328/4 1568/334/4 1567/332/4
f 1535/335/4 1452/331/4 1536/333/4
f 1499/328/4 1569/336/4 1568/334/4
f 1534/337/4 1452/331/4 1535/335/4
f 1499/328/4 1570/338/4 1569/336/4
f 1533/339/4 1452/331/4 1534/337/4
f 1499/328/4 1571/340/4 1570/338/4
f 1532/341/4 1452/331/4 1533/339/4
f 1499/328/4 1572/342/4 1571/340/4
f 1531/343/4 1452/331/4 1532/341/4
f 1499/328/4 1573/344/4 1572/342/4
f 1530/345/4 1452/331/4 1531/343/4
f 1499/328/4 1574/346/4 1573/344/4
f 1529/347/4 1452/331/4 1530/345/4
f 1499/328/4 1575/348/4 1574/346/4
f 1528/349/4 1452/331/4 1529/347/4
f 1499/328/4 1576/47/4 1575/348/4
f 1527/350/4 1452/331/4 1528/349/4
f 1499/328/4 1525/351/4 1576/47/4
f 1526/352/4 1452/331/4 1527/350/4
f 1499/328/4 1526/352/4 1525/351/4
f 1499/328/4 1452/331/4 1526/352/4
f 1499/328/4 1453/353/4 1452/331/4
f 1498/354/4 1453/353/4 1499/328/4
f 1498/354/4 1454/355/4 1453/353/4
f 1497/356/4 1454/355/4 1498/354/4
f 1497/356/4 1455/357/4 1454/355/4
f 1496/358/4 1455/357/4 1497/356/4
f 1496/358/4 1456/359/4 1455/357/4
f 1495/360/4 1456/359/4 1496/358/4
f 1495/360/4 1457/361/4 1456/359/4
f 1494/362/4 1457/361/4 1495/360/4
f 1494/362/4 1458/363/4 1457/361/4
f 1493/364/4 1458/363/4 1494/362/4
f 1493/364/4 1459/365/4 1458/363/4
f 1492/366/4 1459/365/4 1493/364/4
f 1492/366/4 1460/367/4 1459/365/4
f 1491/368/4 1460/367/4 1492/366/4
f 1491/368/4 1461/369/4 1460/367/4
f 1490/370/4 1461/369/4 1491/368/4
f 1490/370/4 1462/371/4 1461/369/4
f 1489/372/4 1462/371/4 1490/370/4
f 1489/372/4 1463/373/4 1462/371/4
f 1488/374/4 1463/373/4 1489/372/4
f 1487/375/4 1463/373/4 1488/374/4
f 1487/375/4 1464/376/4 1463/373/4
f 1486/377/4 1464/376/4 1487/375/4
f 1486/377/4 1465/378/4 1464/376/4
f 1485/379/4 1465/378/4 1486/377/4
f 1485/379/4 1466/380/4 1465/378/4
f 1485/379/4 1467/381/4 1466/380/4
f 1484/382/4 1467/381/4 1485/379/4
f 1484/382/4 1468/383/4 1467/381/4
f 1483/384/4 1468/383/4 1484/382/4
f 1483/384/4 1469/385/4 1468/383/4
f 1482/386/4 1469/385/4 1483/384/4
f 1482/386/4 1470/387/4 1469/385/4
f 1481/388/4 1470/387/4 1482/386/4
f 1481/388/4 1471/389/4 1470/387/4
f 1480/390/4 1471/389/4 1481/388/4
f 1480/390/4 1472/391/4 1471/389/4
f 1479/392/4 1472/391/4 1480/390/4
f 1479/392/4 1473/393/4 1472/391/4
f 1478/394/4 1473/393/4 1479/392/4
f 1478/394/4 1474/395/4 1473/393/4
f 1477/396/4 1474/395/4 1478/394/4
f 1477/396/4 1475/397/4 1474/395/4
f 1476/398/4 1475/397/4 1477/396/4
f 1709/1/4 1711/3/4 1710/2/4
f 1709/1/4 1712/4/4 1711/3/4
f 1709/1/4 1713/5/4 1712/4/4
f 1708/6/4 1713/5/4 1709/1/4
f 1708/6/4 1714/7/4 1713/5/4
f 1707/8/4 1714/7/4 1708/6/4
f 1707/8/4 1715/9/4 1714/7/4
f 1706/10/4 1715/9/4 1707/8/4
f 1706/10/4 1716/11/4 1715/9/4
f 1705/12/4 1716/11/4 1706/10/4
f 1705/12/4 1717/13/4 1716/11/4
f 1704/14/4 1717/13/4 1705/12/4
f 1704/14/4 1718/15/4 1717/13/4
f 1703/16/4 1718/15/4 1704/14/4
f 1703/16/4 1719/17/4 1718/15/4
f 1702/18/4 1719/17/4 1703/16/4
f 1702/18/4 1720/19/4 1719/17/4
f 1701/20/4 1720/19/4 1702/18/4
f 1701/20/4 1721/21/4 1720/19/4
f 1700/22/4 1721/21/4 1701/20/4
f 1700/22/4 1722/23/4 1721/21/4
f 1699/24/4 1722/23/4 1700/22/4
f 1699/24/4 1723/25/4 1722/23/4
f 1698/26/4 1723/25/4 1699/24/4
f 1697/27/4 1723/25/4 1698/26/4
f 1697/27/4 1724/28/4 1723/25/4
f 1697/27/4 1725/29/4 1724/28/4
f 1696/30/4 1725/29/4 1697/27/4
f 1696/30/4 1726/31/4 1725/29/4
f 1695/32/4 1726/31/4 1696/30/4
f 1695/32/4 1727/33/4 1726/31/4
f 1694/34/4 1727/33/4 1695/32/4
f 1694/34/4 1728/35/4 1727/33/4
f 1693/36/4 1728/35/4 1694/34/4
f 1693/36/4 1729/37/4 1728/35/4
f 1692/38/4 1729/37/4 1693/36/4
f 1692/38/4 1730/39/4 1729/37/4
f 1691/40/4 1730/39/4 1692/38/4
f 1691/40/4 1731/41/4 1730/39/4
f 1690/42/4 1731/41/4 1691/40/4
f 1690/42/4 1732/43/4 1731/41/4
f 1689/44/4 1732/43/4 1690/42/4
f 1689/44/4 1733/45/4 1732/43/4
f 1688/46/4 1733/45/4 1689/44/4
f 1688/46/4 1734/47/4 1733/45/4
f 1687/48/4 1734/47/4 1688/46/4
f 1687/48/4 1592/49/4 1734/47/4
f 1592/49/4 1591/50/4 1734/47/4
f 1591/50/4 1577/51/4 1734/47/4
f 1686/52/4 1594/53/4 1687/48/4
f 1594/53/4 1593/54/4 1687/48/4
f 1593/54/4 1592/49/4 1687/48/4
f 1686/52/4 1595/55/4 1594/53/4
f 1590/56/4 1577/51/4 1591/50/4
f 1686/52/4 1596/57/4 1595/55/4
f 1589/58/4 1577/51/4 1590/56/4
f 1686/52/4 1597/59/4 1596/57/4
f 1588/60/4 1577/51/4 1589/58/4
f 1686/52/4 1598/61/4 1597/59/4
f 1587/62/4 1577/51/4 1588/60/4
f 1686/52/4 1599/63/4 1598/61/4
f 1586/64/4 1577/51/4 1587/62/4
f 1686/52/4 1600/65/4 1599/63/4
f 1585/66/4 1577/51/4 1586/64/4
f 1686/52/4 1601/67/4 1600/65/4
f 1584/68/4 1577/51/4 1585/66/4
f 1686/52/4 1602/69/4 1601/67/4
f 1583/70/4 1577/51/4 1584/68/4
f 1686/52/4 1603/71/4 1602/69/4
f 1582/72/4 1577/51/4 1583/70/4
f 1686/52/4 1604/73/4 1603/71/4
f 1581/74/4 1577/51/4 1582/72/4
f 1686/52/4 1605/75/4 1604/73/4
f 1580/76/4 1577/51/4 1581/74/4
f 1685/77/4 1605/75/4 1686/52/4
f 1685/77/4 1606/78/4 1605/75/4
f 1579/79/4 1577/51/4 1580/76/4
f 1579/79/4 1578/80/4 1577/51/4
f 1633/81/4 1635/83/4 1634/82/4
f 1633/81/4 1632/84/4 1635/83/4
f 1632/84/4 1636/85/4 1635/83/4
f 1631/86/4 1636/85/4 1632/84/4
f 1684/87/4 1606/78/4 1685/77/4
f 1684/87/4 1607/88/4 1606/78/4
f 1630/89/4 1636/85/4 1631/86/4
f 1630/89/4 1637/90/4 1636/85/4
f 1684/87/4 1608/91/4 1607/88/4
f 1629/92/4 1637/90/4 1630/89/4
f 1684/87/4 1609/93/4 1608/91/4
f 1628/94/4 1637/90/4 1629/92/4
f 1684/87/4 1610/95/4 1609/93/4
f 1627/96/4 1637/90/4 1628/94/4
f 1684/87/4 1611/97/4 1610/95/4
f 1626/98/4 1637/90/4 1627/96/4
f 1684/87/4 1612/99/4 1611/97/4
f 1625/100/4 1637/90/4 1626/98/4
f 1684/87/4 1613/101/4 1612/99/4
f 1624/102/4 1637/90/4 1625/100/4
f 1684/87/4 1614/103/4 1613/101/4
f 1623/104/4 1637/90/4 1624/102/4
f 1684/87/4 1615/105/4 1614/103/4
f 1622/106/4 1637/90/4 1623/104/4
f 1684/87/4 1616/107/4 1615/105/4
f 1621/108/4 1637/90/4 1622/106/4
f 1684/87/4 1617/109/4 1616/107/4
f 1620/110/4 1637/90/4 1621/108/4
f 1684/87/4 1618/111/4 1617/109/4
f 1619/112/4 1637/90/4 1620/110/4
f 1684/87/4 1619/112/4 1618/111/4
f 1684/87/4 1637/90/4 1619/112/4
f 1684/87/4 1638/113/4 1637/90/4
f 1683/114/4 1638/113/4 1684/87/4
f 1683/114/4 1639/115/4 1638/113/4
f 1682/116/4 1639/115/4 1683/114/4
f 1682/116/4 1640/117/4 1639/115/4
f 1681/118/4 1640/117/4 1682/116/4
f 1681/118/4 1641/119/4 1640/117/4
f 1680/120/4 1641/119/4 1681/118/4
f 1680/120/4 1642/121/4 1641/119/4
f 1679/122/4 1642/121/4 1680/120/4
f 1679/122/4 1643/123/4 1642/121/4
f 1678/124/4 1643/123/4 1679/122/4
f 1678/124/4 1644/125/4 1643/123/4
f 1677/126/4 1644/125/4 1678/124/4
f 1677/126/4 1645/127/4 1644/125/4
f 1676/128/4 1645/127/4 1677/126/4
f 1676/128/4 1646/129/4 1645/127/4
f 1675/130/4 1646/129/4 1676/128/4
f 1675/130/4 1647/131/4 1646/129/4
f 1674/132/4 1647/131/4 1675/130/4
f 1674/132/4 1648/133/4 1647/131/4
f 1673/134/4 1648/133/4 1674/132/4
f 1672/135/4 1648/133/4 1673/134/4
f 1672/135/4 1649/136/4 1648/133/4
f 1671/137/4 1649/136/4 1672/135/4
f 1671/137/4 1650/138/4 1649/136/4
f 1670/139/4 1650/138/4 1671/137/4
f 1670/139/4 1651/140/4 1650/138/4
f 1670/139/4 1652/141/4 1651/140/4
f 1669/142/4 1652/141/4 1670/139/4
f 1669/142/4 1653/143/4 1652/141/4
f 1668/144/4 1653/143/4 1669/142/4
f 1668/144/4 1654/145/4 1653/143/4
f 1667/146/4 1654/145/4 1668/144/4
f 1667/146/4 1655/147/4 1654/145/4
f 1666/148/4 1655/147/4 1667/146/4
f 1666/148/4 1656/149/4 1655/147/4
f 1665/150/4 1656/149/4 1666/148/4
f 1665/150/4 1657/151/4 1656/149/4
f 1664/152/4 1657/151/4 1665/150/4
f 1664/152/4 1658/153/4 1657/151/4
f 1663/154/4 1658/153/4 1664/152/4
f 1663/154/4 1659/155/4 1658/153/4
f 1662/156/4 1659/155/4 1663/154/4
f 1662/156/4 1660/157/4 1659/155/4
f 1661/158/4 1660/157/4 1662/156/4
f 1740/399/4 1742/401/4 1741/400/4
f 1740/399/4 1743/47/4 1742/401/4
f 1743/47/4 1736/402/4 1735/51/4
f 1743/47/4 1737/403/4 1736/402/4
f 1740/399/4 1737/403/4 1743/47/4
f 1739/404/4 1737/403/4 1740/399/4
f 1739/404/4 1738/405/4 1737/403/4
f 1744/51/4 1746/407/4 1745/406/4
f 1744/51/4 1747/408/4 1746/407/4
f 1744/51/4 1748/409/4 1747/408/4
f 1744/51/4 1749/47/4 1748/409/4
f 1849/249/4 1751/250/4 1750/51/4
f 1849/249/4 1752/251/4 1751/250/4
f 1849/249/4 1753/252/4 1752/251/4
f 1848/253/4 1753/252/4 1849/249/4
f 1848/253/4 1754/254/4 1753/252/4
f 1847/255/4 1754/254/4 1848/253/4
f 1847/255/4 1755/256/4 1754/254/4
f 1846/257/4 1755/256/4 1847/255/4
f 1846/257/4 1756/258/4 1755/256/4
f 1845/259/4 1756/258/4 1846/257/4
f 1845/259/4 1757/260/4 1756/258/4
f 1844/261/4 1757/260/4 1845/259/4
f 1844/261/4 1758/262/4 1757/260/4
f 1843/263/4 1758/262/4 1844/261/4
f 1843/263/4 1759/264/4 1758/262/4
f 1842/265/4 1759/264/4 1843/263/4
f 1842/265/4 1760/266/4 1759/264/4
f 1841/267/4 1760/266/4 1842/265/4
f 1841/267/4 1761/268/4 1760/266/4
f 1840/269/4 1761/268/4 1841/267/4
f 1840/269/4 1762/270/4 1761/268/4
f 1839/271/4 1762/270/4 1840/269/4
f 1839/271/4 1763/272/4 1762/270/4
f 1838/273/4 1763/272/4 1839/271/4
f 1837/274/4 1763/272/4 1838/273/4
f 1837/274/4 1764/275/4 1763/272/4
f 1837/274/4 1765/276/4 1764/275/4
f 1836/277/4 1765/276/4 1837/274/4
f 1836/277/4 1766/278/4 1765/276/4
f 1835/279/4 1766/278/4 1836/277/4
f 1835/279/4 1767/280/4 1766/278/4
f 1834/281/4 1767/280/4 1835/279/4
f 1834/281/4 1768/282/4 1767/280/4
f 1833/283/4 1768/282/4 1834/281/4
f 1833/283/4 1769/284/4 1768/282/4
f 1832/285/4 1769/284/4 1833/283/4
f 1832/285/4 1770/286/4 1769/284/4
f 1831/287/4 1770/286/4 1832/285/4
f 1831/287/4 1771/288/4 1770/286/4
f 1830/289/4 1771/288/4 1831/287/4
f 1830/289/4 1772/290/4 1771/288/4
f 1829/291/4 1772/290/4 1830/289/4
f 1829/291/4 1773/292/4 1772/290/4
f 1828/293/4 1773/292/4 1829/291/4
f 1828/293/4 1774/294/4 1773/292/4
f 1827/295/4 1774/294/4 1828/293/4
f 1827/295/4 1876/296/4 1774/294/4
f 1876/296/4 1775/297/4 1774/294/4
f 1826/298/4 1878/299/4 1827/295/4
f 1878/299/4 1877/300/4 1827/295/4
f 1877/300/4 1876/296/4 1827/295/4
f 1875/301/4 1775/297/4 1876/296/4
f 1826/298/4 1879/302/4 1878/299/4
f 1874/303/4 1775/297/4 1875/301/4
f 1826/298/4 1880/304/4 1879/302/4
f 1873/305/4 1775/297/4 1874/303/4
f 1826/298/4 1881/306/4 1880/304/4
f 1872/307/4 1775/297/4 1873/305/4
f 1826/298/4 1882/308/4 1881/306/4
f 1871/309/4 1775/297/4 1872/307/4
f 1826/298/4 1883/310/4 1882/308/4
f 1870/311/4 1775/297/4 1871/309/4
f 1826/298/4 1884/312/4 1883/310/4
f 1869/313/4 1775/297/4 1870/311/4
f 1826/298/4 1885/314/4 1884/312/4
f 1868/315/4 1775/297/4 1869/313/4
f 1826/298/4 1886/316/4 1885/314/4
f 1867/317/4 1775/297/4 1868/315/4
f 1826/298/4 1887/318/4 1886/316/4
f 1866/319/4 1775/297/4 1867/317/4
f 1826/298/4 1888/320/4 1887/318/4
f 1865/321/4 1775/297/4 1866/319/4
f 1826/298/4 1889/322/4 1888/320/4
f 1864/323/4 1775/297/4 1865/321/4
f 1825/324/4 1889/322/4 1826/298/4
f 1825/324/4 1890/325/4 1889/322/4
f 1863/326/4 1775/297/4 1864/323/4
f 1863/326/4 1776/327/4 1775/297/4
f 1824/328/4 1890/325/4 1825/324/4
f 1824/328/4 1891/329/4 1890/325/4
f 1862/330/4 1776/327/4 1863/326/4
f 1862/330/4 1777/331/4 1776/327/4
f 1824/328/4 1892/332/4 1891/329/4
f 1861/333/4 1777/331/4 1862/330/4
f 1824/328/4 1893/334/4 1892/332/4
f 1860/335/4 1777/331/4 1861/333/4
f 1824/328/4 1894/336/4 1893/334/4
f 1859/337/4 1777/331/4 1860/335/4
f 1824/328/4 1895/338/4 1894/336/4
f 1858/339/4 1777/331/4 1859/337/4
f 1824/328/4 1896/340/4 1895/338/4
f 1857/341/4 1777/331/4 1858/339/4
f 1824/328/4 1897/342/4 1896/340/4
f 1856/343/4 1777/331/4 1857/341/4
f 1824/328/4 1898/344/4 1897/342/4
f 1855/345/4 1777/331/4 1856/343/4
f 1824/328/4 1899/346/4 1898/344/4
f 1854/347/4 1777/331/4 1855/345/4
f 1824/328/4 1900/348/4 1899/346/4
f 1853/349/4 1777/331/4 1854/347/4
f 1824/328/4 1901/47/4 1900/348/4
f 1852/350/4 1777/331/4 1853/349/4
f 1824/328/4 1850/351/4 1901/47/4
f 1851/352/4 1777/331/4 1852/350/4
f 1824/328/4 1851/352/4 1850/351/4
f 1824/328/4 1777/331/4 1851/352/4
f 1824/328/4 1778/353/4 1777/331/4
f 1823/354/4 1778/353/4 1824/328/4
f 1823/354/4 1779/355/4 1778/353/4
f 1822/356/4 1779/355/4 1823/354/4
f 1822/356/4 1780/357/4 1779/355/4
f 1821/358/4 1780/357/4 1822/356/4
f 1821/358/4 1781/359/4 1780/357/4
f 1820/360/4 1781/359/4 1821/358/4
f 1820/360/4 1782/361/4 1781/359/4
f 1819/362/4 1782/361/4 1820/360/4
f 1819/362/4 1783/363/4 1782/361/4
f 1818/364/4 1783/363/4 1819/362/4
f 1818/364/4 1784/365/4 1783/363/4
f 1817/366/4 1784/365/4 1818/364/4
f 1817/366/4 1785/367/4 1784/365/4
f 1816/368/4 1785/367/4 1817/366/4
f 1816/368/4 1786/369/4 1785/367/4
f 1815/370/4 1786/369/4 1816/368/4
f 1815/370/4 1787/371/4 1786/369/4
f 1814/372/4 1787/371/4 1815/370/4
f 1814/372/4 1788/373/4 1787/371/4
f 1813/374/4 1788/373/4 1814/372/4
f 1812/375/4 1788/373/4 1813/374/4
f 1812/375/4 1789/376/4 1788/373/4
f 1811/377/4 1789/376/4 1812/375/4
f 1811/377/4 1790/378/4 1789/376/4
f 1810/379/4 1790/378/4 1811/377/4
f 1810/379/4 1791/380/4 1790/378/4
f 1810/379/4 1792/381/4 1791/380/4
f 1809/382/4 1792/381/4 1810/379/4
f 1809/382/4 1793/383/4 1792/381/4
f 1808/384/4 1793/383/4 1809/382/4
f 1808/384/4 1794/385/4 1793/383/4
f 1807/386/4 1794/385/4 1808/384/4
f 1807/386/4 1795/387/4 1794/385/4
f 1806/388/4 1795/387/4 1807/386/4
f 1806/388/4 1796/389/4 1795/387/4
f 1805/390/4 1796/389/4 1806/388/4
f 1805/390/4 1797/391/4 1796/389/4
f 1804/392/4 1797/391/4 1805/390/4
f 1804/392/4 1798/393/4 1797/391/4
f 1803/394/4 1798/393/4 1804/392/4
f 1803/394/4 1799/395/4 1798/393/4
f 1802/396/4 1799/395/4 1803/394/4
f 1802/396/4 1800/397/4 1799/395/4
f 1801/398/4 1800/397/4 1802/396/4
f 1956/410/4 1981/411/4 1902/51/4
f 1981/411/4 1980/412/4 1902/51/4
f 1980/412/4 1979/413/4 1902/51/4
f 1979/413/4 1978/414/4 1902/51/4
f 1978/414/4 1977/415/4 1902/51/4
f 1977/415/4 1976/416/4 1902/51/4
f 1976/416/4 1975/417/4 1902/51/4
f 1975/417/4 1974/418/4 1902/51/4
f 1974/418/4 1903/419/4 1902/51/4
f 1974/418/4 1904/420/4 1903/419/4
f 1974/418/4 1905/421/4 1904/420/4
f 1974/418/4 1906/422/4 1905/421/4
f 1974/418/4 1907/423/4 1906/422/4
f 1974/418/4 1973/424/4 1907/423/4
f 1973/424/4 1908/425/4 1907/423/4
f 1973/424/4 1909/426/4 1908/425/4
f 1973/424/4 1910/427/4 1909/426/4
f 1973/424/4 1911/428/4 1910/427/4
f 1973/424/4 1912/429/4 1911/428/4
f 1973/424/4 1913/430/4 1912/429/4
f 1973/424/4 1914/431/4 1913/430/4
f 1973/424/4 1915/432/4 1914/431/4
f 1973/424/4 1916/433/4 1915/432/4
f 1973/424/5 1972/434/5 1916/433/5
f 1972/434/4 1917/435/4 1916/433/4
f 1972/434/4 1918/436/4 1917/435/4
f 1972/434/4 1919/437/4 1918/436/4
f 1972/434/4 1920/438/4 1919/437/4
f 1972/434/4 1921/439/4 1920/438/4
f 1972/434/4 1922/440/4 1921/439/4
f 1972/434/4 1923/441/4 1922/440/4
f 1972/434/6 1971/442/6 1923/441/6
f 1971/442/4 1924/443/4 1923/441/4
f 1971/442/4 1925/444/4 1924/443/4
f 1971/442/4 1926/445/4 1925/444/4
f 1971/442/4 1970/446/4 1926/445/4
f 1970/446/4 1969/447/4 1926/445/4
f 1969/447/4 1927/448/4 1926/445/4
f 1968/449/4 1927/448/4 1969/447/4
f 1967/450/4 1927/448/4 1968/449/4
f 1966/451/4 1927/448/4 1967/450/4
f 1965/452/4 1927/448/4 1966/451/4
f 1964/453/4 1927/448/4 1965/452/4
f 1963/454/4 1927/448/4 1964/453/4
f 1962/455/4 1927/448/4 1963/454/4
f 1961/456/4 1927/448/4 1962/455/4
f 1960/457/4 1927/448/4 1961/456/4
f 1956/410/7 1982/458/7 1981/411/7
f 1959/459/4 1927/448/4 1960/457/4
f 1956/410/8 1983/460/8 1982/458/8
f 1958/461/4 1927/448/4 1959/459/4
f 1956/410/4 1984/462/4 1983/460/4
f 1957/463/4 1927/448/4 1958/461/4
f 1957/463/4 1928/464/4 1927/448/4
f 1956/410/4 1985/465/4 1984/462/4
f 2008/47/4 1928/464/4 1957/463/4
f 2008/47/4 1929/466/4 1928/464/4
f 1956/410/9 1986/467/9 1985/465/9
f 2007/468/4 1929/466/4 2008/47/4
f 1956/410/4 1987/469/4 1986/467/4
f 2006/470/4 1929/466/4 2007/468/4
f 1956/410/4 1988/471/4 1987/469/4
f 2005/472/4 1929/466/4 2006/470/4
f 1956/410/4 1989/473/4 1988/471/4
f 2004/474/4 1929/466/4 2005/472/4
f 1956/410/9 1990/475/9 1989/473/9
f 2003/476/4 1929/466/4 2004/474/4
f 1956/410/4 1991/477/4 1990/475/4
f 2002/478/4 1929/466/4 2003/476/4
f 1956/410/4 1992/479/4 1991/477/4
f 2001/480/4 1929/466/4 2002/478/4
f 1956/410/4 1993/481/4 1992/479/4
f 2000/482/4 1929/466/4 2001/480/4
f 1956/410/4 1994/483/4 1993/481/4
f 1999/484/4 1929/466/4 2000/482/4
f 1956/410/4 1995/485/4 1994/483/4
f 1998/486/4 1929/466/4 1999/484/4
f 1956/410/4 1996/487/4 1995/485/4
f 1997/488/4 1929/466/4 1998/486/4
f 1956/410/4 1954/489/4 1996/487/4
f 1954/489/4 1997/488/4 1996/487/4
f 1954/489/4 1929/466/4 1997/488/4
f 1954/489/4 1930/490/4 1929/466/4
f 1954/489/4 1931/491/4 1930/490/4
f 1954/489/4 1932/492/4 1931/491/4
f 1954/489/4 1933/493/4 1932/492/4
f 1954/489/4 1934/494/4 1933/493/4
f 1954/489/4 1935/495/4 1934/494/4
f 1954/489/4 1936/496/4 1935/495/4
f 1954/489/4 1937/497/4 1936/496/4
f 1954/489/4 1938/498/4 1937/497/4
f 1954/489/4 1939/499/4 1938/498/4
f 1954/489/4 1940/500/4 1939/499/4
f 1954/489/4 1941/501/4 1940/500/4
f 1954/489/4 1942/502/4 1941/501/4
f 1954/489/4 1943/503/4 1942/502/4
f 1954/489/4 1944/504/4 1943/503/4
f 1954/489/4 1945/505/4 1944/504/4
f 1954/489/4 1946/506/4 1945/505/4
f 1954/489/4 1947/507/4 1946/506/4
f 1954/489/4 1948/508/4 1947/507/4
f 1954/489/4 1949/509/4 1948/508/4
f 1954/489/4 1950/510/4 1949/509/4
f 1954/489/4 1951/511/4 1950/510/4
f 1954/489/4 1952/512/4 1951/511/4
f 1956/410/4 1955/404/4 1954/489/4
f 1953/513/4 1952/512/4 1954/489/4
f 516/259/10 515/261/10 1519/261/10 1520/259/10
f 143/17/11 142/15/11 1146/15/11 1147/17/11
f 597/67/12 596/65/12 1600/65/12 1601/67/12
f 237/221/13 236/223/13 1240/223/13 1241/221/13
f 926/490/14 925/466/14 1929/466/14 1930/490/14
f 127/16/15 126/18/15 1130/18/15 1131/16/15
f 581/66/16 580/68/16 1584/68/16 1585/66/16
f 927/491/17 926/490/17 1930/490/17 1931/491/17
f 429/262/18 428/260/18 1432/260/18 1433/262/18
f 244/224/19 243/222/19 1247/222/19 1248/224/19
f 515/261/20 514/263/20 1518/263/20 1519/261/20
f 144/19/21 143/17/21 1147/17/21 1148/19/21
f 598/69/22 597/67/22 1601/67/22 1602/69/22
f 236/223/23 235/225/23 1239/225/23 1240/223/23
f 928/492/24 927/491/24 1931/491/24 1932/492/24
f 126/18/25 125/20/25 1129/20/25 1130/18/25
f 580/68/26 579/70/26 1583/70/26 1584/68/26
f 929/493/27 928/492/27 1932/492/27 1933/493/27
f 430/264/28 429/262/28 1433/262/28 1434/264/28
f 245/226/29 244/224/29 1248/224/29 1249/226/29
f 514/263/15 513/265/15 1517/265/15 1518/263/15
f 145/21/30 144/19/30 1148/19/30 1149/21/30
f 599/71/31 598/69/31 1602/69/31 1603/71/31
f 235/225/32 234/227/32 1238/227/32 1239/225/32
f 930/494/33 929/493/33 1933/493/33 1934/494/33
f 125/20/34 124/22/34 1128/22/34 1129/20/34
f 579/70/35 578/72/35 1582/72/35 1583/70/35
f 931/495/36 930/494/36 1934/494/36 1935/495/36
f 431/266/37 430/264/37 1434/264/37 1435/266/37
f 246/228/38 245/226/38 1249/226/38 1250/228/38
f 513/265/39 512/267/39 1516/267/39 1517/265/39
f 146/23/40 145/21/40 1149/21/40 1150/23/40
f 600/73/41 599/71/41 1603/71/41 1604/73/41
f 234/227/42 233/229/42 1237/229/42 1238/227/42
f 932/496/43 931/495/43 1935/495/43 1936/496/43
f 124/22/44 123/24/44 1127/24/44 1128/22/44
f 578/72/45 577/74/45 1581/74/45 1582/72/45
f 933/497/46 932/496/46 1936/496/46 1937/497/46
f 432/268/47 431/266/47 1435/266/47 1436/268/47
f 247/230/48 246/228/48 1250/228/48 1251/230/48
f 512/267/34 511/269/34 1515/269/34 1516/267/34
f 147/25/49 146/23/49 1150/23/49 1151/25/49
f 601/75/50 600/73/50 1604/73/50 1605/75/50
f 233/229/51 232/231/51 1236/231/51 1237/229/51
f 934/498/52 933/497/52 1937/497/52 1938/498/52
f 123/24/53 122/26/53 1126/26/53 1127/24/53
f 577/74/54 576/76/54 1580/76/54 1581/74/54
f 935/499/55 934/498/55 1938/498/55 1939/499/55
f 433/270/56 432/268/56 1436/268/56 1437/270/56
f 122/26/57 121/27/57 1125/27/57 1126/26/57
f 682/52/58 681/77/58 1685/77/58 1686/52/58
f 248/232/59 247/230/59 1251/230/59 1252/232/59
f 511/269/44 510/271/44 1514/271/44 1515/269/44
f 232/231/60 231/233/60 1235/233/60 1236/231/60
f 936/500/61 935/499/61 1939/499/61 1940/500/61
f 148/28/62 147/25/62 1151/25/62 1152/28/62
f 602/78/63 601/75/63 1605/75/63 1606/78/63
f 937/501/64 936/500/64 1940/500/64 1941/501/64
f 434/272/65 433/270/65 1437/270/65 1438/272/65
f 576/76/58 575/79/58 1579/79/58 1580/76/58
f 249/234/66 248/232/66 1252/232/66 1253/234/66
f 510/271/53 509/273/53 1513/273/53 1514/271/53
f 149/29/67 148/28/67 1152/28/67 1153/29/67
f 231/233/68 230/235/68 1234/235/68 1235/233/68
f 938/502/69 937/501/69 1941/501/69 1942/502/69
f 121/27/70 120/30/70 1124/30/70 1125/27/70
f 575/79/71 574/80/71 1578/80/71 1579/79/71
f 509/273/57 508/274/57 1512/274/57 1513/273/57
f 574/80/63 573/51/63 1577/51/63 1578/80/63
f 939/503/72 938/502/72 1942/502/72 1943/503/72
f 630/82/58 629/81/58 1633/81/58 1634/82/58
f 250/236/73 249/234/73 1253/234/73 1254/236/73
f 150/31/74 149/29/74 1153/29/74 1154/31/74
f 230/235/35 229/237/35 1233/237/35 1234/235/35
f 940/504/75 939/503/75 1943/503/75 1944/504/75
f 435/275/62 434/272/62 1438/272/62 1439/275/62
f 120/30/76 119/32/76 1123/32/76 1124/30/76
f 631/83/77 630/82/77 1634/82/77 1635/83/77
f 629/81/71 628/84/71 1632/84/71 1633/81/71
f 941/505/78 940/504/78 1944/504/78 1945/505/78
f 436/276/79 435/275/79 1439/275/79 1440/276/79
f 251/238/80 250/236/80 1254/236/80 1255/238/80
f 508/274/81 507/277/81 1511/277/81 1512/274/81
f 151/33/82 150/31/82 1154/31/82 1155/33/82
f 229/237/83 228/239/83 1232/239/83 1233/237/83
f 942/506/84 941/505/84 1945/505/84 1946/506/84
f 119/32/85 118/34/85 1122/34/85 1123/32/85
f 632/85/63 631/83/63 1635/83/63 1636/85/63
f 628/84/58 627/86/58 1631/86/58 1632/84/58
f 943/507/86 942/506/86 1946/506/86 1947/507/86
f 437/278/74 436/276/74 1440/276/74 1441/278/74
f 252/47/87 251/238/87 1255/238/87 1256/47/87
f 507/277/88 506/279/88 1510/279/88 1511/277/88
f 152/35/89 151/33/89 1155/33/89 1156/35/89
f 681/77/90 680/87/90 1684/87/90 1685/77/90
f 228/239/91 227/240/91 1231/240/91 1232/239/91
f 944/508/92 943/507/92 1947/507/92 1948/508/92
f 118/34/93 117/36/93 1121/36/93 1122/34/93
f 201/217/58 200/241/58 1204/241/58 1205/217/58
f 945/509/94 944/508/94 1948/508/94 1949/509/94
f 438/280/95 437/278/95 1441/278/95 1442/280/95
f 603/88/96 602/78/96 1606/78/96 1607/88/96
f 506/279/97 505/281/97 1509/281/97 1510/279/97
f 153/37/98 152/35/98 1156/35/98 1157/37/98
f 627/86/99 626/89/99 1630/89/99 1631/86/99
f 946/510/100 945/509/100 1949/509/100 1950/510/100
f 117/36/101 116/38/101 1120/38/101 1121/36/101
f 225/242/63 252/47/63 1256/47/63 1229/242/63
f 227/240/58 226/243/58 1230/243/58 1231/240/58
f 947/511/102 946/510/102 1950/510/102 1951/511/102
f 439/282/103 438/280/103 1442/280/103 1443/282/103
f 633/90/104 632/85/104 1636/85/104 1637/90/104
f 505/281/93 504/283/93 1508/283/93 1509/281/93
f 154/39/105 153/37/105 1157/37/105 1158/39/105
f 948/512/106 947/511/106 1951/511/106 1952/512/106
f 116/38/107 115/40/107 1119/40/107 1120/38/107
f 604/91/108 603/88/108 1607/88/108 1608/91/108
f 195/244/63 194/216/63 1198/216/63 1199/244/63
f 952/410/71 951/404/71 1955/404/71 1956/410/71
f 626/89/109 625/92/109 1629/92/109 1630/89/109
f 951/404/63 950/489/63 1954/489/63 1955/404/63
f 440/284/98 439/282/98 1443/282/98 1444/284/98
f 950/489/110 949/513/110 1953/513/110 1954/489/110
f 504/283/101 503/285/101 1507/285/101 1508/283/101
f 155/41/111 154/39/111 1158/39/111 1159/41/111
f 949/513/112 948/512/112 1952/512/112 1953/513/112
f 115/40/113 114/42/113 1118/42/113 1119/40/113
f 605/93/114 604/91/114 1608/91/114 1609/93/114
f 226/243/77 225/242/77 1229/242/77 1230/243/77
f 625/92/115 624/94/115 1628/94/115 1629/92/115
f 198/245/71 197/246/71 1201/246/71 1202/245/71
f 441/286/105 440/284/105 1444/284/105 1445/286/105
f 503/285/107 502/287/107 1506/287/107 1507/285/107
f 156/43/116 155/41/116 1159/41/116 1160/43/116
f 114/42/117 113/44/117 1117/44/117 1118/42/117
f 606/95/118 605/93/118 1609/93/118 1610/95/118
f 200/241/71 199/247/71 1203/247/71 1204/241/71
f 624/94/119 623/96/119 1627/96/119 1628/94/119
f 199/247/63 198/245/63 1202/245/63 1203/247/63
f 442/288/120 441/286/120 1445/286/120 1446/288/120
f 197/246/58 196/248/58 1200/248/58 1201/246/58
f 502/287/121 501/289/121 1505/289/121 1506/287/121
f 157/45/122 156/43/122 1160/43/122 1161/45/122
f 196/248/71 195/244/71 1199/244/71 1200/248/71
f 113/44/123 112/46/123 1116/46/123 1117/44/123
f 607/97/124 606/95/124 1610/95/124 1611/97/124
f 386/2/125 385/1/125 1389/1/125 1390/2/125
f 623/96/126 622/98/126 1626/98/126 1627/96/126
f 443/290/116 442/288/116 1446/288/116 1447/290/116
f 387/3/77 386/2/77 1390/2/77 1391/3/77
f 501/289/117 500/291/117 1504/291/117 1505/289/117
f 158/47/127 157/45/127 1161/45/127 1162/47/127
f 112/46/128 111/48/128 1115/48/128 1116/46/128
f 608/99/129 607/97/129 1611/97/129 1612/99/129
f 388/4/130 387/3/130 1391/3/130 1392/4/130
f 622/98/131 621/100/131 1625/100/131 1626/98/131
f 444/292/122 443/290/122 1447/290/122 1448/292/122
f 389/5/132 388/4/132 1392/4/132 1393/5/132
f 500/291/133 499/293/133 1503/293/133 1504/291/133
f 385/1/134 384/6/134 1388/6/134 1389/1/134
f 16/49/135 15/50/135 1019/50/135 1020/49/135
f 609/101/136 608/99/136 1612/99/136 1613/101/136
f 621/100/137 620/102/137 1624/102/137 1625/100/137
f 445/294/127 444/292/127 1448/292/127 1449/294/127
f 390/7/138 389/5/138 1393/5/138 1394/7/138
f 499/293/128 498/295/128 1502/295/128 1503/293/128
f 1/51/139 158/47/139 1162/47/139 1005/51/139
f 384/6/140 383/8/140 1387/8/140 1388/6/140
f 111/48/141 110/52/141 1114/52/141 1115/48/141
f 610/103/142 609/101/142 1613/101/142 1614/103/142
f 620/102/143 619/104/143 1623/104/143 1624/102/143
f 391/9/144 390/7/144 1394/7/144 1395/9/144
f 18/53/145 17/54/145 1021/54/145 1022/53/145
f 383/8/146 382/10/146 1386/10/146 1387/8/146
f 446/297/139 445/294/139 1449/294/139 1450/297/139
f 611/105/147 610/103/147 1614/103/147 1615/105/147
f 498/295/148 497/298/148 1501/298/148 1502/295/148
f 17/54/71 16/49/71 1020/49/71 1021/54/71
f 619/104/149 618/106/149 1622/106/149 1623/104/149
f 392/11/150 391/9/150 1395/9/150 1396/11/150
f 19/55/151 18/53/151 1022/53/151 1023/55/151
f 382/10/152 381/12/152 1385/12/152 1386/10/152
f 549/299/145 548/300/145 1552/300/145 1553/299/145
f 15/50/153 14/56/153 1018/56/153 1019/50/153
f 612/107/154 611/105/154 1615/105/154 1616/107/154
f 618/106/155 617/108/155 1621/108/155 1622/106/155
f 548/300/71 547/296/71 1551/296/71 1552/300/71
f 393/13/156 392/11/156 1396/11/156 1397/13/156
f 547/296/157 546/301/157 1550/301/157 1551/296/157
f 20/57/158 19/55/158 1023/55/158 1024/57/158
f 381/12/10 380/14/10 1384/14/10 1385/12/10
f 14/56/159 13/58/159 1017/58/159 1018/56/159
f 613/109/160 612/107/160 1616/107/160 1617/109/160
f 617/108/161 616/110/161 1620/110/161 1621/108/161
f 550/302/151 549/299/151 1553/299/151 1554/302/151
f 394/15/162 393/13/162 1397/13/162 1398/15/162
f 546/301/163 545/303/163 1549/303/163 1550/301/163
f 21/59/164 20/57/164 1024/57/164 1025/59/164
f 380/14/20 379/16/20 1383/16/20 1384/14/20
f 13/58/165 12/60/165 1016/60/165 1017/58/165
f 614/111/166 613/109/166 1617/109/166 1618/111/166
f 616/110/167 615/112/167 1619/112/167 1620/110/167
f 551/304/168 550/302/168 1554/302/168 1555/304/168
f 395/17/11 394/15/11 1398/15/11 1399/17/11
f 545/303/169 544/305/169 1548/305/169 1549/303/169
f 22/61/29 21/59/29 1025/59/29 1026/61/29
f 379/16/15 378/18/15 1382/18/15 1383/16/15
f 12/60/170 11/62/170 1015/62/170 1016/60/170
f 615/112/77 614/111/77 1618/111/77 1619/112/77
f 552/306/164 551/304/164 1555/304/164 1556/306/164
f 396/19/21 395/17/21 1399/17/21 1400/19/21
f 544/305/171 543/307/171 1547/307/171 1548/305/171
f 23/63/38 22/61/38 1026/61/38 1027/63/38
f 634/113/172 633/90/172 1637/90/172 1638/113/172
f 378/18/39 377/20/39 1381/20/39 1382/18/39
f 11/62/42 10/64/42 1014/64/42 1015/62/42
f 680/87/173 679/114/173 1683/114/173 1684/87/173
f 553/308/174 552/306/174 1556/306/174 1557/308/174
f 397/21/30 396/19/30 1400/19/30 1401/21/30
f 543/307/175 542/309/175 1546/309/175 1547/307/175
f 24/65/48 23/63/48 1027/63/48 1028/65/48
f 635/115/176 634/113/176 1638/113/176 1639/115/176
f 377/20/34 376/22/34 1380/22/34 1381/20/34
f 10/64/177 9/66/177 1013/66/177 1014/64/177
f 679/114/178 678/116/178 1682/116/178 1683/114/178
f 554/310/179 553/308/179 1557/308/179 1558/310/179
f 398/23/40 397/21/40 1401/21/40 1402/23/40
f 542/309/180 541/311/180 1545/311/180 1546/309/180
f 25/67/181 24/65/181 1028/65/181 1029/67/181
f 636/117/182 635/115/182 1639/115/182 1640/117/182
f 376/22/183 375/24/183 1379/24/183 1380/22/183
f 9/66/184 8/68/184 1012/68/184 1013/66/184
f 678/116/185 677/118/185 1681/118/185 1682/116/185
f 555/312/48 554/310/48 1558/310/48 1559/312/48
f 399/25/49 398/23/49 1402/23/49 1403/25/49
f 541/311/186 540/313/186 1544/313/186 1545/311/186
f 26/69/187 25/67/187 1029/67/187 1030/69/187
f 637/119/188 636/117/188 1640/117/188 1641/119/188
f 375/24/53 374/26/53 1378/26/53 1379/24/53
f 8/68/189 7/70/189 1011/70/189 1012/68/189
f 677/118/190 676/120/190 1680/120/190 1681/118/190
f 374/26/57 373/27/57 1377/27/57 1378/26/57
f 556/314/12 555/312/12 1559/312/12 1560/314/12
f 540/313/191 539/315/191 1543/315/191 1544/313/191
f 27/71/192 26/69/192 1030/69/192 1031/71/192
f 638/121/193 637/119/193 1641/119/193 1642/121/193
f 7/70/194 6/72/194 1010/72/194 1011/70/194
f 676/120/195 675/122/195 1679/122/195 1680/120/195
f 400/28/62 399/25/62 1403/25/62 1404/28/62
f 557/316/22 556/314/22 1560/314/22 1561/316/22
f 401/29/79 400/28/79 1404/28/79 1405/29/79
f 539/315/196 538/317/196 1542/317/196 1543/315/196
f 28/73/41 27/71/41 1031/71/41 1032/73/41
f 889/334/197 888/332/197 1892/332/197 1893/334/197
f 639/123/198 638/121/198 1642/121/198 1643/123/198
f 373/27/70 372/30/70 1376/30/70 1377/27/70
f 6/72/199 5/74/199 1009/74/199 1010/72/199
f 857/333/200 856/335/200 1860/335/200 1861/333/200
f 675/122/201 674/124/201 1678/124/201 1679/122/201
f 558/318/31 557/316/31 1561/316/31 1562/318/31
f 402/31/202 401/29/202 1405/29/202 1406/31/202
f 538/317/203 537/319/203 1541/319/203 1542/317/203
f 29/75/204 28/73/204 1032/73/204 1033/75/204
f 890/336/205 889/334/205 1893/334/205 1894/336/205
f 640/125/206 639/123/206 1643/123/206 1644/125/206
f 372/30/76 371/32/76 1375/32/76 1376/30/76
f 5/74/207 4/76/207 1008/76/207 1009/74/207
f 856/335/208 855/337/208 1859/337/208 1860/335/208
f 674/124/209 673/126/209 1677/126/209 1678/124/209
f 559/320/210 558/318/210 1562/318/210 1563/320/210
f 110/52/58 109/77/58 1113/77/58 1114/52/58
f 403/33/82 402/31/82 1406/31/82 1407/33/82
f 537/319/211 536/321/211 1540/321/211 1541/319/211
f 891/338/212 890/336/212 1894/336/212 1895/338/212
f 641/127/213 640/125/213 1644/125/213 1645/127/213
f 371/32/85 370/34/85 1374/34/85 1375/32/85
f 855/337/214 854/339/214 1858/339/214 1859/337/214
f 673/126/215 672/128/215 1676/128/215 1677/126/215
f 30/78/63 29/75/63 1033/75/63 1034/78/63
f 560/322/50 559/320/50 1563/320/50 1564/322/50
f 4/76/58 3/79/58 1007/79/58 1008/76/58
f 404/35/103 403/33/103 1407/33/103 1408/35/103
f 536/321/216 535/323/216 1539/323/216 1540/321/216
f 892/340/217 891/338/217 1895/338/217 1896/340/217
f 642/129/218 641/127/218 1645/127/218 1646/129/218
f 370/34/93 369/36/93 1373/36/93 1374/34/93
f 3/79/71 2/80/71 1006/80/71 1007/79/71
f 854/339/219 853/341/219 1857/341/219 1858/339/219
f 672/128/220 671/130/220 1675/130/220 1676/128/220
f 497/298/58 496/324/58 1500/324/58 1501/298/58
f 2/80/63 1/51/63 1005/51/63 1006/80/63
f 58/82/58 57/81/58 1061/81/58 1062/82/58
f 405/37/98 404/35/98 1408/35/98 1409/37/98
f 893/342/136 892/340/136 1896/340/136 1897/342/136
f 643/131/221 642/129/221 1646/129/221 1647/131/221
f 369/36/101 368/38/101 1372/38/101 1373/36/101
f 561/325/63 560/322/63 1564/322/63 1565/325/63
f 59/83/77 58/82/77 1062/82/77 1063/83/77
f 853/341/222 852/343/222 1856/343/222 1857/341/222
f 671/130/223 670/132/223 1674/132/223 1675/130/223
f 535/323/58 534/326/58 1538/326/58 1539/323/58
f 57/81/71 56/84/71 1060/84/71 1061/81/71
f 406/39/105 405/37/105 1409/37/105 1410/39/105
f 894/344/142 893/342/142 1897/342/142 1898/344/142
f 644/133/224 643/131/224 1647/131/224 1648/133/224
f 368/38/107 367/40/107 1371/40/107 1372/38/107
f 447/327/63 446/297/63 1450/297/63 1451/327/63
f 60/85/63 59/83/63 1063/83/63 1064/85/63
f 852/343/225 851/345/225 1855/345/225 1856/343/225
f 670/132/226 669/134/226 1673/134/226 1674/132/226
f 496/324/227 495/328/227 1499/328/227 1500/324/227
f 56/84/58 55/86/58 1059/86/58 1060/84/58
f 669/134/228 668/135/228 1672/135/228 1673/134/228
f 407/41/111 406/39/111 1410/39/111 1411/41/111
f 109/77/90 108/87/90 1112/87/90 1113/77/90
f 895/346/147 894/344/147 1898/344/147 1899/346/147
f 367/40/121 366/42/121 1370/42/121 1371/40/121
f 562/329/96 561/325/96 1565/325/96 1566/329/96
f 851/345/229 850/347/229 1854/347/229 1855/345/229
f 534/326/230 533/330/230 1537/330/230 1538/326/230
f 645/136/231 644/133/231 1648/133/231 1649/136/231
f 31/88/232 30/78/232 1034/78/232 1035/88/232
f 668/135/233 667/137/233 1671/137/233 1672/135/233
f 408/43/116 407/41/116 1411/41/116 1412/43/116
f 55/86/234 54/89/234 1058/89/234 1059/86/234
f 896/348/235 895/346/235 1899/346/235 1900/348/235
f 366/42/117 365/44/117 1369/44/117 1370/42/117
f 448/331/104 447/327/104 1451/327/104 1452/331/104
f 850/347/236 849/349/236 1853/349/236 1854/347/236
f 646/138/237 645/136/237 1649/136/237 1650/138/237
f 563/332/238 562/329/238 1566/329/238 1567/332/238
f 61/90/104 60/85/104 1064/85/104 1065/90/104
f 667/137/239 666/139/239 1670/139/239 1671/137/239
f 409/45/122 408/43/122 1412/43/122 1413/45/122
f 533/330/240 532/333/240 1536/333/240 1537/330/240
f 897/47/160 896/348/160 1900/348/160 1901/47/160
f 365/44/133 364/46/133 1368/46/133 1369/44/133
f 32/91/108 31/88/108 1035/88/108 1036/91/108
f 849/349/241 848/350/241 1852/350/241 1853/349/241
f 54/89/242 53/92/242 1057/92/242 1058/89/242
f 647/140/243 646/138/243 1650/138/243 1651/140/243
f 564/334/114 563/332/114 1567/332/114 1568/334/114
f 410/47/127 409/45/127 1413/45/127 1414/47/127
f 532/333/244 531/335/244 1535/335/244 1536/333/244
f 846/351/166 897/47/166 1901/47/166 1850/351/166
f 648/141/245 647/140/245 1651/140/245 1652/141/245
f 364/46/128 363/48/128 1367/48/128 1368/46/128
f 33/93/246 32/91/246 1036/91/246 1037/93/246
f 848/350/247 847/352/247 1851/352/247 1852/350/247
f 666/139/248 665/142/248 1669/142/248 1670/139/248
f 53/92/115 52/94/115 1056/94/115 1057/92/115
f 565/336/118 564/334/118 1568/334/118 1569/336/118
f 531/335/249 530/337/249 1534/337/249 1535/335/249
f 847/352/77 846/351/77 1850/351/77 1851/352/77
f 649/143/250 648/141/250 1652/141/250 1653/143/250
f 268/49/135 267/50/135 1271/50/135 1272/49/135
f 34/95/251 33/93/251 1037/93/251 1038/95/251
f 665/142/252 664/144/252 1668/144/252 1669/142/252
f 52/94/253 51/96/253 1055/96/253 1056/94/253
f 566/338/124 565/336/124 1569/336/124 1570/338/124
f 774/353/172 773/331/172 1777/331/172 1778/353/172
f 253/51/139 410/47/139 1414/47/139 1257/51/139
f 530/337/214 529/339/214 1533/339/214 1534/337/214
f 820/328/173 819/354/173 1823/354/173 1824/328/173
f 650/145/254 649/143/254 1653/143/254 1654/145/254
f 363/48/141 362/52/141 1366/52/141 1367/48/141
f 35/97/255 34/95/255 1038/95/255 1039/97/255
f 664/144/256 663/146/256 1667/146/256 1668/144/256
f 51/96/257 50/98/257 1054/98/257 1055/96/257
f 567/340/129 566/338/129 1570/338/129 1571/340/129
f 775/355/258 774/353/258 1778/353/258 1779/355/258
f 270/53/259 269/54/259 1273/54/259 1274/53/259
f 529/339/260 528/341/260 1532/341/260 1533/339/260
f 819/354/178 818/356/178 1822/356/178 1823/354/178
f 651/147/261 650/145/261 1654/145/261 1655/147/261
f 36/99/129 35/97/129 1039/97/129 1040/99/129
f 663/146/262 662/148/262 1666/148/262 1667/146/262
f 269/54/71 268/49/71 1272/49/71 1273/54/71
f 50/98/131 49/100/131 1053/100/131 1054/98/131
f 568/342/136 567/340/136 1571/340/136 1572/342/136
f 776/357/182 775/355/182 1779/355/182 1780/357/182
f 271/55/151 270/53/151 1274/53/151 1275/55/151
f 528/341/263 527/343/263 1531/343/263 1532/341/263
f 818/356/185 817/358/185 1821/358/185 1822/356/185
f 652/149/264 651/147/264 1655/147/264 1656/149/264
f 267/50/265 266/56/265 1270/56/265 1271/50/265
f 37/101/136 36/99/136 1040/99/136 1041/101/136
f 662/148/266 661/150/266 1665/150/266 1666/148/266
f 49/100/267 48/102/267 1052/102/267 1053/100/267
f 569/344/268 568/342/268 1572/342/268 1573/344/268
f 777/359/188 776/357/188 1780/357/188 1781/359/188
f 272/57/158 271/55/158 1275/55/158 1276/57/158
f 527/343/269 526/345/269 1530/345/269 1531/343/269
f 817/358/190 816/360/190 1820/360/190 1821/358/190
f 653/151/270 652/149/270 1656/149/270 1657/151/270
f 266/56/13 265/58/13 1269/58/13 1270/56/13
f 38/103/271 37/101/271 1041/101/271 1042/103/271
f 661/150/272 660/152/272 1664/152/272 1665/150/272
f 48/102/143 47/104/143 1051/104/143 1052/102/143
f 570/346/147 569/344/147 1573/344/147 1574/346/147
f 778/361/193 777/359/193 1781/359/193 1782/361/193
f 273/59/164 272/57/164 1276/57/164 1277/59/164
f 526/345/273 525/347/273 1529/347/273 1530/345/273
f 816/360/195 815/362/195 1819/362/195 1820/360/195
f 654/153/274 653/151/274 1657/151/274 1658/153/274
f 265/58/165 264/60/165 1268/60/165 1269/58/165
f 39/105/147 38/103/147 1042/103/147 1043/105/147
f 660/152/275 659/154/275 1663/154/275 1664/152/275
f 47/104/149 46/106/149 1050/106/149 1051/104/149
f 571/348/235 570/346/235 1574/346/235 1575/348/235
f 779/363/198 778/361/198 1782/361/198 1783/363/198
f 274/61/29 273/59/29 1277/59/29 1278/61/29
f 525/347/276 524/349/276 1528/349/276 1529/347/276
f 815/362/201 814/364/201 1818/364/201 1819/362/201
f 655/155/277 654/153/277 1658/153/277 1659/155/277
f 264/60/170 263/62/170 1267/62/170 1268/60/170
f 40/107/235 39/105/235 1043/105/235 1044/107/235
f 659/154/278 658/156/278 1662/156/278 1663/154/278
f 46/106/279 45/108/279 1049/108/279 1050/106/279
f 572/47/160 571/348/160 1575/348/160 1576/47/160
f 780/365/206 779/363/206 1783/363/206 1784/365/206
f 275/63/38 274/61/38 1278/61/38 1279/63/38
f 524/349/241 523/350/241 1527/350/241 1528/349/241
f 814/364/209 813/366/209 1817/366/209 1818/364/209
f 656/157/280 655/155/280 1659/155/280 1660/157/280
f 263/62/42 262/64/42 1266/64/42 1267/62/42
f 41/109/281 40/107/281 1044/107/281 1045/109/281
f 658/156/282 657/158/282 1661/158/282 1662/156/282
f 45/108/161 44/110/161 1048/110/161 1049/108/161
f 657/158/71 656/157/71 1660/157/71 1661/158/71
f 521/351/166 572/47/166 1576/47/166 1525/351/166
f 781/367/283 780/365/283 1784/365/283 1785/367/283
f 737/400/284 736/399/284 1740/399/284 1741/400/284
f 276/65/48 275/63/48 1279/63/48 1280/65/48
f 523/350/247 522/352/247 1526/352/247 1527/350/247
f 813/366/285 812/368/285 1816/368/285 1817/366/285
f 262/64/51 261/66/51 1265/66/51 1266/64/51
f 42/111/166 41/109/166 1045/109/166 1046/111/166
f 738/401/77 737/400/77 1741/400/77 1742/401/77
f 44/110/167 43/112/167 1047/112/167 1048/110/167
f 522/352/77 521/351/77 1525/351/77 1526/352/77
f 782/369/218 781/367/218 1785/367/218 1786/369/218
f 739/47/286 738/401/286 1742/401/286 1743/47/286
f 277/67/181 276/65/181 1280/65/181 1281/67/181
f 812/368/220 811/370/220 1815/370/220 1816/368/220
f 731/51/287 739/47/287 1743/47/287 1735/51/287
f 261/66/60 260/68/60 1264/68/60 1265/66/60
f 43/112/77 42/111/77 1046/111/77 1047/112/77
f 449/353/172 448/331/172 1452/331/172 1453/353/172
f 732/402/77 731/51/77 1735/51/77 1736/402/77
f 495/328/173 494/354/173 1498/354/173 1499/328/173
f 783/371/221 782/369/221 1786/369/221 1787/371/221
f 278/69/187 277/67/187 1281/67/187 1282/69/187
f 62/113/172 61/90/172 1065/90/172 1066/113/172
f 811/370/223 810/372/223 1814/372/223 1815/370/223
f 733/403/288 732/402/288 1736/402/288 1737/403/288
f 260/68/189 259/70/189 1263/70/189 1264/68/189
f 108/87/289 107/114/289 1111/114/289 1112/87/289
f 450/355/176 449/353/176 1453/353/176 1454/355/176
f 736/399/58 735/404/58 1739/404/58 1740/399/58
f 494/354/178 493/356/178 1497/356/178 1498/354/178
f 784/373/224 783/371/224 1787/371/224 1788/373/224
f 279/71/73 278/69/73 1282/69/73 1283/71/73
f 63/115/176 62/113/176 1066/113/176 1067/115/176
f 810/372/226 809/374/226 1813/374/226 1814/372/226
f 735/404/71 734/405/71 1738/405/71 1739/404/71
f 259/70/194 258/72/194 1262/72/194 1263/70/194
f 107/114/178 106/116/178 1110/116/178 1111/114/178
f 734/405/63 733/403/63 1737/403/63 1738/405/63
f 451/357/182 450/355/182 1454/355/182 1455/357/182
f 809/374/290 808/375/290 1812/375/290 1813/374/290
f 741/406/58 740/51/58 1744/51/58 1745/406/58
f 493/356/185 492/358/185 1496/358/185 1497/356/185
f 280/73/80 279/71/80 1283/71/80 1284/73/80
f 64/117/182 63/115/182 1067/115/182 1068/117/182
f 742/407/77 741/406/77 1745/406/77 1746/407/77
f 258/72/199 257/74/199 1261/74/199 1262/72/199
f 106/116/185 105/118/185 1109/118/185 1110/116/185
f 785/376/291 784/373/291 1788/373/291 1789/376/291
f 452/359/188 451/357/188 1455/357/188 1456/359/188
f 808/375/233 807/377/233 1811/377/233 1812/375/233
f 743/408/63 742/407/63 1746/407/63 1747/408/63
f 492/358/190 491/360/190 1495/360/190 1496/358/190
f 281/75/204 280/73/204 1284/73/204 1285/75/204
f 65/119/292 64/117/292 1068/117/292 1069/119/292
f 744/409/77 743/408/77 1747/408/77 1748/409/77
f 257/74/207 256/76/207 1260/76/207 1261/74/207
f 105/118/190 104/120/190 1108/120/190 1109/118/190
f 786/378/293 785/376/293 1789/376/293 1790/378/293
f 740/51/71 745/47/71 1749/47/71 1744/51/71
f 453/361/294 452/359/294 1456/359/294 1457/361/294
f 807/377/239 806/379/239 1810/379/239 1811/377/239
f 745/47/63 744/409/63 1748/409/63 1749/47/63
f 362/52/58 361/77/58 1365/77/58 1366/52/58
f 491/360/195 490/362/195 1494/362/195 1495/360/195
f 746/51/125 845/249/125 1849/249/125 1750/51/125
f 66/121/294 65/119/294 1069/119/294 1070/121/294
f 104/120/295 103/122/295 1107/122/295 1108/120/295
f 787/380/296 786/378/296 1790/378/296 1791/380/296
f 747/250/77 746/51/77 1750/51/77 1751/250/77
f 282/78/63 281/75/63 1285/75/63 1286/78/63
f 454/363/198 453/361/198 1457/361/198 1458/363/198
f 256/76/58 255/79/58 1259/79/58 1260/76/58
f 490/362/201 489/364/201 1493/364/201 1494/362/201
f 788/381/297 787/380/297 1791/380/297 1792/381/297
f 748/251/298 747/250/298 1751/250/298 1752/251/298
f 67/123/198 66/121/198 1070/121/198 1071/123/198
f 806/379/248 805/382/248 1809/382/248 1810/379/248
f 255/79/71 254/80/71 1258/80/71 1259/79/71
f 103/122/201 102/124/201 1106/124/201 1107/122/201
f 749/252/299 748/251/299 1752/251/299 1753/252/299
f 254/80/63 253/51/63 1257/51/63 1258/80/63
f 455/365/206 454/363/206 1458/363/206 1459/365/206
f 845/249/134 844/253/134 1848/253/134 1849/249/134
f 310/82/58 309/81/58 1313/81/58 1314/82/58
f 489/364/209 488/366/209 1492/366/209 1493/364/209
f 789/383/300 788/381/300 1792/381/300 1793/383/300
f 68/125/301 67/123/301 1071/123/301 1072/125/301
f 805/382/252 804/384/252 1808/384/252 1809/382/252
f 311/83/77 310/82/77 1314/82/77 1315/83/77
f 102/124/209 101/126/209 1105/126/209 1106/124/209
f 750/254/302 749/252/302 1753/252/302 1754/254/302
f 309/81/71 308/84/71 1312/84/71 1313/81/71
f 456/367/213 455/365/213 1459/365/213 1460/367/213
f 844/253/140 843/255/140 1847/255/140 1848/253/140
f 488/366/215 487/368/215 1491/368/215 1492/366/215
f 790/385/303 789/383/303 1793/383/303 1794/385/303
f 69/127/283 68/125/283 1072/125/283 1073/127/283
f 804/384/256 803/386/256 1807/386/256 1808/384/256
f 312/85/63 311/83/63 1315/83/63 1316/85/63
f 101/126/285 100/128/285 1104/128/285 1105/126/285
f 751/256/304 750/254/304 1754/254/304 1755/256/304
f 308/84/58 307/86/58 1311/86/58 1312/84/58
f 457/369/218 456/367/218 1460/367/218 1461/369/218
f 843/255/146 842/257/146 1846/257/146 1847/255/146
f 487/368/220 486/370/220 1490/370/220 1491/368/220
f 791/387/305 790/385/305 1794/385/305 1795/387/305
f 361/77/90 360/87/90 1364/87/90 1365/77/90
f 70/129/218 69/127/218 1073/127/218 1074/129/218
f 803/386/262 802/388/262 1806/388/262 1807/386/262
f 100/128/306 99/130/306 1103/130/306 1104/128/306
f 752/258/307 751/256/307 1755/256/307 1756/258/307
f 458/371/221 457/369/221 1461/369/221 1462/371/221
f 842/257/152 841/259/152 1845/259/152 1846/257/152
f 283/88/232 282/78/232 1286/78/232 1287/88/232
f 486/370/223 485/372/223 1489/372/223 1490/370/223
f 792/389/92 791/387/92 1795/387/92 1796/389/92
f 307/86/234 306/89/234 1310/89/234 1311/86/234
f 71/131/308 70/129/308 1074/129/308 1075/131/308
f 802/388/266 801/390/266 1805/390/266 1806/388/266
f 99/130/309 98/132/309 1102/132/309 1103/130/309
f 753/260/310 752/258/310 1756/258/310 1757/260/310
f 459/373/224 458/371/224 1462/371/224 1463/373/224
f 841/259/10 840/261/10 1844/261/10 1845/259/10
f 313/90/104 312/85/104 1316/85/104 1317/90/104
f 485/372/226 484/374/226 1488/374/226 1489/372/226
f 793/391/311 792/389/311 1796/389/311 1797/391/311
f 72/133/224 71/131/224 1075/131/224 1076/133/224
f 801/390/272 800/392/272 1804/392/272 1805/390/272
f 284/91/108 283/88/108 1287/88/108 1288/91/108
f 484/374/290 483/375/290 1487/375/290 1488/374/290
f 98/132/312 97/134/312 1101/134/312 1102/132/312
f 754/262/18 753/260/18 1757/260/18 1758/262/18
f 306/89/313 305/92/313 1309/92/313 1310/89/313
f 840/261/20 839/263/20 1843/263/20 1844/261/20
f 97/134/290 96/135/290 1100/135/290 1101/134/290
f 794/393/314 793/391/314 1797/391/314 1798/393/314
f 460/376/291 459/373/291 1463/373/291 1464/376/291
f 800/392/275 799/394/275 1803/394/275 1804/392/275
f 285/93/246 284/91/246 1288/91/246 1289/93/246
f 483/375/233 482/377/233 1486/377/233 1487/375/233
f 755/264/28 754/262/28 1758/262/28 1759/264/28
f 305/92/315 304/94/315 1308/94/315 1309/92/315
f 73/136/316 72/133/316 1076/133/316 1077/136/316
f 839/263/15 838/265/15 1842/265/15 1843/263/15
f 96/135/233 95/137/233 1099/137/233 1100/135/233
f 795/395/317 794/393/317 1798/393/317 1799/395/317
f 461/378/293 460/376/293 1464/376/293 1465/378/293
f 799/394/278 798/396/278 1802/396/278 1803/394/278
f 286/95/251 285/93/251 1289/93/251 1290/95/251
f 482/377/239 481/379/239 1485/379/239 1486/377/239
f 756/266/37 755/264/37 1759/264/37 1760/266/37
f 304/94/253 303/96/253 1307/96/253 1308/94/253
f 74/138/237 73/136/237 1077/136/237 1078/138/237
f 838/265/39 837/267/39 1841/267/39 1842/265/39
f 95/137/239 94/139/239 1098/139/239 1099/137/239
f 796/397/318 795/395/318 1799/395/318 1800/397/318
f 462/380/296 461/378/296 1465/378/296 1466/380/296
f 798/396/282 797/398/282 1801/398/282 1802/396/282
f 287/97/255 286/95/255 1290/95/255 1291/97/255
f 797/398/71 796/397/71 1800/397/71 1801/398/71
f 757/268/47 756/266/47 1760/266/47 1761/268/47
f 303/96/257 302/98/257 1306/98/257 1307/96/257
f 463/381/297 462/380/297 1466/380/297 1467/381/297
f 75/140/243 74/138/243 1078/138/243 1079/140/243
f 898/51/58 952/410/58 1956/410/58 1902/51/58
f 837/267/319 836/269/319 1840/269/319 1841/267/319
f 481/379/320 480/382/320 1484/382/320 1485/379/320
f 76/141/245 75/140/245 1079/140/245 1080/141/245
f 288/99/129 287/97/129 1291/97/129 1292/99/129
f 94/139/320 93/142/320 1097/142/320 1098/139/320
f 977/411/321 976/412/321 1980/412/321 1981/411/321
f 758/270/56 757/268/56 1761/268/56 1762/270/56
f 302/98/131 301/100/131 1305/100/131 1306/98/131
f 464/383/300 463/381/300 1467/381/300 1468/383/300
f 836/269/44 835/271/44 1839/271/44 1840/269/44
f 480/382/252 479/384/252 1483/384/252 1484/382/252
f 976/412/322 975/413/322 1979/413/322 1980/412/322
f 77/143/250 76/141/250 1080/141/250 1081/143/250
f 289/101/323 288/99/323 1292/99/323 1293/101/323
f 93/142/252 92/144/252 1096/144/252 1097/142/252
f 975/413/324 974/414/324 1978/414/324 1979/413/324
f 759/272/65 758/270/65 1762/270/65 1763/272/65
f 301/100/267 300/102/267 1304/102/267 1305/100/267
f 465/385/303 464/383/303 1468/383/303 1469/385/303
f 835/271/53 834/273/53 1838/273/53 1839/271/53
f 479/384/256 478/386/256 1482/386/256 1483/384/256
f 974/414/325 973/415/325 1977/415/325 1978/414/325
f 78/145/254 77/143/254 1081/143/254 1082/145/254
f 834/273/57 833/274/57 1837/274/57 1838/273/57
f 290/103/142 289/101/142 1293/101/142 1294/103/142
f 92/144/256 91/146/256 1095/146/256 1096/144/256
f 973/415/179 972/416/179 1976/416/179 1977/415/179
f 300/102/143 299/104/143 1303/104/143 1304/102/143
f 466/387/305 465/385/305 1469/385/305 1470/387/305
f 478/386/262 477/388/262 1481/388/262 1482/386/262
f 972/416/29 971/417/29 1975/417/29 1976/416/29
f 760/275/62 759/272/62 1763/272/62 1764/275/62
f 79/147/326 78/145/326 1082/145/326 1083/147/326
f 291/105/147 290/103/147 1294/103/147 1295/105/147
f 91/146/262 90/148/262 1094/148/262 1095/146/262
f 971/417/327 970/418/327 1974/418/327 1975/417/327
f 761/276/79 760/275/79 1764/275/79 1765/276/79
f 299/104/149 298/106/149 1302/106/149 1303/104/149
f 467/389/92 466/387/92 1470/387/92 1471/389/92
f 833/274/81 832/277/81 1836/277/81 1837/274/81
f 477/388/266 476/390/266 1480/390/266 1481/388/266
f 80/149/264 79/147/264 1083/147/264 1084/149/264
f 899/419/77 898/51/77 1902/51/77 1903/419/77
f 292/107/328 291/105/328 1295/105/328 1296/107/328
f 90/148/266 89/150/266 1093/150/266 1094/148/266
f 762/278/74 761/276/74 1765/276/74 1766/278/74
f 298/106/279 297/108/279 1301/108/279 1302/106/279
f 468/391/311 467/389/311 1471/389/311 1472/391/311
f 900/420/329 899/419/329 1903/419/329 1904/420/329
f 832/277/88 831/279/88 1835/279/88 1836/277/88
f 476/390/272 475/392/272 1479/392/272 1480/390/272
f 81/151/270 80/149/270 1084/149/270 1085/151/270
f 901/421/330 900/420/330 1904/420/330 1905/421/330
f 293/109/160 292/107/160 1296/107/160 1297/109/160
f 89/150/272 88/152/272 1092/152/272 1093/150/272
f 763/280/82 762/278/82 1766/278/82 1767/280/82
f 297/108/161 296/110/161 1300/110/161 1301/108/161
f 469/393/314 468/391/314 1472/391/314 1473/393/314
f 902/422/331 901/421/331 1905/421/331 1906/422/331
f 831/279/97 830/281/97 1834/281/97 1835/279/97
f 475/392/275 474/394/275 1478/394/275 1479/392/275
f 82/153/274 81/151/274 1085/151/274 1086/153/274
f 903/423/332 902/422/332 1906/422/332 1907/423/332
f 294/111/166 293/109/166 1297/109/166 1298/111/166
f 88/152/275 87/154/275 1091/154/275 1092/152/275
f 970/418/168 969/424/168 1973/424/168 1974/418/168
f 764/282/103 763/280/103 1767/280/103 1768/282/103
f 296/110/167 295/112/167 1299/112/167 1300/110/167
f 470/395/317 469/393/317 1473/393/317 1474/395/317
f 830/281/93 829/283/93 1833/283/93 1834/281/93
f 474/394/278 473/396/278 1477/396/278 1478/394/278
f 83/155/277 82/153/277 1086/153/277 1087/155/277
f 904/425/307 903/423/307 1907/423/307 1908/425/307
f 295/112/77 294/111/77 1298/111/77 1299/112/77
f 87/154/278 86/156/278 1090/156/278 1091/154/278
f 765/284/98 764/282/98 1768/282/98 1769/284/98
f 471/397/318 470/395/318 1474/395/318 1475/397/318
f 905/426/333 904/425/333 1908/425/333 1909/426/333
f 829/283/101 828/285/101 1832/285/101 1833/283/101
f 473/396/282 472/398/282 1476/398/282 1477/396/282
f 314/113/172 313/90/172 1317/90/172 1318/113/172
f 472/398/71 471/397/71 1475/397/71 1476/398/71
f 84/157/280 83/155/280 1087/155/280 1088/157/280
f 906/427/334 905/426/334 1909/426/334 1910/427/334
f 360/87/173 359/114/173 1363/114/173 1364/87/173
f 706/2/125 705/1/125 1709/1/125 1710/2/125
f 86/156/282 85/158/282 1089/158/282 1090/156/282
f 766/286/335 765/284/335 1769/284/335 1770/286/335
f 85/158/71 84/157/71 1088/157/71 1089/158/71
f 907/428/336 906/427/336 1910/427/336 1911/428/336
f 828/285/107 827/287/107 1831/287/107 1832/285/107
f 707/3/77 706/2/77 1710/2/77 1711/3/77
f 167/160/58 166/159/58 1170/159/58 1171/160/58
f 315/115/176 314/113/176 1318/113/176 1319/115/176
f 908/429/337 907/428/337 1911/428/337 1912/429/337
f 359/114/338 358/116/338 1362/116/338 1363/114/338
f 708/4/130 707/3/130 1711/3/130 1712/4/130
f 168/47/77 167/160/77 1171/160/77 1172/47/77
f 767/288/120 766/286/120 1770/286/120 1771/288/120
f 909/430/339 908/429/339 1912/429/339 1913/430/339
f 827/287/121 826/289/121 1830/289/121 1831/287/121
f 709/5/132 708/4/132 1712/4/132 1713/5/132
f 316/117/182 315/115/182 1319/115/182 1320/117/182
f 705/1/134 704/6/134 1708/6/134 1709/1/134
f 910/431/340 909/430/340 1913/430/340 1914/431/340
f 358/116/185 357/118/185 1361/118/185 1362/116/185
f 159/51/341 168/47/341 1172/47/341 1163/51/341
f 768/290/116 767/288/116 1771/288/116 1772/290/116
f 160/162/58 159/51/58 1163/51/58 1164/162/58
f 911/432/342 910/431/342 1914/431/342 1915/432/342
f 826/289/117 825/291/117 1829/291/117 1830/289/117
f 710/7/138 709/5/138 1713/5/138 1714/7/138
f 317/119/292 316/117/292 1320/117/292 1321/119/292
f 704/6/140 703/8/140 1707/8/140 1708/6/140
f 161/163/77 160/162/77 1164/162/77 1165/163/77
f 912/433/343 911/432/343 1915/432/343 1916/433/343
f 357/118/344 356/120/344 1360/120/344 1361/118/344
f 969/424/345 968/434/345 1972/434/345 1973/424/345
f 769/292/346 768/290/346 1772/290/346 1773/292/346
f 162/164/63 161/163/63 1165/163/63 1166/164/63
f 825/291/133 824/293/133 1828/293/133 1829/291/133
f 711/9/144 710/7/144 1714/7/144 1715/9/144
f 166/159/71 165/165/71 1169/165/71 1170/159/71
f 318/121/294 317/119/294 1321/119/294 1322/121/294
f 703/8/146 702/10/146 1706/10/146 1707/8/146
f 165/165/63 164/161/63 1168/161/63 1169/165/63
f 913/435/347 912/433/347 1916/433/347 1917/435/347
f 356/120/195 355/122/195 1359/122/195 1360/120/195
f 164/161/348 163/166/348 1167/166/348 1168/161/348
f 770/294/127 769/292/127 1773/292/127 1774/294/127
f 914/436/349 913/435/349 1917/435/349 1918/436/349
f 824/293/128 823/295/128 1827/295/128 1828/293/128
f 712/11/150 711/9/150 1715/9/150 1716/11/150
f 163/166/71 162/164/71 1166/164/71 1167/166/71
f 319/123/198 318/121/198 1322/121/198 1323/123/198
f 702/10/152 701/12/152 1705/12/152 1706/10/152
f 169/51/125 224/167/125 1228/167/125 1173/51/125
f 915/437/350 914/436/350 1918/436/350 1919/437/350
f 355/122/201 354/124/201 1358/124/201 1359/122/201
f 170/168/77 169/51/77 1173/51/77 1174/168/77
f 916/438/351 915/437/351 1919/437/351 1920/438/351
f 713/13/156 712/11/156 1716/11/156 1717/13/156
f 771/297/139 770/294/139 1774/294/139 1775/297/139
f 320/125/206 319/123/206 1323/123/206 1324/125/206
f 701/12/10 700/14/10 1704/14/10 1705/12/10
f 171/169/130 170/168/130 1174/168/130 1175/169/130
f 917/439/352 916/438/352 1920/438/352 1921/439/352
f 823/295/141 822/298/141 1826/298/141 1827/295/141
f 354/124/209 353/126/209 1357/126/209 1358/124/209
f 172/170/132 171/169/132 1175/169/132 1176/170/132
f 918/440/353 917/439/353 1921/439/353 1922/440/353
f 714/15/354 713/13/354 1717/13/354 1718/15/354
f 224/167/134 223/171/134 1227/171/134 1228/167/134
f 874/299/145 873/300/145 1877/300/145 1878/299/145
f 321/127/283 320/125/283 1324/125/283 1325/127/283
f 700/14/20 699/16/20 1703/16/20 1704/14/20
f 919/441/355 918/440/355 1922/440/355 1923/441/355
f 353/126/285 352/128/285 1356/128/285 1357/126/285
f 968/434/145 967/442/145 1971/442/145 1972/434/145
f 873/300/71 872/296/71 1876/296/71 1877/300/71
f 173/172/138 172/170/138 1176/170/138 1177/172/138
f 872/296/356 871/301/356 1875/301/356 1876/296/356
f 715/17/11 714/15/11 1718/15/11 1719/17/11
f 223/171/140 222/173/140 1226/173/140 1227/171/140
f 322/129/357 321/127/357 1325/127/357 1326/129/357
f 699/16/15 698/18/15 1702/18/15 1703/16/15
f 920/443/358 919/441/358 1923/441/358 1924/443/358
f 352/128/306 351/130/306 1355/130/306 1356/128/306
f 875/302/345 874/299/345 1878/299/345 1879/302/345
f 174/174/144 173/172/144 1177/172/144 1178/174/144
f 921/444/359 920/443/359 1924/443/359 1925/444/359
f 871/301/163 870/303/163 1874/303/163 1875/301/163
f 716/19/21 715/17/21 1719/17/21 1720/19/21
f 222/173/146 221/175/146 1225/175/146 1226/173/146
f 323/131/221 322/129/221 1326/129/221 1327/131/221
f 698/18/39 697/20/39 1701/20/39 1702/18/39
f 922/445/360 921/444/360 1925/444/360 1926/445/360
f 351/130/309 350/132/309 1354/132/309 1355/130/309
f 967/442/71 966/446/71 1970/446/71 1971/442/71
f 876/304/168 875/302/168 1879/302/168 1880/304/168
f 175/176/150 174/174/150 1178/174/150 1179/176/150
f 870/303/169 869/305/169 1873/305/169 1874/303/169
f 717/21/30 716/19/30 1720/19/30 1721/21/30
f 221/175/152 220/177/152 1224/177/152 1225/175/152
f 966/446/135 965/447/135 1969/447/135 1970/446/135
f 324/133/224 323/131/224 1327/131/224 1328/133/224
f 697/20/34 696/22/34 1700/22/34 1701/20/34
f 350/132/312 349/134/312 1353/134/312 1354/132/312
f 877/306/164 876/304/164 1880/304/164 1881/306/164
f 176/178/361 175/176/361 1179/176/361 1180/178/361
f 923/448/362 922/445/362 1926/445/362 1927/448/362
f 869/305/363 868/307/363 1872/307/363 1873/305/363
f 349/134/290 348/135/290 1352/135/290 1353/134/290
f 718/23/40 717/21/40 1721/21/40 1722/23/40
f 220/177/10 219/179/10 1223/179/10 1224/177/10
f 965/447/364 964/449/364 1968/449/364 1969/447/364
f 696/22/44 695/24/44 1699/24/44 1700/22/44
f 964/449/13 963/450/13 1967/450/13 1968/449/13
f 878/308/29 877/306/29 1881/306/29 1882/308/29
f 325/136/316 324/133/316 1328/133/316 1329/136/316
f 177/180/354 176/178/354 1180/178/354 1181/180/354
f 868/307/365 867/309/365 1871/309/365 1872/307/365
f 348/135/366 347/137/366 1351/137/366 1352/135/366
f 719/25/367 718/23/367 1722/23/367 1723/25/367
f 219/179/20 218/181/20 1222/181/20 1223/179/20
f 963/450/368 962/451/368 1966/451/368 1967/450/368
f 695/24/53 694/26/53 1698/26/53 1699/24/53
f 962/451/369 961/452/369 1965/452/369 1966/451/369
f 879/310/179 878/308/179 1882/308/179 1883/310/179
f 326/138/237 325/136/237 1329/136/237 1330/138/237
f 694/26/57 693/27/57 1697/27/57 1698/26/57
f 178/182/11 177/180/11 1181/180/11 1182/182/11
f 867/309/370 866/311/370 1870/311/370 1871/309/370
f 347/137/239 346/139/239 1350/139/239 1351/137/239
f 218/181/15 217/183/15 1221/183/15 1222/181/15
f 961/452/42 960/453/42 1964/453/42 1965/452/42
f 720/28/62 719/25/62 1723/25/62 1724/28/62
f 960/453/371 959/454/371 1963/454/371 1964/453/371
f 880/312/325 879/310/325 1883/310/325 1884/312/325
f 327/140/243 326/138/243 1330/138/243 1331/140/243
f 179/184/21 178/182/21 1182/182/21 1183/184/21
f 866/311/372 865/313/372 1869/313/372 1870/311/372
f 721/29/79 720/28/79 1724/28/79 1725/29/79
f 217/183/39 216/185/39 1220/185/39 1221/183/39
f 959/454/373 958/455/373 1962/455/373 1963/454/373
f 328/141/245 327/140/245 1331/140/245 1332/141/245
f 693/27/81 692/30/81 1696/30/81 1697/27/81
f 346/139/248 345/142/248 1349/142/248 1350/139/248
f 958/455/374 957/456/374 1961/456/374 1962/455/374
f 881/314/375 880/312/375 1884/312/375 1885/314/375
f 180/186/30 179/184/30 1183/184/30 1184/186/30
f 865/313/376 864/315/376 1868/315/376 1869/313/376
f 722/31/74 721/29/74 1725/29/74 1726/31/74
f 216/185/34 215/187/34 1219/187/34 1220/185/34
f 957/456/377 956/457/377 1960/457/377 1961/456/377
f 329/143/250 328/141/250 1332/141/250 1333/143/250
f 692/30/76 691/32/76 1695/32/76 1696/30/76
f 345/142/252 344/144/252 1348/144/252 1349/142/252
f 882/316/378 881/314/378 1885/314/378 1886/316/378
f 181/188/40 180/186/40 1184/186/40 1185/188/40
f 978/458/210 977/411/210 1981/411/210 1982/458/210
f 864/315/379 863/317/379 1867/317/379 1868/315/379
f 723/33/82 722/31/82 1726/31/82 1727/33/82
f 215/187/183 214/189/183 1218/189/183 1219/187/183
f 956/457/380 955/459/380 1959/459/380 1960/457/380
f 330/145/254 329/143/254 1333/143/254 1334/145/254
f 691/32/85 690/34/85 1694/34/85 1695/32/85
f 344/144/256 343/146/256 1347/146/256 1348/144/256
f 883/318/381 882/316/381 1886/316/381 1887/318/381
f 182/190/49 181/188/49 1185/188/49 1186/190/49
f 979/460/50 978/458/50 1982/458/50 1983/460/50
f 863/317/382 862/319/382 1866/319/382 1867/317/382
f 724/35/103 723/33/103 1727/33/103 1728/35/103
f 214/189/53 213/191/53 1217/191/53 1218/189/53
f 955/459/54 954/461/54 1958/461/54 1959/459/54
f 331/147/326 330/145/326 1334/145/326 1335/147/326
f 690/34/93 689/36/93 1693/36/93 1694/34/93
f 343/146/262 342/148/262 1346/148/262 1347/146/262
f 213/191/57 212/192/57 1216/192/57 1217/191/57
f 884/320/383 883/318/383 1887/318/383 1888/320/383
f 980/462/63 979/460/63 1983/460/63 1984/462/63
f 862/319/211 861/321/211 1865/321/211 1866/319/211
f 725/37/98 724/35/98 1728/35/98 1729/37/98
f 954/461/58 953/463/58 1957/463/58 1958/461/58
f 332/149/264 331/147/264 1335/147/264 1336/149/264
f 689/36/101 688/38/101 1692/38/101 1693/36/101
f 183/193/62 182/190/62 1186/190/62 1187/193/62
f 342/148/266 341/150/266 1345/150/266 1346/148/266
f 885/322/50 884/320/50 1888/320/50 1889/322/50
f 184/194/79 183/193/79 1187/193/79 1188/194/79
f 924/464/63 923/448/63 1927/448/63 1928/464/63
f 861/321/216 860/323/216 1864/323/216 1865/321/216
f 726/39/335 725/37/335 1729/37/335 1730/39/335
f 212/192/81 211/195/81 1215/195/81 1216/192/81
f 333/151/270 332/149/270 1336/149/270 1337/151/270
f 688/38/107 687/40/107 1691/40/107 1692/38/107
f 981/465/96 980/462/96 1984/462/96 1985/465/96
f 822/298/58 821/324/58 1825/324/58 1826/298/58
f 341/150/272 340/152/272 1344/152/272 1345/150/272
f 953/463/99 1004/47/99 2008/47/99 1957/463/99
f 185/196/74 184/194/74 1188/194/74 1189/196/74
f 727/41/120 726/39/120 1730/39/120 1731/41/120
f 211/195/76 210/197/76 1214/197/76 1215/195/76
f 886/325/63 885/322/63 1889/322/63 1890/325/63
f 334/153/274 333/151/274 1337/151/274 1338/153/274
f 687/40/121 686/42/121 1690/42/121 1691/40/121
f 925/466/384 924/464/384 1928/464/384 1929/466/384
f 860/323/58 859/326/58 1863/326/58 1864/323/58
f 340/152/275 339/154/275 1343/154/275 1344/152/275
f 186/198/95 185/196/95 1189/196/95 1190/198/95
f 982/467/385 981/465/385 1985/465/385 1986/467/385
f 728/43/116 727/41/116 1731/41/116 1732/43/116
f 210/197/85 209/199/85 1213/199/85 1214/197/85
f 1004/47/386 1003/468/386 2007/468/386 2008/47/386
f 772/327/63 771/297/63 1775/297/63 1776/327/63
f 335/155/277 334/153/277 1338/153/277 1339/155/277
f 686/42/117 685/44/117 1689/44/117 1690/42/117
f 821/324/227 820/328/227 1824/328/227 1825/324/227
f 339/154/278 338/156/278 1342/156/278 1343/154/278
f 187/200/103 186/198/103 1190/198/103 1191/200/103
f 983/469/387 982/467/387 1986/467/387 1987/469/387
f 729/45/122 728/43/122 1732/43/122 1733/45/122
f 209/199/93 208/201/93 1212/201/93 1213/199/93
f 1003/468/388 1002/470/388 2006/470/388 2007/468/388
f 887/329/96 886/325/96 1890/325/96 1891/329/96
f 336/157/280 335/155/280 1339/155/280 1340/157/280
f 685/44/133 684/46/133 1688/46/133 1689/44/133
f 859/326/389 858/330/389 1862/330/389 1863/326/389
f 338/156/282 337/158/282 1341/158/282 1342/156/282
f 337/158/71 336/157/71 1340/157/71 1341/158/71
f 188/202/98 187/200/98 1191/200/98 1192/202/98
f 984/471/390 983/469/390 1987/469/390 1988/471/390
f 419/160/58 418/159/58 1422/159/58 1423/160/58
f 730/47/127 729/45/127 1733/45/127 1734/47/127
f 208/201/391 207/203/391 1211/203/391 1212/201/391
f 1002/470/392 1001/472/392 2005/472/392 2006/470/392
f 773/331/104 772/327/104 1776/327/104 1777/331/104
f 684/46/393 683/48/393 1687/48/393 1688/46/393
f 420/47/77 419/160/77 1423/160/77 1424/47/77
f 888/332/394 887/329/394 1891/329/394 1892/332/394
f 189/204/335 188/202/335 1192/202/335 1193/204/335
f 985/473/395 984/471/395 1988/471/395 1989/473/395
f 858/330/240 857/333/240 1861/333/240 1862/330/240
f 207/203/107 206/205/107 1210/205/107 1211/203/107
f 1001/472/396 1000/474/396 2004/474/396 2005/472/396
f 588/49/135 587/50/135 1591/50/135 1592/49/135
f 411/51/341 420/47/341 1424/47/341 1415/51/341
f 412/162/58 411/51/58 1415/51/58 1416/162/58
f 190/206/120 189/204/120 1193/204/120 1194/206/120
f 986/475/217 985/473/217 1989/473/217 1990/475/217
f 573/51/397 730/47/397 1734/47/397 1577/51/397
f 206/205/121 205/207/121 1209/207/121 1210/205/121
f 1000/474/398 999/476/398 2003/476/398 2004/474/398
f 413/163/77 412/162/77 1416/162/77 1417/163/77
f 683/48/141 682/52/141 1686/52/141 1687/48/141
f 134/2/125 133/1/125 1137/1/125 1138/2/125
f 414/164/63 413/163/63 1417/163/63 1418/164/63
f 191/208/116 190/206/116 1194/206/116 1195/208/116
f 987/477/136 986/475/136 1990/475/136 1991/477/136
f 418/159/71 417/165/71 1421/165/71 1422/159/71
f 135/3/77 134/2/77 1138/2/77 1139/3/77
f 590/53/145 589/54/145 1593/54/145 1594/53/145
f 205/207/399 204/209/399 1208/209/399 1209/207/399
f 999/476/137 998/478/137 2002/478/137 2003/476/137
f 417/165/63 416/161/63 1420/161/63 1421/165/63
f 416/161/348 415/166/348 1419/166/348 1420/161/348
f 136/4/130 135/3/130 1139/3/130 1140/4/130
f 589/54/71 588/49/71 1592/49/71 1593/54/71
f 192/210/346 191/208/346 1195/208/346 1196/210/346
f 988/479/142 987/477/142 1991/477/142 1992/479/142
f 415/166/71 414/164/71 1418/164/71 1419/166/71
f 137/5/132 136/4/132 1140/4/132 1141/5/132
f 591/55/151 590/53/151 1594/53/151 1595/55/151
f 204/209/133 203/211/133 1207/211/133 1208/209/133
f 998/478/143 997/480/143 2001/480/143 2002/478/143
f 421/51/125 520/249/125 1524/249/125 1425/51/125
f 133/1/134 132/6/134 1136/6/134 1137/1/134
f 587/50/153 586/56/153 1590/56/153 1591/50/153
f 422/250/77 421/51/77 1425/51/77 1426/250/77
f 193/212/127 192/210/127 1196/210/127 1197/212/127
f 989/481/400 988/479/400 1992/479/400 1993/481/400
f 138/7/138 137/5/138 1141/5/138 1142/7/138
f 592/57/401 591/55/401 1595/55/401 1596/57/401
f 203/211/128 202/213/128 1206/213/128 1207/211/128
f 997/480/149 996/482/149 2000/482/149 2001/480/149
f 423/251/298 422/250/298 1426/250/298 1427/251/298
f 132/6/140 131/8/140 1135/8/140 1136/6/140
f 586/56/402 585/58/402 1589/58/402 1590/56/402
f 424/252/299 423/251/299 1427/251/299 1428/252/299
f 990/483/235 989/481/235 1993/481/235 1994/483/235
f 520/249/134 519/253/134 1523/253/134 1524/249/134
f 139/9/144 138/7/144 1142/7/144 1143/9/144
f 593/59/164 592/57/164 1596/57/164 1597/59/164
f 239/214/135 238/215/135 1242/215/135 1243/214/135
f 996/482/403 995/484/403 1999/484/403 2000/482/403
f 131/8/146 130/10/146 1134/10/146 1135/8/146
f 585/58/165 584/60/165 1588/60/165 1589/58/165
f 425/254/302 424/252/302 1428/252/302 1429/254/302
f 194/216/397 193/212/397 1197/212/397 1198/216/397
f 991/485/404 990/483/404 1994/483/404 1995/485/404
f 519/253/140 518/255/140 1522/255/140 1523/253/140
f 140/11/150 139/9/150 1143/9/150 1144/11/150
f 594/61/29 593/59/29 1597/59/29 1598/61/29
f 202/213/148 201/217/148 1205/217/148 1206/213/148
f 995/484/405 994/486/405 1998/486/405 1999/484/405
f 130/10/152 129/12/152 1133/12/152 1134/10/152
f 584/60/32 583/62/32 1587/62/32 1588/60/32
f 426/256/304 425/254/304 1429/254/304 1430/256/304
f 241/218/145 240/219/145 1244/219/145 1245/218/145
f 992/487/166 991/485/166 1995/485/166 1996/487/166
f 518/255/146 517/257/146 1521/257/146 1522/255/146
f 141/13/361 140/11/361 1144/11/361 1145/13/361
f 595/63/179 594/61/179 1598/61/179 1599/63/179
f 994/486/167 993/488/167 1997/488/167 1998/486/167
f 129/12/10 128/14/10 1132/14/10 1133/12/10
f 583/62/42 582/64/42 1586/64/42 1587/62/42
f 240/219/71 239/214/71 1243/214/71 1244/219/71
f 427/258/307 426/256/307 1430/256/307 1431/258/307
f 242/220/406 241/218/406 1245/218/406 1246/220/406
f 517/257/152 516/259/152 1520/259/152 1521/257/152
f 142/15/162 141/13/162 1145/13/162 1146/15/162
f 596/65/48 595/63/48 1599/63/48 1600/65/48
f 238/215/265 237/221/265 1241/221/265 1242/215/265
f 128/14/20 127/16/20 1131/16/20 1132/14/20
f 582/64/177 581/66/177 1585/66/177 1586/64/177
f 993/488/77 992/487/77 1996/487/77 1997/488/77
f 428/260/310 427/258/310 1431/258/310 1432/260/310
f 243/222/407 242/220/407 1246/220/407 1247/222/407
