# Blender 4.4.3
# www.blender.org
mtllib POLYGONGANG.mtl
o Text
v -3.769956 0.484570 0.000002
v -3.769956 0.437865 0.000002
v -3.659031 0.437865 0.000002
v -3.659031 0.484570 0.000002
v -3.658990 0.485503 0.000002
v -3.658869 0.486354 0.000002
v -3.658666 0.487125 0.000002
v -3.658382 0.487814 0.000002
v -3.658017 0.488422 0.000002
v -3.657572 0.488949 0.000002
v -3.657045 0.489395 0.000002
v -3.656437 0.489760 0.000002
v -3.655748 0.490044 0.000002
v -3.654978 0.490247 0.000002
v -3.654126 0.490368 0.000002
v -3.653193 0.490409 0.000002
v -3.285386 0.490409 0.000002
v -3.284454 0.490368 0.000002
v -3.283602 0.490247 0.000002
v -3.282832 0.490044 0.000002
v -3.282143 0.489760 0.000002
v -3.281535 0.489395 0.000002
v -3.281008 0.488949 0.000002
v -3.280563 0.488422 0.000002
v -3.280198 0.487814 0.000002
v -3.279914 0.487125 0.000002
v -3.279711 0.486354 0.000002
v -3.279590 0.485503 0.000002
v -3.279548 0.484570 0.000002
v -3.279548 0.115930 0.000002
v -3.279588 0.114997 0.000002
v -3.279710 0.114146 0.000002
v -3.279913 0.113376 0.000002
v -3.280196 0.112686 0.000002
v -3.280561 0.112078 0.000002
v -3.281007 0.111551 0.000002
v -3.281534 0.111105 0.000002
v -3.282142 0.110740 0.000002
v -3.282831 0.110457 0.000002
v -3.283601 0.110254 0.000002
v -3.284452 0.110132 0.000002
v -3.285386 0.110092 0.000002
v -3.653193 0.110092 0.000002
v -3.654125 0.110132 0.000002
v -3.654976 0.110254 0.000002
v -3.655746 0.110457 0.000002
v -3.656435 0.110740 0.000002
v -3.657043 0.111105 0.000002
v -3.657570 0.111551 0.000002
v -3.658016 0.112078 0.000002
v -3.658381 0.112686 0.000002
v -3.658664 0.113376 0.000002
v -3.658867 0.114146 0.000002
v -3.658989 0.114997 0.000002
v -3.659031 0.115930 0.000002
v -3.659031 0.229358 0.000002
v -3.523084 0.229358 0.000002
v -3.523084 0.339450 0.000002
v -3.769956 0.339450 0.000002
v -3.769956 0.115930 0.000002
v -3.769719 0.107969 0.000002
v -3.769006 0.100211 0.000002
v -3.767819 0.092655 0.000002
v -3.766157 0.085303 0.000002
v -3.764020 0.078153 0.000002
v -3.761408 0.071205 0.000002
v -3.758321 0.064461 0.000002
v -3.754759 0.057919 0.000002
v -3.750722 0.051579 0.000002
v -3.746210 0.045443 0.000002
v -3.741223 0.039509 0.000002
v -3.735761 0.033778 0.000002
v -3.729964 0.028383 0.000002
v -3.723970 0.023457 0.000002
v -3.717778 0.019000 0.000002
v -3.711390 0.015013 0.000002
v -3.704805 0.011494 0.000002
v -3.698023 0.008445 0.000002
v -3.691044 0.005864 0.000002
v -3.683868 0.003753 0.000002
v -3.676495 0.002111 0.000002
v -3.668926 0.000938 0.000002
v -3.661159 0.000235 0.000002
v -3.653193 0.000000 0.000002
v -3.285386 0.000000 0.000002
v -3.277425 0.000235 0.000002
v -3.269667 0.000938 0.000002
v -3.262111 0.002111 0.000002
v -3.254759 0.003753 0.000002
v -3.247608 0.005864 0.000002
v -3.240661 0.008445 0.000002
v -3.233917 0.011494 0.000002
v -3.227375 0.015013 0.000002
v -3.221036 0.019000 0.000002
v -3.214899 0.023457 0.000002
v -3.208966 0.028383 0.000002
v -3.203234 0.033778 0.000002
v -3.197839 0.039509 0.000002
v -3.192913 0.045443 0.000002
v -3.188456 0.051579 0.000002
v -3.184468 0.057919 0.000002
v -3.180949 0.064461 0.000002
v -3.177900 0.071205 0.000002
v -3.175320 0.078153 0.000002
v -3.173209 0.085303 0.000002
v -3.171567 0.092655 0.000002
v -3.170394 0.100211 0.000002
v -3.169690 0.107969 0.000002
v -3.169456 0.115930 0.000002
v -3.169456 0.484570 0.000002
v -3.169691 0.492531 0.000002
v -3.170395 0.500290 0.000002
v -3.171568 0.507845 0.000002
v -3.173209 0.515198 0.000002
v -3.175320 0.522348 0.000002
v -3.177901 0.529295 0.000002
v -3.180950 0.536040 0.000002
v -3.184469 0.542582 0.000002
v -3.188456 0.548921 0.000002
v -3.192913 0.555057 0.000002
v -3.197839 0.560991 0.000002
v -3.203234 0.566722 0.000002
v -3.208966 0.572117 0.000002
v -3.214899 0.577043 0.000002
v -3.221036 0.581500 0.000002
v -3.227375 0.585488 0.000002
v -3.233917 0.589006 0.000002
v -3.240661 0.592056 0.000002
v -3.247608 0.594636 0.000002
v -3.254759 0.596747 0.000002
v -3.262111 0.598389 0.000002
v -3.269667 0.599562 0.000002
v -3.277425 0.600266 0.000002
v -3.285386 0.600500 0.000002
v -3.653193 0.600500 0.000002
v -3.661156 0.600266 0.000002
v -3.668923 0.599562 0.000002
v -3.676493 0.598389 0.000002
v -3.683866 0.596747 0.000002
v -3.691042 0.594636 0.000002
v -3.698021 0.592056 0.000002
v -3.704803 0.589006 0.000002
v -3.711388 0.585488 0.000002
v -3.717776 0.581500 0.000002
v -3.723967 0.577043 0.000002
v -3.729962 0.572117 0.000002
v -3.735761 0.566722 0.000002
v -3.741223 0.560991 0.000002
v -3.746210 0.555057 0.000002
v -3.750722 0.548921 0.000002
v -3.754759 0.542582 0.000002
v -3.758321 0.536040 0.000002
v -3.761408 0.529295 0.000002
v -3.764020 0.522348 0.000002
v -3.766157 0.515198 0.000002
v -3.767819 0.507845 0.000002
v -3.769006 0.500290 0.000002
v -3.769719 0.492531 0.000002
v -2.965119 0.160133 0.000002
v -2.965119 0.600500 0.000002
v -3.076045 0.600500 0.000002
v -3.076045 0.000000 0.000002
v -2.955945 0.000000 0.000002
v -2.585636 0.440367 0.000002
v -2.585636 0.000000 0.000002
v -2.475545 0.000000 0.000002
v -2.475545 0.600500 0.000002
v -2.595645 0.600500 0.000002
v -1.895895 0.600500 0.000002
v -2.263702 0.600500 0.000002
v -2.271665 0.600266 0.000002
v -2.279432 0.599562 0.000002
v -2.287002 0.598389 0.000002
v -2.294375 0.596747 0.000002
v -2.301551 0.594636 0.000002
v -2.308530 0.592056 0.000002
v -2.315312 0.589006 0.000002
v -2.321897 0.585488 0.000002
v -2.328285 0.581500 0.000002
v -2.334476 0.577043 0.000002
v -2.340471 0.572117 0.000002
v -2.346270 0.566722 0.000002
v -2.351732 0.560991 0.000002
v -2.356719 0.555057 0.000002
v -2.361231 0.548921 0.000002
v -2.365268 0.542582 0.000002
v -2.368829 0.536040 0.000002
v -2.371917 0.529295 0.000002
v -2.374529 0.522348 0.000002
v -2.376666 0.515198 0.000002
v -2.378328 0.507845 0.000002
v -2.379515 0.500290 0.000002
v -2.380228 0.492531 0.000002
v -2.380466 0.484570 0.000002
v -2.380466 0.000000 0.000002
v -2.269540 0.000000 0.000002
v -2.269540 0.201835 0.000002
v -1.890057 0.201835 0.000002
v -1.890057 0.000000 0.000002
v -1.779965 0.000000 0.000002
v -1.779965 0.484570 0.000002
v -1.780200 0.492531 0.000002
v -1.780904 0.500290 0.000002
v -1.782077 0.507845 0.000002
v -1.783719 0.515198 0.000002
v -1.785830 0.522348 0.000002
v -1.788410 0.529295 0.000002
v -1.791459 0.536040 0.000002
v -1.794978 0.542582 0.000002
v -1.798966 0.548921 0.000002
v -1.803423 0.555057 0.000002
v -1.808348 0.560991 0.000002
v -1.813743 0.566722 0.000002
v -1.819474 0.572117 0.000002
v -1.825408 0.577043 0.000002
v -1.831545 0.581500 0.000002
v -1.837884 0.585488 0.000002
v -1.844425 0.589006 0.000002
v -1.851170 0.592056 0.000002
v -1.858117 0.594636 0.000002
v -1.865268 0.596747 0.000002
v -1.872620 0.598389 0.000002
v -1.880176 0.599562 0.000002
v -1.887934 0.600266 0.000002
v -1.890057 0.311927 0.000002
v -2.269540 0.311927 0.000002
v -2.269540 0.484570 0.000002
v -2.269499 0.485503 0.000002
v -2.269377 0.486354 0.000002
v -2.269175 0.487125 0.000002
v -2.268891 0.487814 0.000002
v -2.268526 0.488422 0.000002
v -2.268080 0.488949 0.000002
v -2.267554 0.489395 0.000002
v -2.266946 0.489760 0.000002
v -2.266257 0.490044 0.000002
v -2.265486 0.490247 0.000002
v -2.264635 0.490368 0.000002
v -2.263702 0.490409 0.000002
v -1.895895 0.490409 0.000002
v -1.894963 0.490368 0.000002
v -1.894111 0.490247 0.000002
v -1.893340 0.490044 0.000002
v -1.892651 0.489760 0.000002
v -1.892043 0.489395 0.000002
v -1.891516 0.488949 0.000002
v -1.891071 0.488422 0.000002
v -1.890706 0.487814 0.000002
v -1.890422 0.487125 0.000002
v -1.890219 0.486354 0.000002
v -1.890098 0.485503 0.000002
v -1.890057 0.484570 0.000002
v -1.483036 0.357753 -0.080015
v -1.483036 0.343417 -0.080015
v -1.448990 0.343417 -0.080015
v -1.448990 0.357753 -0.080015
v -1.448977 0.358039 -0.080015
v -1.448940 0.358300 -0.080015
v -1.448878 0.358537 -0.080015
v -1.448790 0.358748 -0.080015
v -1.448678 0.358935 -0.080015
v -1.448541 0.359096 -0.080015
v -1.448380 0.359233 -0.080015
v -1.448193 0.359345 -0.080015
v -1.447982 0.359432 -0.080015
v -1.447746 0.359495 -0.080015
v -1.447484 0.359532 -0.080015
v -1.447198 0.359544 -0.080015
v -1.334307 0.359544 -0.080015
v -1.334021 0.359532 -0.080015
v -1.333760 0.359495 -0.080015
v -1.333524 0.359432 -0.080015
v -1.333312 0.359345 -0.080015
v -1.333126 0.359233 -0.080015
v -1.332964 0.359096 -0.080015
v -1.332827 0.358935 -0.080015
v -1.332715 0.358748 -0.080015
v -1.332628 0.358537 -0.080015
v -1.332566 0.358300 -0.080015
v -1.332528 0.358039 -0.080015
v -1.332515 0.357753 -0.080015
v -1.332515 0.244607 -0.080015
v -1.332528 0.244320 -0.080015
v -1.332566 0.244059 -0.080015
v -1.332628 0.243823 -0.080015
v -1.332715 0.243611 -0.080015
v -1.332827 0.243424 -0.080015
v -1.332963 0.243263 -0.080015
v -1.333125 0.243126 -0.080015
v -1.333312 0.243014 -0.080015
v -1.333523 0.242927 -0.080015
v -1.333760 0.242864 -0.080015
v -1.334021 0.242827 -0.080015
v -1.334307 0.242815 -0.080015
v -1.447198 0.242815 -0.080015
v -1.447484 0.242827 -0.080015
v -1.447745 0.242864 -0.080015
v -1.447981 0.242927 -0.080015
v -1.448193 0.243014 -0.080015
v -1.448379 0.243126 -0.080015
v -1.448541 0.243263 -0.080015
v -1.448678 0.243424 -0.080015
v -1.448790 0.243611 -0.080015
v -1.448877 0.243823 -0.080015
v -1.448939 0.244059 -0.080015
v -1.448977 0.244320 -0.080015
v -1.448990 0.244607 -0.080015
v -1.448990 0.279421 -0.080015
v -1.407264 0.279421 -0.080015
v -1.407264 0.313211 -0.080015
v -1.483036 0.313211 -0.080015
v -1.483036 0.244607 -0.080015
v -1.482963 0.242163 -0.080015
v -1.482744 0.239782 -0.080015
v -1.482380 0.237463 -0.080015
v -1.481869 0.235206 -0.080015
v -1.481213 0.233012 -0.080015
v -1.480412 0.230879 -0.080015
v -1.479464 0.228809 -0.080015
v -1.478371 0.226801 -0.080015
v -1.477132 0.224856 -0.080015
v -1.475747 0.222972 -0.080015
v -1.474217 0.221151 -0.080015
v -1.472540 0.219392 -0.080015
v -1.470761 0.217736 -0.080015
v -1.468921 0.216224 -0.080015
v -1.467021 0.214856 -0.080015
v -1.465060 0.213632 -0.080015
v -1.463039 0.212552 -0.080015
v -1.460957 0.211616 -0.080015
v -1.458815 0.210824 -0.080015
v -1.456613 0.210176 -0.080015
v -1.454350 0.209672 -0.080015
v -1.452027 0.209312 -0.080015
v -1.449642 0.209096 -0.080015
v -1.447198 0.209024 -0.080015
v -1.334307 0.209024 -0.080015
v -1.331864 0.209096 -0.080015
v -1.329483 0.209312 -0.080015
v -1.327164 0.209672 -0.080015
v -1.324907 0.210176 -0.080015
v -1.322713 0.210824 -0.080015
v -1.320580 0.211616 -0.080015
v -1.318510 0.212552 -0.080015
v -1.316502 0.213632 -0.080015
v -1.314556 0.214856 -0.080015
v -1.312673 0.216224 -0.080015
v -1.310852 0.217736 -0.080015
v -1.309093 0.219392 -0.080015
v -1.307437 0.221151 -0.080015
v -1.305925 0.222972 -0.080015
v -1.304557 0.224856 -0.080015
v -1.303333 0.226801 -0.080015
v -1.302253 0.228809 -0.080015
v -1.301317 0.230879 -0.080015
v -1.300525 0.233012 -0.080015
v -1.299877 0.235206 -0.080015
v -1.299373 0.237463 -0.080015
v -1.299013 0.239782 -0.080015
v -1.298797 0.242163 -0.080015
v -1.298725 0.244607 -0.080015
v -1.298725 0.357753 -0.080015
v -1.298797 0.360196 -0.080015
v -1.299013 0.362577 -0.080015
v -1.299373 0.364896 -0.080015
v -1.299877 0.367153 -0.080015
v -1.300525 0.369348 -0.080015
v -1.301317 0.371480 -0.080015
v -1.302253 0.373550 -0.080015
v -1.303333 0.375558 -0.080015
v -1.304557 0.377504 -0.080015
v -1.305925 0.379387 -0.080015
v -1.307437 0.381208 -0.080015
v -1.309093 0.382967 -0.080015
v -1.310852 0.384623 -0.080015
v -1.312673 0.386135 -0.080015
v -1.314556 0.387503 -0.080015
v -1.316502 0.388727 -0.080015
v -1.318510 0.389807 -0.080015
v -1.320580 0.390743 -0.080015
v -1.322713 0.391535 -0.080015
v -1.324907 0.392183 -0.080015
v -1.327164 0.392687 -0.080015
v -1.329483 0.393047 -0.080015
v -1.331864 0.393263 -0.080015
v -1.334307 0.393335 -0.080015
v -1.447198 0.393335 -0.080015
v -1.449642 0.393263 -0.080015
v -1.452026 0.393047 -0.080015
v -1.454349 0.392687 -0.080015
v -1.456612 0.392183 -0.080015
v -1.458814 0.391535 -0.080015
v -1.460956 0.390743 -0.080015
v -1.463038 0.389807 -0.080015
v -1.465060 0.388727 -0.080015
v -1.467020 0.387503 -0.080015
v -1.468920 0.386135 -0.080015
v -1.470760 0.384623 -0.080015
v -1.472540 0.382967 -0.080015
v -1.474217 0.381208 -0.080015
v -1.475747 0.379387 -0.080015
v -1.477132 0.377504 -0.080015
v -1.478371 0.375558 -0.080015
v -1.479464 0.373550 -0.080015
v -1.480412 0.371480 -0.080015
v -1.481213 0.369348 -0.080015
v -1.481869 0.367153 -0.080015
v -1.482380 0.364896 -0.080015
v -1.482744 0.362577 -0.080015
v -1.482963 0.360196 -0.080015
v -0.881716 0.160133 0.000001
v -0.881716 0.600500 0.000001
v -0.992642 0.600500 0.000002
v -0.992642 0.000000 0.000002
v -0.872542 0.000000 0.000001
v -0.502234 0.440367 0.000001
v -0.502234 0.000000 0.000001
v -0.392142 0.000000 0.000001
v -0.392142 0.600500 0.000001
v -0.512242 0.600500 0.000001
v 0.184172 0.600500 0.000001
v -0.184469 0.600500 0.000001
v -0.192299 0.600266 0.000001
v -0.199944 0.599562 0.000001
v -0.207404 0.598389 0.000001
v -0.214679 0.596747 0.000001
v -0.221768 0.594636 0.000001
v -0.228672 0.592056 0.000001
v -0.235391 0.589006 0.000001
v -0.241924 0.585488 0.000001
v -0.248272 0.581500 0.000001
v -0.254434 0.577043 0.000001
v -0.260412 0.572117 0.000001
v -0.266204 0.566722 0.000001
v -0.271665 0.560991 0.000001
v -0.276652 0.555057 0.000001
v -0.281164 0.548921 0.000001
v -0.285201 0.542582 0.000001
v -0.288763 0.536040 0.000001
v -0.291850 0.529295 0.000001
v -0.294462 0.522348 0.000001
v -0.296599 0.515198 0.000001
v -0.298261 0.507845 0.000001
v -0.299449 0.500290 0.000001
v -0.300161 0.492531 0.000001
v -0.300399 0.484570 0.000001
v -0.300399 0.115930 0.000001
v -0.300161 0.107969 0.000001
v -0.299449 0.100211 0.000001
v -0.298261 0.092655 0.000001
v -0.296599 0.085303 0.000001
v -0.294462 0.078153 0.000001
v -0.291850 0.071205 0.000001
v -0.288763 0.064461 0.000001
v -0.285201 0.057919 0.000001
v -0.281164 0.051579 0.000001
v -0.276652 0.045443 0.000001
v -0.271665 0.039509 0.000001
v -0.266204 0.033778 0.000001
v -0.260412 0.028383 0.000001
v -0.254435 0.023457 0.000001
v -0.248272 0.019000 0.000001
v -0.241924 0.015013 0.000001
v -0.235391 0.011494 0.000001
v -0.228672 0.008445 0.000001
v -0.221768 0.005864 0.000001
v -0.214679 0.003753 0.000001
v -0.207405 0.002111 0.000001
v -0.199945 0.000938 0.000001
v -0.192300 0.000235 0.000001
v -0.184469 0.000000 0.000001
v 0.184172 0.000000 0.000001
v 0.192133 0.000235 0.000001
v 0.199891 0.000938 0.000001
v 0.207446 0.002111 0.000001
v 0.214799 0.003753 0.000001
v 0.221949 0.005864 0.000001
v 0.228896 0.008445 0.000001
v 0.235641 0.011494 0.000001
v 0.242183 0.015013 0.000001
v 0.248522 0.019000 0.000001
v 0.254658 0.023457 0.000001
v 0.260592 0.028383 0.000001
v 0.266324 0.033778 0.000001
v 0.271719 0.039509 0.000001
v 0.276645 0.045443 0.000001
v 0.281101 0.051579 0.000001
v 0.285089 0.057919 0.000001
v 0.288608 0.064461 0.000001
v 0.291657 0.071205 0.000001
v 0.294237 0.078153 0.000001
v 0.296349 0.085303 0.000001
v 0.297991 0.092655 0.000001
v 0.299163 0.100211 0.000001
v 0.299867 0.107969 0.000001
v 0.300102 0.115930 0.000001
v 0.300102 0.484570 0.000001
v 0.299867 0.492531 0.000001
v 0.299163 0.500290 0.000001
v 0.297991 0.507845 0.000001
v 0.296349 0.515198 0.000001
v 0.294237 0.522348 0.000001
v 0.291657 0.529295 0.000001
v 0.288608 0.536040 0.000001
v 0.285089 0.542582 0.000001
v 0.281101 0.548921 0.000001
v 0.276645 0.555057 0.000001
v 0.271719 0.560991 0.000001
v 0.266324 0.566722 0.000001
v 0.260592 0.572117 0.000001
v 0.254659 0.577043 0.000001
v 0.248522 0.581500 0.000001
v 0.242183 0.585488 0.000001
v 0.235641 0.589006 0.000001
v 0.228897 0.592056 0.000001
v 0.221949 0.594636 0.000001
v 0.214799 0.596747 0.000001
v 0.207447 0.598389 0.000001
v 0.199891 0.599562 0.000001
v 0.192133 0.600266 0.000001
v 0.184172 0.110092 0.000001
v -0.184469 0.110092 0.000001
v -0.185268 0.110132 0.000001
v -0.185998 0.110254 0.000001
v -0.186658 0.110457 0.000001
v -0.187249 0.110740 0.000001
v -0.187770 0.111105 0.000001
v -0.188222 0.111551 0.000001
v -0.188604 0.112078 0.000001
v -0.188917 0.112686 0.000001
v -0.189160 0.113376 0.000001
v -0.189334 0.114146 0.000001
v -0.189438 0.114997 0.000001
v -0.189473 0.115930 0.000001
v -0.189473 0.484570 0.000001
v -0.189438 0.485503 0.000001
v -0.189334 0.486354 0.000001
v -0.189160 0.487125 0.000001
v -0.188917 0.487814 0.000001
v -0.188604 0.488422 0.000001
v -0.188222 0.488949 0.000001
v -0.187770 0.489395 0.000001
v -0.187249 0.489760 0.000001
v -0.186658 0.490044 0.000001
v -0.185998 0.490247 0.000001
v -0.185268 0.490368 0.000001
v -0.184469 0.490409 0.000001
v 0.184172 0.490409 0.000001
v 0.185104 0.490368 0.000001
v 0.185956 0.490247 0.000001
v 0.186726 0.490044 0.000001
v 0.187415 0.489760 0.000001
v 0.188024 0.489395 0.000001
v 0.188551 0.488949 0.000001
v 0.188997 0.488422 0.000001
v 0.189362 0.487814 0.000001
v 0.189645 0.487125 0.000001
v 0.189848 0.486354 0.000001
v 0.189970 0.485503 0.000001
v 0.190010 0.484570 0.000001
v 0.190010 0.115930 0.000001
v 0.189970 0.114997 0.000001
v 0.189848 0.114146 0.000001
v 0.189645 0.113376 0.000001
v 0.189362 0.112686 0.000001
v 0.188997 0.112078 0.000001
v 0.188551 0.111551 0.000001
v 0.188024 0.111105 0.000001
v 0.187415 0.110740 0.000001
v 0.186726 0.110457 0.000001
v 0.185956 0.110254 0.000001
v 0.185104 0.110132 0.000001
v 0.390177 0.484570 0.000001
v 0.390177 0.437865 0.000001
v 0.501103 0.437865 0.000001
v 0.501103 0.484570 0.000001
v 0.501143 0.485503 0.000001
v 0.501265 0.486354 0.000001
v 0.501467 0.487125 0.000001
v 0.501751 0.487814 0.000001
v 0.502116 0.488422 0.000001
v 0.502562 0.488949 0.000001
v 0.503089 0.489395 0.000001
v 0.503697 0.489760 0.000001
v 0.504387 0.490044 0.000001
v 0.505157 0.490247 0.000001
v 0.506008 0.490368 0.000001
v 0.506941 0.490409 0.000001
v 0.874747 0.490409 0.000001
v 0.875680 0.490368 0.000001
v 0.876531 0.490247 0.000001
v 0.877301 0.490044 0.000001
v 0.877991 0.489760 0.000001
v 0.878599 0.489395 0.000001
v 0.879126 0.488949 0.000001
v 0.879572 0.488422 0.000001
v 0.879937 0.487814 0.000001
v 0.880221 0.487125 0.000001
v 0.880423 0.486354 0.000001
v 0.880545 0.485503 0.000001
v 0.880585 0.484570 0.000001
v 0.880585 0.115930 0.000001
v 0.880545 0.114997 0.000001
v 0.880423 0.114146 0.000001
v 0.880221 0.113376 0.000001
v 0.879937 0.112686 0.000001
v 0.879572 0.112078 0.000001
v 0.879126 0.111551 0.000001
v 0.878599 0.111105 0.000001
v 0.877991 0.110740 0.000001
v 0.877301 0.110457 0.000001
v 0.876531 0.110254 0.000001
v 0.875680 0.110132 0.000001
v 0.874747 0.110092 0.000001
v 0.506941 0.110092 0.000001
v 0.506008 0.110132 0.000001
v 0.505157 0.110254 0.000001
v 0.504387 0.110457 0.000001
v 0.503697 0.110740 0.000001
v 0.503089 0.111105 0.000001
v 0.502562 0.111551 0.000001
v 0.502116 0.112078 0.000001
v 0.501751 0.112686 0.000001
v 0.501467 0.113376 0.000001
v 0.501265 0.114146 0.000001
v 0.501143 0.114997 0.000001
v 0.501103 0.115930 0.000001
v 0.501103 0.229358 0.000001
v 0.637049 0.229358 0.000001
v 0.637049 0.339450 0.000001
v 0.390177 0.339450 0.000001
v 0.390177 0.115930 0.000001
v 0.390414 0.107969 0.000001
v 0.391127 0.100211 0.000001
v 0.392314 0.092655 0.000001
v 0.393976 0.085303 0.000001
v 0.396113 0.078153 0.000001
v 0.398726 0.071205 0.000001
v 0.401813 0.064461 0.000001
v 0.405375 0.057919 0.000001
v 0.409411 0.051579 0.000001
v 0.413923 0.045443 0.000001
v 0.418910 0.039509 0.000001
v 0.424372 0.033778 0.000001
v 0.430170 0.028383 0.000001
v 0.436164 0.023457 0.000001
v 0.442356 0.019000 0.000001
v 0.448744 0.015013 0.000001
v 0.455329 0.011494 0.000001
v 0.462112 0.008445 0.000001
v 0.469091 0.005864 0.000001
v 0.476267 0.003753 0.000001
v 0.483640 0.002111 0.000001
v 0.491210 0.000938 0.000001
v 0.498977 0.000235 0.000001
v 0.506941 0.000000 0.000001
v 0.874747 0.000000 0.000001
v 0.882708 0.000235 0.000001
v 0.890466 0.000938 0.000001
v 0.898022 0.002111 0.000001
v 0.905375 0.003753 0.000001
v 0.912525 0.005864 0.000001
v 0.919472 0.008445 0.000001
v 0.926217 0.011494 0.000001
v 0.932759 0.015013 0.000001
v 0.939098 0.019000 0.000001
v 0.945235 0.023457 0.000001
v 0.951168 0.028383 0.000001
v 0.956899 0.033778 0.000001
v 0.962294 0.039509 0.000001
v 0.967220 0.045443 0.000001
v 0.971677 0.051579 0.000001
v 0.975665 0.057919 0.000001
v 0.979183 0.064461 0.000001
v 0.982233 0.071205 0.000001
v 0.984813 0.078153 0.000001
v 0.986924 0.085303 0.000001
v 0.988566 0.092655 0.000001
v 0.989739 0.100211 0.000001
v 0.990443 0.107969 0.000001
v 0.990677 0.115930 0.000001
v 0.990677 0.484570 0.000001
v 0.990443 0.492531 0.000001
v 0.989739 0.500290 0.000001
v 0.988566 0.507845 0.000001
v 0.986924 0.515198 0.000001
v 0.984813 0.522348 0.000001
v 0.982233 0.529295 0.000001
v 0.979183 0.536040 0.000001
v 0.975665 0.542582 0.000001
v 0.971677 0.548921 0.000001
v 0.967220 0.555057 0.000001
v 0.962294 0.560991 0.000001
v 0.956899 0.566722 0.000001
v 0.951168 0.572117 0.000001
v 0.945234 0.577043 0.000001
v 0.939098 0.581500 0.000001
v 0.932759 0.585488 0.000001
v 0.926217 0.589006 0.000001
v 0.919472 0.592056 0.000001
v 0.912525 0.594636 0.000001
v 0.905375 0.596747 0.000001
v 0.898022 0.598389 0.000001
v 0.890466 0.599562 0.000001
v 0.882708 0.600266 0.000001
v 0.874747 0.600500 0.000001
v 0.506941 0.600500 0.000001
v 0.498977 0.600266 0.000001
v 0.491210 0.599562 0.000001
v 0.483640 0.598389 0.000001
v 0.476267 0.596747 0.000001
v 0.469091 0.594636 0.000001
v 0.462111 0.592056 0.000001
v 0.455329 0.589006 0.000001
v 0.448744 0.585488 0.000001
v 0.442355 0.581500 0.000001
v 0.436164 0.577043 0.000001
v 0.430169 0.572117 0.000001
v 0.424372 0.566722 0.000001
v 0.418910 0.560991 0.000001
v 0.413924 0.555057 0.000001
v 0.409412 0.548921 0.000001
v 0.405375 0.542582 0.000001
v 0.401813 0.536040 0.000001
v 0.398726 0.529295 0.000001
v 0.396114 0.522348 0.000001
v 0.393976 0.515198 0.000001
v 0.392314 0.507845 0.000001
v 0.391127 0.500290 0.000001
v 0.390414 0.492531 0.000001
v 1.161653 0.600500 0.000001
v 1.029877 0.600500 0.000001
v 1.307608 0.224354 0.000001
v 1.307608 0.000000 0.000001
v 1.417700 0.000000 0.000001
v 1.417700 0.224354 0.000001
v 1.695431 0.600500 0.000001
v 1.564489 0.600500 0.000001
v 1.362654 0.345288 0.000001
v 2.311778 0.000000 0.000000
v 2.311778 0.601334 0.000000
v 2.201686 0.601334 0.000000
v 2.201686 0.110092 0.000000
v 1.711278 0.110092 0.000001
v 1.711278 0.000000 0.000001
v 2.888926 0.600500 0.000000
v 2.520285 0.600500 0.000000
v 2.512455 0.600266 0.000000
v 2.504809 0.599562 0.000000
v 2.497350 0.598389 0.000000
v 2.490075 0.596747 0.000000
v 2.482986 0.594636 0.000000
v 2.476082 0.592056 0.000000
v 2.469363 0.589006 0.000000
v 2.462830 0.585488 0.000000
v 2.456482 0.581500 0.000000
v 2.450320 0.577043 0.000000
v 2.444342 0.572117 0.000000
v 2.438550 0.566722 0.000000
v 2.433089 0.560991 0.000000
v 2.428102 0.555057 0.000000
v 2.423590 0.548921 0.000000
v 2.419553 0.542582 0.000000
v 2.415991 0.536040 0.000000
v 2.412904 0.529295 0.000000
v 2.410292 0.522348 0.000000
v 2.408155 0.515198 0.000000
v 2.406493 0.507845 0.000000
v 2.405305 0.500290 0.000000
v 2.404593 0.492531 0.000000
v 2.404355 0.484570 0.000000
v 2.404355 0.115930 0.000000
v 2.404593 0.107969 0.000000
v 2.405305 0.100211 0.000000
v 2.406492 0.092655 0.000000
v 2.408155 0.085303 0.000000
v 2.410292 0.078153 0.000000
v 2.412904 0.071205 0.000000
v 2.415991 0.064461 0.000000
v 2.419553 0.057919 0.000000
v 2.423590 0.051579 0.000000
v 2.428102 0.045443 0.000000
v 2.433089 0.039509 0.000000
v 2.438550 0.033778 0.000000
v 2.444342 0.028383 0.000000
v 2.450320 0.023457 0.000000
v 2.456482 0.019000 0.000000
v 2.462830 0.015013 0.000000
v 2.469363 0.011494 0.000000
v 2.476082 0.008445 0.000000
v 2.482986 0.005864 0.000000
v 2.490075 0.003753 0.000000
v 2.497350 0.002111 0.000000
v 2.504809 0.000938 0.000000
v 2.512455 0.000235 0.000000
v 2.520285 0.000000 0.000000
v 2.888926 0.000000 0.000000
v 2.896887 0.000235 0.000000
v 2.904645 0.000938 0.000000
v 2.912200 0.002111 0.000000
v 2.919553 0.003753 0.000000
v 2.926703 0.005864 0.000000
v 2.933650 0.008445 0.000000
v 2.940395 0.011494 0.000000
v 2.946937 0.015013 0.000000
v 2.953276 0.019000 0.000000
v 2.959413 0.023457 0.000000
v 2.965347 0.028383 0.000000
v 2.971078 0.033778 0.000000
v 2.976473 0.039509 0.000000
v 2.981399 0.045443 0.000000
v 2.985856 0.051579 0.000000
v 2.989843 0.057919 0.000000
v 2.993362 0.064461 0.000000
v 2.996411 0.071205 0.000000
v 2.998991 0.078153 0.000000
v 3.001103 0.085303 0.000000
v 3.002745 0.092655 0.000000
v 3.003917 0.100211 0.000000
v 3.004621 0.107969 0.000000
v 3.004856 0.115930 0.000000
v 3.004856 0.484570 0.000000
v 3.004621 0.492531 0.000000
v 3.003918 0.500290 0.000000
v 3.002745 0.507845 0.000000
v 3.001103 0.515198 0.000000
v 2.998991 0.522348 0.000000
v 2.996411 0.529295 0.000000
v 2.993362 0.536040 0.000000
v 2.989843 0.542582 0.000000
v 2.985856 0.548921 0.000000
v 2.981399 0.555057 0.000000
v 2.976473 0.560991 0.000000
v 2.971078 0.566722 0.000000
v 2.965347 0.572117 0.000000
v 2.959413 0.577043 0.000000
v 2.953276 0.581500 0.000000
v 2.946937 0.585488 0.000000
v 2.940395 0.589006 0.000000
v 2.933650 0.592056 0.000000
v 2.926703 0.594636 0.000000
v 2.919553 0.596747 0.000000
v 2.912200 0.598389 0.000000
v 2.904645 0.599562 0.000000
v 2.896887 0.600266 0.000000
v 2.888926 0.110092 0.000000
v 2.520285 0.110092 0.000000
v 2.519486 0.110132 0.000000
v 2.518756 0.110254 0.000000
v 2.518096 0.110457 0.000000
v 2.517505 0.110740 0.000000
v 2.516984 0.111105 0.000000
v 2.516532 0.111551 0.000000
v 2.516150 0.112078 0.000000
v 2.515837 0.112686 0.000000
v 2.515594 0.113376 0.000000
v 2.515420 0.114146 0.000000
v 2.515316 0.114997 0.000000
v 2.515281 0.115930 0.000000
v 2.515281 0.484570 0.000000
v 2.515316 0.485503 0.000000
v 2.515420 0.486354 0.000000
v 2.515594 0.487125 0.000000
v 2.515837 0.487814 0.000000
v 2.516150 0.488422 0.000000
v 2.516532 0.488949 0.000000
v 2.516984 0.489395 0.000000
v 2.517506 0.489760 0.000000
v 2.518096 0.490044 0.000000
v 2.518757 0.490247 0.000000
v 2.519486 0.490368 0.000000
v 2.520285 0.490409 0.000000
v 2.888926 0.490409 0.000000
v 2.889858 0.490368 0.000000
v 2.890710 0.490247 0.000000
v 2.891480 0.490044 0.000000
v 2.892169 0.489760 0.000000
v 2.892777 0.489395 0.000000
v 2.893305 0.488949 0.000000
v 2.893750 0.488422 0.000000
v 2.894115 0.487814 0.000000
v 2.894399 0.487125 0.000000
v 2.894602 0.486354 0.000000
v 2.894723 0.485503 0.000000
v 2.894764 0.484570 0.000000
v 2.894764 0.115930 0.000000
v 2.894723 0.114997 0.000000
v 2.894602 0.114146 0.000000
v 2.894399 0.113376 0.000000
v 2.894115 0.112686 0.000000
v 2.893750 0.112078 0.000000
v 2.893305 0.111551 0.000000
v 2.892777 0.111105 0.000000
v 2.892169 0.110740 0.000000
v 2.891480 0.110457 0.000000
v 2.890710 0.110254 0.000000
v 2.889858 0.110132 0.000000
v 3.662904 0.599666 -0.000000
v 3.179168 0.599666 0.000000
v 3.171204 0.599429 0.000000
v 3.163437 0.598716 0.000000
v 3.155867 0.597529 0.000000
v 3.148494 0.595867 0.000000
v 3.141318 0.593730 0.000000
v 3.134339 0.591118 0.000000
v 3.127556 0.588031 0.000000
v 3.120971 0.584469 0.000000
v 3.114583 0.580432 0.000000
v 3.108391 0.575920 0.000000
v 3.102396 0.570933 0.000000
v 3.096599 0.565471 0.000000
v 3.091137 0.559679 0.000000
v 3.086150 0.553702 0.000000
v 3.081639 0.547540 0.000000
v 3.077602 0.541192 0.000000
v 3.074040 0.534659 0.000000
v 3.070953 0.527940 0.000000
v 3.068341 0.521036 0.000000
v 3.066203 0.513947 0.000000
v 3.064541 0.506672 0.000000
v 3.063354 0.499212 0.000000
v 3.062641 0.491567 0.000000
v 3.062404 0.483736 0.000000
v 3.062404 0.321935 0.000000
v 3.062641 0.314104 0.000000
v 3.063354 0.306459 0.000000
v 3.064541 0.298999 0.000000
v 3.066203 0.291725 0.000000
v 3.068340 0.284635 0.000000
v 3.070952 0.277731 0.000000
v 3.074039 0.271013 0.000000
v 3.077601 0.264480 0.000000
v 3.081638 0.258132 0.000000
v 3.086150 0.251969 0.000000
v 3.091137 0.245992 0.000000
v 3.096599 0.240200 0.000000
v 3.102396 0.234738 0.000000
v 3.108391 0.229752 0.000000
v 3.114583 0.225240 0.000000
v 3.120971 0.221203 0.000000
v 3.127556 0.217641 0.000000
v 3.134339 0.214554 0.000000
v 3.141318 0.211942 0.000000
v 3.148494 0.209804 0.000000
v 3.155867 0.208142 0.000000
v 3.163437 0.206955 0.000000
v 3.171204 0.206242 0.000000
v 3.179168 0.206005 0.000000
v 3.550310 0.205171 0.000000
v 3.552812 0.206005 0.000000
v 3.552812 0.000000 0.000000
v 3.662904 0.000000 0.000000
v 3.173330 0.321935 0.000000
v 3.173330 0.483736 0.000000
v 3.173370 0.484669 0.000000
v 3.173492 0.485520 0.000000
v 3.173694 0.486291 0.000000
v 3.173978 0.486980 0.000000
v 3.174343 0.487588 0.000000
v 3.174789 0.488115 0.000000
v 3.175316 0.488561 0.000000
v 3.175924 0.488926 0.000000
v 3.176614 0.489210 0.000000
v 3.177384 0.489412 0.000000
v 3.178235 0.489534 0.000000
v 3.179168 0.489575 0.000000
v 3.546974 0.489575 0.000000
v 3.547907 0.489534 0.000000
v 3.548758 0.489412 0.000000
v 3.549528 0.489210 0.000000
v 3.550218 0.488926 0.000000
v 3.550826 0.488561 0.000000
v 3.551353 0.488115 0.000000
v 3.551799 0.487588 0.000000
v 3.552164 0.486980 0.000000
v 3.552448 0.486291 0.000000
v 3.552650 0.485520 0.000000
v 3.552772 0.484669 0.000000
v 3.552812 0.483736 0.000000
v 3.552812 0.321935 0.000000
v 3.552772 0.321002 0.000000
v 3.552650 0.320151 0.000000
v 3.552448 0.319381 0.000000
v 3.552164 0.318691 0.000000
v 3.551799 0.318083 0.000000
v 3.551353 0.317556 0.000000
v 3.550826 0.317110 0.000000
v 3.550218 0.316745 0.000000
v 3.549528 0.316462 0.000000
v 3.548758 0.316259 0.000000
v 3.547907 0.316137 0.000000
v 3.546974 0.316097 0.000000
v 3.179168 0.316097 0.000000
v 3.178235 0.316137 0.000000
v 3.177384 0.316259 0.000000
v 3.176613 0.316462 0.000000
v 3.175924 0.316745 0.000000
v 3.175316 0.317110 0.000000
v 3.174789 0.317556 0.000000
v 3.174343 0.318083 0.000000
v 3.173978 0.318691 0.000000
v 3.173694 0.319381 0.000000
v 3.173492 0.320151 0.000000
v 3.173370 0.321002 0.000000
v -3.769956 0.484570 -0.230902
v -3.769956 0.437865 -0.230902
v -3.659031 0.437865 -0.230902
v -3.659031 0.484570 -0.230902
v -3.658990 0.485503 -0.230902
v -3.658869 0.486354 -0.230902
v -3.658666 0.487125 -0.230902
v -3.658382 0.487814 -0.230902
v -3.658017 0.488422 -0.230902
v -3.657572 0.488949 -0.230902
v -3.657045 0.489395 -0.230902
v -3.656437 0.489760 -0.230902
v -3.655748 0.490044 -0.230902
v -3.654978 0.490247 -0.230902
v -3.654126 0.490368 -0.230902
v -3.653193 0.490409 -0.230902
v -3.285386 0.490409 -0.230902
v -3.284454 0.490368 -0.230902
v -3.283602 0.490247 -0.230902
v -3.282832 0.490044 -0.230902
v -3.282143 0.489760 -0.230902
v -3.281535 0.489395 -0.230902
v -3.281008 0.488949 -0.230902
v -3.280563 0.488422 -0.230902
v -3.280198 0.487814 -0.230902
v -3.279914 0.487125 -0.230902
v -3.279711 0.486354 -0.230902
v -3.279590 0.485503 -0.230902
v -3.279548 0.484570 -0.230902
v -3.279548 0.115930 -0.230902
v -3.279588 0.114997 -0.230902
v -3.279710 0.114146 -0.230902
v -3.279913 0.113376 -0.230902
v -3.280196 0.112686 -0.230902
v -3.280561 0.112078 -0.230902
v -3.281007 0.111551 -0.230902
v -3.281534 0.111105 -0.230902
v -3.282142 0.110740 -0.230902
v -3.282831 0.110457 -0.230902
v -3.283601 0.110254 -0.230902
v -3.284452 0.110132 -0.230902
v -3.285386 0.110092 -0.230902
v -3.653193 0.110092 -0.230902
v -3.654125 0.110132 -0.230902
v -3.654976 0.110254 -0.230902
v -3.655746 0.110457 -0.230902
v -3.656435 0.110740 -0.230902
v -3.657043 0.111105 -0.230902
v -3.657570 0.111551 -0.230902
v -3.658016 0.112078 -0.230902
v -3.658381 0.112686 -0.230902
v -3.658664 0.113376 -0.230902
v -3.658867 0.114146 -0.230902
v -3.658989 0.114997 -0.230902
v -3.659031 0.115930 -0.230902
v -3.659031 0.229358 -0.230902
v -3.523084 0.229358 -0.230902
v -3.523084 0.339450 -0.230902
v -3.769956 0.339450 -0.230902
v -3.769956 0.115930 -0.230902
v -3.769719 0.107969 -0.230902
v -3.769006 0.100211 -0.230902
v -3.767819 0.092655 -0.230902
v -3.766157 0.085303 -0.230902
v -3.764020 0.078153 -0.230902
v -3.761408 0.071205 -0.230902
v -3.758321 0.064461 -0.230902
v -3.754759 0.057919 -0.230902
v -3.750722 0.051579 -0.230902
v -3.746210 0.045443 -0.230902
v -3.741223 0.039509 -0.230902
v -3.735761 0.033778 -0.230902
v -3.729964 0.028383 -0.230902
v -3.723970 0.023457 -0.230902
v -3.717778 0.019000 -0.230902
v -3.711390 0.015013 -0.230902
v -3.704805 0.011494 -0.230902
v -3.698023 0.008445 -0.230902
v -3.691044 0.005864 -0.230902
v -3.683868 0.003753 -0.230902
v -3.676495 0.002111 -0.230902
v -3.668926 0.000938 -0.230902
v -3.661159 0.000235 -0.230902
v -3.653193 -0.000000 -0.230902
v -3.285386 -0.000000 -0.230902
v -3.277425 0.000235 -0.230902
v -3.269667 0.000938 -0.230902
v -3.262111 0.002111 -0.230902
v -3.254759 0.003753 -0.230902
v -3.247608 0.005864 -0.230902
v -3.240661 0.008445 -0.230902
v -3.233917 0.011494 -0.230902
v -3.227375 0.015013 -0.230902
v -3.221036 0.019000 -0.230902
v -3.214899 0.023457 -0.230902
v -3.208966 0.028383 -0.230902
v -3.203234 0.033778 -0.230902
v -3.197839 0.039509 -0.230902
v -3.192913 0.045443 -0.230902
v -3.188456 0.051579 -0.230902
v -3.184468 0.057919 -0.230902
v -3.180949 0.064461 -0.230902
v -3.177900 0.071205 -0.230902
v -3.175320 0.078152 -0.230902
v -3.173209 0.085303 -0.230902
v -3.171567 0.092655 -0.230902
v -3.170394 0.100211 -0.230902
v -3.169690 0.107969 -0.230902
v -3.169456 0.115930 -0.230902
v -3.169456 0.484570 -0.230902
v -3.169691 0.492531 -0.230902
v -3.170395 0.500290 -0.230902
v -3.171568 0.507845 -0.230902
v -3.173209 0.515198 -0.230902
v -3.175320 0.522348 -0.230902
v -3.177901 0.529295 -0.230902
v -3.180950 0.536040 -0.230902
v -3.184469 0.542582 -0.230902
v -3.188456 0.548921 -0.230902
v -3.192913 0.555057 -0.230902
v -3.197839 0.560991 -0.230902
v -3.203234 0.566722 -0.230902
v -3.208966 0.572117 -0.230902
v -3.214899 0.577043 -0.230902
v -3.221036 0.581500 -0.230902
v -3.227375 0.585488 -0.230902
v -3.233917 0.589006 -0.230902
v -3.240661 0.592056 -0.230902
v -3.247608 0.594636 -0.230902
v -3.254759 0.596747 -0.230902
v -3.262111 0.598389 -0.230902
v -3.269667 0.599562 -0.230902
v -3.277425 0.600266 -0.230902
v -3.285386 0.600500 -0.230902
v -3.653193 0.600500 -0.230902
v -3.661156 0.600266 -0.230902
v -3.668923 0.599562 -0.230902
v -3.676493 0.598389 -0.230902
v -3.683866 0.596747 -0.230902
v -3.691042 0.594636 -0.230902
v -3.698021 0.592056 -0.230902
v -3.704803 0.589006 -0.230902
v -3.711388 0.585488 -0.230902
v -3.717776 0.581500 -0.230902
v -3.723967 0.577043 -0.230902
v -3.729962 0.572117 -0.230902
v -3.735761 0.566722 -0.230902
v -3.741223 0.560991 -0.230902
v -3.746210 0.555057 -0.230902
v -3.750722 0.548921 -0.230902
v -3.754759 0.542582 -0.230902
v -3.758321 0.536040 -0.230902
v -3.761408 0.529295 -0.230902
v -3.764020 0.522348 -0.230902
v -3.766157 0.515198 -0.230902
v -3.767819 0.507845 -0.230902
v -3.769006 0.500290 -0.230902
v -3.769719 0.492531 -0.230902
v -2.965119 0.160133 -0.230902
v -2.965119 0.600500 -0.230902
v -3.076045 0.600500 -0.230902
v -3.076045 -0.000000 -0.230902
v -2.955945 -0.000000 -0.230902
v -2.585636 0.440367 -0.230902
v -2.585636 -0.000000 -0.230902
v -2.475545 -0.000000 -0.230902
v -2.475545 0.600500 -0.230902
v -2.595645 0.600500 -0.230902
v -1.895895 0.600500 -0.230903
v -2.263702 0.600500 -0.230903
v -2.271665 0.600266 -0.230903
v -2.279432 0.599562 -0.230903
v -2.287002 0.598389 -0.230903
v -2.294375 0.596747 -0.230903
v -2.301551 0.594636 -0.230903
v -2.308530 0.592056 -0.230903
v -2.315312 0.589006 -0.230903
v -2.321897 0.585488 -0.230903
v -2.328285 0.581500 -0.230903
v -2.334476 0.577043 -0.230903
v -2.340471 0.572117 -0.230903
v -2.346270 0.566722 -0.230903
v -2.351732 0.560991 -0.230903
v -2.356719 0.555057 -0.230903
v -2.361231 0.548921 -0.230903
v -2.365268 0.542582 -0.230903
v -2.368829 0.536040 -0.230903
v -2.371917 0.529295 -0.230903
v -2.374529 0.522348 -0.230902
v -2.376666 0.515198 -0.230902
v -2.378328 0.507845 -0.230902
v -2.379515 0.500290 -0.230902
v -2.380228 0.492531 -0.230902
v -2.380466 0.484570 -0.230902
v -2.380466 -0.000000 -0.230902
v -2.269540 -0.000000 -0.230903
v -2.269540 0.201835 -0.230903
v -1.890057 0.201835 -0.230903
v -1.890057 -0.000000 -0.230903
v -1.779965 -0.000000 -0.230903
v -1.779965 0.484570 -0.230903
v -1.780200 0.492531 -0.230903
v -1.780904 0.500290 -0.230903
v -1.782077 0.507845 -0.230903
v -1.783719 0.515198 -0.230903
v -1.785830 0.522348 -0.230903
v -1.788410 0.529295 -0.230903
v -1.791459 0.536040 -0.230903
v -1.794978 0.542582 -0.230903
v -1.798966 0.548921 -0.230903
v -1.803423 0.555057 -0.230903
v -1.808348 0.560991 -0.230903
v -1.813743 0.566722 -0.230903
v -1.819474 0.572117 -0.230903
v -1.825408 0.577043 -0.230903
v -1.831545 0.581500 -0.230903
v -1.837884 0.585488 -0.230903
v -1.844425 0.589006 -0.230903
v -1.851170 0.592056 -0.230903
v -1.858117 0.594636 -0.230903
v -1.865268 0.596747 -0.230903
v -1.872620 0.598389 -0.230903
v -1.880176 0.599562 -0.230903
v -1.887934 0.600266 -0.230903
v -1.890057 0.311927 -0.230903
v -2.269540 0.311927 -0.230903
v -2.269540 0.484570 -0.230903
v -2.269499 0.485503 -0.230903
v -2.269377 0.486354 -0.230903
v -2.269175 0.487125 -0.230903
v -2.268891 0.487814 -0.230903
v -2.268526 0.488422 -0.230903
v -2.268080 0.488949 -0.230903
v -2.267554 0.489395 -0.230903
v -2.266946 0.489760 -0.230903
v -2.266257 0.490044 -0.230903
v -2.265486 0.490247 -0.230903
v -2.264635 0.490368 -0.230903
v -2.263702 0.490409 -0.230903
v -1.895895 0.490409 -0.230903
v -1.894963 0.490368 -0.230903
v -1.894111 0.490247 -0.230903
v -1.893340 0.490044 -0.230903
v -1.892651 0.489760 -0.230903
v -1.892043 0.489395 -0.230903
v -1.891516 0.488949 -0.230903
v -1.891071 0.488422 -0.230903
v -1.890706 0.487814 -0.230903
v -1.890422 0.487125 -0.230903
v -1.890219 0.486354 -0.230903
v -1.890098 0.485503 -0.230903
v -1.890057 0.484570 -0.230903
v -1.483036 0.357753 -0.150886
v -1.483036 0.343417 -0.150886
v -1.448990 0.343417 -0.150886
v -1.448990 0.357753 -0.150886
v -1.448977 0.358039 -0.150886
v -1.448940 0.358300 -0.150886
v -1.448878 0.358537 -0.150886
v -1.448790 0.358748 -0.150886
v -1.448678 0.358935 -0.150886
v -1.448541 0.359096 -0.150886
v -1.448380 0.359233 -0.150886
v -1.448193 0.359345 -0.150886
v -1.447982 0.359432 -0.150886
v -1.447746 0.359495 -0.150886
v -1.447484 0.359532 -0.150886
v -1.447198 0.359544 -0.150886
v -1.334307 0.359544 -0.150886
v -1.334021 0.359532 -0.150886
v -1.333760 0.359495 -0.150886
v -1.333524 0.359432 -0.150886
v -1.333312 0.359345 -0.150886
v -1.333126 0.359233 -0.150886
v -1.332964 0.359096 -0.150886
v -1.332827 0.358935 -0.150886
v -1.332715 0.358748 -0.150886
v -1.332628 0.358537 -0.150886
v -1.332566 0.358300 -0.150886
v -1.332528 0.358039 -0.150886
v -1.332515 0.357753 -0.150886
v -1.332515 0.244607 -0.150886
v -1.332528 0.244320 -0.150886
v -1.332566 0.244059 -0.150886
v -1.332628 0.243823 -0.150886
v -1.332715 0.243611 -0.150886
v -1.332827 0.243424 -0.150886
v -1.332963 0.243263 -0.150886
v -1.333125 0.243126 -0.150886
v -1.333312 0.243014 -0.150886
v -1.333523 0.242927 -0.150886
v -1.333760 0.242864 -0.150886
v -1.334021 0.242827 -0.150886
v -1.334307 0.242815 -0.150886
v -1.447198 0.242815 -0.150886
v -1.447484 0.242827 -0.150886
v -1.447745 0.242864 -0.150886
v -1.447981 0.242927 -0.150886
v -1.448193 0.243014 -0.150886
v -1.448379 0.243126 -0.150886
v -1.448541 0.243263 -0.150886
v -1.448678 0.243424 -0.150886
v -1.448790 0.243611 -0.150886
v -1.448877 0.243823 -0.150886
v -1.448939 0.244059 -0.150886
v -1.448977 0.244320 -0.150886
v -1.448990 0.244607 -0.150886
v -1.448990 0.279421 -0.150886
v -1.407264 0.279421 -0.150886
v -1.407264 0.313211 -0.150886
v -1.483036 0.313211 -0.150886
v -1.483036 0.244607 -0.150886
v -1.482963 0.242163 -0.150886
v -1.482744 0.239782 -0.150886
v -1.482380 0.237463 -0.150886
v -1.481869 0.235206 -0.150886
v -1.481213 0.233012 -0.150886
v -1.480412 0.230879 -0.150886
v -1.479464 0.228809 -0.150886
v -1.478371 0.226801 -0.150886
v -1.477132 0.224856 -0.150886
v -1.475747 0.222972 -0.150886
v -1.474217 0.221151 -0.150886
v -1.472540 0.219392 -0.150886
v -1.470761 0.217736 -0.150886
v -1.468921 0.216224 -0.150886
v -1.467021 0.214856 -0.150886
v -1.465060 0.213632 -0.150886
v -1.463039 0.212552 -0.150886
v -1.460957 0.211616 -0.150886
v -1.458815 0.210824 -0.150886
v -1.456613 0.210176 -0.150886
v -1.454350 0.209672 -0.150886
v -1.452027 0.209312 -0.150886
v -1.449642 0.209096 -0.150886
v -1.447198 0.209024 -0.150886
v -1.334307 0.209024 -0.150886
v -1.331864 0.209096 -0.150886
v -1.329483 0.209312 -0.150886
v -1.327164 0.209672 -0.150886
v -1.324907 0.210176 -0.150886
v -1.322713 0.210824 -0.150886
v -1.320580 0.211616 -0.150886
v -1.318510 0.212552 -0.150886
v -1.316502 0.213632 -0.150886
v -1.314556 0.214856 -0.150886
v -1.312673 0.216224 -0.150886
v -1.310852 0.217736 -0.150886
v -1.309093 0.219392 -0.150886
v -1.307437 0.221151 -0.150886
v -1.305925 0.222972 -0.150886
v -1.304557 0.224856 -0.150886
v -1.303333 0.226801 -0.150886
v -1.302253 0.228809 -0.150886
v -1.301317 0.230879 -0.150886
v -1.300525 0.233012 -0.150886
v -1.299877 0.235206 -0.150886
v -1.299373 0.237463 -0.150886
v -1.299013 0.239782 -0.150886
v -1.298797 0.242163 -0.150886
v -1.298725 0.244607 -0.150886
v -1.298725 0.357753 -0.150886
v -1.298797 0.360196 -0.150886
v -1.299013 0.362577 -0.150886
v -1.299373 0.364896 -0.150886
v -1.299877 0.367153 -0.150886
v -1.300525 0.369348 -0.150886
v -1.301317 0.371480 -0.150886
v -1.302253 0.373550 -0.150886
v -1.303333 0.375558 -0.150886
v -1.304557 0.377504 -0.150886
v -1.305925 0.379387 -0.150886
v -1.307437 0.381208 -0.150886
v -1.309093 0.382967 -0.150886
v -1.310852 0.384623 -0.150886
v -1.312673 0.386135 -0.150886
v -1.314556 0.387503 -0.150886
v -1.316502 0.388727 -0.150886
v -1.318510 0.389807 -0.150886
v -1.320580 0.390743 -0.150886
v -1.322713 0.391535 -0.150886
v -1.324907 0.392183 -0.150886
v -1.327164 0.392687 -0.150886
v -1.329483 0.393047 -0.150886
v -1.331864 0.393263 -0.150886
v -1.334307 0.393335 -0.150886
v -1.447198 0.393335 -0.150886
v -1.449642 0.393263 -0.150886
v -1.452026 0.393047 -0.150886
v -1.454349 0.392687 -0.150886
v -1.456612 0.392183 -0.150886
v -1.458814 0.391535 -0.150886
v -1.460956 0.390743 -0.150886
v -1.463038 0.389807 -0.150886
v -1.465060 0.388727 -0.150886
v -1.467020 0.387503 -0.150886
v -1.468920 0.386135 -0.150886
v -1.470760 0.384623 -0.150886
v -1.472540 0.382967 -0.150886
v -1.474217 0.381208 -0.150886
v -1.475747 0.379387 -0.150886
v -1.477132 0.377504 -0.150886
v -1.478371 0.375558 -0.150886
v -1.479464 0.373550 -0.150886
v -1.480412 0.371480 -0.150886
v -1.481213 0.369348 -0.150886
v -1.481869 0.367153 -0.150886
v -1.482380 0.364896 -0.150886
v -1.482744 0.362577 -0.150886
v -1.482963 0.360196 -0.150886
v -0.881716 0.160133 -0.230903
v -0.881716 0.600500 -0.230903
v -0.992642 0.600500 -0.230903
v -0.992642 -0.000000 -0.230903
v -0.872542 -0.000000 -0.230903
v -0.502234 0.440367 -0.230903
v -0.502234 -0.000000 -0.230903
v -0.392142 -0.000000 -0.230903
v -0.392142 0.600500 -0.230903
v -0.512242 0.600500 -0.230903
v 0.184172 0.600500 -0.230903
v -0.184469 0.600500 -0.230903
v -0.192299 0.600266 -0.230903
v -0.199944 0.599562 -0.230903
v -0.207404 0.598389 -0.230903
v -0.214679 0.596747 -0.230903
v -0.221768 0.594636 -0.230903
v -0.228672 0.592056 -0.230903
v -0.235391 0.589006 -0.230903
v -0.241924 0.585488 -0.230903
v -0.248272 0.581500 -0.230903
v -0.254434 0.577043 -0.230903
v -0.260412 0.572117 -0.230903
v -0.266204 0.566722 -0.230903
v -0.271665 0.560991 -0.230903
v -0.276652 0.555057 -0.230903
v -0.281164 0.548921 -0.230903
v -0.285201 0.542582 -0.230903
v -0.288763 0.536040 -0.230903
v -0.291850 0.529295 -0.230903
v -0.294462 0.522348 -0.230903
v -0.296599 0.515198 -0.230903
v -0.298261 0.507845 -0.230903
v -0.299449 0.500290 -0.230903
v -0.300161 0.492531 -0.230903
v -0.300399 0.484570 -0.230903
v -0.300399 0.115930 -0.230903
v -0.300161 0.107969 -0.230903
v -0.299449 0.100211 -0.230903
v -0.298261 0.092655 -0.230903
v -0.296599 0.085303 -0.230903
v -0.294462 0.078153 -0.230903
v -0.291850 0.071205 -0.230903
v -0.288763 0.064461 -0.230903
v -0.285201 0.057919 -0.230903
v -0.281164 0.051579 -0.230903
v -0.276652 0.045443 -0.230903
v -0.271665 0.039509 -0.230903
v -0.266204 0.033778 -0.230903
v -0.260412 0.028383 -0.230903
v -0.254435 0.023457 -0.230903
v -0.248272 0.019000 -0.230903
v -0.241924 0.015013 -0.230903
v -0.235391 0.011494 -0.230903
v -0.228672 0.008445 -0.230903
v -0.221768 0.005864 -0.230903
v -0.214679 0.003753 -0.230903
v -0.207405 0.002111 -0.230903
v -0.199945 0.000938 -0.230903
v -0.192300 0.000235 -0.230903
v -0.184469 -0.000000 -0.230903
v 0.184172 -0.000000 -0.230903
v 0.192133 0.000235 -0.230903
v 0.199891 0.000938 -0.230903
v 0.207446 0.002111 -0.230903
v 0.214799 0.003753 -0.230903
v 0.221949 0.005864 -0.230903
v 0.228896 0.008445 -0.230903
v 0.235641 0.011494 -0.230903
v 0.242183 0.015013 -0.230903
v 0.248522 0.019000 -0.230903
v 0.254658 0.023457 -0.230903
v 0.260592 0.028383 -0.230903
v 0.266324 0.033778 -0.230903
v 0.271719 0.039509 -0.230903
v 0.276645 0.045443 -0.230903
v 0.281101 0.051579 -0.230903
v 0.285089 0.057919 -0.230903
v 0.288608 0.064461 -0.230903
v 0.291657 0.071205 -0.230903
v 0.294237 0.078152 -0.230903
v 0.296349 0.085303 -0.230903
v 0.297991 0.092655 -0.230903
v 0.299163 0.100211 -0.230903
v 0.299867 0.107969 -0.230903
v 0.300102 0.115930 -0.230903
v 0.300102 0.484570 -0.230903
v 0.299867 0.492531 -0.230903
v 0.299163 0.500290 -0.230903
v 0.297991 0.507845 -0.230903
v 0.296349 0.515198 -0.230903
v 0.294237 0.522348 -0.230903
v 0.291657 0.529295 -0.230903
v 0.288608 0.536040 -0.230903
v 0.285089 0.542582 -0.230903
v 0.281101 0.548921 -0.230903
v 0.276645 0.555057 -0.230903
v 0.271719 0.560991 -0.230903
v 0.266324 0.566722 -0.230903
v 0.260592 0.572117 -0.230903
v 0.254659 0.577043 -0.230903
v 0.248522 0.581500 -0.230903
v 0.242183 0.585488 -0.230903
v 0.235641 0.589006 -0.230903
v 0.228897 0.592056 -0.230903
v 0.221949 0.594636 -0.230903
v 0.214799 0.596747 -0.230903
v 0.207447 0.598389 -0.230903
v 0.199891 0.599562 -0.230903
v 0.192133 0.600266 -0.230903
v 0.184172 0.110092 -0.230903
v -0.184469 0.110092 -0.230903
v -0.185268 0.110132 -0.230903
v -0.185998 0.110254 -0.230903
v -0.186658 0.110457 -0.230903
v -0.187249 0.110740 -0.230903
v -0.187770 0.111105 -0.230903
v -0.188222 0.111551 -0.230903
v -0.188604 0.112078 -0.230903
v -0.188917 0.112686 -0.230903
v -0.189160 0.113376 -0.230903
v -0.189334 0.114146 -0.230903
v -0.189438 0.114997 -0.230903
v -0.189473 0.115930 -0.230903
v -0.189473 0.484570 -0.230903
v -0.189438 0.485503 -0.230903
v -0.189334 0.486354 -0.230903
v -0.189160 0.487125 -0.230903
v -0.188917 0.487814 -0.230903
v -0.188604 0.488422 -0.230903
v -0.188222 0.488949 -0.230903
v -0.187770 0.489395 -0.230903
v -0.187249 0.489760 -0.230903
v -0.186658 0.490044 -0.230903
v -0.185998 0.490247 -0.230903
v -0.185268 0.490368 -0.230903
v -0.184469 0.490409 -0.230903
v 0.184172 0.490409 -0.230903
v 0.185104 0.490368 -0.230903
v 0.185956 0.490247 -0.230903
v 0.186726 0.490044 -0.230903
v 0.187415 0.489760 -0.230903
v 0.188024 0.489395 -0.230903
v 0.188551 0.488949 -0.230903
v 0.188997 0.488422 -0.230903
v 0.189362 0.487814 -0.230903
v 0.189645 0.487125 -0.230903
v 0.189848 0.486354 -0.230903
v 0.189970 0.485503 -0.230903
v 0.190010 0.484570 -0.230903
v 0.190010 0.115930 -0.230903
v 0.189970 0.114997 -0.230903
v 0.189848 0.114146 -0.230903
v 0.189645 0.113376 -0.230903
v 0.189362 0.112686 -0.230903
v 0.188997 0.112078 -0.230903
v 0.188551 0.111551 -0.230903
v 0.188024 0.111105 -0.230903
v 0.187415 0.110740 -0.230903
v 0.186726 0.110457 -0.230903
v 0.185956 0.110254 -0.230903
v 0.185104 0.110132 -0.230903
v 0.390177 0.484570 -0.230903
v 0.390177 0.437865 -0.230903
v 0.501103 0.437865 -0.230903
v 0.501103 0.484570 -0.230903
v 0.501143 0.485503 -0.230903
v 0.501265 0.486354 -0.230903
v 0.501467 0.487125 -0.230903
v 0.501751 0.487814 -0.230903
v 0.502116 0.488422 -0.230903
v 0.502562 0.488949 -0.230903
v 0.503089 0.489395 -0.230903
v 0.503697 0.489760 -0.230903
v 0.504387 0.490044 -0.230903
v 0.505157 0.490247 -0.230903
v 0.506008 0.490368 -0.230903
v 0.506941 0.490409 -0.230903
v 0.874747 0.490409 -0.230904
v 0.875680 0.490368 -0.230904
v 0.876531 0.490247 -0.230904
v 0.877301 0.490044 -0.230904
v 0.877991 0.489760 -0.230904
v 0.878599 0.489395 -0.230904
v 0.879126 0.488949 -0.230904
v 0.879572 0.488422 -0.230904
v 0.879937 0.487814 -0.230904
v 0.880221 0.487125 -0.230904
v 0.880423 0.486354 -0.230904
v 0.880545 0.485503 -0.230904
v 0.880585 0.484570 -0.230904
v 0.880585 0.115930 -0.230904
v 0.880545 0.114997 -0.230904
v 0.880423 0.114146 -0.230904
v 0.880221 0.113376 -0.230904
v 0.879937 0.112686 -0.230904
v 0.879572 0.112078 -0.230904
v 0.879126 0.111551 -0.230904
v 0.878599 0.111105 -0.230904
v 0.877991 0.110740 -0.230904
v 0.877301 0.110457 -0.230904
v 0.876531 0.110254 -0.230904
v 0.875680 0.110132 -0.230904
v 0.874747 0.110092 -0.230904
v 0.506941 0.110092 -0.230903
v 0.506008 0.110132 -0.230903
v 0.505157 0.110254 -0.230903
v 0.504387 0.110457 -0.230903
v 0.503697 0.110740 -0.230903
v 0.503089 0.111105 -0.230903
v 0.502562 0.111551 -0.230903
v 0.502116 0.112078 -0.230903
v 0.501751 0.112686 -0.230903
v 0.501467 0.113376 -0.230903
v 0.501265 0.114146 -0.230903
v 0.501143 0.114997 -0.230903
v 0.501103 0.115930 -0.230903
v 0.501103 0.229358 -0.230903
v 0.637049 0.229358 -0.230903
v 0.637049 0.339450 -0.230903
v 0.390177 0.339450 -0.230903
v 0.390177 0.115930 -0.230903
v 0.390414 0.107969 -0.230903
v 0.391127 0.100211 -0.230903
v 0.392314 0.092655 -0.230903
v 0.393976 0.085303 -0.230903
v 0.396113 0.078153 -0.230903
v 0.398726 0.071205 -0.230903
v 0.401813 0.064461 -0.230903
v 0.405375 0.057919 -0.230903
v 0.409411 0.051579 -0.230903
v 0.413923 0.045443 -0.230903
v 0.418910 0.039509 -0.230903
v 0.424372 0.033778 -0.230903
v 0.430170 0.028383 -0.230903
v 0.436164 0.023457 -0.230903
v 0.442356 0.019000 -0.230903
v 0.448744 0.015013 -0.230903
v 0.455329 0.011494 -0.230903
v 0.462112 0.008445 -0.230903
v 0.469091 0.005864 -0.230903
v 0.476267 0.003753 -0.230903
v 0.483640 0.002111 -0.230903
v 0.491210 0.000938 -0.230903
v 0.498977 0.000235 -0.230903
v 0.506941 -0.000000 -0.230903
v 0.874747 -0.000000 -0.230904
v 0.882708 0.000235 -0.230904
v 0.890466 0.000938 -0.230904
v 0.898022 0.002111 -0.230904
v 0.905375 0.003753 -0.230904
v 0.912525 0.005864 -0.230904
v 0.919472 0.008445 -0.230904
v 0.926217 0.011494 -0.230904
v 0.932759 0.015013 -0.230904
v 0.939098 0.019000 -0.230904
v 0.945235 0.023457 -0.230904
v 0.951168 0.028383 -0.230904
v 0.956899 0.033778 -0.230904
v 0.962294 0.039509 -0.230904
v 0.967220 0.045443 -0.230904
v 0.971677 0.051579 -0.230904
v 0.975665 0.057919 -0.230904
v 0.979183 0.064461 -0.230904
v 0.982233 0.071205 -0.230904
v 0.984813 0.078152 -0.230904
v 0.986924 0.085303 -0.230904
v 0.988566 0.092655 -0.230904
v 0.989739 0.100211 -0.230904
v 0.990443 0.107969 -0.230904
v 0.990677 0.115930 -0.230904
v 0.990677 0.484570 -0.230904
v 0.990443 0.492531 -0.230904
v 0.989739 0.500290 -0.230904
v 0.988566 0.507845 -0.230904
v 0.986924 0.515198 -0.230904
v 0.984813 0.522348 -0.230904
v 0.982233 0.529295 -0.230904
v 0.979183 0.536040 -0.230904
v 0.975665 0.542582 -0.230904
v 0.971677 0.548921 -0.230904
v 0.967220 0.555057 -0.230904
v 0.962294 0.560991 -0.230904
v 0.956899 0.566722 -0.230904
v 0.951168 0.572117 -0.230904
v 0.945234 0.577043 -0.230904
v 0.939098 0.581500 -0.230904
v 0.932759 0.585488 -0.230904
v 0.926217 0.589006 -0.230904
v 0.919472 0.592056 -0.230904
v 0.912525 0.594636 -0.230904
v 0.905375 0.596747 -0.230904
v 0.898022 0.598389 -0.230904
v 0.890466 0.599562 -0.230904
v 0.882708 0.600266 -0.230904
v 0.874747 0.600500 -0.230904
v 0.506941 0.600500 -0.230903
v 0.498977 0.600266 -0.230903
v 0.491210 0.599562 -0.230903
v 0.483640 0.598389 -0.230903
v 0.476267 0.596747 -0.230903
v 0.469091 0.594636 -0.230903
v 0.462111 0.592056 -0.230903
v 0.455329 0.589006 -0.230903
v 0.448744 0.585488 -0.230903
v 0.442355 0.581500 -0.230903
v 0.436164 0.577043 -0.230903
v 0.430169 0.572117 -0.230903
v 0.424372 0.566722 -0.230903
v 0.418910 0.560991 -0.230903
v 0.413924 0.555057 -0.230903
v 0.409412 0.548921 -0.230903
v 0.405375 0.542582 -0.230903
v 0.401813 0.536040 -0.230903
v 0.398726 0.529295 -0.230903
v 0.396114 0.522348 -0.230903
v 0.393976 0.515198 -0.230903
v 0.392314 0.507845 -0.230903
v 0.391127 0.500290 -0.230903
v 0.390414 0.492531 -0.230903
v 1.161653 0.600500 -0.230904
v 1.029877 0.600500 -0.230904
v 1.307608 0.224354 -0.230904
v 1.307608 -0.000000 -0.230904
v 1.417700 -0.000000 -0.230904
v 1.417700 0.224354 -0.230904
v 1.695431 0.600500 -0.230904
v 1.564489 0.600500 -0.230904
v 1.362654 0.345288 -0.230904
v 2.311778 -0.000000 -0.230904
v 2.311778 0.601334 -0.230904
v 2.201686 0.601334 -0.230904
v 2.201686 0.110092 -0.230904
v 1.711278 0.110092 -0.230904
v 1.711278 -0.000000 -0.230904
v 2.888926 0.600500 -0.230904
v 2.520285 0.600500 -0.230904
v 2.512455 0.600266 -0.230904
v 2.504809 0.599562 -0.230904
v 2.497350 0.598389 -0.230904
v 2.490075 0.596747 -0.230904
v 2.482985 0.594636 -0.230904
v 2.476082 0.592056 -0.230904
v 2.469363 0.589006 -0.230904
v 2.462830 0.585488 -0.230904
v 2.456482 0.581500 -0.230904
v 2.450320 0.577043 -0.230904
v 2.444342 0.572117 -0.230904
v 2.438550 0.566722 -0.230904
v 2.433089 0.560991 -0.230904
v 2.428102 0.555057 -0.230904
v 2.423590 0.548921 -0.230904
v 2.419553 0.542582 -0.230904
v 2.415991 0.536040 -0.230904
v 2.412904 0.529295 -0.230904
v 2.410292 0.522348 -0.230904
v 2.408155 0.515198 -0.230904
v 2.406493 0.507845 -0.230904
v 2.405305 0.500290 -0.230904
v 2.404593 0.492531 -0.230904
v 2.404355 0.484570 -0.230904
v 2.404355 0.115930 -0.230904
v 2.404593 0.107969 -0.230904
v 2.405305 0.100211 -0.230904
v 2.406492 0.092655 -0.230904
v 2.408154 0.085303 -0.230904
v 2.410292 0.078153 -0.230904
v 2.412904 0.071205 -0.230904
v 2.415991 0.064461 -0.230904
v 2.419553 0.057919 -0.230904
v 2.423590 0.051579 -0.230904
v 2.428102 0.045443 -0.230904
v 2.433088 0.039509 -0.230904
v 2.438550 0.033778 -0.230904
v 2.444342 0.028383 -0.230904
v 2.450320 0.023457 -0.230904
v 2.456482 0.019000 -0.230904
v 2.462830 0.015013 -0.230904
v 2.469363 0.011494 -0.230904
v 2.476082 0.008445 -0.230904
v 2.482985 0.005864 -0.230904
v 2.490075 0.003753 -0.230904
v 2.497350 0.002111 -0.230904
v 2.504809 0.000938 -0.230904
v 2.512455 0.000235 -0.230904
v 2.520285 -0.000000 -0.230904
v 2.888926 -0.000000 -0.230904
v 2.896887 0.000235 -0.230904
v 2.904645 0.000938 -0.230904
v 2.912200 0.002111 -0.230904
v 2.919553 0.003753 -0.230904
v 2.926703 0.005864 -0.230904
v 2.933650 0.008445 -0.230904
v 2.940395 0.011494 -0.230904
v 2.946937 0.015013 -0.230904
v 2.953276 0.019000 -0.230904
v 2.959413 0.023457 -0.230904
v 2.965347 0.028383 -0.230904
v 2.971077 0.033778 -0.230904
v 2.976473 0.039509 -0.230904
v 2.981399 0.045443 -0.230904
v 2.985856 0.051579 -0.230904
v 2.989843 0.057919 -0.230904
v 2.993362 0.064461 -0.230904
v 2.996411 0.071205 -0.230904
v 2.998991 0.078152 -0.230904
v 3.001103 0.085303 -0.230904
v 3.002745 0.092655 -0.230904
v 3.003917 0.100211 -0.230904
v 3.004621 0.107969 -0.230904
v 3.004856 0.115930 -0.230904
v 3.004856 0.484570 -0.230904
v 3.004621 0.492531 -0.230904
v 3.003917 0.500290 -0.230904
v 3.002745 0.507845 -0.230904
v 3.001103 0.515198 -0.230904
v 2.998991 0.522348 -0.230904
v 2.996411 0.529295 -0.230904
v 2.993362 0.536040 -0.230904
v 2.989843 0.542582 -0.230904
v 2.985856 0.548921 -0.230904
v 2.981399 0.555057 -0.230904
v 2.976473 0.560991 -0.230904
v 2.971077 0.566722 -0.230904
v 2.965347 0.572117 -0.230904
v 2.959413 0.577043 -0.230904
v 2.953276 0.581500 -0.230904
v 2.946937 0.585488 -0.230904
v 2.940395 0.589006 -0.230904
v 2.933650 0.592056 -0.230904
v 2.926703 0.594636 -0.230904
v 2.919553 0.596747 -0.230904
v 2.912200 0.598389 -0.230904
v 2.904645 0.599562 -0.230904
v 2.896887 0.600266 -0.230904
v 2.888926 0.110092 -0.230904
v 2.520285 0.110092 -0.230904
v 2.519486 0.110132 -0.230904
v 2.518756 0.110254 -0.230904
v 2.518096 0.110457 -0.230904
v 2.517505 0.110740 -0.230904
v 2.516984 0.111105 -0.230904
v 2.516532 0.111551 -0.230904
v 2.516150 0.112078 -0.230904
v 2.515837 0.112686 -0.230904
v 2.515594 0.113376 -0.230904
v 2.515420 0.114146 -0.230904
v 2.515316 0.114997 -0.230904
v 2.515281 0.115930 -0.230904
v 2.515281 0.484570 -0.230904
v 2.515316 0.485503 -0.230904
v 2.515420 0.486354 -0.230904
v 2.515594 0.487125 -0.230904
v 2.515837 0.487814 -0.230904
v 2.516150 0.488422 -0.230904
v 2.516532 0.488949 -0.230904
v 2.516984 0.489395 -0.230904
v 2.517506 0.489760 -0.230904
v 2.518096 0.490044 -0.230904
v 2.518757 0.490247 -0.230904
v 2.519486 0.490368 -0.230904
v 2.520285 0.490409 -0.230904
v 2.888926 0.490409 -0.230904
v 2.889858 0.490368 -0.230904
v 2.890710 0.490247 -0.230904
v 2.891480 0.490044 -0.230904
v 2.892169 0.489760 -0.230904
v 2.892777 0.489395 -0.230904
v 2.893304 0.488949 -0.230904
v 2.893750 0.488422 -0.230904
v 2.894115 0.487814 -0.230904
v 2.894399 0.487125 -0.230904
v 2.894602 0.486354 -0.230904
v 2.894723 0.485503 -0.230904
v 2.894764 0.484570 -0.230904
v 2.894764 0.115930 -0.230904
v 2.894723 0.114997 -0.230904
v 2.894602 0.114146 -0.230904
v 2.894399 0.113376 -0.230904
v 2.894115 0.112686 -0.230904
v 2.893750 0.112078 -0.230904
v 2.893304 0.111551 -0.230904
v 2.892777 0.111105 -0.230904
v 2.892169 0.110740 -0.230904
v 2.891480 0.110457 -0.230904
v 2.890710 0.110254 -0.230904
v 2.889858 0.110132 -0.230904
v 3.662904 0.599666 -0.230904
v 3.179168 0.599666 -0.230904
v 3.171204 0.599429 -0.230904
v 3.163437 0.598716 -0.230904
v 3.155867 0.597529 -0.230904
v 3.148494 0.595867 -0.230904
v 3.141318 0.593730 -0.230904
v 3.134339 0.591118 -0.230904
v 3.127556 0.588031 -0.230904
v 3.120971 0.584469 -0.230904
v 3.114583 0.580432 -0.230904
v 3.108391 0.575920 -0.230904
v 3.102396 0.570933 -0.230904
v 3.096599 0.565471 -0.230904
v 3.091137 0.559679 -0.230904
v 3.086150 0.553702 -0.230904
v 3.081639 0.547540 -0.230904
v 3.077602 0.541192 -0.230904
v 3.074040 0.534659 -0.230904
v 3.070953 0.527940 -0.230904
v 3.068341 0.521036 -0.230904
v 3.066203 0.513947 -0.230904
v 3.064541 0.506672 -0.230904
v 3.063354 0.499212 -0.230904
v 3.062641 0.491567 -0.230904
v 3.062404 0.483736 -0.230904
v 3.062404 0.321935 -0.230904
v 3.062641 0.314104 -0.230904
v 3.063354 0.306459 -0.230904
v 3.064541 0.298999 -0.230904
v 3.066203 0.291725 -0.230904
v 3.068340 0.284635 -0.230904
v 3.070952 0.277731 -0.230904
v 3.074039 0.271013 -0.230904
v 3.077601 0.264480 -0.230904
v 3.081638 0.258132 -0.230904
v 3.086150 0.251969 -0.230904
v 3.091137 0.245992 -0.230904
v 3.096599 0.240200 -0.230904
v 3.102396 0.234738 -0.230904
v 3.108391 0.229752 -0.230904
v 3.114583 0.225240 -0.230904
v 3.120971 0.221203 -0.230904
v 3.127556 0.217641 -0.230904
v 3.134339 0.214554 -0.230904
v 3.141318 0.211942 -0.230904
v 3.148494 0.209804 -0.230904
v 3.155867 0.208142 -0.230904
v 3.163437 0.206955 -0.230904
v 3.171204 0.206242 -0.230904
v 3.179168 0.206005 -0.230904
v 3.550310 0.205171 -0.230904
v 3.552812 0.206005 -0.230904
v 3.552812 -0.000000 -0.230904
v 3.662904 -0.000000 -0.230904
v 3.173329 0.321935 -0.230904
v 3.173329 0.483736 -0.230904
v 3.173370 0.484669 -0.230904
v 3.173492 0.485520 -0.230904
v 3.173694 0.486291 -0.230904
v 3.173978 0.486980 -0.230904
v 3.174343 0.487588 -0.230904
v 3.174789 0.488115 -0.230904
v 3.175316 0.488561 -0.230904
v 3.175924 0.488926 -0.230904
v 3.176613 0.489210 -0.230904
v 3.177384 0.489412 -0.230904
v 3.178235 0.489534 -0.230904
v 3.179168 0.489575 -0.230904
v 3.546974 0.489575 -0.230904
v 3.547907 0.489534 -0.230904
v 3.548758 0.489412 -0.230904
v 3.549528 0.489210 -0.230904
v 3.550218 0.488926 -0.230904
v 3.550826 0.488561 -0.230904
v 3.551353 0.488115 -0.230904
v 3.551799 0.487588 -0.230904
v 3.552164 0.486980 -0.230904
v 3.552448 0.486291 -0.230904
v 3.552650 0.485520 -0.230904
v 3.552772 0.484669 -0.230904
v 3.552812 0.483736 -0.230904
v 3.552812 0.321935 -0.230904
v 3.552772 0.321002 -0.230904
v 3.552650 0.320151 -0.230904
v 3.552448 0.319381 -0.230904
v 3.552164 0.318691 -0.230904
v 3.551799 0.318083 -0.230904
v 3.551353 0.317556 -0.230904
v 3.550826 0.317110 -0.230904
v 3.550218 0.316745 -0.230904
v 3.549528 0.316462 -0.230904
v 3.548758 0.316259 -0.230904
v 3.547907 0.316137 -0.230904
v 3.546974 0.316097 -0.230904
v 3.179168 0.316097 -0.230904
v 3.178235 0.316137 -0.230904
v 3.177384 0.316259 -0.230904
v 3.176613 0.316462 -0.230904
v 3.175924 0.316745 -0.230904
v 3.175316 0.317110 -0.230904
v 3.174789 0.317556 -0.230904
v 3.174343 0.318083 -0.230904
v 3.173978 0.318691 -0.230904
v 3.173694 0.319381 -0.230904
v 3.173491 0.320151 -0.230904
v 3.173370 0.321002 -0.230904
vn -0.0000 -0.0000 1.0000
vn -0.0000 -0.0000 -1.0000
vn 0.3482 0.9374 -0.0000
vn -0.4713 0.8820 -0.0000
vn -0.8576 -0.5143 -0.0000
vn 0.2545 -0.9671 -0.0000
vn -0.9957 -0.0928 -0.0000
vn 0.4737 0.8807 -0.0000
vn 0.8576 -0.5143 -0.0000
vn -0.9876 -0.1572 -0.0000
vn -0.4133 0.9106 -0.0000
vn -0.3810 -0.9246 -0.0000
vn 0.4120 0.9112 -0.0000
vn -0.5295 0.8483 -0.0000
vn -0.9247 -0.3806 -0.0000
vn 0.3810 -0.9246 -0.0000
vn -0.9749 -0.2228 -0.0000
vn 0.5325 0.8464 -0.0000
vn 0.9247 -0.3806 -0.0000
vn -0.9574 -0.2886 -0.0000
vn -0.4742 0.8804 -0.0000
vn -0.5145 -0.8575 -0.0000
vn -0.5842 0.8116 -0.0000
vn -0.9671 -0.2544 -0.0000
vn 0.5145 -0.8575 -0.0000
vn -0.9353 -0.3539 -0.0000
vn 0.5877 0.8091 -0.0000
vn 0.9670 -0.2547 -0.0000
vn -0.9087 -0.4175 -0.0000
vn -0.5319 0.8468 -0.0000
vn -0.6463 -0.7631 -0.0000
vn 0.5325 0.8465 -0.0000
vn -0.6349 0.7726 -0.0000
vn -0.9899 -0.1417 -0.0000
vn 0.6459 -0.7634 -0.0000
vn -0.8780 -0.4787 -0.0000
vn 0.6387 0.7694 -0.0000
vn 0.9900 -0.1414 -0.0000
vn -0.8438 -0.5366 -0.0000
vn -0.5860 0.8103 -0.0000
vn -0.7633 -0.6460 -0.0000
vn -0.6811 0.7322 -0.0000
vn -0.9991 -0.0434 -0.0000
vn 0.7637 -0.6456 -0.0000
vn -0.8069 -0.5907 -0.0000
vn 0.6854 0.7281 -0.0000
vn 0.9991 -0.0434 -0.0000
vn -0.7679 -0.6406 -0.0000
vn -0.6360 0.7717 -0.0000
vn 0.7281 0.6854 -0.0000
vn 1.0000 -0.0000 -0.0000
vn -0.8574 -0.5146 -0.0000
vn 0.8574 -0.5146 -0.0000
vn -0.7275 -0.6861 -0.0000
vn -0.7239 0.6899 -0.0000
vn -1.0000 -0.0000 -0.0000
vn -0.6857 -0.7279 -0.0000
vn -0.6816 0.7317 -0.0000
vn -0.9249 -0.3803 -0.0000
vn -0.7655 0.6434 -0.0000
vn 0.9249 -0.3803 -0.0000
vn -0.6395 -0.7688 -0.0000
vn 0.7694 0.6388 -0.0000
vn -0.0000 -1.0000 -0.0000
vn -0.5889 -0.8082 -0.0000
vn -0.9670 -0.2547 -0.0000
vn -0.8057 0.5924 -0.0000
vn -0.5342 -0.8454 -0.0000
vn 0.8091 0.5877 -0.0000
vn -0.0000 1.0000 -0.0000
vn -0.4758 -0.8796 -0.0000
vn -0.7656 0.6434 -0.0000
vn -0.9900 -0.1411 -0.0000
vn 0.7694 0.6387 -0.0000
vn -0.8435 0.5371 -0.0000
vn 0.9900 -0.1411 -0.0000
vn -0.4143 -0.9102 -0.0000
vn 0.8465 0.5325 -0.0000
vn -0.3505 -0.9366 -0.0000
vn -0.9990 -0.0442 -0.0000
vn 0.8091 0.5876 -0.0000
vn -0.8782 0.4782 -0.0000
vn 0.9996 -0.0294 -0.0000
vn 0.9990 -0.0437 -0.0000
vn -0.2854 -0.9584 -0.0000
vn 0.8807 0.4737 -0.0000
vn -0.2199 -0.9755 -0.0000
vn -0.8435 0.5372 -0.0000
vn -0.9991 0.0434 -0.0000
vn 0.8464 0.5325 -0.0000
vn -0.9093 0.4162 -0.0000
vn 0.9991 0.0434 -0.0000
vn -0.1550 -0.9879 -0.0000
vn 0.9112 0.4120 -0.0000
vn -0.0913 -0.9958 -0.0000
vn -0.8783 0.4782 -0.0000
vn -0.9996 -0.0298 -0.0000
vn -0.9360 0.3520 -0.0000
vn -0.0298 -0.9996 -0.0000
vn 0.9374 0.3482 -0.0000
vn -0.9899 0.1417 -0.0000
vn 0.9900 0.1414 -0.0000
vn 0.3162 -0.9487 -0.0000
vn -0.9581 0.2863 -0.0000
vn -0.0022 -1.0000 -0.0000
vn 0.9591 0.2831 -0.0000
vn -0.9671 0.2544 -0.0000
vn 0.9670 0.2547 -0.0000
vn -0.9754 0.2205 -0.0000
vn 0.9760 0.2179 -0.0000
vn -0.9247 0.3806 -0.0000
vn 0.9247 0.3806 -0.0000
vn -0.9581 0.2864 -0.0000
vn 0.9591 0.2832 -0.0000
vn -0.9879 0.1553 -0.0000
vn 0.9882 0.1535 -0.0000
vn -0.8576 0.5143 -0.0000
vn 0.0295 0.9996 -0.0000
vn 0.8576 0.5143 -0.0000
vn -0.9958 0.0914 -0.0000
vn 0.9959 0.0903 -0.0000
vn -0.7633 0.6460 -0.0000
vn -0.0294 0.9996 -0.0000
vn 0.7633 0.6460 -0.0000
vn -0.0902 0.9959 -0.0000
vn 0.9882 0.1534 -0.0000
vn 0.0903 0.9959 -0.0000
vn 0.0434 -0.9991 -0.0000
vn -0.6459 0.7634 -0.0000
vn 0.6459 0.7634 -0.0000
vn -0.1531 0.9882 -0.0000
vn -0.9996 0.0298 -0.0000
vn 0.1534 0.9882 -0.0000
vn 0.9996 0.0294 -0.0000
vn -0.5145 0.8575 -0.0000
vn 0.5145 0.8575 -0.0000
vn -0.2174 0.9761 -0.0000
vn -0.0434 -0.9991 -0.0000
vn 0.2179 0.9760 -0.0000
vn -0.3808 0.9247 -0.0000
vn 0.9996 0.0295 -0.0000
vn 0.3808 0.9247 -0.0000
vn -0.2822 0.9594 -0.0000
vn -0.1414 -0.9899 -0.0000
vn 0.2832 0.9591 -0.0000
vn 0.1414 -0.9899 -0.0000
vn -0.2544 0.9671 -0.0000
vn 0.2544 0.9671 -0.0000
vn -0.3468 0.9379 -0.0000
vn 0.0506 -0.9987 -0.0000
vn -0.2547 -0.9670 -0.0000
vn 0.2547 -0.9670 -0.0000
vn -0.1414 0.9899 -0.0000
vn 0.1414 0.9899 -0.0000
vn -0.4100 0.9121 -0.0000
vn 0.1644 -0.9864 -0.0000
vn -0.3808 -0.9247 -0.0000
vn 0.3808 -0.9247 -0.0000
vn -0.0434 0.9991 -0.0000
vn 0.0434 0.9991 -0.0000
vn -0.2545 -0.9671 -0.0000
vn -0.4712 0.8820 -0.0000
vn 0.2935 -0.9560 -0.0000
vn 0.5148 -0.8573 -0.0000
vn -0.5297 0.8482 -0.0000
vn 0.4331 -0.9013 -0.0000
vn -0.9958 -0.0914 -0.0000
vn 0.9959 -0.0903 -0.0000
vn -0.5143 -0.8576 -0.0000
vn -0.5841 0.8117 -0.0000
vn 0.5735 -0.8192 -0.0000
vn -0.9879 -0.1553 -0.0000
vn 0.7633 -0.6460 -0.0000
vn 0.9882 -0.1534 -0.0000
vn -0.6459 -0.7634 -0.0000
vn 0.7023 -0.7118 -0.0000
vn -0.8577 -0.5141 -0.0000
vn -0.9754 -0.2205 -0.0000
vn 0.6387 0.7695 -0.0000
vn 0.8577 -0.5141 -0.0000
vn 0.9760 -0.2179 -0.0000
vn 0.8097 -0.5869 -0.0000
vn -0.9246 -0.3809 -0.0000
vn -0.9581 -0.2864 -0.0000
vn 0.9246 -0.3809 -0.0000
vn 0.9591 -0.2832 -0.0000
vn 0.7282 0.6854 -0.0000
vn 0.8892 -0.4575 -0.0000
vn -0.9672 -0.2541 -0.0000
vn -0.9360 -0.3519 -0.0000
vn 0.9672 -0.2541 -0.0000
vn 0.9374 -0.3482 -0.0000
vn 0.9430 -0.3327 -0.0000
vn -0.9671 0.2545 -0.0000
vn -0.9093 -0.4162 -0.0000
vn 0.9899 -0.1417 -0.0000
vn 0.9755 0.2202 -0.0000
vn 0.9112 -0.4120 -0.0000
vn -0.8057 0.5923 -0.0000
vn 0.9755 -0.2200 -0.0000
vn -0.9990 -0.0448 -0.0000
vn -0.9247 0.3807 -0.0000
vn -0.8783 -0.4782 -0.0000
vn 0.9991 -0.0431 -0.0000
vn 0.9430 0.3329 -0.0000
vn 0.8807 -0.4737 -0.0000
vn -0.9900 -0.1414 -0.0000
vn 0.9926 -0.1216 -0.0000
vn -0.8575 0.5145 -0.0000
vn -0.8435 -0.5372 -0.0000
vn 0.8892 0.4575 -0.0000
vn 0.8464 -0.5325 -0.0000
vn 0.9993 -0.0373 -0.0000
vn -0.7634 0.6459 -0.0000
vn -0.8057 -0.5924 -0.0000
vn 0.8095 0.5871 -0.0000
vn 0.8091 -0.5876 -0.0000
vn -0.7656 -0.6434 -0.0000
vn 0.9112 0.4119 -0.0000
vn 0.7025 0.7116 -0.0000
vn 0.7694 -0.6387 -0.0000
vn -0.9361 0.3518 -0.0000
vn -0.7239 -0.6899 -0.0000
vn 0.9374 0.3481 -0.0000
vn 0.5734 0.8193 -0.0000
vn 0.7281 -0.6854 -0.0000
vn 0.9996 -0.0295 -0.0000
vn 0.6855 -0.7281 -0.0000
vn 0.4330 0.9014 -0.0000
vn 0.9993 0.0376 -0.0000
vn -0.6812 -0.7321 -0.0000
vn -0.9991 0.0431 -0.0000
vn 0.6387 -0.7694 -0.0000
vn -0.9754 0.2206 -0.0000
vn 0.9990 0.0448 -0.0000
vn -0.2545 0.9671 -0.0000
vn 0.9759 0.2180 -0.0000
vn 0.2935 0.9559 -0.0000
vn -0.6349 -0.7726 -0.0000
vn -0.9900 0.1414 -0.0000
vn 0.5877 -0.8091 -0.0000
vn -0.9879 0.1551 -0.0000
vn 0.9926 0.1216 -0.0000
vn 0.1644 0.9864 -0.0000
vn 0.9900 0.1411 -0.0000
vn -0.5842 -0.8116 -0.0000
vn -0.9958 0.0916 -0.0000
vn 0.9755 0.2200 -0.0000
vn -0.5295 -0.8483 -0.0000
vn 0.9959 0.0904 -0.0000
vn -0.9672 0.2541 -0.0000
vn 0.0507 0.9987 -0.0000
vn 0.5325 -0.8465 -0.0000
vn 0.9430 0.3327 -0.0000
vn -0.4713 -0.8820 -0.0000
vn -0.9246 0.3809 -0.0000
vn 0.4737 -0.8807 -0.0000
vn 0.9246 0.3809 -0.0000
vn -0.4101 -0.9121 -0.0000
vn -0.8577 0.5141 -0.0000
vn 0.4120 -0.9112 -0.0000
vn 0.8577 0.5141 -0.0000
vn -0.9879 -0.1552 -0.0000
vn 0.8097 0.5869 -0.0000
vn -0.3468 -0.9380 -0.0000
vn 0.3482 -0.9374 -0.0000
vn -0.1416 -0.9899 -0.0000
vn 0.7023 0.7118 -0.0000
vn -0.2822 -0.9593 -0.0000
vn 0.1413 -0.9900 -0.0000
vn 0.2832 -0.9591 -0.0000
vn 0.6463 0.7631 -0.0000
vn -0.5143 0.8576 -0.0000
vn -0.2542 -0.9672 -0.0000
vn 0.5735 0.8192 -0.0000
vn -0.2174 -0.9761 -0.0000
vn 0.2551 -0.9669 -0.0000
vn -0.5148 0.8573 -0.0000
vn 0.2179 -0.9760 -0.0000
vn -0.3813 -0.9244 -0.0000
vn 0.4331 0.9013 -0.0000
vn -0.1531 -0.9882 -0.0000
vn 0.3807 -0.9247 -0.0000
vn 0.1534 -0.9882 -0.0000
vn -0.5153 -0.8570 -0.0000
vn 0.2935 0.9560 -0.0000
vn -0.0902 -0.9959 -0.0000
vn 0.5144 -0.8575 -0.0000
vn 0.0903 -0.9959 -0.0000
vn 0.2547 0.9670 -0.0000
vn -0.6447 -0.7645 -0.0000
vn -0.0294 -0.9996 -0.0000
vn 0.6466 -0.7628 -0.0000
vn -0.1415 0.9899 -0.0000
vn 0.0295 -0.9996 -0.0000
vn -0.8435 -0.5371 -0.0000
vn 0.8045 -0.5940 -0.0000
vn -0.7639 -0.6454 -0.0000
vn 0.8465 -0.5325 -0.0000
vn 0.7629 -0.6465 -0.0000
vn -0.7844 0.6203 -0.0000
vn -0.8578 -0.5140 -0.0000
vn 0.7856 0.6187 -0.0000
vn 0.8578 -0.5140 -0.0000
vn -0.9248 -0.3805 -0.0000
vn -0.8045 -0.5940 -0.0000
vn 0.9241 -0.3821 -0.0000
vn 0.9959 -0.0904 -0.0000
vn -0.9671 -0.2546 -0.0000
vn 0.9675 -0.2530 -0.0000
vn 0.6854 -0.7281 -0.0000
vn -0.9899 -0.1418 -0.0000
vn 0.9897 -0.1433 -0.0000
vn -0.6816 -0.7317 -0.0000
vn -0.9990 -0.0455 -0.0000
vn -0.9581 -0.2863 -0.0000
vn 0.9991 -0.0426 -0.0000
vn -0.6360 -0.7717 -0.0000
vn -0.9360 -0.3520 -0.0000
vn 0.9375 -0.3481 -0.0000
vn -0.5860 -0.8103 -0.0000
vn -0.5319 -0.8468 -0.0000
vn -0.0299 0.9996 -0.0000
vn -0.0917 0.9958 -0.0000
vn -0.4742 -0.8804 -0.0000
vn -0.8782 -0.4782 -0.0000
vn -0.1553 0.9879 -0.0000
vn -0.4133 -0.9106 -0.0000
vn -0.2202 0.9755 -0.0000
vn -0.3501 -0.9367 -0.0000
vn 0.8091 -0.5877 -0.0000
vn -0.2854 0.9584 -0.0000
vn -0.9990 0.0440 -0.0000
vn 0.9990 0.0455 -0.0000
vn -0.7655 -0.6434 -0.0000
vn 0.7694 -0.6388 -0.0000
vn -0.3501 0.9367 -0.0000
vn -0.2202 -0.9755 -0.0000
vn -0.9899 0.1418 -0.0000
vn 0.7281 -0.6855 -0.0000
vn 0.9899 0.1418 -0.0000
vn -0.1553 -0.9879 -0.0000
vn 0.9671 0.2545 -0.0000
vn -0.6813 -0.7320 -0.0000
vn -0.0917 -0.9958 -0.0000
vn -0.9248 0.3806 -0.0000
vn 0.9248 0.3806 -0.0000
vn -0.0299 -0.9996 -0.0000
vn -0.8569 0.5154 -0.0000
vn 0.8569 0.5154 -0.0000
vn 0.5876 0.8091 -0.0000
vn 0.5325 -0.8464 -0.0000
vn -0.7649 0.6442 -0.0000
vn -0.9671 -0.2545 -0.0000
vn 0.7639 0.6454 -0.0000
vn -0.9247 -0.3807 -0.0000
vn -0.6447 0.7645 -0.0000
vn -0.8575 -0.5145 -0.0000
vn 0.6466 0.7628 -0.0000
vn -0.7634 -0.6459 -0.0000
vn -0.5152 0.8571 -0.0000
vn 0.5144 0.8576 -0.0000
vn -0.3468 -0.9379 -0.0000
vn -0.3814 0.9244 -0.0000
vn -0.2542 0.9672 -0.0000
vn 0.2546 0.9670 -0.0000
vn -0.0298 0.9996 -0.0000
vn -0.0913 0.9958 -0.0000
vn -0.1416 0.9899 -0.0000
vn 0.1416 0.9899 -0.0000
vn -0.1550 0.9879 -0.0000
vn -0.2199 0.9755 -0.0000
vn -0.0433 0.9991 -0.0000
vn 0.0435 0.9991 -0.0000
vn -0.3505 0.9366 -0.0000
vn -0.9958 -0.0916 -0.0000
vn -0.4143 0.9102 -0.0000
vn -0.9360 0.3519 -0.0000
vn -0.4758 0.8796 -0.0000
vn -0.9879 -0.1551 -0.0000
vn -0.5342 0.8454 -0.0000
vn -0.5889 0.8082 -0.0000
vn -0.9754 -0.2206 -0.0000
vn -0.6395 0.7688 -0.0000
vn 0.9759 -0.2180 -0.0000
vn -0.7661 0.6427 -0.0000
vn -0.6857 0.7279 -0.0000
vn -0.7275 0.6861 -0.0000
vn 0.9591 -0.2830 -0.0000
vn -0.1414 -0.9900 -0.0000
vn -0.9879 0.1552 -0.0000
vn -0.9361 -0.3518 -0.0000
vn -0.7679 0.6406 -0.0000
vn 0.7654 -0.6436 -0.0000
vn -0.8069 0.5907 -0.0000
vn -0.2822 0.9593 -0.0000
vn -0.8438 0.5366 -0.0000
vn -0.8780 0.4787 -0.0000
vn -0.3468 0.9380 -0.0000
vn -0.9087 0.4175 -0.0000
vn -0.9353 0.3539 -0.0000
vn -0.4101 0.9121 -0.0000
vn -0.9574 0.2886 -0.0000
vn 0.0507 -0.9987 -0.0000
vn -0.8057 -0.5923 -0.0000
vn -0.9749 0.2228 -0.0000
vn 0.8092 -0.5875 -0.0000
vn -0.9876 0.1572 -0.0000
vn -0.9957 0.0928 -0.0000
vn -0.9995 0.0303 -0.0000
vn 0.4330 -0.9014 -0.0000
vn 0.1414 -0.9900 -0.0000
vn 0.5734 -0.8192 -0.0000
vn 0.6387 -0.7695 -0.0000
vn -0.6813 0.7320 -0.0000
vn -0.6348 -0.7727 -0.0000
vn 0.7024 -0.7117 -0.0000
vn 0.7634 -0.6459 -0.0000
vn -0.5843 -0.8115 -0.0000
vn 0.8095 -0.5872 -0.0000
vn 0.8575 -0.5145 -0.0000
vn 0.9247 -0.3807 -0.0000
vn 0.8893 -0.4573 -0.0000
vn 0.9671 -0.2545 -0.0000
vn -0.4712 -0.8820 -0.0000
vn 0.9430 -0.3329 -0.0000
vn 0.6388 0.7694 -0.0000
vn 0.9899 -0.1414 -0.0000
vn -0.4102 -0.9120 -0.0000
vn -0.9991 -0.0435 -0.0000
vn 0.9755 -0.2202 -0.0000
vn -0.9899 -0.1414 -0.0000
vn -0.9991 0.0435 -0.0000
vn -0.9995 -0.0303 -0.0000
vn 0.9899 0.1414 -0.0000
vn 0.9993 0.0368 -0.0000
vn 0.9247 0.3807 -0.0000
vn -0.9899 0.1414 -0.0000
vn 0.8575 0.5145 -0.0000
vn -0.9996 0.0299 -0.0000
vn 0.7634 0.6459 -0.0000
vn 0.9760 0.2180 -0.0000
vn -0.2544 -0.9671 -0.0000
vn 0.2544 -0.9671 -0.0000
vn 0.2545 0.9671 -0.0000
vn -0.1414 0.9900 -0.0000
vn 0.1414 0.9900 -0.0000
vn -0.1413 -0.9900 -0.0000
vn -0.4101 0.9120 -0.0000
vn 0.1415 -0.9899 -0.0000
vn -0.2543 -0.9671 -0.0000
vt 0.840764 0.000000
vt 0.847134 0.000000
vt 0.853503 0.000000
vt 0.859873 0.000000
vt 0.866242 0.000000
vt 0.834395 0.000000
vt 0.872611 0.000000
vt 0.828025 0.000000
vt 0.878981 0.000000
vt 0.821656 0.000000
vt 0.885350 0.000000
vt 0.815287 0.000000
vt 0.891720 0.000000
vt 0.808917 0.000000
vt 0.898089 0.000000
vt 0.802548 0.000000
vt 0.904459 0.000000
vt 0.796178 0.000000
vt 0.910828 0.000000
vt 0.789809 0.000000
vt 0.917197 0.000000
vt 0.783440 0.000000
vt 0.923567 0.000000
vt 0.777070 0.000000
vt 0.929936 0.000000
vt 0.770701 0.000000
vt 0.764331 0.000000
vt 0.936306 0.000000
vt 0.942675 0.000000
vt 0.757962 0.000000
vt 0.949045 0.000000
vt 0.751592 0.000000
vt 0.955414 0.000000
vt 0.745223 0.000000
vt 0.961783 0.000000
vt 0.738854 0.000000
vt 0.968153 0.000000
vt 0.732484 0.000000
vt 0.974522 0.000000
vt 0.726115 0.000000
vt 0.980892 0.000000
vt 0.719745 0.000000
vt 0.987261 0.000000
vt 0.713376 0.000000
vt 0.993631 0.000000
vt 0.707006 0.000000
vt 1.000000 0.000000
vt 0.700637 0.000000
vt 0.095541 0.000000
vt 0.089172 0.000000
vt 0.000000 0.000000
vt 0.694268 0.000000
vt 0.108280 0.000000
vt 0.101911 0.000000
vt 0.114650 0.000000
vt 0.082803 0.000000
vt 0.121019 0.000000
vt 0.076433 0.000000
vt 0.127389 0.000000
vt 0.070064 0.000000
vt 0.133758 0.000000
vt 0.063694 0.000000
vt 0.140127 0.000000
vt 0.057325 0.000000
vt 0.146497 0.000000
vt 0.050955 0.000000
vt 0.152866 0.000000
vt 0.044586 0.000000
vt 0.159236 0.000000
vt 0.038217 0.000000
vt 0.165605 0.000000
vt 0.031847 0.000000
vt 0.171975 0.000000
vt 0.025478 0.000000
vt 0.178344 0.000000
vt 0.019108 0.000000
vt 0.687898 0.000000
vt 0.184713 0.000000
vt 0.012739 0.000000
vt 0.006369 0.000000
vt 0.356688 0.000000
vt 0.363057 0.000000
vt 0.369427 0.000000
vt 0.350318 0.000000
vt 0.375796 0.000000
vt 0.343949 0.000000
vt 0.681529 0.000000
vt 0.191083 0.000000
vt 0.337580 0.000000
vt 0.382166 0.000000
vt 0.197452 0.000000
vt 0.331210 0.000000
vt 0.203822 0.000000
vt 0.324841 0.000000
vt 0.210191 0.000000
vt 0.318471 0.000000
vt 0.216561 0.000000
vt 0.312102 0.000000
vt 0.222930 0.000000
vt 0.305732 0.000000
vt 0.229299 0.000000
vt 0.299363 0.000000
vt 0.235669 0.000000
vt 0.292994 0.000000
vt 0.242038 0.000000
vt 0.286624 0.000000
vt 0.248408 0.000000
vt 0.280255 0.000000
vt 0.254777 0.000000
vt 0.273885 0.000000
vt 0.261146 0.000000
vt 0.267516 0.000000
vt 0.388535 0.000000
vt 0.675159 0.000000
vt 0.394904 0.000000
vt 0.668790 0.000000
vt 0.401274 0.000000
vt 0.662420 0.000000
vt 0.407643 0.000000
vt 0.656051 0.000000
vt 0.414013 0.000000
vt 0.649682 0.000000
vt 0.420382 0.000000
vt 0.643312 0.000000
vt 0.426752 0.000000
vt 0.636943 0.000000
vt 0.433121 0.000000
vt 0.630573 0.000000
vt 0.439490 0.000000
vt 0.624204 0.000000
vt 0.445860 0.000000
vt 0.617834 0.000000
vt 0.452229 0.000000
vt 0.611465 0.000000
vt 0.605096 0.000000
vt 0.458599 0.000000
vt 0.598726 0.000000
vt 0.464968 0.000000
vt 0.592357 0.000000
vt 0.471338 0.000000
vt 0.477707 0.000000
vt 0.585987 0.000000
vt 0.484076 0.000000
vt 0.579618 0.000000
vt 0.490446 0.000000
vt 0.573248 0.000000
vt 0.496815 0.000000
vt 0.566879 0.000000
vt 0.503185 0.000000
vt 0.560510 0.000000
vt 0.509554 0.000000
vt 0.554140 0.000000
vt 0.515924 0.000000
vt 0.547771 0.000000
vt 0.522293 0.000000
vt 0.541401 0.000000
vt 0.528662 0.000000
vt 0.535032 0.000000
vt 0.777778 0.000000
vt 0.888889 0.000000
vt 0.555556 0.000000
vt 0.111111 0.000000
vt 0.222222 0.000000
vt 0.333333 0.000000
vt 0.666667 0.000000
vt 0.444444 0.000000
vt 0.662651 0.000000
vt 0.012048 0.000000
vt 0.024096 0.000000
vt 0.036145 0.000000
vt 0.650602 0.000000
vt 0.048193 0.000000
vt 0.638554 0.000000
vt 0.060241 0.000000
vt 0.626506 0.000000
vt 0.072289 0.000000
vt 0.614458 0.000000
vt 0.084337 0.000000
vt 0.602410 0.000000
vt 0.096386 0.000000
vt 0.590361 0.000000
vt 0.108434 0.000000
vt 0.578313 0.000000
vt 0.120482 0.000000
vt 0.566265 0.000000
vt 0.132530 0.000000
vt 0.554217 0.000000
vt 0.144578 0.000000
vt 0.542169 0.000000
vt 0.156627 0.000000
vt 0.530120 0.000000
vt 0.518072 0.000000
vt 0.168675 0.000000
vt 0.180723 0.000000
vt 0.506024 0.000000
vt 0.192771 0.000000
vt 0.493976 0.000000
vt 0.204819 0.000000
vt 0.481928 0.000000
vt 0.216867 0.000000
vt 0.469880 0.000000
vt 0.228916 0.000000
vt 0.457831 0.000000
vt 0.240964 0.000000
vt 0.445783 0.000000
vt 0.253012 0.000000
vt 0.433735 0.000000
vt 0.265060 0.000000
vt 0.421687 0.000000
vt 0.277108 0.000000
vt 0.409639 0.000000
vt 0.289157 0.000000
vt 0.397590 0.000000
vt 0.843373 0.000000
vt 0.831325 0.000000
vt 0.301205 0.000000
vt 0.385542 0.000000
vt 0.867470 0.000000
vt 0.855422 0.000000
vt 0.879518 0.000000
vt 0.819277 0.000000
vt 0.891566 0.000000
vt 0.807229 0.000000
vt 0.903614 0.000000
vt 0.795181 0.000000
vt 0.915663 0.000000
vt 0.783133 0.000000
vt 0.927711 0.000000
vt 0.771084 0.000000
vt 0.939759 0.000000
vt 0.759036 0.000000
vt 0.951807 0.000000
vt 0.746988 0.000000
vt 0.963855 0.000000
vt 0.734940 0.000000
vt 0.975904 0.000000
vt 0.722892 0.000000
vt 0.987952 0.000000
vt 0.710843 0.000000
vt 0.698795 0.000000
vt 0.373494 0.000000
vt 0.674699 0.000000
vt 0.686747 0.000000
vt 0.313253 0.000000
vt 0.349398 0.000000
vt 0.337349 0.000000
vt 0.361446 0.000000
vt 0.325301 0.000000
vt 0.655629 0.000000
vt 0.006623 0.000000
vt 0.013245 0.000000
vt 0.019868 0.000000
vt 0.649007 0.000000
vt 0.026490 0.000000
vt 0.642384 0.000000
vt 0.033113 0.000000
vt 0.635762 0.000000
vt 0.039735 0.000000
vt 0.629139 0.000000
vt 0.046358 0.000000
vt 0.622517 0.000000
vt 0.052980 0.000000
vt 0.615894 0.000000
vt 0.059603 0.000000
vt 0.609272 0.000000
vt 0.066225 0.000000
vt 0.602649 0.000000
vt 0.072848 0.000000
vt 0.596026 0.000000
vt 0.079470 0.000000
vt 0.589404 0.000000
vt 0.086093 0.000000
vt 0.582781 0.000000
vt 0.576159 0.000000
vt 0.092715 0.000000
vt 0.099338 0.000000
vt 0.569536 0.000000
vt 0.105960 0.000000
vt 0.562914 0.000000
vt 0.112583 0.000000
vt 0.556291 0.000000
vt 0.119205 0.000000
vt 0.549669 0.000000
vt 0.125828 0.000000
vt 0.543046 0.000000
vt 0.132450 0.000000
vt 0.536424 0.000000
vt 0.139073 0.000000
vt 0.529801 0.000000
vt 0.145695 0.000000
vt 0.523179 0.000000
vt 0.152318 0.000000
vt 0.516556 0.000000
vt 0.158940 0.000000
vt 0.509934 0.000000
vt 0.834437 0.000000
vt 0.165563 0.000000
vt 0.503311 0.000000
vt 0.847682 0.000000
vt 0.841060 0.000000
vt 0.827815 0.000000
vt 0.854305 0.000000
vt 0.821192 0.000000
vt 0.860927 0.000000
vt 0.814570 0.000000
vt 0.867550 0.000000
vt 0.807947 0.000000
vt 0.874172 0.000000
vt 0.801324 0.000000
vt 0.880795 0.000000
vt 0.794702 0.000000
vt 0.887417 0.000000
vt 0.788079 0.000000
vt 0.894040 0.000000
vt 0.781457 0.000000
vt 0.900662 0.000000
vt 0.774834 0.000000
vt 0.907285 0.000000
vt 0.768212 0.000000
vt 0.913907 0.000000
vt 0.761589 0.000000
vt 0.920530 0.000000
vt 0.754967 0.000000
vt 0.496689 0.000000
vt 0.927152 0.000000
vt 0.748344 0.000000
vt 0.172185 0.000000
vt 0.490066 0.000000
vt 0.933775 0.000000
vt 0.741722 0.000000
vt 0.178808 0.000000
vt 0.940397 0.000000
vt 0.735099 0.000000
vt 0.947020 0.000000
vt 0.728477 0.000000
vt 0.953642 0.000000
vt 0.721854 0.000000
vt 0.960265 0.000000
vt 0.715232 0.000000
vt 0.966887 0.000000
vt 0.708609 0.000000
vt 0.973510 0.000000
vt 0.701987 0.000000
vt 0.980132 0.000000
vt 0.695364 0.000000
vt 0.986755 0.000000
vt 0.688742 0.000000
vt 0.993378 0.000000
vt 0.682119 0.000000
vt 0.675497 0.000000
vt 0.662252 0.000000
vt 0.668874 0.000000
vt 0.185430 0.000000
vt 0.483444 0.000000
vt 0.192053 0.000000
vt 0.476821 0.000000
vt 0.198675 0.000000
vt 0.470199 0.000000
vt 0.205298 0.000000
vt 0.463576 0.000000
vt 0.211921 0.000000
vt 0.456954 0.000000
vt 0.218543 0.000000
vt 0.450331 0.000000
vt 0.225166 0.000000
vt 0.443709 0.000000
vt 0.231788 0.000000
vt 0.437086 0.000000
vt 0.238411 0.000000
vt 0.430464 0.000000
vt 0.245033 0.000000
vt 0.423841 0.000000
vt 0.251656 0.000000
vt 0.417219 0.000000
vt 0.410596 0.000000
vt 0.258278 0.000000
vt 0.403974 0.000000
vt 0.264901 0.000000
vt 0.397351 0.000000
vt 0.271523 0.000000
vt 0.278146 0.000000
vt 0.390728 0.000000
vt 0.284768 0.000000
vt 0.384106 0.000000
vt 0.291391 0.000000
vt 0.377483 0.000000
vt 0.298013 0.000000
vt 0.370861 0.000000
vt 0.304636 0.000000
vt 0.364238 0.000000
vt 0.311258 0.000000
vt 0.357616 0.000000
vt 0.317881 0.000000
vt 0.350993 0.000000
vt 0.324503 0.000000
vt 0.344371 0.000000
vt 0.331126 0.000000
vt 0.337748 0.000000
vt 0.625000 0.000000
vt 0.750000 0.000000
vt 0.875000 0.000000
vt 0.125000 0.000000
vt 0.250000 0.000000
vt 0.500000 0.000000
vt 0.375000 0.000000
vt 0.200000 0.000000
vt 0.400000 0.000000
vt 0.600000 0.000000
vt 0.800000 0.000000
vt 0.509434 0.000000
vt 0.745283 0.000000
vt 0.735849 0.000000
vt 0.726415 0.000000
vt 0.716981 0.000000
vt 0.707547 0.000000
vt 0.698113 0.000000
vt 0.688679 0.000000
vt 0.679245 0.000000
vt 0.009434 0.000000
vt 0.018868 0.000000
vt 0.028302 0.000000
vt 0.037736 0.000000
vt 0.047170 0.000000
vt 0.669811 0.000000
vt 0.056604 0.000000
vt 0.066038 0.000000
vt 0.075472 0.000000
vt 0.084906 0.000000
vt 0.094340 0.000000
vt 0.103774 0.000000
vt 0.113208 0.000000
vt 0.122642 0.000000
vt 0.132075 0.000000
vt 0.660377 0.000000
vt 0.141509 0.000000
vt 0.150943 0.000000
vt 0.160377 0.000000
vt 0.169811 0.000000
vt 0.179245 0.000000
vt 0.188679 0.000000
vt 0.198113 0.000000
vt 0.650943 0.000000
vt 0.207547 0.000000
vt 0.216981 0.000000
vt 0.226415 0.000000
vt 0.641509 0.000000
vt 0.632075 0.000000
vt 0.235849 0.000000
vt 0.622642 0.000000
vt 0.613208 0.000000
vt 0.603774 0.000000
vt 0.594340 0.000000
vt 0.584906 0.000000
vt 0.575472 0.000000
vt 0.566038 0.000000
vt 0.556604 0.000000
vt 0.547170 0.000000
vt 0.754717 0.000000
vt 0.537736 0.000000
vt 0.764151 0.000000
vt 0.528302 0.000000
vt 0.773585 0.000000
vt 0.518868 0.000000
vt 0.245283 0.000000
vt 0.783019 0.000000
vt 0.254717 0.000000
vt 0.792453 0.000000
vt 0.990566 0.000000
vt 0.801887 0.000000
vt 0.981132 0.000000
vt 0.811321 0.000000
vt 0.971698 0.000000
vt 0.820755 0.000000
vt 0.962264 0.000000
vt 0.830189 0.000000
vt 0.952830 0.000000
vt 0.839623 0.000000
vt 0.943396 0.000000
vt 0.849057 0.000000
vt 0.933962 0.000000
vt 0.858491 0.000000
vt 0.924528 0.000000
vt 0.867925 0.000000
vt 0.915094 0.000000
vt 0.877358 0.000000
vt 0.905660 0.000000
vt 0.886792 0.000000
vt 0.896226 0.000000
vt 0.490566 0.000000
vt 0.264151 0.000000
vt 0.273585 0.000000
vt 0.283019 0.000000
vt 0.292453 0.000000
vt 0.301887 0.000000
vt 0.311321 0.000000
vt 0.320755 0.000000
vt 0.330189 0.000000
vt 0.339623 0.000000
vt 0.349057 0.000000
vt 0.358491 0.000000
vt 0.367925 0.000000
vt 0.377358 0.000000
vt 0.386792 0.000000
vt 0.396226 0.000000
vt 0.405660 0.000000
vt 0.415094 0.000000
vt 0.424528 0.000000
vt 0.433962 0.000000
vt 0.443396 0.000000
vt 0.452830 0.000000
vt 0.462264 0.000000
vt 0.471698 0.000000
vt 0.481132 0.000000
s 0
usemtl Material.001
f 133/1/1 134/2/1 135/3/1
f 133/1/1 135/3/1 136/4/1
f 133/1/1 136/4/1 137/5/1
f 132/6/1 133/1/1 137/5/1
f 132/6/1 137/5/1 138/7/1
f 131/8/1 132/6/1 138/7/1
f 131/8/1 138/7/1 139/9/1
f 130/10/1 131/8/1 139/9/1
f 130/10/1 139/9/1 140/11/1
f 129/12/1 130/10/1 140/11/1
f 129/12/1 140/11/1 141/13/1
f 128/14/1 129/12/1 141/13/1
f 128/14/1 141/13/1 142/15/1
f 127/16/1 128/14/1 142/15/1
f 127/16/1 142/15/1 143/17/1
f 126/18/1 127/16/1 143/17/1
f 126/18/1 143/17/1 144/19/1
f 125/20/1 126/18/1 144/19/1
f 125/20/1 144/19/1 145/21/1
f 124/22/1 125/20/1 145/21/1
f 124/22/1 145/21/1 146/23/1
f 123/24/1 124/22/1 146/23/1
f 123/24/1 146/23/1 147/25/1
f 122/26/1 123/24/1 147/25/1
f 121/27/1 122/26/1 147/25/1
f 121/27/1 147/25/1 148/28/1
f 121/27/1 148/28/1 149/29/1
f 120/30/1 121/27/1 149/29/1
f 120/30/1 149/29/1 150/31/1
f 119/32/1 120/30/1 150/31/1
f 119/32/1 150/31/1 151/33/1
f 118/34/1 119/32/1 151/33/1
f 118/34/1 151/33/1 152/35/1
f 117/36/1 118/34/1 152/35/1
f 117/36/1 152/35/1 153/37/1
f 116/38/1 117/36/1 153/37/1
f 116/38/1 153/37/1 154/39/1
f 115/40/1 116/38/1 154/39/1
f 115/40/1 154/39/1 155/41/1
f 114/42/1 115/40/1 155/41/1
f 114/42/1 155/41/1 156/43/1
f 113/44/1 114/42/1 156/43/1
f 113/44/1 156/43/1 157/45/1
f 112/46/1 113/44/1 157/45/1
f 112/46/1 157/45/1 158/47/1
f 111/48/1 112/46/1 158/47/1
f 111/48/1 158/47/1 16/49/1
f 16/49/1 158/47/1 15/50/1
f 15/50/1 158/47/1 1/51/1
f 110/52/1 111/48/1 18/53/1
f 18/53/1 111/48/1 17/54/1
f 17/54/1 111/48/1 16/49/1
f 110/52/1 18/53/1 19/55/1
f 14/56/1 15/50/1 1/51/1
f 110/52/1 19/55/1 20/57/1
f 13/58/1 14/56/1 1/51/1
f 110/52/1 20/57/1 21/59/1
f 12/60/1 13/58/1 1/51/1
f 110/52/1 21/59/1 22/61/1
f 11/62/1 12/60/1 1/51/1
f 110/52/1 22/61/1 23/63/1
f 10/64/1 11/62/1 1/51/1
f 110/52/1 23/63/1 24/65/1
f 9/66/1 10/64/1 1/51/1
f 110/52/1 24/65/1 25/67/1
f 8/68/1 9/66/1 1/51/1
f 110/52/1 25/67/1 26/69/1
f 7/70/1 8/68/1 1/51/1
f 110/52/1 26/69/1 27/71/1
f 6/72/1 7/70/1 1/51/1
f 110/52/1 27/71/1 28/73/1
f 5/74/1 6/72/1 1/51/1
f 110/52/1 28/73/1 29/75/1
f 4/76/1 5/74/1 1/51/1
f 109/77/1 110/52/1 29/75/1
f 109/77/1 29/75/1 30/78/1
f 3/79/1 4/76/1 1/51/1
f 3/79/1 1/51/1 2/80/1
f 57/81/1 58/82/1 59/83/1
f 57/81/1 59/83/1 56/84/1
f 56/84/1 59/83/1 60/85/1
f 55/86/1 56/84/1 60/85/1
f 108/87/1 109/77/1 30/78/1
f 108/87/1 30/78/1 31/88/1
f 54/89/1 55/86/1 60/85/1
f 54/89/1 60/85/1 61/90/1
f 108/87/1 31/88/1 32/91/1
f 53/92/1 54/89/1 61/90/1
f 108/87/1 32/91/1 33/93/1
f 52/94/1 53/92/1 61/90/1
f 108/87/1 33/93/1 34/95/1
f 51/96/1 52/94/1 61/90/1
f 108/87/1 34/95/1 35/97/1
f 50/98/1 51/96/1 61/90/1
f 108/87/1 35/97/1 36/99/1
f 49/100/1 50/98/1 61/90/1
f 108/87/1 36/99/1 37/101/1
f 48/102/1 49/100/1 61/90/1
f 108/87/1 37/101/1 38/103/1
f 47/104/1 48/102/1 61/90/1
f 108/87/1 38/103/1 39/105/1
f 46/106/1 47/104/1 61/90/1
f 108/87/1 39/105/1 40/107/1
f 45/108/1 46/106/1 61/90/1
f 108/87/1 40/107/1 41/109/1
f 44/110/1 45/108/1 61/90/1
f 108/87/1 41/109/1 42/111/1
f 43/112/1 44/110/1 61/90/1
f 108/87/1 42/111/1 43/112/1
f 108/87/1 43/112/1 61/90/1
f 108/87/1 61/90/1 62/113/1
f 107/114/1 108/87/1 62/113/1
f 107/114/1 62/113/1 63/115/1
f 106/116/1 107/114/1 63/115/1
f 106/116/1 63/115/1 64/117/1
f 105/118/1 106/116/1 64/117/1
f 105/118/1 64/117/1 65/119/1
f 104/120/1 105/118/1 65/119/1
f 104/120/1 65/119/1 66/121/1
f 103/122/1 104/120/1 66/121/1
f 103/122/1 66/121/1 67/123/1
f 102/124/1 103/122/1 67/123/1
f 102/124/1 67/123/1 68/125/1
f 101/126/1 102/124/1 68/125/1
f 101/126/1 68/125/1 69/127/1
f 100/128/1 101/126/1 69/127/1
f 100/128/1 69/127/1 70/129/1
f 99/130/1 100/128/1 70/129/1
f 99/130/1 70/129/1 71/131/1
f 98/132/1 99/130/1 71/131/1
f 98/132/1 71/131/1 72/133/1
f 97/134/1 98/132/1 72/133/1
f 96/135/1 97/134/1 72/133/1
f 96/135/1 72/133/1 73/136/1
f 95/137/1 96/135/1 73/136/1
f 95/137/1 73/136/1 74/138/1
f 94/139/1 95/137/1 74/138/1
f 94/139/1 74/138/1 75/140/1
f 94/139/1 75/140/1 76/141/1
f 93/142/1 94/139/1 76/141/1
f 93/142/1 76/141/1 77/143/1
f 92/144/1 93/142/1 77/143/1
f 92/144/1 77/143/1 78/145/1
f 91/146/1 92/144/1 78/145/1
f 91/146/1 78/145/1 79/147/1
f 90/148/1 91/146/1 79/147/1
f 90/148/1 79/147/1 80/149/1
f 89/150/1 90/148/1 80/149/1
f 89/150/1 80/149/1 81/151/1
f 88/152/1 89/150/1 81/151/1
f 88/152/1 81/151/1 82/153/1
f 87/154/1 88/152/1 82/153/1
f 87/154/1 82/153/1 83/155/1
f 86/156/1 87/154/1 83/155/1
f 86/156/1 83/155/1 84/157/1
f 85/158/1 86/156/1 84/157/1
f 166/159/1 167/160/1 168/47/1
f 166/159/1 168/47/1 164/161/1
f 164/161/1 168/47/1 159/51/1
f 159/51/1 160/162/1 161/163/1
f 159/51/1 161/163/1 162/164/1
f 166/159/1 164/161/1 165/165/1
f 163/166/1 164/161/1 159/51/1
f 163/166/1 159/51/1 162/164/1
f 224/167/1 169/51/1 170/168/1
f 224/167/1 170/168/1 171/169/1
f 224/167/1 171/169/1 172/170/1
f 223/171/1 224/167/1 172/170/1
f 223/171/1 172/170/1 173/172/1
f 222/173/1 223/171/1 173/172/1
f 222/173/1 173/172/1 174/174/1
f 221/175/1 222/173/1 174/174/1
f 221/175/1 174/174/1 175/176/1
f 220/177/1 221/175/1 175/176/1
f 220/177/1 175/176/1 176/178/1
f 219/179/1 220/177/1 176/178/1
f 219/179/1 176/178/1 177/180/1
f 218/181/1 219/179/1 177/180/1
f 218/181/1 177/180/1 178/182/1
f 217/183/1 218/181/1 178/182/1
f 217/183/1 178/182/1 179/184/1
f 216/185/1 217/183/1 179/184/1
f 216/185/1 179/184/1 180/186/1
f 215/187/1 216/185/1 180/186/1
f 215/187/1 180/186/1 181/188/1
f 214/189/1 215/187/1 181/188/1
f 214/189/1 181/188/1 182/190/1
f 213/191/1 214/189/1 182/190/1
f 212/192/1 213/191/1 182/190/1
f 212/192/1 182/190/1 183/193/1
f 212/192/1 183/193/1 184/194/1
f 211/195/1 212/192/1 184/194/1
f 211/195/1 184/194/1 185/196/1
f 210/197/1 211/195/1 185/196/1
f 210/197/1 185/196/1 186/198/1
f 209/199/1 210/197/1 186/198/1
f 209/199/1 186/198/1 187/200/1
f 208/201/1 209/199/1 187/200/1
f 208/201/1 187/200/1 188/202/1
f 207/203/1 208/201/1 188/202/1
f 207/203/1 188/202/1 189/204/1
f 206/205/1 207/203/1 189/204/1
f 206/205/1 189/204/1 190/206/1
f 205/207/1 206/205/1 190/206/1
f 205/207/1 190/206/1 191/208/1
f 204/209/1 205/207/1 191/208/1
f 204/209/1 191/208/1 192/210/1
f 203/211/1 204/209/1 192/210/1
f 203/211/1 192/210/1 193/212/1
f 202/213/1 203/211/1 193/212/1
f 202/213/1 193/212/1 239/214/1
f 239/214/1 193/212/1 238/215/1
f 238/215/1 193/212/1 194/216/1
f 201/217/1 202/213/1 241/218/1
f 241/218/1 202/213/1 240/219/1
f 240/219/1 202/213/1 239/214/1
f 201/217/1 241/218/1 242/220/1
f 237/221/1 238/215/1 194/216/1
f 201/217/1 242/220/1 243/222/1
f 236/223/1 237/221/1 194/216/1
f 201/217/1 243/222/1 244/224/1
f 235/225/1 236/223/1 194/216/1
f 201/217/1 244/224/1 245/226/1
f 234/227/1 235/225/1 194/216/1
f 201/217/1 245/226/1 246/228/1
f 233/229/1 234/227/1 194/216/1
f 201/217/1 246/228/1 247/230/1
f 232/231/1 233/229/1 194/216/1
f 201/217/1 247/230/1 248/232/1
f 231/233/1 232/231/1 194/216/1
f 201/217/1 248/232/1 249/234/1
f 230/235/1 231/233/1 194/216/1
f 201/217/1 249/234/1 250/236/1
f 229/237/1 230/235/1 194/216/1
f 201/217/1 250/236/1 251/238/1
f 228/239/1 229/237/1 194/216/1
f 201/217/1 251/238/1 252/47/1
f 227/240/1 228/239/1 194/216/1
f 200/241/1 201/217/1 252/47/1
f 200/241/1 252/47/1 225/242/1
f 226/243/1 227/240/1 194/216/1
f 226/243/1 194/216/1 195/244/1
f 200/241/1 225/242/1 198/245/1
f 198/245/1 225/242/1 226/243/1
f 198/245/1 226/243/1 197/246/1
f 197/246/1 226/243/1 195/244/1
f 200/241/1 198/245/1 199/247/1
f 196/248/1 197/246/1 195/244/1
f 385/1/1 386/2/1 387/3/1
f 385/1/1 387/3/1 388/4/1
f 385/1/1 388/4/1 389/5/1
f 384/6/1 385/1/1 389/5/1
f 384/6/1 389/5/1 390/7/1
f 383/8/1 384/6/1 390/7/1
f 383/8/1 390/7/1 391/9/1
f 382/10/1 383/8/1 391/9/1
f 382/10/1 391/9/1 392/11/1
f 381/12/1 382/10/1 392/11/1
f 381/12/1 392/11/1 393/13/1
f 380/14/1 381/12/1 393/13/1
f 380/14/1 393/13/1 394/15/1
f 379/16/1 380/14/1 394/15/1
f 379/16/1 394/15/1 395/17/1
f 378/18/1 379/16/1 395/17/1
f 378/18/1 395/17/1 396/19/1
f 377/20/1 378/18/1 396/19/1
f 377/20/1 396/19/1 397/21/1
f 376/22/1 377/20/1 397/21/1
f 376/22/1 397/21/1 398/23/1
f 375/24/1 376/22/1 398/23/1
f 375/24/1 398/23/1 399/25/1
f 374/26/1 375/24/1 399/25/1
f 373/27/1 374/26/1 399/25/1
f 373/27/1 399/25/1 400/28/1
f 373/27/1 400/28/1 401/29/1
f 372/30/1 373/27/1 401/29/1
f 372/30/1 401/29/1 402/31/1
f 371/32/1 372/30/1 402/31/1
f 371/32/1 402/31/1 403/33/1
f 370/34/1 371/32/1 403/33/1
f 370/34/1 403/33/1 404/35/1
f 369/36/1 370/34/1 404/35/1
f 369/36/1 404/35/1 405/37/1
f 368/38/1 369/36/1 405/37/1
f 368/38/1 405/37/1 406/39/1
f 367/40/1 368/38/1 406/39/1
f 367/40/1 406/39/1 407/41/1
f 366/42/1 367/40/1 407/41/1
f 366/42/1 407/41/1 408/43/1
f 365/44/1 366/42/1 408/43/1
f 365/44/1 408/43/1 409/45/1
f 364/46/1 365/44/1 409/45/1
f 364/46/1 409/45/1 410/47/1
f 363/48/1 364/46/1 410/47/1
f 363/48/1 410/47/1 268/49/1
f 268/49/1 410/47/1 267/50/1
f 267/50/1 410/47/1 253/51/1
f 362/52/1 363/48/1 270/53/1
f 270/53/1 363/48/1 269/54/1
f 269/54/1 363/48/1 268/49/1
f 362/52/1 270/53/1 271/55/1
f 266/56/1 267/50/1 253/51/1
f 362/52/1 271/55/1 272/57/1
f 265/58/1 266/56/1 253/51/1
f 362/52/1 272/57/1 273/59/1
f 264/60/1 265/58/1 253/51/1
f 362/52/1 273/59/1 274/61/1
f 263/62/1 264/60/1 253/51/1
f 362/52/1 274/61/1 275/63/1
f 262/64/1 263/62/1 253/51/1
f 362/52/1 275/63/1 276/65/1
f 261/66/1 262/64/1 253/51/1
f 362/52/1 276/65/1 277/67/1
f 260/68/1 261/66/1 253/51/1
f 362/52/1 277/67/1 278/69/1
f 259/70/1 260/68/1 253/51/1
f 362/52/1 278/69/1 279/71/1
f 258/72/1 259/70/1 253/51/1
f 362/52/1 279/71/1 280/73/1
f 257/74/1 258/72/1 253/51/1
f 362/52/1 280/73/1 281/75/1
f 256/76/1 257/74/1 253/51/1
f 361/77/1 362/52/1 281/75/1
f 361/77/1 281/75/1 282/78/1
f 255/79/1 256/76/1 253/51/1
f 255/79/1 253/51/1 254/80/1
f 309/81/1 310/82/1 311/83/1
f 309/81/1 311/83/1 308/84/1
f 308/84/1 311/83/1 312/85/1
f 307/86/1 308/84/1 312/85/1
f 360/87/1 361/77/1 282/78/1
f 360/87/1 282/78/1 283/88/1
f 306/89/1 307/86/1 312/85/1
f 306/89/1 312/85/1 313/90/1
f 360/87/1 283/88/1 284/91/1
f 305/92/1 306/89/1 313/90/1
f 360/87/1 284/91/1 285/93/1
f 304/94/1 305/92/1 313/90/1
f 360/87/1 285/93/1 286/95/1
f 303/96/1 304/94/1 313/90/1
f 360/87/1 286/95/1 287/97/1
f 302/98/1 303/96/1 313/90/1
f 360/87/1 287/97/1 288/99/1
f 301/100/1 302/98/1 313/90/1
f 360/87/1 288/99/1 289/101/1
f 300/102/1 301/100/1 313/90/1
f 360/87/1 289/101/1 290/103/1
f 299/104/1 300/102/1 313/90/1
f 360/87/1 290/103/1 291/105/1
f 298/106/1 299/104/1 313/90/1
f 360/87/1 291/105/1 292/107/1
f 297/108/1 298/106/1 313/90/1
f 360/87/1 292/107/1 293/109/1
f 296/110/1 297/108/1 313/90/1
f 360/87/1 293/109/1 294/111/1
f 295/112/1 296/110/1 313/90/1
f 360/87/1 294/111/1 295/112/1
f 360/87/1 295/112/1 313/90/1
f 360/87/1 313/90/1 314/113/1
f 359/114/1 360/87/1 314/113/1
f 359/114/1 314/113/1 315/115/1
f 358/116/1 359/114/1 315/115/1
f 358/116/1 315/115/1 316/117/1
f 357/118/1 358/116/1 316/117/1
f 357/118/1 316/117/1 317/119/1
f 356/120/1 357/118/1 317/119/1
f 356/120/1 317/119/1 318/121/1
f 355/122/1 356/120/1 318/121/1
f 355/122/1 318/121/1 319/123/1
f 354/124/1 355/122/1 319/123/1
f 354/124/1 319/123/1 320/125/1
f 353/126/1 354/124/1 320/125/1
f 353/126/1 320/125/1 321/127/1
f 352/128/1 353/126/1 321/127/1
f 352/128/1 321/127/1 322/129/1
f 351/130/1 352/128/1 322/129/1
f 351/130/1 322/129/1 323/131/1
f 350/132/1 351/130/1 323/131/1
f 350/132/1 323/131/1 324/133/1
f 349/134/1 350/132/1 324/133/1
f 348/135/1 349/134/1 324/133/1
f 348/135/1 324/133/1 325/136/1
f 347/137/1 348/135/1 325/136/1
f 347/137/1 325/136/1 326/138/1
f 346/139/1 347/137/1 326/138/1
f 346/139/1 326/138/1 327/140/1
f 346/139/1 327/140/1 328/141/1
f 345/142/1 346/139/1 328/141/1
f 345/142/1 328/141/1 329/143/1
f 344/144/1 345/142/1 329/143/1
f 344/144/1 329/143/1 330/145/1
f 343/146/1 344/144/1 330/145/1
f 343/146/1 330/145/1 331/147/1
f 342/148/1 343/146/1 331/147/1
f 342/148/1 331/147/1 332/149/1
f 341/150/1 342/148/1 332/149/1
f 341/150/1 332/149/1 333/151/1
f 340/152/1 341/150/1 333/151/1
f 340/152/1 333/151/1 334/153/1
f 339/154/1 340/152/1 334/153/1
f 339/154/1 334/153/1 335/155/1
f 338/156/1 339/154/1 335/155/1
f 338/156/1 335/155/1 336/157/1
f 337/158/1 338/156/1 336/157/1
f 418/159/1 419/160/1 420/47/1
f 418/159/1 420/47/1 416/161/1
f 416/161/1 420/47/1 411/51/1
f 411/51/1 412/162/1 413/163/1
f 411/51/1 413/163/1 414/164/1
f 418/159/1 416/161/1 417/165/1
f 415/166/1 416/161/1 411/51/1
f 415/166/1 411/51/1 414/164/1
f 520/249/1 421/51/1 422/250/1
f 520/249/1 422/250/1 423/251/1
f 520/249/1 423/251/1 424/252/1
f 519/253/1 520/249/1 424/252/1
f 519/253/1 424/252/1 425/254/1
f 518/255/1 519/253/1 425/254/1
f 518/255/1 425/254/1 426/256/1
f 517/257/1 518/255/1 426/256/1
f 517/257/1 426/256/1 427/258/1
f 516/259/1 517/257/1 427/258/1
f 516/259/1 427/258/1 428/260/1
f 515/261/1 516/259/1 428/260/1
f 515/261/1 428/260/1 429/262/1
f 514/263/1 515/261/1 429/262/1
f 514/263/1 429/262/1 430/264/1
f 513/265/1 514/263/1 430/264/1
f 513/265/1 430/264/1 431/266/1
f 512/267/1 513/265/1 431/266/1
f 512/267/1 431/266/1 432/268/1
f 511/269/1 512/267/1 432/268/1
f 511/269/1 432/268/1 433/270/1
f 510/271/1 511/269/1 433/270/1
f 510/271/1 433/270/1 434/272/1
f 509/273/1 510/271/1 434/272/1
f 508/274/1 509/273/1 434/272/1
f 508/274/1 434/272/1 435/275/1
f 508/274/1 435/275/1 436/276/1
f 507/277/1 508/274/1 436/276/1
f 507/277/1 436/276/1 437/278/1
f 506/279/1 507/277/1 437/278/1
f 506/279/1 437/278/1 438/280/1
f 505/281/1 506/279/1 438/280/1
f 505/281/1 438/280/1 439/282/1
f 504/283/1 505/281/1 439/282/1
f 504/283/1 439/282/1 440/284/1
f 503/285/1 504/283/1 440/284/1
f 503/285/1 440/284/1 441/286/1
f 502/287/1 503/285/1 441/286/1
f 502/287/1 441/286/1 442/288/1
f 501/289/1 502/287/1 442/288/1
f 501/289/1 442/288/1 443/290/1
f 500/291/1 501/289/1 443/290/1
f 500/291/1 443/290/1 444/292/1
f 499/293/1 500/291/1 444/292/1
f 499/293/1 444/292/1 445/294/1
f 498/295/1 499/293/1 445/294/1
f 498/295/1 445/294/1 547/296/1
f 547/296/1 445/294/1 446/297/1
f 497/298/1 498/295/1 549/299/1
f 549/299/1 498/295/1 548/300/1
f 548/300/1 498/295/1 547/296/1
f 546/301/1 547/296/1 446/297/1
f 497/298/1 549/299/1 550/302/1
f 545/303/1 546/301/1 446/297/1
f 497/298/1 550/302/1 551/304/1
f 544/305/1 545/303/1 446/297/1
f 497/298/1 551/304/1 552/306/1
f 543/307/1 544/305/1 446/297/1
f 497/298/1 552/306/1 553/308/1
f 542/309/1 543/307/1 446/297/1
f 497/298/1 553/308/1 554/310/1
f 541/311/1 542/309/1 446/297/1
f 497/298/1 554/310/1 555/312/1
f 540/313/1 541/311/1 446/297/1
f 497/298/1 555/312/1 556/314/1
f 539/315/1 540/313/1 446/297/1
f 497/298/1 556/314/1 557/316/1
f 538/317/1 539/315/1 446/297/1
f 497/298/1 557/316/1 558/318/1
f 537/319/1 538/317/1 446/297/1
f 497/298/1 558/318/1 559/320/1
f 536/321/1 537/319/1 446/297/1
f 497/298/1 559/320/1 560/322/1
f 535/323/1 536/321/1 446/297/1
f 496/324/1 497/298/1 560/322/1
f 496/324/1 560/322/1 561/325/1
f 534/326/1 535/323/1 446/297/1
f 534/326/1 446/297/1 447/327/1
f 495/328/1 496/324/1 561/325/1
f 495/328/1 561/325/1 562/329/1
f 533/330/1 534/326/1 447/327/1
f 533/330/1 447/327/1 448/331/1
f 495/328/1 562/329/1 563/332/1
f 532/333/1 533/330/1 448/331/1
f 495/328/1 563/332/1 564/334/1
f 531/335/1 532/333/1 448/331/1
f 495/328/1 564/334/1 565/336/1
f 530/337/1 531/335/1 448/331/1
f 495/328/1 565/336/1 566/338/1
f 529/339/1 530/337/1 448/331/1
f 495/328/1 566/338/1 567/340/1
f 528/341/1 529/339/1 448/331/1
f 495/328/1 567/340/1 568/342/1
f 527/343/1 528/341/1 448/331/1
f 495/328/1 568/342/1 569/344/1
f 526/345/1 527/343/1 448/331/1
f 495/328/1 569/344/1 570/346/1
f 525/347/1 526/345/1 448/331/1
f 495/328/1 570/346/1 571/348/1
f 524/349/1 525/347/1 448/331/1
f 495/328/1 571/348/1 572/47/1
f 523/350/1 524/349/1 448/331/1
f 495/328/1 572/47/1 521/351/1
f 522/352/1 523/350/1 448/331/1
f 495/328/1 521/351/1 522/352/1
f 495/328/1 522/352/1 448/331/1
f 495/328/1 448/331/1 449/353/1
f 494/354/1 495/328/1 449/353/1
f 494/354/1 449/353/1 450/355/1
f 493/356/1 494/354/1 450/355/1
f 493/356/1 450/355/1 451/357/1
f 492/358/1 493/356/1 451/357/1
f 492/358/1 451/357/1 452/359/1
f 491/360/1 492/358/1 452/359/1
f 491/360/1 452/359/1 453/361/1
f 490/362/1 491/360/1 453/361/1
f 490/362/1 453/361/1 454/363/1
f 489/364/1 490/362/1 454/363/1
f 489/364/1 454/363/1 455/365/1
f 488/366/1 489/364/1 455/365/1
f 488/366/1 455/365/1 456/367/1
f 487/368/1 488/366/1 456/367/1
f 487/368/1 456/367/1 457/369/1
f 486/370/1 487/368/1 457/369/1
f 486/370/1 457/369/1 458/371/1
f 485/372/1 486/370/1 458/371/1
f 485/372/1 458/371/1 459/373/1
f 484/374/1 485/372/1 459/373/1
f 483/375/1 484/374/1 459/373/1
f 483/375/1 459/373/1 460/376/1
f 482/377/1 483/375/1 460/376/1
f 482/377/1 460/376/1 461/378/1
f 481/379/1 482/377/1 461/378/1
f 481/379/1 461/378/1 462/380/1
f 481/379/1 462/380/1 463/381/1
f 480/382/1 481/379/1 463/381/1
f 480/382/1 463/381/1 464/383/1
f 479/384/1 480/382/1 464/383/1
f 479/384/1 464/383/1 465/385/1
f 478/386/1 479/384/1 465/385/1
f 478/386/1 465/385/1 466/387/1
f 477/388/1 478/386/1 466/387/1
f 477/388/1 466/387/1 467/389/1
f 476/390/1 477/388/1 467/389/1
f 476/390/1 467/389/1 468/391/1
f 475/392/1 476/390/1 468/391/1
f 475/392/1 468/391/1 469/393/1
f 474/394/1 475/392/1 469/393/1
f 474/394/1 469/393/1 470/395/1
f 473/396/1 474/394/1 470/395/1
f 473/396/1 470/395/1 471/397/1
f 472/398/1 473/396/1 471/397/1
f 705/1/1 706/2/1 707/3/1
f 705/1/1 707/3/1 708/4/1
f 705/1/1 708/4/1 709/5/1
f 704/6/1 705/1/1 709/5/1
f 704/6/1 709/5/1 710/7/1
f 703/8/1 704/6/1 710/7/1
f 703/8/1 710/7/1 711/9/1
f 702/10/1 703/8/1 711/9/1
f 702/10/1 711/9/1 712/11/1
f 701/12/1 702/10/1 712/11/1
f 701/12/1 712/11/1 713/13/1
f 700/14/1 701/12/1 713/13/1
f 700/14/1 713/13/1 714/15/1
f 699/16/1 700/14/1 714/15/1
f 699/16/1 714/15/1 715/17/1
f 698/18/1 699/16/1 715/17/1
f 698/18/1 715/17/1 716/19/1
f 697/20/1 698/18/1 716/19/1
f 697/20/1 716/19/1 717/21/1
f 696/22/1 697/20/1 717/21/1
f 696/22/1 717/21/1 718/23/1
f 695/24/1 696/22/1 718/23/1
f 695/24/1 718/23/1 719/25/1
f 694/26/1 695/24/1 719/25/1
f 693/27/1 694/26/1 719/25/1
f 693/27/1 719/25/1 720/28/1
f 693/27/1 720/28/1 721/29/1
f 692/30/1 693/27/1 721/29/1
f 692/30/1 721/29/1 722/31/1
f 691/32/1 692/30/1 722/31/1
f 691/32/1 722/31/1 723/33/1
f 690/34/1 691/32/1 723/33/1
f 690/34/1 723/33/1 724/35/1
f 689/36/1 690/34/1 724/35/1
f 689/36/1 724/35/1 725/37/1
f 688/38/1 689/36/1 725/37/1
f 688/38/1 725/37/1 726/39/1
f 687/40/1 688/38/1 726/39/1
f 687/40/1 726/39/1 727/41/1
f 686/42/1 687/40/1 727/41/1
f 686/42/1 727/41/1 728/43/1
f 685/44/1 686/42/1 728/43/1
f 685/44/1 728/43/1 729/45/1
f 684/46/1 685/44/1 729/45/1
f 684/46/1 729/45/1 730/47/1
f 683/48/1 684/46/1 730/47/1
f 683/48/1 730/47/1 588/49/1
f 588/49/1 730/47/1 587/50/1
f 587/50/1 730/47/1 573/51/1
f 682/52/1 683/48/1 590/53/1
f 590/53/1 683/48/1 589/54/1
f 589/54/1 683/48/1 588/49/1
f 682/52/1 590/53/1 591/55/1
f 586/56/1 587/50/1 573/51/1
f 682/52/1 591/55/1 592/57/1
f 585/58/1 586/56/1 573/51/1
f 682/52/1 592/57/1 593/59/1
f 584/60/1 585/58/1 573/51/1
f 682/52/1 593/59/1 594/61/1
f 583/62/1 584/60/1 573/51/1
f 682/52/1 594/61/1 595/63/1
f 582/64/1 583/62/1 573/51/1
f 682/52/1 595/63/1 596/65/1
f 581/66/1 582/64/1 573/51/1
f 682/52/1 596/65/1 597/67/1
f 580/68/1 581/66/1 573/51/1
f 682/52/1 597/67/1 598/69/1
f 579/70/1 580/68/1 573/51/1
f 682/52/1 598/69/1 599/71/1
f 578/72/1 579/70/1 573/51/1
f 682/52/1 599/71/1 600/73/1
f 577/74/1 578/72/1 573/51/1
f 682/52/1 600/73/1 601/75/1
f 576/76/1 577/74/1 573/51/1
f 681/77/1 682/52/1 601/75/1
f 681/77/1 601/75/1 602/78/1
f 575/79/1 576/76/1 573/51/1
f 575/79/1 573/51/1 574/80/1
f 629/81/1 630/82/1 631/83/1
f 629/81/1 631/83/1 628/84/1
f 628/84/1 631/83/1 632/85/1
f 627/86/1 628/84/1 632/85/1
f 680/87/1 681/77/1 602/78/1
f 680/87/1 602/78/1 603/88/1
f 626/89/1 627/86/1 632/85/1
f 626/89/1 632/85/1 633/90/1
f 680/87/1 603/88/1 604/91/1
f 625/92/1 626/89/1 633/90/1
f 680/87/1 604/91/1 605/93/1
f 624/94/1 625/92/1 633/90/1
f 680/87/1 605/93/1 606/95/1
f 623/96/1 624/94/1 633/90/1
f 680/87/1 606/95/1 607/97/1
f 622/98/1 623/96/1 633/90/1
f 680/87/1 607/97/1 608/99/1
f 621/100/1 622/98/1 633/90/1
f 680/87/1 608/99/1 609/101/1
f 620/102/1 621/100/1 633/90/1
f 680/87/1 609/101/1 610/103/1
f 619/104/1 620/102/1 633/90/1
f 680/87/1 610/103/1 611/105/1
f 618/106/1 619/104/1 633/90/1
f 680/87/1 611/105/1 612/107/1
f 617/108/1 618/106/1 633/90/1
f 680/87/1 612/107/1 613/109/1
f 616/110/1 617/108/1 633/90/1
f 680/87/1 613/109/1 614/111/1
f 615/112/1 616/110/1 633/90/1
f 680/87/1 614/111/1 615/112/1
f 680/87/1 615/112/1 633/90/1
f 680/87/1 633/90/1 634/113/1
f 679/114/1 680/87/1 634/113/1
f 679/114/1 634/113/1 635/115/1
f 678/116/1 679/114/1 635/115/1
f 678/116/1 635/115/1 636/117/1
f 677/118/1 678/116/1 636/117/1
f 677/118/1 636/117/1 637/119/1
f 676/120/1 677/118/1 637/119/1
f 676/120/1 637/119/1 638/121/1
f 675/122/1 676/120/1 638/121/1
f 675/122/1 638/121/1 639/123/1
f 674/124/1 675/122/1 639/123/1
f 674/124/1 639/123/1 640/125/1
f 673/126/1 674/124/1 640/125/1
f 673/126/1 640/125/1 641/127/1
f 672/128/1 673/126/1 641/127/1
f 672/128/1 641/127/1 642/129/1
f 671/130/1 672/128/1 642/129/1
f 671/130/1 642/129/1 643/131/1
f 670/132/1 671/130/1 643/131/1
f 670/132/1 643/131/1 644/133/1
f 669/134/1 670/132/1 644/133/1
f 668/135/1 669/134/1 644/133/1
f 668/135/1 644/133/1 645/136/1
f 667/137/1 668/135/1 645/136/1
f 667/137/1 645/136/1 646/138/1
f 666/139/1 667/137/1 646/138/1
f 666/139/1 646/138/1 647/140/1
f 666/139/1 647/140/1 648/141/1
f 665/142/1 666/139/1 648/141/1
f 665/142/1 648/141/1 649/143/1
f 664/144/1 665/142/1 649/143/1
f 664/144/1 649/143/1 650/145/1
f 663/146/1 664/144/1 650/145/1
f 663/146/1 650/145/1 651/147/1
f 662/148/1 663/146/1 651/147/1
f 662/148/1 651/147/1 652/149/1
f 661/150/1 662/148/1 652/149/1
f 661/150/1 652/149/1 653/151/1
f 660/152/1 661/150/1 653/151/1
f 660/152/1 653/151/1 654/153/1
f 659/154/1 660/152/1 654/153/1
f 659/154/1 654/153/1 655/155/1
f 658/156/1 659/154/1 655/155/1
f 658/156/1 655/155/1 656/157/1
f 657/158/1 658/156/1 656/157/1
f 736/399/1 737/400/1 738/401/1
f 736/399/1 738/401/1 739/47/1
f 739/47/1 731/51/1 732/402/1
f 739/47/1 732/402/1 733/403/1
f 736/399/1 739/47/1 733/403/1
f 735/404/1 736/399/1 733/403/1
f 735/404/1 733/403/1 734/405/1
f 740/51/1 741/406/1 742/407/1
f 740/51/1 742/407/1 743/408/1
f 740/51/1 743/408/1 744/409/1
f 740/51/1 744/409/1 745/47/1
f 845/249/1 746/51/1 747/250/1
f 845/249/1 747/250/1 748/251/1
f 845/249/1 748/251/1 749/252/1
f 844/253/1 845/249/1 749/252/1
f 844/253/1 749/252/1 750/254/1
f 843/255/1 844/253/1 750/254/1
f 843/255/1 750/254/1 751/256/1
f 842/257/1 843/255/1 751/256/1
f 842/257/1 751/256/1 752/258/1
f 841/259/1 842/257/1 752/258/1
f 841/259/1 752/258/1 753/260/1
f 840/261/1 841/259/1 753/260/1
f 840/261/1 753/260/1 754/262/1
f 839/263/1 840/261/1 754/262/1
f 839/263/1 754/262/1 755/264/1
f 838/265/1 839/263/1 755/264/1
f 838/265/1 755/264/1 756/266/1
f 837/267/1 838/265/1 756/266/1
f 837/267/1 756/266/1 757/268/1
f 836/269/1 837/267/1 757/268/1
f 836/269/1 757/268/1 758/270/1
f 835/271/1 836/269/1 758/270/1
f 835/271/1 758/270/1 759/272/1
f 834/273/1 835/271/1 759/272/1
f 833/274/1 834/273/1 759/272/1
f 833/274/1 759/272/1 760/275/1
f 833/274/1 760/275/1 761/276/1
f 832/277/1 833/274/1 761/276/1
f 832/277/1 761/276/1 762/278/1
f 831/279/1 832/277/1 762/278/1
f 831/279/1 762/278/1 763/280/1
f 830/281/1 831/279/1 763/280/1
f 830/281/1 763/280/1 764/282/1
f 829/283/1 830/281/1 764/282/1
f 829/283/1 764/282/1 765/284/1
f 828/285/1 829/283/1 765/284/1
f 828/285/1 765/284/1 766/286/1
f 827/287/1 828/285/1 766/286/1
f 827/287/1 766/286/1 767/288/1
f 826/289/1 827/287/1 767/288/1
f 826/289/1 767/288/1 768/290/1
f 825/291/1 826/289/1 768/290/1
f 825/291/1 768/290/1 769/292/1
f 824/293/1 825/291/1 769/292/1
f 824/293/1 769/292/1 770/294/1
f 823/295/1 824/293/1 770/294/1
f 823/295/1 770/294/1 872/296/1
f 872/296/1 770/294/1 771/297/1
f 822/298/1 823/295/1 874/299/1
f 874/299/1 823/295/1 873/300/1
f 873/300/1 823/295/1 872/296/1
f 871/301/1 872/296/1 771/297/1
f 822/298/1 874/299/1 875/302/1
f 870/303/1 871/301/1 771/297/1
f 822/298/1 875/302/1 876/304/1
f 869/305/1 870/303/1 771/297/1
f 822/298/1 876/304/1 877/306/1
f 868/307/1 869/305/1 771/297/1
f 822/298/1 877/306/1 878/308/1
f 867/309/1 868/307/1 771/297/1
f 822/298/1 878/308/1 879/310/1
f 866/311/1 867/309/1 771/297/1
f 822/298/1 879/310/1 880/312/1
f 865/313/1 866/311/1 771/297/1
f 822/298/1 880/312/1 881/314/1
f 864/315/1 865/313/1 771/297/1
f 822/298/1 881/314/1 882/316/1
f 863/317/1 864/315/1 771/297/1
f 822/298/1 882/316/1 883/318/1
f 862/319/1 863/317/1 771/297/1
f 822/298/1 883/318/1 884/320/1
f 861/321/1 862/319/1 771/297/1
f 822/298/1 884/320/1 885/322/1
f 860/323/1 861/321/1 771/297/1
f 821/324/1 822/298/1 885/322/1
f 821/324/1 885/322/1 886/325/1
f 859/326/1 860/323/1 771/297/1
f 859/326/1 771/297/1 772/327/1
f 820/328/1 821/324/1 886/325/1
f 820/328/1 886/325/1 887/329/1
f 858/330/1 859/326/1 772/327/1
f 858/330/1 772/327/1 773/331/1
f 820/328/1 887/329/1 888/332/1
f 857/333/1 858/330/1 773/331/1
f 820/328/1 888/332/1 889/334/1
f 856/335/1 857/333/1 773/331/1
f 820/328/1 889/334/1 890/336/1
f 855/337/1 856/335/1 773/331/1
f 820/328/1 890/336/1 891/338/1
f 854/339/1 855/337/1 773/331/1
f 820/328/1 891/338/1 892/340/1
f 853/341/1 854/339/1 773/331/1
f 820/328/1 892/340/1 893/342/1
f 852/343/1 853/341/1 773/331/1
f 820/328/1 893/342/1 894/344/1
f 851/345/1 852/343/1 773/331/1
f 820/328/1 894/344/1 895/346/1
f 850/347/1 851/345/1 773/331/1
f 820/328/1 895/346/1 896/348/1
f 849/349/1 850/347/1 773/331/1
f 820/328/1 896/348/1 897/47/1
f 848/350/1 849/349/1 773/331/1
f 820/328/1 897/47/1 846/351/1
f 847/352/1 848/350/1 773/331/1
f 820/328/1 846/351/1 847/352/1
f 820/328/1 847/352/1 773/331/1
f 820/328/1 773/331/1 774/353/1
f 819/354/1 820/328/1 774/353/1
f 819/354/1 774/353/1 775/355/1
f 818/356/1 819/354/1 775/355/1
f 818/356/1 775/355/1 776/357/1
f 817/358/1 818/356/1 776/357/1
f 817/358/1 776/357/1 777/359/1
f 816/360/1 817/358/1 777/359/1
f 816/360/1 777/359/1 778/361/1
f 815/362/1 816/360/1 778/361/1
f 815/362/1 778/361/1 779/363/1
f 814/364/1 815/362/1 779/363/1
f 814/364/1 779/363/1 780/365/1
f 813/366/1 814/364/1 780/365/1
f 813/366/1 780/365/1 781/367/1
f 812/368/1 813/366/1 781/367/1
f 812/368/1 781/367/1 782/369/1
f 811/370/1 812/368/1 782/369/1
f 811/370/1 782/369/1 783/371/1
f 810/372/1 811/370/1 783/371/1
f 810/372/1 783/371/1 784/373/1
f 809/374/1 810/372/1 784/373/1
f 808/375/1 809/374/1 784/373/1
f 808/375/1 784/373/1 785/376/1
f 807/377/1 808/375/1 785/376/1
f 807/377/1 785/376/1 786/378/1
f 806/379/1 807/377/1 786/378/1
f 806/379/1 786/378/1 787/380/1
f 806/379/1 787/380/1 788/381/1
f 805/382/1 806/379/1 788/381/1
f 805/382/1 788/381/1 789/383/1
f 804/384/1 805/382/1 789/383/1
f 804/384/1 789/383/1 790/385/1
f 803/386/1 804/384/1 790/385/1
f 803/386/1 790/385/1 791/387/1
f 802/388/1 803/386/1 791/387/1
f 802/388/1 791/387/1 792/389/1
f 801/390/1 802/388/1 792/389/1
f 801/390/1 792/389/1 793/391/1
f 800/392/1 801/390/1 793/391/1
f 800/392/1 793/391/1 794/393/1
f 799/394/1 800/392/1 794/393/1
f 799/394/1 794/393/1 795/395/1
f 798/396/1 799/394/1 795/395/1
f 798/396/1 795/395/1 796/397/1
f 797/398/1 798/396/1 796/397/1
f 952/410/1 898/51/1 977/411/1
f 977/411/1 898/51/1 976/412/1
f 976/412/1 898/51/1 975/413/1
f 975/413/1 898/51/1 974/414/1
f 974/414/1 898/51/1 973/415/1
f 973/415/1 898/51/1 972/416/1
f 972/416/1 898/51/1 971/417/1
f 971/417/1 898/51/1 970/418/1
f 970/418/1 898/51/1 899/419/1
f 970/418/1 899/419/1 900/420/1
f 970/418/1 900/420/1 901/421/1
f 970/418/1 901/421/1 902/422/1
f 970/418/1 902/422/1 903/423/1
f 970/418/1 903/423/1 969/424/1
f 969/424/1 903/423/1 904/425/1
f 969/424/1 904/425/1 905/426/1
f 969/424/1 905/426/1 906/427/1
f 969/424/1 906/427/1 907/428/1
f 969/424/1 907/428/1 908/429/1
f 969/424/1 908/429/1 909/430/1
f 969/424/1 909/430/1 910/431/1
f 969/424/1 910/431/1 911/432/1
f 969/424/1 911/432/1 912/433/1
f 969/424/1 912/433/1 968/434/1
f 968/434/1 912/433/1 913/435/1
f 968/434/1 913/435/1 914/436/1
f 968/434/1 914/436/1 915/437/1
f 968/434/1 915/437/1 916/438/1
f 968/434/1 916/438/1 917/439/1
f 968/434/1 917/439/1 918/440/1
f 968/434/1 918/440/1 919/441/1
f 968/434/1 919/441/1 967/442/1
f 967/442/1 919/441/1 920/443/1
f 967/442/1 920/443/1 921/444/1
f 967/442/1 921/444/1 922/445/1
f 967/442/1 922/445/1 966/446/1
f 966/446/1 922/445/1 965/447/1
f 965/447/1 922/445/1 923/448/1
f 964/449/1 965/447/1 923/448/1
f 963/450/1 964/449/1 923/448/1
f 962/451/1 963/450/1 923/448/1
f 961/452/1 962/451/1 923/448/1
f 960/453/1 961/452/1 923/448/1
f 959/454/1 960/453/1 923/448/1
f 958/455/1 959/454/1 923/448/1
f 957/456/1 958/455/1 923/448/1
f 956/457/1 957/456/1 923/448/1
f 952/410/1 977/411/1 978/458/1
f 955/459/1 956/457/1 923/448/1
f 952/410/1 978/458/1 979/460/1
f 954/461/1 955/459/1 923/448/1
f 952/410/1 979/460/1 980/462/1
f 953/463/1 954/461/1 923/448/1
f 953/463/1 923/448/1 924/464/1
f 952/410/1 980/462/1 981/465/1
f 1004/47/1 953/463/1 924/464/1
f 1004/47/1 924/464/1 925/466/1
f 952/410/1 981/465/1 982/467/1
f 1003/468/1 1004/47/1 925/466/1
f 952/410/1 982/467/1 983/469/1
f 1002/470/1 1003/468/1 925/466/1
f 952/410/1 983/469/1 984/471/1
f 1001/472/1 1002/470/1 925/466/1
f 952/410/1 984/471/1 985/473/1
f 1000/474/1 1001/472/1 925/466/1
f 952/410/1 985/473/1 986/475/1
f 999/476/1 1000/474/1 925/466/1
f 952/410/1 986/475/1 987/477/1
f 998/478/1 999/476/1 925/466/1
f 952/410/1 987/477/1 988/479/1
f 997/480/1 998/478/1 925/466/1
f 952/410/1 988/479/1 989/481/1
f 996/482/1 997/480/1 925/466/1
f 952/410/1 989/481/1 990/483/1
f 995/484/1 996/482/1 925/466/1
f 952/410/1 990/483/1 991/485/1
f 994/486/1 995/484/1 925/466/1
f 952/410/1 991/485/1 992/487/1
f 993/488/1 994/486/1 925/466/1
f 952/410/1 992/487/1 950/489/1
f 950/489/1 992/487/1 993/488/1
f 950/489/1 993/488/1 925/466/1
f 950/489/1 925/466/1 926/490/1
f 950/489/1 926/490/1 927/491/1
f 950/489/1 927/491/1 928/492/1
f 950/489/1 928/492/1 929/493/1
f 950/489/1 929/493/1 930/494/1
f 950/489/1 930/494/1 931/495/1
f 950/489/1 931/495/1 932/496/1
f 950/489/1 932/496/1 933/497/1
f 950/489/1 933/497/1 934/498/1
f 950/489/1 934/498/1 935/499/1
f 950/489/1 935/499/1 936/500/1
f 950/489/1 936/500/1 937/501/1
f 950/489/1 937/501/1 938/502/1
f 950/489/1 938/502/1 939/503/1
f 950/489/1 939/503/1 940/504/1
f 950/489/1 940/504/1 941/505/1
f 950/489/1 941/505/1 942/506/1
f 950/489/1 942/506/1 943/507/1
f 950/489/1 943/507/1 944/508/1
f 950/489/1 944/508/1 945/509/1
f 950/489/1 945/509/1 946/510/1
f 950/489/1 946/510/1 947/511/1
f 950/489/1 947/511/1 948/512/1
f 952/410/1 950/489/1 951/404/1
f 949/513/1 950/489/1 948/512/1
f 1137/1/2 1139/3/2 1138/2/2
f 1137/1/2 1140/4/2 1139/3/2
f 1137/1/2 1141/5/2 1140/4/2
f 1136/6/2 1141/5/2 1137/1/2
f 1136/6/2 1142/7/2 1141/5/2
f 1135/8/2 1142/7/2 1136/6/2
f 1135/8/2 1143/9/2 1142/7/2
f 1134/10/2 1143/9/2 1135/8/2
f 1134/10/2 1144/11/2 1143/9/2
f 1133/12/2 1144/11/2 1134/10/2
f 1133/12/2 1145/13/2 1144/11/2
f 1132/14/2 1145/13/2 1133/12/2
f 1132/14/2 1146/15/2 1145/13/2
f 1131/16/2 1146/15/2 1132/14/2
f 1131/16/2 1147/17/2 1146/15/2
f 1130/18/2 1147/17/2 1131/16/2
f 1130/18/2 1148/19/2 1147/17/2
f 1129/20/2 1148/19/2 1130/18/2
f 1129/20/2 1149/21/2 1148/19/2
f 1128/22/2 1149/21/2 1129/20/2
f 1128/22/2 1150/23/2 1149/21/2
f 1127/24/2 1150/23/2 1128/22/2
f 1127/24/2 1151/25/2 1150/23/2
f 1126/26/2 1151/25/2 1127/24/2
f 1125/27/2 1151/25/2 1126/26/2
f 1125/27/2 1152/28/2 1151/25/2
f 1125/27/2 1153/29/2 1152/28/2
f 1124/30/2 1153/29/2 1125/27/2
f 1124/30/2 1154/31/2 1153/29/2
f 1123/32/2 1154/31/2 1124/30/2
f 1123/32/2 1155/33/2 1154/31/2
f 1122/34/2 1155/33/2 1123/32/2
f 1122/34/2 1156/35/2 1155/33/2
f 1121/36/2 1156/35/2 1122/34/2
f 1121/36/2 1157/37/2 1156/35/2
f 1120/38/2 1157/37/2 1121/36/2
f 1120/38/2 1158/39/2 1157/37/2
f 1119/40/2 1158/39/2 1120/38/2
f 1119/40/2 1159/41/2 1158/39/2
f 1118/42/2 1159/41/2 1119/40/2
f 1118/42/2 1160/43/2 1159/41/2
f 1117/44/2 1160/43/2 1118/42/2
f 1117/44/2 1161/45/2 1160/43/2
f 1116/46/2 1161/45/2 1117/44/2
f 1116/46/2 1162/47/2 1161/45/2
f 1115/48/2 1162/47/2 1116/46/2
f 1115/48/2 1020/49/2 1162/47/2
f 1020/49/2 1019/50/2 1162/47/2
f 1019/50/2 1005/51/2 1162/47/2
f 1114/52/2 1022/53/2 1115/48/2
f 1022/53/2 1021/54/2 1115/48/2
f 1021/54/2 1020/49/2 1115/48/2
f 1114/52/2 1023/55/2 1022/53/2
f 1018/56/2 1005/51/2 1019/50/2
f 1114/52/2 1024/57/2 1023/55/2
f 1017/58/2 1005/51/2 1018/56/2
f 1114/52/2 1025/59/2 1024/57/2
f 1016/60/2 1005/51/2 1017/58/2
f 1114/52/2 1026/61/2 1025/59/2
f 1015/62/2 1005/51/2 1016/60/2
f 1114/52/2 1027/63/2 1026/61/2
f 1014/64/2 1005/51/2 1015/62/2
f 1114/52/2 1028/65/2 1027/63/2
f 1013/66/2 1005/51/2 1014/64/2
f 1114/52/2 1029/67/2 1028/65/2
f 1012/68/2 1005/51/2 1013/66/2
f 1114/52/2 1030/69/2 1029/67/2
f 1011/70/2 1005/51/2 1012/68/2
f 1114/52/2 1031/71/2 1030/69/2
f 1010/72/2 1005/51/2 1011/70/2
f 1114/52/2 1032/73/2 1031/71/2
f 1009/74/2 1005/51/2 1010/72/2
f 1114/52/2 1033/75/2 1032/73/2
f 1008/76/2 1005/51/2 1009/74/2
f 1113/77/2 1033/75/2 1114/52/2
f 1113/77/2 1034/78/2 1033/75/2
f 1007/79/2 1005/51/2 1008/76/2
f 1007/79/2 1006/80/2 1005/51/2
f 1061/81/2 1063/83/2 1062/82/2
f 1061/81/2 1060/84/2 1063/83/2
f 1060/84/2 1064/85/2 1063/83/2
f 1059/86/2 1064/85/2 1060/84/2
f 1112/87/2 1034/78/2 1113/77/2
f 1112/87/2 1035/88/2 1034/78/2
f 1058/89/2 1064/85/2 1059/86/2
f 1058/89/2 1065/90/2 1064/85/2
f 1112/87/2 1036/91/2 1035/88/2
f 1057/92/2 1065/90/2 1058/89/2
f 1112/87/2 1037/93/2 1036/91/2
f 1056/94/2 1065/90/2 1057/92/2
f 1112/87/2 1038/95/2 1037/93/2
f 1055/96/2 1065/90/2 1056/94/2
f 1112/87/2 1039/97/2 1038/95/2
f 1054/98/2 1065/90/2 1055/96/2
f 1112/87/2 1040/99/2 1039/97/2
f 1053/100/2 1065/90/2 1054/98/2
f 1112/87/2 1041/101/2 1040/99/2
f 1052/102/2 1065/90/2 1053/100/2
f 1112/87/2 1042/103/2 1041/101/2
f 1051/104/2 1065/90/2 1052/102/2
f 1112/87/2 1043/105/2 1042/103/2
f 1050/106/2 1065/90/2 1051/104/2
f 1112/87/2 1044/107/2 1043/105/2
f 1049/108/2 1065/90/2 1050/106/2
f 1112/87/2 1045/109/2 1044/107/2
f 1048/110/2 1065/90/2 1049/108/2
f 1112/87/2 1046/111/2 1045/109/2
f 1047/112/2 1065/90/2 1048/110/2
f 1112/87/2 1047/112/2 1046/111/2
f 1112/87/2 1065/90/2 1047/112/2
f 1112/87/2 1066/113/2 1065/90/2
f 1111/114/2 1066/113/2 1112/87/2
f 1111/114/2 1067/115/2 1066/113/2
f 1110/116/2 1067/115/2 1111/114/2
f 1110/116/2 1068/117/2 1067/115/2
f 1109/118/2 1068/117/2 1110/116/2
f 1109/118/2 1069/119/2 1068/117/2
f 1108/120/2 1069/119/2 1109/118/2
f 1108/120/2 1070/121/2 1069/119/2
f 1107/122/2 1070/121/2 1108/120/2
f 1107/122/2 1071/123/2 1070/121/2
f 1106/124/2 1071/123/2 1107/122/2
f 1106/124/2 1072/125/2 1071/123/2
f 1105/126/2 1072/125/2 1106/124/2
f 1105/126/2 1073/127/2 1072/125/2
f 1104/128/2 1073/127/2 1105/126/2
f 1104/128/2 1074/129/2 1073/127/2
f 1103/130/2 1074/129/2 1104/128/2
f 1103/130/2 1075/131/2 1074/129/2
f 1102/132/2 1075/131/2 1103/130/2
f 1102/132/2 1076/133/2 1075/131/2
f 1101/134/2 1076/133/2 1102/132/2
f 1100/135/2 1076/133/2 1101/134/2
f 1100/135/2 1077/136/2 1076/133/2
f 1099/137/2 1077/136/2 1100/135/2
f 1099/137/2 1078/138/2 1077/136/2
f 1098/139/2 1078/138/2 1099/137/2
f 1098/139/2 1079/140/2 1078/138/2
f 1098/139/2 1080/141/2 1079/140/2
f 1097/142/2 1080/141/2 1098/139/2
f 1097/142/2 1081/143/2 1080/141/2
f 1096/144/2 1081/143/2 1097/142/2
f 1096/144/2 1082/145/2 1081/143/2
f 1095/146/2 1082/145/2 1096/144/2
f 1095/146/2 1083/147/2 1082/145/2
f 1094/148/2 1083/147/2 1095/146/2
f 1094/148/2 1084/149/2 1083/147/2
f 1093/150/2 1084/149/2 1094/148/2
f 1093/150/2 1085/151/2 1084/149/2
f 1092/152/2 1085/151/2 1093/150/2
f 1092/152/2 1086/153/2 1085/151/2
f 1091/154/2 1086/153/2 1092/152/2
f 1091/154/2 1087/155/2 1086/153/2
f 1090/156/2 1087/155/2 1091/154/2
f 1090/156/2 1088/157/2 1087/155/2
f 1089/158/2 1088/157/2 1090/156/2
f 1170/159/2 1172/47/2 1171/160/2
f 1170/159/2 1168/161/2 1172/47/2
f 1168/161/2 1163/51/2 1172/47/2
f 1163/51/2 1165/163/2 1164/162/2
f 1163/51/2 1166/164/2 1165/163/2
f 1170/159/2 1169/165/2 1168/161/2
f 1167/166/2 1163/51/2 1168/161/2
f 1167/166/2 1166/164/2 1163/51/2
f 1228/167/2 1174/168/2 1173/51/2
f 1228/167/2 1175/169/2 1174/168/2
f 1228/167/2 1176/170/2 1175/169/2
f 1227/171/2 1176/170/2 1228/167/2
f 1227/171/2 1177/172/2 1176/170/2
f 1226/173/2 1177/172/2 1227/171/2
f 1226/173/2 1178/174/2 1177/172/2
f 1225/175/2 1178/174/2 1226/173/2
f 1225/175/2 1179/176/2 1178/174/2
f 1224/177/2 1179/176/2 1225/175/2
f 1224/177/2 1180/178/2 1179/176/2
f 1223/179/2 1180/178/2 1224/177/2
f 1223/179/2 1181/180/2 1180/178/2
f 1222/181/2 1181/180/2 1223/179/2
f 1222/181/2 1182/182/2 1181/180/2
f 1221/183/2 1182/182/2 1222/181/2
f 1221/183/2 1183/184/2 1182/182/2
f 1220/185/2 1183/184/2 1221/183/2
f 1220/185/2 1184/186/2 1183/184/2
f 1219/187/2 1184/186/2 1220/185/2
f 1219/187/2 1185/188/2 1184/186/2
f 1218/189/2 1185/188/2 1219/187/2
f 1218/189/2 1186/190/2 1185/188/2
f 1217/191/2 1186/190/2 1218/189/2
f 1216/192/2 1186/190/2 1217/191/2
f 1216/192/2 1187/193/2 1186/190/2
f 1216/192/2 1188/194/2 1187/193/2
f 1215/195/2 1188/194/2 1216/192/2
f 1215/195/2 1189/196/2 1188/194/2
f 1214/197/2 1189/196/2 1215/195/2
f 1214/197/2 1190/198/2 1189/196/2
f 1213/199/2 1190/198/2 1214/197/2
f 1213/199/2 1191/200/2 1190/198/2
f 1212/201/2 1191/200/2 1213/199/2
f 1212/201/2 1192/202/2 1191/200/2
f 1211/203/2 1192/202/2 1212/201/2
f 1211/203/2 1193/204/2 1192/202/2
f 1210/205/2 1193/204/2 1211/203/2
f 1210/205/2 1194/206/2 1193/204/2
f 1209/207/2 1194/206/2 1210/205/2
f 1209/207/2 1195/208/2 1194/206/2
f 1208/209/2 1195/208/2 1209/207/2
f 1208/209/2 1196/210/2 1195/208/2
f 1207/211/2 1196/210/2 1208/209/2
f 1207/211/2 1197/212/2 1196/210/2
f 1206/213/2 1197/212/2 1207/211/2
f 1206/213/2 1243/214/2 1197/212/2
f 1243/214/2 1242/215/2 1197/212/2
f 1242/215/2 1198/216/2 1197/212/2
f 1205/217/2 1245/218/2 1206/213/2
f 1245/218/2 1244/219/2 1206/213/2
f 1244/219/2 1243/214/2 1206/213/2
f 1205/217/2 1246/220/2 1245/218/2
f 1241/221/2 1198/216/2 1242/215/2
f 1205/217/2 1247/222/2 1246/220/2
f 1240/223/2 1198/216/2 1241/221/2
f 1205/217/2 1248/224/2 1247/222/2
f 1239/225/2 1198/216/2 1240/223/2
f 1205/217/2 1249/226/2 1248/224/2
f 1238/227/2 1198/216/2 1239/225/2
f 1205/217/2 1250/228/2 1249/226/2
f 1237/229/2 1198/216/2 1238/227/2
f 1205/217/2 1251/230/2 1250/228/2
f 1236/231/2 1198/216/2 1237/229/2
f 1205/217/2 1252/232/2 1251/230/2
f 1235/233/2 1198/216/2 1236/231/2
f 1205/217/2 1253/234/2 1252/232/2
f 1234/235/2 1198/216/2 1235/233/2
f 1205/217/2 1254/236/2 1253/234/2
f 1233/237/2 1198/216/2 1234/235/2
f 1205/217/2 1255/238/2 1254/236/2
f 1232/239/2 1198/216/2 1233/237/2
f 1205/217/2 1256/47/2 1255/238/2
f 1231/240/2 1198/216/2 1232/239/2
f 1204/241/2 1256/47/2 1205/217/2
f 1204/241/2 1229/242/2 1256/47/2
f 1230/243/2 1198/216/2 1231/240/2
f 1230/243/2 1199/244/2 1198/216/2
f 1204/241/2 1202/245/2 1229/242/2
f 1202/245/2 1230/243/2 1229/242/2
f 1202/245/2 1201/246/2 1230/243/2
f 1201/246/2 1199/244/2 1230/243/2
f 1204/241/2 1203/247/2 1202/245/2
f 1200/248/2 1199/244/2 1201/246/2
f 1389/1/2 1391/3/2 1390/2/2
f 1389/1/2 1392/4/2 1391/3/2
f 1389/1/2 1393/5/2 1392/4/2
f 1388/6/2 1393/5/2 1389/1/2
f 1388/6/2 1394/7/2 1393/5/2
f 1387/8/2 1394/7/2 1388/6/2
f 1387/8/2 1395/9/2 1394/7/2
f 1386/10/2 1395/9/2 1387/8/2
f 1386/10/2 1396/11/2 1395/9/2
f 1385/12/2 1396/11/2 1386/10/2
f 1385/12/2 1397/13/2 1396/11/2
f 1384/14/2 1397/13/2 1385/12/2
f 1384/14/2 1398/15/2 1397/13/2
f 1383/16/2 1398/15/2 1384/14/2
f 1383/16/2 1399/17/2 1398/15/2
f 1382/18/2 1399/17/2 1383/16/2
f 1382/18/2 1400/19/2 1399/17/2
f 1381/20/2 1400/19/2 1382/18/2
f 1381/20/2 1401/21/2 1400/19/2
f 1380/22/2 1401/21/2 1381/20/2
f 1380/22/2 1402/23/2 1401/21/2
f 1379/24/2 1402/23/2 1380/22/2
f 1379/24/2 1403/25/2 1402/23/2
f 1378/26/2 1403/25/2 1379/24/2
f 1377/27/2 1403/25/2 1378/26/2
f 1377/27/2 1404/28/2 1403/25/2
f 1377/27/2 1405/29/2 1404/28/2
f 1376/30/2 1405/29/2 1377/27/2
f 1376/30/2 1406/31/2 1405/29/2
f 1375/32/2 1406/31/2 1376/30/2
f 1375/32/2 1407/33/2 1406/31/2
f 1374/34/2 1407/33/2 1375/32/2
f 1374/34/2 1408/35/2 1407/33/2
f 1373/36/2 1408/35/2 1374/34/2
f 1373/36/2 1409/37/2 1408/35/2
f 1372/38/2 1409/37/2 1373/36/2
f 1372/38/2 1410/39/2 1409/37/2
f 1371/40/2 1410/39/2 1372/38/2
f 1371/40/2 1411/41/2 1410/39/2
f 1370/42/2 1411/41/2 1371/40/2
f 1370/42/2 1412/43/2 1411/41/2
f 1369/44/2 1412/43/2 1370/42/2
f 1369/44/2 1413/45/2 1412/43/2
f 1368/46/2 1413/45/2 1369/44/2
f 1368/46/2 1414/47/2 1413/45/2
f 1367/48/2 1414/47/2 1368/46/2
f 1367/48/2 1272/49/2 1414/47/2
f 1272/49/2 1271/50/2 1414/47/2
f 1271/50/2 1257/51/2 1414/47/2
f 1366/52/2 1274/53/2 1367/48/2
f 1274/53/2 1273/54/2 1367/48/2
f 1273/54/2 1272/49/2 1367/48/2
f 1366/52/2 1275/55/2 1274/53/2
f 1270/56/2 1257/51/2 1271/50/2
f 1366/52/2 1276/57/2 1275/55/2
f 1269/58/2 1257/51/2 1270/56/2
f 1366/52/2 1277/59/2 1276/57/2
f 1268/60/2 1257/51/2 1269/58/2
f 1366/52/2 1278/61/2 1277/59/2
f 1267/62/2 1257/51/2 1268/60/2
f 1366/52/2 1279/63/2 1278/61/2
f 1266/64/2 1257/51/2 1267/62/2
f 1366/52/2 1280/65/2 1279/63/2
f 1265/66/2 1257/51/2 1266/64/2
f 1366/52/2 1281/67/2 1280/65/2
f 1264/68/2 1257/51/2 1265/66/2
f 1366/52/2 1282/69/2 1281/67/2
f 1263/70/2 1257/51/2 1264/68/2
f 1366/52/2 1283/71/2 1282/69/2
f 1262/72/2 1257/51/2 1263/70/2
f 1366/52/2 1284/73/2 1283/71/2
f 1261/74/2 1257/51/2 1262/72/2
f 1366/52/2 1285/75/2 1284/73/2
f 1260/76/2 1257/51/2 1261/74/2
f 1365/77/2 1285/75/2 1366/52/2
f 1365/77/2 1286/78/2 1285/75/2
f 1259/79/2 1257/51/2 1260/76/2
f 1259/79/2 1258/80/2 1257/51/2
f 1313/81/2 1315/83/2 1314/82/2
f 1313/81/2 1312/84/2 1315/83/2
f 1312/84/2 1316/85/2 1315/83/2
f 1311/86/2 1316/85/2 1312/84/2
f 1364/87/2 1286/78/2 1365/77/2
f 1364/87/2 1287/88/2 1286/78/2
f 1310/89/2 1316/85/2 1311/86/2
f 1310/89/2 1317/90/2 1316/85/2
f 1364/87/2 1288/91/2 1287/88/2
f 1309/92/2 1317/90/2 1310/89/2
f 1364/87/2 1289/93/2 1288/91/2
f 1308/94/2 1317/90/2 1309/92/2
f 1364/87/2 1290/95/2 1289/93/2
f 1307/96/2 1317/90/2 1308/94/2
f 1364/87/2 1291/97/2 1290/95/2
f 1306/98/2 1317/90/2 1307/96/2
f 1364/87/2 1292/99/2 1291/97/2
f 1305/100/2 1317/90/2 1306/98/2
f 1364/87/2 1293/101/2 1292/99/2
f 1304/102/2 1317/90/2 1305/100/2
f 1364/87/2 1294/103/2 1293/101/2
f 1303/104/2 1317/90/2 1304/102/2
f 1364/87/2 1295/105/2 1294/103/2
f 1302/106/2 1317/90/2 1303/104/2
f 1364/87/2 1296/107/2 1295/105/2
f 1301/108/2 1317/90/2 1302/106/2
f 1364/87/2 1297/109/2 1296/107/2
f 1300/110/2 1317/90/2 1301/108/2
f 1364/87/2 1298/111/2 1297/109/2
f 1299/112/2 1317/90/2 1300/110/2
f 1364/87/2 1299/112/2 1298/111/2
f 1364/87/2 1317/90/2 1299/112/2
f 1364/87/2 1318/113/2 1317/90/2
f 1363/114/2 1318/113/2 1364/87/2
f 1363/114/2 1319/115/2 1318/113/2
f 1362/116/2 1319/115/2 1363/114/2
f 1362/116/2 1320/117/2 1319/115/2
f 1361/118/2 1320/117/2 1362/116/2
f 1361/118/2 1321/119/2 1320/117/2
f 1360/120/2 1321/119/2 1361/118/2
f 1360/120/2 1322/121/2 1321/119/2
f 1359/122/2 1322/121/2 1360/120/2
f 1359/122/2 1323/123/2 1322/121/2
f 1358/124/2 1323/123/2 1359/122/2
f 1358/124/2 1324/125/2 1323/123/2
f 1357/126/2 1324/125/2 1358/124/2
f 1357/126/2 1325/127/2 1324/125/2
f 1356/128/2 1325/127/2 1357/126/2
f 1356/128/2 1326/129/2 1325/127/2
f 1355/130/2 1326/129/2 1356/128/2
f 1355/130/2 1327/131/2 1326/129/2
f 1354/132/2 1327/131/2 1355/130/2
f 1354/132/2 1328/133/2 1327/131/2
f 1353/134/2 1328/133/2 1354/132/2
f 1352/135/2 1328/133/2 1353/134/2
f 1352/135/2 1329/136/2 1328/133/2
f 1351/137/2 1329/136/2 1352/135/2
f 1351/137/2 1330/138/2 1329/136/2
f 1350/139/2 1330/138/2 1351/137/2
f 1350/139/2 1331/140/2 1330/138/2
f 1350/139/2 1332/141/2 1331/140/2
f 1349/142/2 1332/141/2 1350/139/2
f 1349/142/2 1333/143/2 1332/141/2
f 1348/144/2 1333/143/2 1349/142/2
f 1348/144/2 1334/145/2 1333/143/2
f 1347/146/2 1334/145/2 1348/144/2
f 1347/146/2 1335/147/2 1334/145/2
f 1346/148/2 1335/147/2 1347/146/2
f 1346/148/2 1336/149/2 1335/147/2
f 1345/150/2 1336/149/2 1346/148/2
f 1345/150/2 1337/151/2 1336/149/2
f 1344/152/2 1337/151/2 1345/150/2
f 1344/152/2 1338/153/2 1337/151/2
f 1343/154/2 1338/153/2 1344/152/2
f 1343/154/2 1339/155/2 1338/153/2
f 1342/156/2 1339/155/2 1343/154/2
f 1342/156/2 1340/157/2 1339/155/2
f 1341/158/2 1340/157/2 1342/156/2
f 1422/159/2 1424/47/2 1423/160/2
f 1422/159/2 1420/161/2 1424/47/2
f 1420/161/2 1415/51/2 1424/47/2
f 1415/51/2 1417/163/2 1416/162/2
f 1415/51/2 1418/164/2 1417/163/2
f 1422/159/2 1421/165/2 1420/161/2
f 1419/166/2 1415/51/2 1420/161/2
f 1419/166/2 1418/164/2 1415/51/2
f 1524/249/2 1426/250/2 1425/51/2
f 1524/249/2 1427/251/2 1426/250/2
f 1524/249/2 1428/252/2 1427/251/2
f 1523/253/2 1428/252/2 1524/249/2
f 1523/253/2 1429/254/2 1428/252/2
f 1522/255/2 1429/254/2 1523/253/2
f 1522/255/2 1430/256/2 1429/254/2
f 1521/257/2 1430/256/2 1522/255/2
f 1521/257/2 1431/258/2 1430/256/2
f 1520/259/2 1431/258/2 1521/257/2
f 1520/259/2 1432/260/2 1431/258/2
f 1519/261/2 1432/260/2 1520/259/2
f 1519/261/2 1433/262/2 1432/260/2
f 1518/263/2 1433/262/2 1519/261/2
f 1518/263/2 1434/264/2 1433/262/2
f 1517/265/2 1434/264/2 1518/263/2
f 1517/265/2 1435/266/2 1434/264/2
f 1516/267/2 1435/266/2 1517/265/2
f 1516/267/2 1436/268/2 1435/266/2
f 1515/269/2 1436/268/2 1516/267/2
f 1515/269/2 1437/270/2 1436/268/2
f 1514/271/2 1437/270/2 1515/269/2
f 1514/271/2 1438/272/2 1437/270/2
f 1513/273/2 1438/272/2 1514/271/2
f 1512/274/2 1438/272/2 1513/273/2
f 1512/274/2 1439/275/2 1438/272/2
f 1512/274/2 1440/276/2 1439/275/2
f 1511/277/2 1440/276/2 1512/274/2
f 1511/277/2 1441/278/2 1440/276/2
f 1510/279/2 1441/278/2 1511/277/2
f 1510/279/2 1442/280/2 1441/278/2
f 1509/281/2 1442/280/2 1510/279/2
f 1509/281/2 1443/282/2 1442/280/2
f 1508/283/2 1443/282/2 1509/281/2
f 1508/283/2 1444/284/2 1443/282/2
f 1507/285/2 1444/284/2 1508/283/2
f 1507/285/2 1445/286/2 1444/284/2
f 1506/287/2 1445/286/2 1507/285/2
f 1506/287/2 1446/288/2 1445/286/2
f 1505/289/2 1446/288/2 1506/287/2
f 1505/289/2 1447/290/2 1446/288/2
f 1504/291/2 1447/290/2 1505/289/2
f 1504/291/2 1448/292/2 1447/290/2
f 1503/293/2 1448/292/2 1504/291/2
f 1503/293/2 1449/294/2 1448/292/2
f 1502/295/2 1449/294/2 1503/293/2
f 1502/295/2 1551/296/2 1449/294/2
f 1551/296/2 1450/297/2 1449/294/2
f 1501/298/2 1553/299/2 1502/295/2
f 1553/299/2 1552/300/2 1502/295/2
f 1552/300/2 1551/296/2 1502/295/2
f 1550/301/2 1450/297/2 1551/296/2
f 1501/298/2 1554/302/2 1553/299/2
f 1549/303/2 1450/297/2 1550/301/2
f 1501/298/2 1555/304/2 1554/302/2
f 1548/305/2 1450/297/2 1549/303/2
f 1501/298/2 1556/306/2 1555/304/2
f 1547/307/2 1450/297/2 1548/305/2
f 1501/298/2 1557/308/2 1556/306/2
f 1546/309/2 1450/297/2 1547/307/2
f 1501/298/2 1558/310/2 1557/308/2
f 1545/311/2 1450/297/2 1546/309/2
f 1501/298/2 1559/312/2 1558/310/2
f 1544/313/2 1450/297/2 1545/311/2
f 1501/298/2 1560/314/2 1559/312/2
f 1543/315/2 1450/297/2 1544/313/2
f 1501/298/2 1561/316/2 1560/314/2
f 1542/317/2 1450/297/2 1543/315/2
f 1501/298/2 1562/318/2 1561/316/2
f 1541/319/2 1450/297/2 1542/317/2
f 1501/298/2 1563/320/2 1562/318/2
f 1540/321/2 1450/297/2 1541/319/2
f 1501/298/2 1564/322/2 1563/320/2
f 1539/323/2 1450/297/2 1540/321/2
f 1500/324/2 1564/322/2 1501/298/2
f 1500/324/2 1565/325/2 1564/322/2
f 1538/326/2 1450/297/2 1539/323/2
f 1538/326/2 1451/327/2 1450/297/2
f 1499/328/2 1565/325/2 1500/324/2
f 1499/328/2 1566/329/2 1565/325/2
f 1537/330/2 1451/327/2 1538/326/2
f 1537/330/2 1452/331/2 1451/327/2
f 1499/328/2 1567/332/2 1566/329/2
f 1536/333/2 1452/331/2 1537/330/2
f 1499/328/2 1568/334/2 1567/332/2
f 1535/335/2 1452/331/2 1536/333/2
f 1499/328/2 1569/336/2 1568/334/2
f 1534/337/2 1452/331/2 1535/335/2
f 1499/328/2 1570/338/2 1569/336/2
f 1533/339/2 1452/331/2 1534/337/2
f 1499/328/2 1571/340/2 1570/338/2
f 1532/341/2 1452/331/2 1533/339/2
f 1499/328/2 1572/342/2 1571/340/2
f 1531/343/2 1452/331/2 1532/341/2
f 1499/328/2 1573/344/2 1572/342/2
f 1530/345/2 1452/331/2 1531/343/2
f 1499/328/2 1574/346/2 1573/344/2
f 1529/347/2 1452/331/2 1530/345/2
f 1499/328/2 1575/348/2 1574/346/2
f 1528/349/2 1452/331/2 1529/347/2
f 1499/328/2 1576/47/2 1575/348/2
f 1527/350/2 1452/331/2 1528/349/2
f 1499/328/2 1525/351/2 1576/47/2
f 1526/352/2 1452/331/2 1527/350/2
f 1499/328/2 1526/352/2 1525/351/2
f 1499/328/2 1452/331/2 1526/352/2
f 1499/328/2 1453/353/2 1452/331/2
f 1498/354/2 1453/353/2 1499/328/2
f 1498/354/2 1454/355/2 1453/353/2
f 1497/356/2 1454/355/2 1498/354/2
f 1497/356/2 1455/357/2 1454/355/2
f 1496/358/2 1455/357/2 1497/356/2
f 1496/358/2 1456/359/2 1455/357/2
f 1495/360/2 1456/359/2 1496/358/2
f 1495/360/2 1457/361/2 1456/359/2
f 1494/362/2 1457/361/2 1495/360/2
f 1494/362/2 1458/363/2 1457/361/2
f 1493/364/2 1458/363/2 1494/362/2
f 1493/364/2 1459/365/2 1458/363/2
f 1492/366/2 1459/365/2 1493/364/2
f 1492/366/2 1460/367/2 1459/365/2
f 1491/368/2 1460/367/2 1492/366/2
f 1491/368/2 1461/369/2 1460/367/2
f 1490/370/2 1461/369/2 1491/368/2
f 1490/370/2 1462/371/2 1461/369/2
f 1489/372/2 1462/371/2 1490/370/2
f 1489/372/2 1463/373/2 1462/371/2
f 1488/374/2 1463/373/2 1489/372/2
f 1487/375/2 1463/373/2 1488/374/2
f 1487/375/2 1464/376/2 1463/373/2
f 1486/377/2 1464/376/2 1487/375/2
f 1486/377/2 1465/378/2 1464/376/2
f 1485/379/2 1465/378/2 1486/377/2
f 1485/379/2 1466/380/2 1465/378/2
f 1485/379/2 1467/381/2 1466/380/2
f 1484/382/2 1467/381/2 1485/379/2
f 1484/382/2 1468/383/2 1467/381/2
f 1483/384/2 1468/383/2 1484/382/2
f 1483/384/2 1469/385/2 1468/383/2
f 1482/386/2 1469/385/2 1483/384/2
f 1482/386/2 1470/387/2 1469/385/2
f 1481/388/2 1470/387/2 1482/386/2
f 1481/388/2 1471/389/2 1470/387/2
f 1480/390/2 1471/389/2 1481/388/2
f 1480/390/2 1472/391/2 1471/389/2
f 1479/392/2 1472/391/2 1480/390/2
f 1479/392/2 1473/393/2 1472/391/2
f 1478/394/2 1473/393/2 1479/392/2
f 1478/394/2 1474/395/2 1473/393/2
f 1477/396/2 1474/395/2 1478/394/2
f 1477/396/2 1475/397/2 1474/395/2
f 1476/398/2 1475/397/2 1477/396/2
f 1709/1/2 1711/3/2 1710/2/2
f 1709/1/2 1712/4/2 1711/3/2
f 1709/1/2 1713/5/2 1712/4/2
f 1708/6/2 1713/5/2 1709/1/2
f 1708/6/2 1714/7/2 1713/5/2
f 1707/8/2 1714/7/2 1708/6/2
f 1707/8/2 1715/9/2 1714/7/2
f 1706/10/2 1715/9/2 1707/8/2
f 1706/10/2 1716/11/2 1715/9/2
f 1705/12/2 1716/11/2 1706/10/2
f 1705/12/2 1717/13/2 1716/11/2
f 1704/14/2 1717/13/2 1705/12/2
f 1704/14/2 1718/15/2 1717/13/2
f 1703/16/2 1718/15/2 1704/14/2
f 1703/16/2 1719/17/2 1718/15/2
f 1702/18/2 1719/17/2 1703/16/2
f 1702/18/2 1720/19/2 1719/17/2
f 1701/20/2 1720/19/2 1702/18/2
f 1701/20/2 1721/21/2 1720/19/2
f 1700/22/2 1721/21/2 1701/20/2
f 1700/22/2 1722/23/2 1721/21/2
f 1699/24/2 1722/23/2 1700/22/2
f 1699/24/2 1723/25/2 1722/23/2
f 1698/26/2 1723/25/2 1699/24/2
f 1697/27/2 1723/25/2 1698/26/2
f 1697/27/2 1724/28/2 1723/25/2
f 1697/27/2 1725/29/2 1724/28/2
f 1696/30/2 1725/29/2 1697/27/2
f 1696/30/2 1726/31/2 1725/29/2
f 1695/32/2 1726/31/2 1696/30/2
f 1695/32/2 1727/33/2 1726/31/2
f 1694/34/2 1727/33/2 1695/32/2
f 1694/34/2 1728/35/2 1727/33/2
f 1693/36/2 1728/35/2 1694/34/2
f 1693/36/2 1729/37/2 1728/35/2
f 1692/38/2 1729/37/2 1693/36/2
f 1692/38/2 1730/39/2 1729/37/2
f 1691/40/2 1730/39/2 1692/38/2
f 1691/40/2 1731/41/2 1730/39/2
f 1690/42/2 1731/41/2 1691/40/2
f 1690/42/2 1732/43/2 1731/41/2
f 1689/44/2 1732/43/2 1690/42/2
f 1689/44/2 1733/45/2 1732/43/2
f 1688/46/2 1733/45/2 1689/44/2
f 1688/46/2 1734/47/2 1733/45/2
f 1687/48/2 1734/47/2 1688/46/2
f 1687/48/2 1592/49/2 1734/47/2
f 1592/49/2 1591/50/2 1734/47/2
f 1591/50/2 1577/51/2 1734/47/2
f 1686/52/2 1594/53/2 1687/48/2
f 1594/53/2 1593/54/2 1687/48/2
f 1593/54/2 1592/49/2 1687/48/2
f 1686/52/2 1595/55/2 1594/53/2
f 1590/56/2 1577/51/2 1591/50/2
f 1686/52/2 1596/57/2 1595/55/2
f 1589/58/2 1577/51/2 1590/56/2
f 1686/52/2 1597/59/2 1596/57/2
f 1588/60/2 1577/51/2 1589/58/2
f 1686/52/2 1598/61/2 1597/59/2
f 1587/62/2 1577/51/2 1588/60/2
f 1686/52/2 1599/63/2 1598/61/2
f 1586/64/2 1577/51/2 1587/62/2
f 1686/52/2 1600/65/2 1599/63/2
f 1585/66/2 1577/51/2 1586/64/2
f 1686/52/2 1601/67/2 1600/65/2
f 1584/68/2 1577/51/2 1585/66/2
f 1686/52/2 1602/69/2 1601/67/2
f 1583/70/2 1577/51/2 1584/68/2
f 1686/52/2 1603/71/2 1602/69/2
f 1582/72/2 1577/51/2 1583/70/2
f 1686/52/2 1604/73/2 1603/71/2
f 1581/74/2 1577/51/2 1582/72/2
f 1686/52/2 1605/75/2 1604/73/2
f 1580/76/2 1577/51/2 1581/74/2
f 1685/77/2 1605/75/2 1686/52/2
f 1685/77/2 1606/78/2 1605/75/2
f 1579/79/2 1577/51/2 1580/76/2
f 1579/79/2 1578/80/2 1577/51/2
f 1633/81/2 1635/83/2 1634/82/2
f 1633/81/2 1632/84/2 1635/83/2
f 1632/84/2 1636/85/2 1635/83/2
f 1631/86/2 1636/85/2 1632/84/2
f 1684/87/2 1606/78/2 1685/77/2
f 1684/87/2 1607/88/2 1606/78/2
f 1630/89/2 1636/85/2 1631/86/2
f 1630/89/2 1637/90/2 1636/85/2
f 1684/87/2 1608/91/2 1607/88/2
f 1629/92/2 1637/90/2 1630/89/2
f 1684/87/2 1609/93/2 1608/91/2
f 1628/94/2 1637/90/2 1629/92/2
f 1684/87/2 1610/95/2 1609/93/2
f 1627/96/2 1637/90/2 1628/94/2
f 1684/87/2 1611/97/2 1610/95/2
f 1626/98/2 1637/90/2 1627/96/2
f 1684/87/2 1612/99/2 1611/97/2
f 1625/100/2 1637/90/2 1626/98/2
f 1684/87/2 1613/101/2 1612/99/2
f 1624/102/2 1637/90/2 1625/100/2
f 1684/87/2 1614/103/2 1613/101/2
f 1623/104/2 1637/90/2 1624/102/2
f 1684/87/2 1615/105/2 1614/103/2
f 1622/106/2 1637/90/2 1623/104/2
f 1684/87/2 1616/107/2 1615/105/2
f 1621/108/2 1637/90/2 1622/106/2
f 1684/87/2 1617/109/2 1616/107/2
f 1620/110/2 1637/90/2 1621/108/2
f 1684/87/2 1618/111/2 1617/109/2
f 1619/112/2 1637/90/2 1620/110/2
f 1684/87/2 1619/112/2 1618/111/2
f 1684/87/2 1637/90/2 1619/112/2
f 1684/87/2 1638/113/2 1637/90/2
f 1683/114/2 1638/113/2 1684/87/2
f 1683/114/2 1639/115/2 1638/113/2
f 1682/116/2 1639/115/2 1683/114/2
f 1682/116/2 1640/117/2 1639/115/2
f 1681/118/2 1640/117/2 1682/116/2
f 1681/118/2 1641/119/2 1640/117/2
f 1680/120/2 1641/119/2 1681/118/2
f 1680/120/2 1642/121/2 1641/119/2
f 1679/122/2 1642/121/2 1680/120/2
f 1679/122/2 1643/123/2 1642/121/2
f 1678/124/2 1643/123/2 1679/122/2
f 1678/124/2 1644/125/2 1643/123/2
f 1677/126/2 1644/125/2 1678/124/2
f 1677/126/2 1645/127/2 1644/125/2
f 1676/128/2 1645/127/2 1677/126/2
f 1676/128/2 1646/129/2 1645/127/2
f 1675/130/2 1646/129/2 1676/128/2
f 1675/130/2 1647/131/2 1646/129/2
f 1674/132/2 1647/131/2 1675/130/2
f 1674/132/2 1648/133/2 1647/131/2
f 1673/134/2 1648/133/2 1674/132/2
f 1672/135/2 1648/133/2 1673/134/2
f 1672/135/2 1649/136/2 1648/133/2
f 1671/137/2 1649/136/2 1672/135/2
f 1671/137/2 1650/138/2 1649/136/2
f 1670/139/2 1650/138/2 1671/137/2
f 1670/139/2 1651/140/2 1650/138/2
f 1670/139/2 1652/141/2 1651/140/2
f 1669/142/2 1652/141/2 1670/139/2
f 1669/142/2 1653/143/2 1652/141/2
f 1668/144/2 1653/143/2 1669/142/2
f 1668/144/2 1654/145/2 1653/143/2
f 1667/146/2 1654/145/2 1668/144/2
f 1667/146/2 1655/147/2 1654/145/2
f 1666/148/2 1655/147/2 1667/146/2
f 1666/148/2 1656/149/2 1655/147/2
f 1665/150/2 1656/149/2 1666/148/2
f 1665/150/2 1657/151/2 1656/149/2
f 1664/152/2 1657/151/2 1665/150/2
f 1664/152/2 1658/153/2 1657/151/2
f 1663/154/2 1658/153/2 1664/152/2
f 1663/154/2 1659/155/2 1658/153/2
f 1662/156/2 1659/155/2 1663/154/2
f 1662/156/2 1660/157/2 1659/155/2
f 1661/158/2 1660/157/2 1662/156/2
f 1740/399/2 1742/401/2 1741/400/2
f 1740/399/2 1743/47/2 1742/401/2
f 1743/47/2 1736/402/2 1735/51/2
f 1743/47/2 1737/403/2 1736/402/2
f 1740/399/2 1737/403/2 1743/47/2
f 1739/404/2 1737/403/2 1740/399/2
f 1739/404/2 1738/405/2 1737/403/2
f 1744/51/2 1746/407/2 1745/406/2
f 1744/51/2 1747/408/2 1746/407/2
f 1744/51/2 1748/409/2 1747/408/2
f 1744/51/2 1749/47/2 1748/409/2
f 1849/249/2 1751/250/2 1750/51/2
f 1849/249/2 1752/251/2 1751/250/2
f 1849/249/2 1753/252/2 1752/251/2
f 1848/253/2 1753/252/2 1849/249/2
f 1848/253/2 1754/254/2 1753/252/2
f 1847/255/2 1754/254/2 1848/253/2
f 1847/255/2 1755/256/2 1754/254/2
f 1846/257/2 1755/256/2 1847/255/2
f 1846/257/2 1756/258/2 1755/256/2
f 1845/259/2 1756/258/2 1846/257/2
f 1845/259/2 1757/260/2 1756/258/2
f 1844/261/2 1757/260/2 1845/259/2
f 1844/261/2 1758/262/2 1757/260/2
f 1843/263/2 1758/262/2 1844/261/2
f 1843/263/2 1759/264/2 1758/262/2
f 1842/265/2 1759/264/2 1843/263/2
f 1842/265/2 1760/266/2 1759/264/2
f 1841/267/2 1760/266/2 1842/265/2
f 1841/267/2 1761/268/2 1760/266/2
f 1840/269/2 1761/268/2 1841/267/2
f 1840/269/2 1762/270/2 1761/268/2
f 1839/271/2 1762/270/2 1840/269/2
f 1839/271/2 1763/272/2 1762/270/2
f 1838/273/2 1763/272/2 1839/271/2
f 1837/274/2 1763/272/2 1838/273/2
f 1837/274/2 1764/275/2 1763/272/2
f 1837/274/2 1765/276/2 1764/275/2
f 1836/277/2 1765/276/2 1837/274/2
f 1836/277/2 1766/278/2 1765/276/2
f 1835/279/2 1766/278/2 1836/277/2
f 1835/279/2 1767/280/2 1766/278/2
f 1834/281/2 1767/280/2 1835/279/2
f 1834/281/2 1768/282/2 1767/280/2
f 1833/283/2 1768/282/2 1834/281/2
f 1833/283/2 1769/284/2 1768/282/2
f 1832/285/2 1769/284/2 1833/283/2
f 1832/285/2 1770/286/2 1769/284/2
f 1831/287/2 1770/286/2 1832/285/2
f 1831/287/2 1771/288/2 1770/286/2
f 1830/289/2 1771/288/2 1831/287/2
f 1830/289/2 1772/290/2 1771/288/2
f 1829/291/2 1772/290/2 1830/289/2
f 1829/291/2 1773/292/2 1772/290/2
f 1828/293/2 1773/292/2 1829/291/2
f 1828/293/2 1774/294/2 1773/292/2
f 1827/295/2 1774/294/2 1828/293/2
f 1827/295/2 1876/296/2 1774/294/2
f 1876/296/2 1775/297/2 1774/294/2
f 1826/298/2 1878/299/2 1827/295/2
f 1878/299/2 1877/300/2 1827/295/2
f 1877/300/2 1876/296/2 1827/295/2
f 1875/301/2 1775/297/2 1876/296/2
f 1826/298/2 1879/302/2 1878/299/2
f 1874/303/2 1775/297/2 1875/301/2
f 1826/298/2 1880/304/2 1879/302/2
f 1873/305/2 1775/297/2 1874/303/2
f 1826/298/2 1881/306/2 1880/304/2
f 1872/307/2 1775/297/2 1873/305/2
f 1826/298/2 1882/308/2 1881/306/2
f 1871/309/2 1775/297/2 1872/307/2
f 1826/298/2 1883/310/2 1882/308/2
f 1870/311/2 1775/297/2 1871/309/2
f 1826/298/2 1884/312/2 1883/310/2
f 1869/313/2 1775/297/2 1870/311/2
f 1826/298/2 1885/314/2 1884/312/2
f 1868/315/2 1775/297/2 1869/313/2
f 1826/298/2 1886/316/2 1885/314/2
f 1867/317/2 1775/297/2 1868/315/2
f 1826/298/2 1887/318/2 1886/316/2
f 1866/319/2 1775/297/2 1867/317/2
f 1826/298/2 1888/320/2 1887/318/2
f 1865/321/2 1775/297/2 1866/319/2
f 1826/298/2 1889/322/2 1888/320/2
f 1864/323/2 1775/297/2 1865/321/2
f 1825/324/2 1889/322/2 1826/298/2
f 1825/324/2 1890/325/2 1889/322/2
f 1863/326/2 1775/297/2 1864/323/2
f 1863/326/2 1776/327/2 1775/297/2
f 1824/328/2 1890/325/2 1825/324/2
f 1824/328/2 1891/329/2 1890/325/2
f 1862/330/2 1776/327/2 1863/326/2
f 1862/330/2 1777/331/2 1776/327/2
f 1824/328/2 1892/332/2 1891/329/2
f 1861/333/2 1777/331/2 1862/330/2
f 1824/328/2 1893/334/2 1892/332/2
f 1860/335/2 1777/331/2 1861/333/2
f 1824/328/2 1894/336/2 1893/334/2
f 1859/337/2 1777/331/2 1860/335/2
f 1824/328/2 1895/338/2 1894/336/2
f 1858/339/2 1777/331/2 1859/337/2
f 1824/328/2 1896/340/2 1895/338/2
f 1857/341/2 1777/331/2 1858/339/2
f 1824/328/2 1897/342/2 1896/340/2
f 1856/343/2 1777/331/2 1857/341/2
f 1824/328/2 1898/344/2 1897/342/2
f 1855/345/2 1777/331/2 1856/343/2
f 1824/328/2 1899/346/2 1898/344/2
f 1854/347/2 1777/331/2 1855/345/2
f 1824/328/2 1900/348/2 1899/346/2
f 1853/349/2 1777/331/2 1854/347/2
f 1824/328/2 1901/47/2 1900/348/2
f 1852/350/2 1777/331/2 1853/349/2
f 1824/328/2 1850/351/2 1901/47/2
f 1851/352/2 1777/331/2 1852/350/2
f 1824/328/2 1851/352/2 1850/351/2
f 1824/328/2 1777/331/2 1851/352/2
f 1824/328/2 1778/353/2 1777/331/2
f 1823/354/2 1778/353/2 1824/328/2
f 1823/354/2 1779/355/2 1778/353/2
f 1822/356/2 1779/355/2 1823/354/2
f 1822/356/2 1780/357/2 1779/355/2
f 1821/358/2 1780/357/2 1822/356/2
f 1821/358/2 1781/359/2 1780/357/2
f 1820/360/2 1781/359/2 1821/358/2
f 1820/360/2 1782/361/2 1781/359/2
f 1819/362/2 1782/361/2 1820/360/2
f 1819/362/2 1783/363/2 1782/361/2
f 1818/364/2 1783/363/2 1819/362/2
f 1818/364/2 1784/365/2 1783/363/2
f 1817/366/2 1784/365/2 1818/364/2
f 1817/366/2 1785/367/2 1784/365/2
f 1816/368/2 1785/367/2 1817/366/2
f 1816/368/2 1786/369/2 1785/367/2
f 1815/370/2 1786/369/2 1816/368/2
f 1815/370/2 1787/371/2 1786/369/2
f 1814/372/2 1787/371/2 1815/370/2
f 1814/372/2 1788/373/2 1787/371/2
f 1813/374/2 1788/373/2 1814/372/2
f 1812/375/2 1788/373/2 1813/374/2
f 1812/375/2 1789/376/2 1788/373/2
f 1811/377/2 1789/376/2 1812/375/2
f 1811/377/2 1790/378/2 1789/376/2
f 1810/379/2 1790/378/2 1811/377/2
f 1810/379/2 1791/380/2 1790/378/2
f 1810/379/2 1792/381/2 1791/380/2
f 1809/382/2 1792/381/2 1810/379/2
f 1809/382/2 1793/383/2 1792/381/2
f 1808/384/2 1793/383/2 1809/382/2
f 1808/384/2 1794/385/2 1793/383/2
f 1807/386/2 1794/385/2 1808/384/2
f 1807/386/2 1795/387/2 1794/385/2
f 1806/388/2 1795/387/2 1807/386/2
f 1806/388/2 1796/389/2 1795/387/2
f 1805/390/2 1796/389/2 1806/388/2
f 1805/390/2 1797/391/2 1796/389/2
f 1804/392/2 1797/391/2 1805/390/2
f 1804/392/2 1798/393/2 1797/391/2
f 1803/394/2 1798/393/2 1804/392/2
f 1803/394/2 1799/395/2 1798/393/2
f 1802/396/2 1799/395/2 1803/394/2
f 1802/396/2 1800/397/2 1799/395/2
f 1801/398/2 1800/397/2 1802/396/2
f 1956/410/2 1981/411/2 1902/51/2
f 1981/411/2 1980/412/2 1902/51/2
f 1980/412/2 1979/413/2 1902/51/2
f 1979/413/2 1978/414/2 1902/51/2
f 1978/414/2 1977/415/2 1902/51/2
f 1977/415/2 1976/416/2 1902/51/2
f 1976/416/2 1975/417/2 1902/51/2
f 1975/417/2 1974/418/2 1902/51/2
f 1974/418/2 1903/419/2 1902/51/2
f 1974/418/2 1904/420/2 1903/419/2
f 1974/418/2 1905/421/2 1904/420/2
f 1974/418/2 1906/422/2 1905/421/2
f 1974/418/2 1907/423/2 1906/422/2
f 1974/418/2 1973/424/2 1907/423/2
f 1973/424/2 1908/425/2 1907/423/2
f 1973/424/2 1909/426/2 1908/425/2
f 1973/424/2 1910/427/2 1909/426/2
f 1973/424/2 1911/428/2 1910/427/2
f 1973/424/2 1912/429/2 1911/428/2
f 1973/424/2 1913/430/2 1912/429/2
f 1973/424/2 1914/431/2 1913/430/2
f 1973/424/2 1915/432/2 1914/431/2
f 1973/424/2 1916/433/2 1915/432/2
f 1973/424/2 1972/434/2 1916/433/2
f 1972/434/2 1917/435/2 1916/433/2
f 1972/434/2 1918/436/2 1917/435/2
f 1972/434/2 1919/437/2 1918/436/2
f 1972/434/2 1920/438/2 1919/437/2
f 1972/434/2 1921/439/2 1920/438/2
f 1972/434/2 1922/440/2 1921/439/2
f 1972/434/2 1923/441/2 1922/440/2
f 1972/434/2 1971/442/2 1923/441/2
f 1971/442/2 1924/443/2 1923/441/2
f 1971/442/2 1925/444/2 1924/443/2
f 1971/442/2 1926/445/2 1925/444/2
f 1971/442/2 1970/446/2 1926/445/2
f 1970/446/2 1969/447/2 1926/445/2
f 1969/447/2 1927/448/2 1926/445/2
f 1968/449/2 1927/448/2 1969/447/2
f 1967/450/2 1927/448/2 1968/449/2
f 1966/451/2 1927/448/2 1967/450/2
f 1965/452/2 1927/448/2 1966/451/2
f 1964/453/2 1927/448/2 1965/452/2
f 1963/454/2 1927/448/2 1964/453/2
f 1962/455/2 1927/448/2 1963/454/2
f 1961/456/2 1927/448/2 1962/455/2
f 1960/457/2 1927/448/2 1961/456/2
f 1956/410/2 1982/458/2 1981/411/2
f 1959/459/2 1927/448/2 1960/457/2
f 1956/410/2 1983/460/2 1982/458/2
f 1958/461/2 1927/448/2 1959/459/2
f 1956/410/2 1984/462/2 1983/460/2
f 1957/463/2 1927/448/2 1958/461/2
f 1957/463/2 1928/464/2 1927/448/2
f 1956/410/2 1985/465/2 1984/462/2
f 2008/47/2 1928/464/2 1957/463/2
f 2008/47/2 1929/466/2 1928/464/2
f 1956/410/2 1986/467/2 1985/465/2
f 2007/468/2 1929/466/2 2008/47/2
f 1956/410/2 1987/469/2 1986/467/2
f 2006/470/2 1929/466/2 2007/468/2
f 1956/410/2 1988/471/2 1987/469/2
f 2005/472/2 1929/466/2 2006/470/2
f 1956/410/2 1989/473/2 1988/471/2
f 2004/474/2 1929/466/2 2005/472/2
f 1956/410/2 1990/475/2 1989/473/2
f 2003/476/2 1929/466/2 2004/474/2
f 1956/410/2 1991/477/2 1990/475/2
f 2002/478/2 1929/466/2 2003/476/2
f 1956/410/2 1992/479/2 1991/477/2
f 2001/480/2 1929/466/2 2002/478/2
f 1956/410/2 1993/481/2 1992/479/2
f 2000/482/2 1929/466/2 2001/480/2
f 1956/410/2 1994/483/2 1993/481/2
f 1999/484/2 1929/466/2 2000/482/2
f 1956/410/2 1995/485/2 1994/483/2
f 1998/486/2 1929/466/2 1999/484/2
f 1956/410/2 1996/487/2 1995/485/2
f 1997/488/2 1929/466/2 1998/486/2
f 1956/410/2 1954/489/2 1996/487/2
f 1954/489/2 1997/488/2 1996/487/2
f 1954/489/2 1929/466/2 1997/488/2
f 1954/489/2 1930/490/2 1929/466/2
f 1954/489/2 1931/491/2 1930/490/2
f 1954/489/2 1932/492/2 1931/491/2
f 1954/489/2 1933/493/2 1932/492/2
f 1954/489/2 1934/494/2 1933/493/2
f 1954/489/2 1935/495/2 1934/494/2
f 1954/489/2 1936/496/2 1935/495/2
f 1954/489/2 1937/497/2 1936/496/2
f 1954/489/2 1938/498/2 1937/497/2
f 1954/489/2 1939/499/2 1938/498/2
f 1954/489/2 1940/500/2 1939/499/2
f 1954/489/2 1941/501/2 1940/500/2
f 1954/489/2 1942/502/2 1941/501/2
f 1954/489/2 1943/503/2 1942/502/2
f 1954/489/2 1944/504/2 1943/503/2
f 1954/489/2 1945/505/2 1944/504/2
f 1954/489/2 1946/506/2 1945/505/2
f 1954/489/2 1947/507/2 1946/506/2
f 1954/489/2 1948/508/2 1947/507/2
f 1954/489/2 1949/509/2 1948/508/2
f 1954/489/2 1950/510/2 1949/509/2
f 1954/489/2 1951/511/2 1950/510/2
f 1954/489/2 1952/512/2 1951/511/2
f 1956/410/2 1955/404/2 1954/489/2
f 1953/513/2 1952/512/2 1954/489/2
f 516/259/3 515/261/3 1519/261/3 1520/259/3
f 143/17/4 142/15/4 1146/15/4 1147/17/4
f 597/67/5 596/65/5 1600/65/5 1601/67/5
f 237/221/6 236/223/6 1240/223/6 1241/221/6
f 926/490/7 925/466/7 1929/466/7 1930/490/7
f 127/16/8 126/18/8 1130/18/8 1131/16/8
f 581/66/9 580/68/9 1584/68/9 1585/66/9
f 927/491/10 926/490/10 1930/490/10 1931/491/10
f 429/262/11 428/260/11 1432/260/11 1433/262/11
f 244/224/12 243/222/12 1247/222/12 1248/224/12
f 515/261/13 514/263/13 1518/263/13 1519/261/13
f 144/19/14 143/17/14 1147/17/14 1148/19/14
f 598/69/15 597/67/15 1601/67/15 1602/69/15
f 236/223/16 235/225/16 1239/225/16 1240/223/16
f 928/492/17 927/491/17 1931/491/17 1932/492/17
f 126/18/18 125/20/18 1129/20/18 1130/18/18
f 580/68/19 579/70/19 1583/70/19 1584/68/19
f 929/493/20 928/492/20 1932/492/20 1933/493/20
f 430/264/21 429/262/21 1433/262/21 1434/264/21
f 245/226/22 244/224/22 1248/224/22 1249/226/22
f 514/263/8 513/265/8 1517/265/8 1518/263/8
f 145/21/23 144/19/23 1148/19/23 1149/21/23
f 599/71/24 598/69/24 1602/69/24 1603/71/24
f 235/225/25 234/227/25 1238/227/25 1239/225/25
f 930/494/26 929/493/26 1933/493/26 1934/494/26
f 125/20/27 124/22/27 1128/22/27 1129/20/27
f 579/70/28 578/72/28 1582/72/28 1583/70/28
f 931/495/29 930/494/29 1934/494/29 1935/495/29
f 431/266/30 430/264/30 1434/264/30 1435/266/30
f 246/228/31 245/226/31 1249/226/31 1250/228/31
f 513/265/32 512/267/32 1516/267/32 1517/265/32
f 146/23/33 145/21/33 1149/21/33 1150/23/33
f 600/73/34 599/71/34 1603/71/34 1604/73/34
f 234/227/35 233/229/35 1237/229/35 1238/227/35
f 932/496/36 931/495/36 1935/495/36 1936/496/36
f 124/22/37 123/24/37 1127/24/37 1128/22/37
f 578/72/38 577/74/38 1581/74/38 1582/72/38
f 933/497/39 932/496/39 1936/496/39 1937/497/39
f 432/268/40 431/266/40 1435/266/40 1436/268/40
f 247/230/41 246/228/41 1250/228/41 1251/230/41
f 512/267/27 511/269/27 1515/269/27 1516/267/27
f 147/25/42 146/23/42 1150/23/42 1151/25/42
f 601/75/43 600/73/43 1604/73/43 1605/75/43
f 233/229/44 232/231/44 1236/231/44 1237/229/44
f 934/498/45 933/497/45 1937/497/45 1938/498/45
f 123/24/46 122/26/46 1126/26/46 1127/24/46
f 577/74/47 576/76/47 1580/76/47 1581/74/47
f 935/499/48 934/498/48 1938/498/48 1939/499/48
f 433/270/49 432/268/49 1436/268/49 1437/270/49
f 122/26/50 121/27/50 1125/27/50 1126/26/50
f 682/52/51 681/77/51 1685/77/51 1686/52/51
f 248/232/52 247/230/52 1251/230/52 1252/232/52
f 511/269/37 510/271/37 1514/271/37 1515/269/37
f 232/231/53 231/233/53 1235/233/53 1236/231/53
f 936/500/54 935/499/54 1939/499/54 1940/500/54
f 148/28/55 147/25/55 1151/25/55 1152/28/55
f 602/78/56 601/75/56 1605/75/56 1606/78/56
f 937/501/57 936/500/57 1940/500/57 1941/501/57
f 434/272/58 433/270/58 1437/270/58 1438/272/58
f 576/76/51 575/79/51 1579/79/51 1580/76/51
f 249/234/59 248/232/59 1252/232/59 1253/234/59
f 510/271/46 509/273/46 1513/273/46 1514/271/46
f 149/29/60 148/28/60 1152/28/60 1153/29/60
f 231/233/61 230/235/61 1234/235/61 1235/233/61
f 938/502/62 937/501/62 1941/501/62 1942/502/62
f 121/27/63 120/30/63 1124/30/63 1125/27/63
f 575/79/64 574/80/64 1578/80/64 1579/79/64
f 509/273/50 508/274/50 1512/274/50 1513/273/50
f 574/80/56 573/51/56 1577/51/56 1578/80/56
f 939/503/65 938/502/65 1942/502/65 1943/503/65
f 630/82/51 629/81/51 1633/81/51 1634/82/51
f 250/236/66 249/234/66 1253/234/66 1254/236/66
f 150/31/67 149/29/67 1153/29/67 1154/31/67
f 230/235/28 229/237/28 1233/237/28 1234/235/28
f 940/504/68 939/503/68 1943/503/68 1944/504/68
f 435/275/55 434/272/55 1438/272/55 1439/275/55
f 120/30/69 119/32/69 1123/32/69 1124/30/69
f 631/83/70 630/82/70 1634/82/70 1635/83/70
f 629/81/64 628/84/64 1632/84/64 1633/81/64
f 941/505/71 940/504/71 1944/504/71 1945/505/71
f 436/276/72 435/275/72 1439/275/72 1440/276/72
f 251/238/73 250/236/73 1254/236/73 1255/238/73
f 508/274/74 507/277/74 1511/277/74 1512/274/74
f 151/33/75 150/31/75 1154/31/75 1155/33/75
f 229/237/76 228/239/76 1232/239/76 1233/237/76
f 942/506/77 941/505/77 1945/505/77 1946/506/77
f 119/32/78 118/34/78 1122/34/78 1123/32/78
f 632/85/56 631/83/56 1635/83/56 1636/85/56
f 628/84/51 627/86/51 1631/86/51 1632/84/51
f 943/507/79 942/506/79 1946/506/79 1947/507/79
f 437/278/67 436/276/67 1440/276/67 1441/278/67
f 252/47/80 251/238/80 1255/238/80 1256/47/80
f 507/277/81 506/279/81 1510/279/81 1511/277/81
f 152/35/82 151/33/82 1155/33/82 1156/35/82
f 681/77/83 680/87/83 1684/87/83 1685/77/83
f 228/239/84 227/240/84 1231/240/84 1232/239/84
f 944/508/85 943/507/85 1947/507/85 1948/508/85
f 118/34/86 117/36/86 1121/36/86 1122/34/86
f 201/217/51 200/241/51 1204/241/51 1205/217/51
f 945/509/87 944/508/87 1948/508/87 1949/509/87
f 438/280/88 437/278/88 1441/278/88 1442/280/88
f 603/88/89 602/78/89 1606/78/89 1607/88/89
f 506/279/90 505/281/90 1509/281/90 1510/279/90
f 153/37/91 152/35/91 1156/35/91 1157/37/91
f 627/86/92 626/89/92 1630/89/92 1631/86/92
f 946/510/93 945/509/93 1949/509/93 1950/510/93
f 117/36/94 116/38/94 1120/38/94 1121/36/94
f 225/242/56 252/47/56 1256/47/56 1229/242/56
f 227/240/51 226/243/51 1230/243/51 1231/240/51
f 947/511/95 946/510/95 1950/510/95 1951/511/95
f 439/282/96 438/280/96 1442/280/96 1443/282/96
f 633/90/97 632/85/97 1636/85/97 1637/90/97
f 505/281/86 504/283/86 1508/283/86 1509/281/86
f 154/39/98 153/37/98 1157/37/98 1158/39/98
f 948/512/99 947/511/99 1951/511/99 1952/512/99
f 116/38/100 115/40/100 1119/40/100 1120/38/100
f 604/91/101 603/88/101 1607/88/101 1608/91/101
f 195/244/56 194/216/56 1198/216/56 1199/244/56
f 952/410/64 951/404/64 1955/404/64 1956/410/64
f 626/89/102 625/92/102 1629/92/102 1630/89/102
f 951/404/56 950/489/56 1954/489/56 1955/404/56
f 440/284/91 439/282/91 1443/282/91 1444/284/91
f 950/489/103 949/513/103 1953/513/103 1954/489/103
f 504/283/94 503/285/94 1507/285/94 1508/283/94
f 155/41/104 154/39/104 1158/39/104 1159/41/104
f 949/513/105 948/512/105 1952/512/105 1953/513/105
f 115/40/106 114/42/106 1118/42/106 1119/40/106
f 605/93/107 604/91/107 1608/91/107 1609/93/107
f 226/243/70 225/242/70 1229/242/70 1230/243/70
f 625/92/108 624/94/108 1628/94/108 1629/92/108
f 198/245/64 197/246/64 1201/246/64 1202/245/64
f 441/286/98 440/284/98 1444/284/98 1445/286/98
f 503/285/100 502/287/100 1506/287/100 1507/285/100
f 156/43/109 155/41/109 1159/41/109 1160/43/109
f 114/42/110 113/44/110 1117/44/110 1118/42/110
f 606/95/111 605/93/111 1609/93/111 1610/95/111
f 200/241/64 199/247/64 1203/247/64 1204/241/64
f 624/94/112 623/96/112 1627/96/112 1628/94/112
f 199/247/56 198/245/56 1202/245/56 1203/247/56
f 442/288/113 441/286/113 1445/286/113 1446/288/113
f 197/246/51 196/248/51 1200/248/51 1201/246/51
f 502/287/114 501/289/114 1505/289/114 1506/287/114
f 157/45/115 156/43/115 1160/43/115 1161/45/115
f 196/248/64 195/244/64 1199/244/64 1200/248/64
f 113/44/116 112/46/116 1116/46/116 1117/44/116
f 607/97/117 606/95/117 1610/95/117 1611/97/117
f 386/2/118 385/1/118 1389/1/118 1390/2/118
f 623/96/119 622/98/119 1626/98/119 1627/96/119
f 443/290/109 442/288/109 1446/288/109 1447/290/109
f 387/3/70 386/2/70 1390/2/70 1391/3/70
f 501/289/110 500/291/110 1504/291/110 1505/289/110
f 158/47/120 157/45/120 1161/45/120 1162/47/120
f 112/46/121 111/48/121 1115/48/121 1116/46/121
f 608/99/122 607/97/122 1611/97/122 1612/99/122
f 388/4/123 387/3/123 1391/3/123 1392/4/123
f 622/98/124 621/100/124 1625/100/124 1626/98/124
f 444/292/115 443/290/115 1447/290/115 1448/292/115
f 389/5/125 388/4/125 1392/4/125 1393/5/125
f 500/291/126 499/293/126 1503/293/126 1504/291/126
f 385/1/127 384/6/127 1388/6/127 1389/1/127
f 16/49/128 15/50/128 1019/50/128 1020/49/128
f 609/101/129 608/99/129 1612/99/129 1613/101/129
f 621/100/130 620/102/130 1624/102/130 1625/100/130
f 445/294/120 444/292/120 1448/292/120 1449/294/120
f 390/7/131 389/5/131 1393/5/131 1394/7/131
f 499/293/121 498/295/121 1502/295/121 1503/293/121
f 1/51/132 158/47/132 1162/47/132 1005/51/132
f 384/6/133 383/8/133 1387/8/133 1388/6/133
f 111/48/134 110/52/134 1114/52/134 1115/48/134
f 610/103/135 609/101/135 1613/101/135 1614/103/135
f 620/102/136 619/104/136 1623/104/136 1624/102/136
f 391/9/137 390/7/137 1394/7/137 1395/9/137
f 18/53/138 17/54/138 1021/54/138 1022/53/138
f 383/8/139 382/10/139 1386/10/139 1387/8/139
f 446/297/132 445/294/132 1449/294/132 1450/297/132
f 611/105/140 610/103/140 1614/103/140 1615/105/140
f 498/295/141 497/298/141 1501/298/141 1502/295/141
f 17/54/64 16/49/64 1020/49/64 1021/54/64
f 619/104/142 618/106/142 1622/106/142 1623/104/142
f 392/11/143 391/9/143 1395/9/143 1396/11/143
f 19/55/144 18/53/144 1022/53/144 1023/55/144
f 382/10/145 381/12/145 1385/12/145 1386/10/145
f 549/299/138 548/300/138 1552/300/138 1553/299/138
f 15/50/146 14/56/146 1018/56/146 1019/50/146
f 612/107/147 611/105/147 1615/105/147 1616/107/147
f 618/106/148 617/108/148 1621/108/148 1622/106/148
f 548/300/64 547/296/64 1551/296/64 1552/300/64
f 393/13/149 392/11/149 1396/11/149 1397/13/149
f 547/296/150 546/301/150 1550/301/150 1551/296/150
f 20/57/151 19/55/151 1023/55/151 1024/57/151
f 381/12/3 380/14/3 1384/14/3 1385/12/3
f 14/56/152 13/58/152 1017/58/152 1018/56/152
f 613/109/153 612/107/153 1616/107/153 1617/109/153
f 617/108/154 616/110/154 1620/110/154 1621/108/154
f 550/302/144 549/299/144 1553/299/144 1554/302/144
f 394/15/155 393/13/155 1397/13/155 1398/15/155
f 546/301/156 545/303/156 1549/303/156 1550/301/156
f 21/59/157 20/57/157 1024/57/157 1025/59/157
f 380/14/13 379/16/13 1383/16/13 1384/14/13
f 13/58/158 12/60/158 1016/60/158 1017/58/158
f 614/111/159 613/109/159 1617/109/159 1618/111/159
f 616/110/160 615/112/160 1619/112/160 1620/110/160
f 551/304/161 550/302/161 1554/302/161 1555/304/161
f 395/17/162 394/15/162 1398/15/162 1399/17/162
f 545/303/163 544/305/163 1548/305/163 1549/303/163
f 22/61/22 21/59/22 1025/59/22 1026/61/22
f 379/16/8 378/18/8 1382/18/8 1383/16/8
f 12/60/164 11/62/164 1015/62/164 1016/60/164
f 615/112/70 614/111/70 1618/111/70 1619/112/70
f 552/306/157 551/304/157 1555/304/157 1556/306/157
f 396/19/165 395/17/165 1399/17/165 1400/19/165
f 544/305/166 543/307/166 1547/307/166 1548/305/166
f 23/63/31 22/61/31 1026/61/31 1027/63/31
f 634/113/167 633/90/167 1637/90/167 1638/113/167
f 378/18/32 377/20/32 1381/20/32 1382/18/32
f 11/62/35 10/64/35 1014/64/35 1015/62/35
f 680/87/168 679/114/168 1683/114/168 1684/87/168
f 553/308/169 552/306/169 1556/306/169 1557/308/169
f 397/21/170 396/19/170 1400/19/170 1401/21/170
f 543/307/171 542/309/171 1546/309/171 1547/307/171
f 24/65/41 23/63/41 1027/63/41 1028/65/41
f 635/115/172 634/113/172 1638/113/172 1639/115/172
f 377/20/27 376/22/27 1380/22/27 1381/20/27
f 10/64/173 9/66/173 1013/66/173 1014/64/173
f 679/114/174 678/116/174 1682/116/174 1683/114/174
f 554/310/175 553/308/175 1557/308/175 1558/310/175
f 398/23/33 397/21/33 1401/21/33 1402/23/33
f 542/309/176 541/311/176 1545/311/176 1546/309/176
f 25/67/177 24/65/177 1028/65/177 1029/67/177
f 636/117/178 635/115/178 1639/115/178 1640/117/178
f 376/22/179 375/24/179 1379/24/179 1380/22/179
f 9/66/180 8/68/180 1012/68/180 1013/66/180
f 678/116/181 677/118/181 1681/118/181 1682/116/181
f 555/312/41 554/310/41 1558/310/41 1559/312/41
f 399/25/42 398/23/42 1402/23/42 1403/25/42
f 541/311/182 540/313/182 1544/313/182 1545/311/182
f 26/69/183 25/67/183 1029/67/183 1030/69/183
f 637/119/184 636/117/184 1640/117/184 1641/119/184
f 375/24/46 374/26/46 1378/26/46 1379/24/46
f 8/68/185 7/70/185 1011/70/185 1012/68/185
f 677/118/186 676/120/186 1680/120/186 1681/118/186
f 374/26/187 373/27/187 1377/27/187 1378/26/187
f 556/314/5 555/312/5 1559/312/5 1560/314/5
f 540/313/188 539/315/188 1543/315/188 1544/313/188
f 27/71/189 26/69/189 1030/69/189 1031/71/189
f 638/121/190 637/119/190 1641/119/190 1642/121/190
f 7/70/191 6/72/191 1010/72/191 1011/70/191
f 676/120/192 675/122/192 1679/122/192 1680/120/192
f 400/28/55 399/25/55 1403/25/55 1404/28/55
f 557/316/15 556/314/15 1560/314/15 1561/316/15
f 401/29/60 400/28/60 1404/28/60 1405/29/60
f 539/315/193 538/317/193 1542/317/193 1543/315/193
f 28/73/34 27/71/34 1031/71/34 1032/73/34
f 889/334/194 888/332/194 1892/332/194 1893/334/194
f 639/123/195 638/121/195 1642/121/195 1643/123/195
f 373/27/63 372/30/63 1376/30/63 1377/27/63
f 6/72/196 5/74/196 1009/74/196 1010/72/196
f 857/333/197 856/335/197 1860/335/197 1861/333/197
f 675/122/198 674/124/198 1678/124/198 1679/122/198
f 558/318/24 557/316/24 1561/316/24 1562/318/24
f 402/31/199 401/29/199 1405/29/199 1406/31/199
f 538/317/200 537/319/200 1541/319/200 1542/317/200
f 29/75/201 28/73/201 1032/73/201 1033/75/201
f 890/336/202 889/334/202 1893/334/202 1894/336/202
f 640/125/203 639/123/203 1643/123/203 1644/125/203
f 372/30/69 371/32/69 1375/32/69 1376/30/69
f 5/74/204 4/76/204 1008/76/204 1009/74/204
f 856/335/205 855/337/205 1859/337/205 1860/335/205
f 674/124/206 673/126/206 1677/126/206 1678/124/206
f 559/320/207 558/318/207 1562/318/207 1563/320/207
f 110/52/51 109/77/51 1113/77/51 1114/52/51
f 403/33/75 402/31/75 1406/31/75 1407/33/75
f 537/319/208 536/321/208 1540/321/208 1541/319/208
f 891/338/209 890/336/209 1894/336/209 1895/338/209
f 641/127/210 640/125/210 1644/125/210 1645/127/210
f 371/32/90 370/34/90 1374/34/90 1375/32/90
f 855/337/211 854/339/211 1858/339/211 1859/337/211
f 673/126/212 672/128/212 1676/128/212 1677/126/212
f 30/78/56 29/75/56 1033/75/56 1034/78/56
f 560/322/43 559/320/43 1563/320/43 1564/322/43
f 4/76/51 3/79/51 1007/79/51 1008/76/51
f 404/35/82 403/33/82 1407/33/82 1408/35/82
f 536/321/213 535/323/213 1539/323/213 1540/321/213
f 892/340/214 891/338/214 1895/338/214 1896/340/214
f 642/129/215 641/127/215 1645/127/215 1646/129/215
f 370/34/86 369/36/86 1373/36/86 1374/34/86
f 3/79/64 2/80/64 1006/80/64 1007/79/64
f 854/339/216 853/341/216 1857/341/216 1858/339/216
f 672/128/217 671/130/217 1675/130/217 1676/128/217
f 497/298/51 496/324/51 1500/324/51 1501/298/51
f 2/80/56 1/51/56 1005/51/56 1006/80/56
f 58/82/51 57/81/51 1061/81/51 1062/82/51
f 405/37/91 404/35/91 1408/35/91 1409/37/91
f 893/342/129 892/340/129 1896/340/129 1897/342/129
f 643/131/218 642/129/218 1646/129/218 1647/131/218
f 369/36/219 368/38/219 1372/38/219 1373/36/219
f 561/325/56 560/322/56 1564/322/56 1565/325/56
f 59/83/70 58/82/70 1062/82/70 1063/83/70
f 853/341/220 852/343/220 1856/343/220 1857/341/220
f 671/130/221 670/132/221 1674/132/221 1675/130/221
f 535/323/51 534/326/51 1538/326/51 1539/323/51
f 57/81/64 56/84/64 1060/84/64 1061/81/64
f 406/39/222 405/37/222 1409/37/222 1410/39/222
f 894/344/135 893/342/135 1897/342/135 1898/344/135
f 644/133/223 643/131/223 1647/131/223 1648/133/223
f 368/38/224 367/40/224 1371/40/224 1372/38/224
f 447/327/56 446/297/56 1450/297/56 1451/327/56
f 60/85/56 59/83/56 1063/83/56 1064/85/56
f 852/343/225 851/345/225 1855/345/225 1856/343/225
f 670/132/226 669/134/226 1673/134/226 1674/132/226
f 496/324/227 495/328/227 1499/328/227 1500/324/227
f 56/84/51 55/86/51 1059/86/51 1060/84/51
f 669/134/228 668/135/228 1672/135/228 1673/134/228
f 407/41/113 406/39/113 1410/39/113 1411/41/113
f 109/77/83 108/87/83 1112/87/83 1113/77/83
f 895/346/140 894/344/140 1898/344/140 1899/346/140
f 367/40/114 366/42/114 1370/42/114 1371/40/114
f 562/329/89 561/325/89 1565/325/89 1566/329/89
f 851/345/229 850/347/229 1854/347/229 1855/345/229
f 534/326/230 533/330/230 1537/330/230 1538/326/230
f 645/136/231 644/133/231 1648/133/231 1649/136/231
f 31/88/232 30/78/232 1034/78/232 1035/88/232
f 668/135/233 667/137/233 1671/137/233 1672/135/233
f 408/43/234 407/41/234 1411/41/234 1412/43/234
f 55/86/235 54/89/235 1058/89/235 1059/86/235
f 896/348/236 895/346/236 1899/346/236 1900/348/236
f 366/42/237 365/44/237 1369/44/237 1370/42/237
f 448/331/97 447/327/97 1451/327/97 1452/331/97
f 850/347/238 849/349/238 1853/349/238 1854/347/238
f 646/138/239 645/136/239 1649/136/239 1650/138/239
f 563/332/240 562/329/240 1566/329/240 1567/332/240
f 61/90/97 60/85/97 1064/85/97 1065/90/97
f 667/137/241 666/139/241 1670/139/241 1671/137/241
f 409/45/242 408/43/242 1412/43/242 1413/45/242
f 533/330/243 532/333/243 1536/333/243 1537/330/243
f 897/47/153 896/348/153 1900/348/153 1901/47/153
f 365/44/126 364/46/126 1368/46/126 1369/44/126
f 32/91/101 31/88/101 1035/88/101 1036/91/101
f 849/349/244 848/350/244 1852/350/244 1853/349/244
f 54/89/245 53/92/245 1057/92/245 1058/89/245
f 647/140/246 646/138/246 1650/138/246 1651/140/246
f 564/334/107 563/332/107 1567/332/107 1568/334/107
f 410/47/247 409/45/247 1413/45/247 1414/47/247
f 532/333/248 531/335/248 1535/335/248 1536/333/248
f 846/351/159 897/47/159 1901/47/159 1850/351/159
f 648/141/249 647/140/249 1651/140/249 1652/141/249
f 364/46/250 363/48/250 1367/48/250 1368/46/250
f 33/93/251 32/91/251 1036/91/251 1037/93/251
f 848/350/252 847/352/252 1851/352/252 1852/350/252
f 666/139/253 665/142/253 1669/142/253 1670/139/253
f 53/92/108 52/94/108 1056/94/108 1057/92/108
f 565/336/111 564/334/111 1568/334/111 1569/336/111
f 531/335/254 530/337/254 1534/337/254 1535/335/254
f 847/352/70 846/351/70 1850/351/70 1851/352/70
f 649/143/255 648/141/255 1652/141/255 1653/143/255
f 268/49/128 267/50/128 1271/50/128 1272/49/128
f 34/95/256 33/93/256 1037/93/256 1038/95/256
f 665/142/257 664/144/257 1668/144/257 1669/142/257
f 52/94/258 51/96/258 1055/96/258 1056/94/258
f 566/338/117 565/336/117 1569/336/117 1570/338/117
f 774/353/167 773/331/167 1777/331/167 1778/353/167
f 253/51/132 410/47/132 1414/47/132 1257/51/132
f 530/337/211 529/339/211 1533/339/211 1534/337/211
f 820/328/168 819/354/168 1823/354/168 1824/328/168
f 650/145/259 649/143/259 1653/143/259 1654/145/259
f 363/48/134 362/52/134 1366/52/134 1367/48/134
f 35/97/260 34/95/260 1038/95/260 1039/97/260
f 664/144/261 663/146/261 1667/146/261 1668/144/261
f 51/96/262 50/98/262 1054/98/262 1055/96/262
f 567/340/122 566/338/122 1570/338/122 1571/340/122
f 775/355/263 774/353/263 1778/353/263 1779/355/263
f 270/53/138 269/54/138 1273/54/138 1274/53/138
f 529/339/264 528/341/264 1532/341/264 1533/339/264
f 819/354/174 818/356/174 1822/356/174 1823/354/174
f 651/147/265 650/145/265 1654/145/265 1655/147/265
f 36/99/122 35/97/122 1039/97/122 1040/99/122
f 663/146/266 662/148/266 1666/148/266 1667/146/266
f 269/54/64 268/49/64 1272/49/64 1273/54/64
f 50/98/124 49/100/124 1053/100/124 1054/98/124
f 568/342/129 567/340/129 1571/340/129 1572/342/129
f 776/357/178 775/355/178 1779/355/178 1780/357/178
f 271/55/267 270/53/267 1274/53/267 1275/55/267
f 528/341/268 527/343/268 1531/343/268 1532/341/268
f 818/356/181 817/358/181 1821/358/181 1822/356/181
f 652/149/269 651/147/269 1655/147/269 1656/149/269
f 267/50/270 266/56/270 1270/56/270 1271/50/270
f 37/101/129 36/99/129 1040/99/129 1041/101/129
f 662/148/271 661/150/271 1665/150/271 1666/148/271
f 49/100/272 48/102/272 1052/102/272 1053/100/272
f 569/344/273 568/342/273 1572/342/273 1573/344/273
f 777/359/184 776/357/184 1780/357/184 1781/359/184
f 272/57/274 271/55/274 1275/55/274 1276/57/274
f 527/343/275 526/345/275 1530/345/275 1531/343/275
f 817/358/186 816/360/186 1820/360/186 1821/358/186
f 653/151/276 652/149/276 1656/149/276 1657/151/276
f 266/56/277 265/58/277 1269/58/277 1270/56/277
f 38/103/278 37/101/278 1041/101/278 1042/103/278
f 661/150/279 660/152/279 1664/152/279 1665/150/279
f 48/102/136 47/104/136 1051/104/136 1052/102/136
f 570/346/140 569/344/140 1573/344/140 1574/346/140
f 778/361/190 777/359/190 1781/359/190 1782/361/190
f 273/59/280 272/57/280 1276/57/280 1277/59/280
f 526/345/281 525/347/281 1529/347/281 1530/345/281
f 816/360/192 815/362/192 1819/362/192 1820/360/192
f 654/153/282 653/151/282 1657/151/282 1658/153/282
f 265/58/283 264/60/283 1268/60/283 1269/58/283
f 39/105/140 38/103/140 1042/103/140 1043/105/140
f 660/152/284 659/154/284 1663/154/284 1664/152/284
f 47/104/142 46/106/142 1050/106/142 1051/104/142
f 571/348/236 570/346/236 1574/346/236 1575/348/236
f 779/363/195 778/361/195 1782/361/195 1783/363/195
f 274/61/285 273/59/285 1277/59/285 1278/61/285
f 525/347/286 524/349/286 1528/349/286 1529/347/286
f 815/362/198 814/364/198 1818/364/198 1819/362/198
f 655/155/287 654/153/287 1658/153/287 1659/155/287
f 264/60/288 263/62/288 1267/62/288 1268/60/288
f 40/107/236 39/105/236 1043/105/236 1044/107/236
f 659/154/289 658/156/289 1662/156/289 1663/154/289
f 46/106/290 45/108/290 1049/108/290 1050/106/290
f 572/47/153 571/348/153 1575/348/153 1576/47/153
f 780/365/203 779/363/203 1783/363/203 1784/365/203
f 275/63/291 274/61/291 1278/61/291 1279/63/291
f 524/349/244 523/350/244 1527/350/244 1528/349/244
f 814/364/206 813/366/206 1817/366/206 1818/364/206
f 656/157/292 655/155/292 1659/155/292 1660/157/292
f 263/62/293 262/64/293 1266/64/293 1267/62/293
f 41/109/294 40/107/294 1044/107/294 1045/109/294
f 658/156/295 657/158/295 1661/158/295 1662/156/295
f 45/108/154 44/110/154 1048/110/154 1049/108/154
f 657/158/64 656/157/64 1660/157/64 1661/158/64
f 521/351/159 572/47/159 1576/47/159 1525/351/159
f 781/367/296 780/365/296 1784/365/296 1785/367/296
f 737/400/297 736/399/297 1740/399/297 1741/400/297
f 276/65/298 275/63/298 1279/63/298 1280/65/298
f 523/350/252 522/352/252 1526/352/252 1527/350/252
f 813/366/299 812/368/299 1816/368/299 1817/366/299
f 262/64/300 261/66/300 1265/66/300 1266/64/300
f 42/111/159 41/109/159 1045/109/159 1046/111/159
f 738/401/70 737/400/70 1741/400/70 1742/401/70
f 44/110/160 43/112/160 1047/112/160 1048/110/160
f 522/352/70 521/351/70 1525/351/70 1526/352/70
f 782/369/215 781/367/215 1785/367/215 1786/369/215
f 739/47/301 738/401/301 1742/401/301 1743/47/301
f 277/67/302 276/65/302 1280/65/302 1281/67/302
f 812/368/217 811/370/217 1815/370/217 1816/368/217
f 731/51/303 739/47/303 1743/47/303 1735/51/303
f 261/66/304 260/68/304 1264/68/304 1265/66/304
f 43/112/70 42/111/70 1046/111/70 1047/112/70
f 449/353/167 448/331/167 1452/331/167 1453/353/167
f 732/402/70 731/51/70 1735/51/70 1736/402/70
f 495/328/168 494/354/168 1498/354/168 1499/328/168
f 783/371/218 782/369/218 1786/369/218 1787/371/218
f 278/69/305 277/67/305 1281/67/305 1282/69/305
f 62/113/167 61/90/167 1065/90/167 1066/113/167
f 811/370/221 810/372/221 1814/372/221 1815/370/221
f 733/403/306 732/402/306 1736/402/306 1737/403/306
f 260/68/307 259/70/307 1263/70/307 1264/68/307
f 108/87/308 107/114/308 1111/114/308 1112/87/308
f 450/355/172 449/353/172 1453/353/172 1454/355/172
f 736/399/51 735/404/51 1739/404/51 1740/399/51
f 494/354/174 493/356/174 1497/356/174 1498/354/174
f 784/373/223 783/371/223 1787/371/223 1788/373/223
f 279/71/309 278/69/309 1282/69/309 1283/71/309
f 63/115/172 62/113/172 1066/113/172 1067/115/172
f 810/372/226 809/374/226 1813/374/226 1814/372/226
f 735/404/64 734/405/64 1738/405/64 1739/404/64
f 259/70/310 258/72/310 1262/72/310 1263/70/310
f 107/114/174 106/116/174 1110/116/174 1111/114/174
f 734/405/56 733/403/56 1737/403/56 1738/405/56
f 451/357/178 450/355/178 1454/355/178 1455/357/178
f 809/374/311 808/375/311 1812/375/311 1813/374/311
f 741/406/51 740/51/51 1744/51/51 1745/406/51
f 493/356/181 492/358/181 1496/358/181 1497/356/181
f 280/73/312 279/71/312 1283/71/312 1284/73/312
f 64/117/178 63/115/178 1067/115/178 1068/117/178
f 742/407/70 741/406/70 1745/406/70 1746/407/70
f 258/72/313 257/74/313 1261/74/313 1262/72/313
f 106/116/181 105/118/181 1109/118/181 1110/116/181
f 785/376/314 784/373/314 1788/373/314 1789/376/314
f 452/359/184 451/357/184 1455/357/184 1456/359/184
f 808/375/233 807/377/233 1811/377/233 1812/375/233
f 743/408/56 742/407/56 1746/407/56 1747/408/56
f 492/358/186 491/360/186 1495/360/186 1496/358/186
f 281/75/315 280/73/315 1284/73/315 1285/75/315
f 65/119/316 64/117/316 1068/117/316 1069/119/316
f 744/409/70 743/408/70 1747/408/70 1748/409/70
f 257/74/317 256/76/317 1260/76/317 1261/74/317
f 105/118/186 104/120/186 1108/120/186 1109/118/186
f 786/378/318 785/376/318 1789/376/318 1790/378/318
f 740/51/64 745/47/64 1749/47/64 1744/51/64
f 453/361/319 452/359/319 1456/359/319 1457/361/319
f 807/377/241 806/379/241 1810/379/241 1811/377/241
f 745/47/56 744/409/56 1748/409/56 1749/47/56
f 362/52/51 361/77/51 1365/77/51 1366/52/51
f 491/360/192 490/362/192 1494/362/192 1495/360/192
f 746/51/118 845/249/118 1849/249/118 1750/51/118
f 66/121/319 65/119/319 1069/119/319 1070/121/319
f 104/120/320 103/122/320 1107/122/320 1108/120/320
f 787/380/321 786/378/321 1790/378/321 1791/380/321
f 747/250/70 746/51/70 1750/51/70 1751/250/70
f 282/78/56 281/75/56 1285/75/56 1286/78/56
f 454/363/195 453/361/195 1457/361/195 1458/363/195
f 256/76/51 255/79/51 1259/79/51 1260/76/51
f 490/362/198 489/364/198 1493/364/198 1494/362/198
f 788/381/322 787/380/322 1791/380/322 1792/381/322
f 748/251/323 747/250/323 1751/250/323 1752/251/323
f 67/123/195 66/121/195 1070/121/195 1071/123/195
f 806/379/253 805/382/253 1809/382/253 1810/379/253
f 255/79/64 254/80/64 1258/80/64 1259/79/64
f 103/122/198 102/124/198 1106/124/198 1107/122/198
f 749/252/324 748/251/324 1752/251/324 1753/252/324
f 254/80/56 253/51/56 1257/51/56 1258/80/56
f 455/365/203 454/363/203 1458/363/203 1459/365/203
f 845/249/127 844/253/127 1848/253/127 1849/249/127
f 310/82/51 309/81/51 1313/81/51 1314/82/51
f 489/364/206 488/366/206 1492/366/206 1493/364/206
f 789/383/325 788/381/325 1792/381/325 1793/383/325
f 68/125/326 67/123/326 1071/123/326 1072/125/326
f 805/382/257 804/384/257 1808/384/257 1809/382/257
f 311/83/70 310/82/70 1314/82/70 1315/83/70
f 102/124/206 101/126/206 1105/126/206 1106/124/206
f 750/254/327 749/252/327 1753/252/327 1754/254/327
f 309/81/64 308/84/64 1312/84/64 1313/81/64
f 456/367/210 455/365/210 1459/365/210 1460/367/210
f 844/253/133 843/255/133 1847/255/133 1848/253/133
f 488/366/212 487/368/212 1491/368/212 1492/366/212
f 790/385/328 789/383/328 1793/383/328 1794/385/328
f 69/127/296 68/125/296 1072/125/296 1073/127/296
f 804/384/261 803/386/261 1807/386/261 1808/384/261
f 312/85/56 311/83/56 1315/83/56 1316/85/56
f 101/126/299 100/128/299 1104/128/299 1105/126/299
f 751/256/329 750/254/329 1754/254/329 1755/256/329
f 308/84/51 307/86/51 1311/86/51 1312/84/51
f 457/369/215 456/367/215 1460/367/215 1461/369/215
f 843/255/139 842/257/139 1846/257/139 1847/255/139
f 487/368/217 486/370/217 1490/370/217 1491/368/217
f 791/387/330 790/385/330 1794/385/330 1795/387/330
f 361/77/83 360/87/83 1364/87/83 1365/77/83
f 70/129/215 69/127/215 1073/127/215 1074/129/215
f 803/386/266 802/388/266 1806/388/266 1807/386/266
f 100/128/331 99/130/331 1103/130/331 1104/128/331
f 752/258/332 751/256/332 1755/256/332 1756/258/332
f 458/371/218 457/369/218 1461/369/218 1462/371/218
f 842/257/145 841/259/145 1845/259/145 1846/257/145
f 283/88/333 282/78/333 1286/78/333 1287/88/333
f 486/370/221 485/372/221 1489/372/221 1490/370/221
f 792/389/85 791/387/85 1795/387/85 1796/389/85
f 307/86/334 306/89/334 1310/89/334 1311/86/334
f 71/131/335 70/129/335 1074/129/335 1075/131/335
f 802/388/271 801/390/271 1805/390/271 1806/388/271
f 99/130/336 98/132/336 1102/132/336 1103/130/336
f 753/260/337 752/258/337 1756/258/337 1757/260/337
f 459/373/223 458/371/223 1462/371/223 1463/373/223
f 841/259/3 840/261/3 1844/261/3 1845/259/3
f 313/90/97 312/85/97 1316/85/97 1317/90/97
f 485/372/226 484/374/226 1488/374/226 1489/372/226
f 793/391/338 792/389/338 1796/389/338 1797/391/338
f 72/133/223 71/131/223 1075/131/223 1076/133/223
f 801/390/279 800/392/279 1804/392/279 1805/390/279
f 284/91/339 283/88/339 1287/88/339 1288/91/339
f 484/374/311 483/375/311 1487/375/311 1488/374/311
f 98/132/340 97/134/340 1101/134/340 1102/132/340
f 754/262/11 753/260/11 1757/260/11 1758/262/11
f 306/89/341 305/92/341 1309/92/341 1310/89/341
f 840/261/13 839/263/13 1843/263/13 1844/261/13
f 97/134/311 96/135/311 1100/135/311 1101/134/311
f 794/393/342 793/391/342 1797/391/342 1798/393/342
f 460/376/314 459/373/314 1463/373/314 1464/376/314
f 800/392/284 799/394/284 1803/394/284 1804/392/284
f 285/93/194 284/91/194 1288/91/194 1289/93/194
f 483/375/233 482/377/233 1486/377/233 1487/375/233
f 755/264/21 754/262/21 1758/262/21 1759/264/21
f 305/92/343 304/94/343 1308/94/343 1309/92/343
f 73/136/344 72/133/344 1076/133/344 1077/136/344
f 839/263/8 838/265/8 1842/265/8 1843/263/8
f 96/135/233 95/137/233 1099/137/233 1100/135/233
f 795/395/345 794/393/345 1798/393/345 1799/395/345
f 461/378/318 460/376/318 1464/376/318 1465/378/318
f 799/394/289 798/396/289 1802/396/289 1803/394/289
f 286/95/346 285/93/346 1289/93/346 1290/95/346
f 482/377/241 481/379/241 1485/379/241 1486/377/241
f 756/266/30 755/264/30 1759/264/30 1760/266/30
f 304/94/347 303/96/347 1307/96/347 1308/94/347
f 74/138/239 73/136/239 1077/136/239 1078/138/239
f 838/265/32 837/267/32 1841/267/32 1842/265/32
f 95/137/241 94/139/241 1098/139/241 1099/137/241
f 796/397/348 795/395/348 1799/395/348 1800/397/348
f 462/380/321 461/378/321 1465/378/321 1466/380/321
f 798/396/295 797/398/295 1801/398/295 1802/396/295
f 287/97/349 286/95/349 1290/95/349 1291/97/349
f 797/398/64 796/397/64 1800/397/64 1801/398/64
f 757/268/40 756/266/40 1760/266/40 1761/268/40
f 303/96/350 302/98/350 1306/98/350 1307/96/350
f 463/381/322 462/380/322 1466/380/322 1467/381/322
f 75/140/246 74/138/246 1078/138/246 1079/140/246
f 898/51/51 952/410/51 1956/410/51 1902/51/51
f 837/267/351 836/269/351 1840/269/351 1841/267/351
f 481/379/352 480/382/352 1484/382/352 1485/379/352
f 76/141/249 75/140/249 1079/140/249 1080/141/249
f 288/99/353 287/97/353 1291/97/353 1292/99/353
f 94/139/352 93/142/352 1097/142/352 1098/139/352
f 977/411/354 976/412/354 1980/412/354 1981/411/354
f 758/270/49 757/268/49 1761/268/49 1762/270/49
f 302/98/355 301/100/355 1305/100/355 1306/98/355
f 464/383/325 463/381/325 1467/381/325 1468/383/325
f 836/269/37 835/271/37 1839/271/37 1840/269/37
f 480/382/257 479/384/257 1483/384/257 1484/382/257
f 976/412/356 975/413/356 1979/413/356 1980/412/356
f 77/143/255 76/141/255 1080/141/255 1081/143/255
f 289/101/357 288/99/357 1292/99/357 1293/101/357
f 93/142/257 92/144/257 1096/144/257 1097/142/257
f 975/413/358 974/414/358 1978/414/358 1979/413/358
f 759/272/58 758/270/58 1762/270/58 1763/272/58
f 301/100/359 300/102/359 1304/102/359 1305/100/359
f 465/385/328 464/383/328 1468/383/328 1469/385/328
f 835/271/46 834/273/46 1838/273/46 1839/271/46
f 479/384/261 478/386/261 1482/386/261 1483/384/261
f 974/414/360 973/415/360 1977/415/360 1978/414/360
f 78/145/259 77/143/259 1081/143/259 1082/145/259
f 834/273/50 833/274/50 1837/274/50 1838/273/50
f 290/103/361 289/101/361 1293/101/361 1294/103/361
f 92/144/261 91/146/261 1095/146/261 1096/144/261
f 973/415/175 972/416/175 1976/416/175 1977/415/175
f 300/102/362 299/104/362 1303/104/362 1304/102/362
f 466/387/330 465/385/330 1469/385/330 1470/387/330
f 478/386/266 477/388/266 1481/388/266 1482/386/266
f 972/416/22 971/417/22 1975/417/22 1976/416/22
f 760/275/55 759/272/55 1763/272/55 1764/275/55
f 79/147/363 78/145/363 1082/145/363 1083/147/363
f 291/105/364 290/103/364 1294/103/364 1295/105/364
f 91/146/266 90/148/266 1094/148/266 1095/146/266
f 971/417/157 970/418/157 1974/418/157 1975/417/157
f 761/276/72 760/275/72 1764/275/72 1765/276/72
f 299/104/142 298/106/142 1302/106/142 1303/104/142
f 467/389/85 466/387/85 1470/387/85 1471/389/85
f 833/274/74 832/277/74 1836/277/74 1837/274/74
f 477/388/271 476/390/271 1480/390/271 1481/388/271
f 80/149/269 79/147/269 1083/147/269 1084/149/269
f 899/419/70 898/51/70 1902/51/70 1903/419/70
f 292/107/365 291/105/365 1295/105/365 1296/107/365
f 90/148/271 89/150/271 1093/150/271 1094/148/271
f 762/278/67 761/276/67 1765/276/67 1766/278/67
f 298/106/366 297/108/366 1301/108/366 1302/106/366
f 468/391/338 467/389/338 1471/389/338 1472/391/338
f 900/420/367 899/419/367 1903/419/367 1904/420/367
f 832/277/81 831/279/81 1835/279/81 1836/277/81
f 476/390/279 475/392/279 1479/392/279 1480/390/279
f 81/151/276 80/149/276 1084/149/276 1085/151/276
f 901/421/368 900/420/368 1904/420/368 1905/421/368
f 293/109/369 292/107/369 1296/107/369 1297/109/369
f 89/150/279 88/152/279 1092/152/279 1093/150/279
f 763/280/75 762/278/75 1766/278/75 1767/280/75
f 297/108/370 296/110/370 1300/110/370 1301/108/370
f 469/393/342 468/391/342 1472/391/342 1473/393/342
f 902/422/371 901/421/371 1905/421/371 1906/422/371
f 831/279/90 830/281/90 1834/281/90 1835/279/90
f 475/392/284 474/394/284 1478/394/284 1479/392/284
f 82/153/282 81/151/282 1085/151/282 1086/153/282
f 903/423/372 902/422/372 1906/422/372 1907/423/372
f 294/111/373 293/109/373 1297/109/373 1298/111/373
f 88/152/284 87/154/284 1091/154/284 1092/152/284
f 970/418/161 969/424/161 1973/424/161 1974/418/161
f 764/282/96 763/280/96 1767/280/96 1768/282/96
f 296/110/374 295/112/374 1299/112/374 1300/110/374
f 470/395/345 469/393/345 1473/393/345 1474/395/345
f 830/281/86 829/283/86 1833/283/86 1834/281/86
f 474/394/289 473/396/289 1477/396/289 1478/394/289
f 83/155/287 82/153/287 1086/153/287 1087/155/287
f 904/425/332 903/423/332 1907/423/332 1908/425/332
f 295/112/70 294/111/70 1298/111/70 1299/112/70
f 87/154/289 86/156/289 1090/156/289 1091/154/289
f 765/284/91 764/282/91 1768/282/91 1769/284/91
f 471/397/348 470/395/348 1474/395/348 1475/397/348
f 905/426/375 904/425/375 1908/425/375 1909/426/375
f 829/283/94 828/285/94 1832/285/94 1833/283/94
f 473/396/295 472/398/295 1476/398/295 1477/396/295
f 314/113/376 313/90/376 1317/90/376 1318/113/376
f 472/398/64 471/397/64 1475/397/64 1476/398/64
f 84/157/292 83/155/292 1087/155/292 1088/157/292
f 906/427/377 905/426/377 1909/426/377 1910/427/377
f 360/87/308 359/114/308 1363/114/308 1364/87/308
f 706/2/118 705/1/118 1709/1/118 1710/2/118
f 86/156/295 85/158/295 1089/158/295 1090/156/295
f 766/286/378 765/284/378 1769/284/378 1770/286/378
f 85/158/64 84/157/64 1088/157/64 1089/158/64
f 907/428/379 906/427/379 1910/427/379 1911/428/379
f 828/285/100 827/287/100 1831/287/100 1832/285/100
f 707/3/70 706/2/70 1710/2/70 1711/3/70
f 167/160/51 166/159/51 1170/159/51 1171/160/51
f 315/115/380 314/113/380 1318/113/380 1319/115/380
f 908/429/381 907/428/381 1911/428/381 1912/429/381
f 359/114/174 358/116/174 1362/116/174 1363/114/174
f 708/4/123 707/3/123 1711/3/123 1712/4/123
f 168/47/70 167/160/70 1171/160/70 1172/47/70
f 767/288/113 766/286/113 1770/286/113 1771/288/113
f 909/430/382 908/429/382 1912/429/382 1913/430/382
f 827/287/114 826/289/114 1830/289/114 1831/287/114
f 709/5/125 708/4/125 1712/4/125 1713/5/125
f 316/117/383 315/115/383 1319/115/383 1320/117/383
f 705/1/127 704/6/127 1708/6/127 1709/1/127
f 910/431/384 909/430/384 1913/430/384 1914/431/384
f 358/116/385 357/118/385 1361/118/385 1362/116/385
f 159/51/386 168/47/386 1172/47/386 1163/51/386
f 768/290/109 767/288/109 1771/288/109 1772/290/109
f 160/162/51 159/51/51 1163/51/51 1164/162/51
f 911/432/387 910/431/387 1914/431/387 1915/432/387
f 826/289/110 825/291/110 1829/291/110 1830/289/110
f 710/7/131 709/5/131 1713/5/131 1714/7/131
f 317/119/184 316/117/184 1320/117/184 1321/119/184
f 704/6/133 703/8/133 1707/8/133 1708/6/133
f 161/163/70 160/162/70 1164/162/70 1165/163/70
f 912/433/388 911/432/388 1915/432/388 1916/433/388
f 357/118/389 356/120/389 1360/120/389 1361/118/389
f 969/424/390 968/434/390 1972/434/390 1973/424/390
f 769/292/391 768/290/391 1772/290/391 1773/292/391
f 162/164/56 161/163/56 1165/163/56 1166/164/56
f 825/291/126 824/293/126 1828/293/126 1829/291/126
f 711/9/137 710/7/137 1714/7/137 1715/9/137
f 166/159/64 165/165/64 1169/165/64 1170/159/64
f 318/121/392 317/119/392 1321/119/392 1322/121/392
f 703/8/139 702/10/139 1706/10/139 1707/8/139
f 165/165/56 164/161/56 1168/161/56 1169/165/56
f 913/435/393 912/433/393 1916/433/393 1917/435/393
f 356/120/320 355/122/320 1359/122/320 1360/120/320
f 164/161/394 163/166/394 1167/166/394 1168/161/394
f 770/294/120 769/292/120 1773/292/120 1774/294/120
f 914/436/395 913/435/395 1917/435/395 1918/436/395
f 824/293/121 823/295/121 1827/295/121 1828/293/121
f 712/11/396 711/9/396 1715/9/396 1716/11/396
f 163/166/64 162/164/64 1166/164/64 1167/166/64
f 319/123/195 318/121/195 1322/121/195 1323/123/195
f 702/10/145 701/12/145 1705/12/145 1706/10/145
f 169/51/118 224/167/118 1228/167/118 1173/51/118
f 915/437/397 914/436/397 1918/436/397 1919/437/397
f 355/122/198 354/124/198 1358/124/198 1359/122/198
f 170/168/70 169/51/70 1173/51/70 1174/168/70
f 916/438/398 915/437/398 1919/437/398 1920/438/398
f 713/13/399 712/11/399 1716/11/399 1717/13/399
f 771/297/132 770/294/132 1774/294/132 1775/297/132
f 320/125/326 319/123/326 1323/123/326 1324/125/326
f 701/12/3 700/14/3 1704/14/3 1705/12/3
f 171/169/123 170/168/123 1174/168/123 1175/169/123
f 917/439/400 916/438/400 1920/438/400 1921/439/400
f 823/295/134 822/298/134 1826/298/134 1827/295/134
f 354/124/206 353/126/206 1357/126/206 1358/124/206
f 172/170/125 171/169/125 1175/169/125 1176/170/125
f 918/440/401 917/439/401 1921/439/401 1922/440/401
f 714/15/402 713/13/402 1717/13/402 1718/15/402
f 224/167/127 223/171/127 1227/171/127 1228/167/127
f 874/299/138 873/300/138 1877/300/138 1878/299/138
f 321/127/296 320/125/296 1324/125/296 1325/127/296
f 700/14/13 699/16/13 1703/16/13 1704/14/13
f 919/441/403 918/440/403 1922/440/403 1923/441/403
f 353/126/212 352/128/212 1356/128/212 1357/126/212
f 968/434/138 967/442/138 1971/442/138 1972/434/138
f 873/300/64 872/296/64 1876/296/64 1877/300/64
f 173/172/131 172/170/131 1176/170/131 1177/172/131
f 872/296/404 871/301/404 1875/301/404 1876/296/404
f 715/17/4 714/15/4 1718/15/4 1719/17/4
f 223/171/133 222/173/133 1226/173/133 1227/171/133
f 322/129/405 321/127/405 1325/127/405 1326/129/405
f 699/16/8 698/18/8 1702/18/8 1703/16/8
f 920/443/406 919/441/406 1923/441/406 1924/443/406
f 352/128/407 351/130/407 1355/130/407 1356/128/407
f 875/302/390 874/299/390 1878/299/390 1879/302/390
f 174/174/137 173/172/137 1177/172/137 1178/174/137
f 921/444/408 920/443/408 1924/443/408 1925/444/408
f 871/301/156 870/303/156 1874/303/156 1875/301/156
f 716/19/14 715/17/14 1719/17/14 1720/19/14
f 222/173/139 221/175/139 1225/175/139 1226/173/139
f 323/131/335 322/129/335 1326/129/335 1327/131/335
f 698/18/32 697/20/32 1701/20/32 1702/18/32
f 922/445/409 921/444/409 1925/444/409 1926/445/409
f 351/130/336 350/132/336 1354/132/336 1355/130/336
f 967/442/64 966/446/64 1970/446/64 1971/442/64
f 876/304/161 875/302/161 1879/302/161 1880/304/161
f 175/176/396 174/174/396 1178/174/396 1179/176/396
f 870/303/163 869/305/163 1873/305/163 1874/303/163
f 717/21/23 716/19/23 1720/19/23 1721/21/23
f 221/175/145 220/177/145 1224/177/145 1225/175/145
f 966/446/128 965/447/128 1969/447/128 1970/446/128
f 324/133/223 323/131/223 1327/131/223 1328/133/223
f 697/20/27 696/22/27 1700/22/27 1701/20/27
f 350/132/340 349/134/340 1353/134/340 1354/132/340
f 877/306/157 876/304/157 1880/304/157 1881/306/157
f 176/178/149 175/176/149 1179/176/149 1180/178/149
f 923/448/410 922/445/410 1926/445/410 1927/448/410
f 869/305/411 868/307/411 1872/307/411 1873/305/411
f 349/134/311 348/135/311 1352/135/311 1353/134/311
f 718/23/33 717/21/33 1721/21/33 1722/23/33
f 220/177/3 219/179/3 1223/179/3 1224/177/3
f 965/447/412 964/449/412 1968/449/412 1969/447/412
f 696/22/37 695/24/37 1699/24/37 1700/22/37
f 964/449/6 963/450/6 1967/450/6 1968/449/6
f 878/308/22 877/306/22 1881/306/22 1882/308/22
f 325/136/344 324/133/344 1328/133/344 1329/136/344
f 177/180/402 176/178/402 1180/178/402 1181/180/402
f 868/307/413 867/309/413 1871/309/413 1872/307/413
f 348/135/414 347/137/414 1351/137/414 1352/135/414
f 719/25/415 718/23/415 1722/23/415 1723/25/415
f 219/179/13 218/181/13 1222/181/13 1223/179/13
f 963/450/158 962/451/158 1966/451/158 1967/450/158
f 695/24/46 694/26/46 1698/26/46 1699/24/46
f 962/451/25 961/452/25 1965/452/25 1966/451/25
f 879/310/175 878/308/175 1882/308/175 1883/310/175
f 326/138/416 325/136/416 1329/136/416 1330/138/416
f 694/26/50 693/27/50 1697/27/50 1698/26/50
f 178/182/4 177/180/4 1181/180/4 1182/182/4
f 867/309/417 866/311/417 1870/311/417 1871/309/417
f 347/137/241 346/139/241 1350/139/241 1351/137/241
f 218/181/8 217/183/8 1221/183/8 1222/181/8
f 961/452/35 960/453/35 1964/453/35 1965/452/35
f 720/28/55 719/25/55 1723/25/55 1724/28/55
f 960/453/418 959/454/418 1963/454/418 1964/453/418
f 880/312/360 879/310/360 1883/310/360 1884/312/360
f 327/140/419 326/138/419 1330/138/419 1331/140/419
f 179/184/14 178/182/14 1182/182/14 1183/184/14
f 866/311/420 865/313/420 1869/313/420 1870/311/420
f 721/29/72 720/28/72 1724/28/72 1725/29/72
f 217/183/32 216/185/32 1220/185/32 1221/183/32
f 959/454/421 958/455/421 1962/455/421 1963/454/421
f 328/141/249 327/140/249 1331/140/249 1332/141/249
f 693/27/74 692/30/74 1696/30/74 1697/27/74
f 346/139/253 345/142/253 1349/142/253 1350/139/253
f 958/455/422 957/456/422 1961/456/422 1962/455/422
f 881/314/358 880/312/358 1884/312/358 1885/314/358
f 180/186/23 179/184/23 1183/184/23 1184/186/23
f 865/313/423 864/315/423 1868/315/423 1869/313/423
f 722/31/67 721/29/67 1725/29/67 1726/31/67
f 216/185/27 215/187/27 1219/187/27 1220/185/27
f 957/456/424 956/457/424 1960/457/424 1961/456/424
f 329/143/425 328/141/425 1332/141/425 1333/143/425
f 692/30/69 691/32/69 1695/32/69 1696/30/69
f 345/142/257 344/144/257 1348/144/257 1349/142/257
f 882/316/356 881/314/356 1885/314/356 1886/316/356
f 181/188/33 180/186/33 1184/186/33 1185/188/33
f 978/458/207 977/411/207 1981/411/207 1982/458/207
f 864/315/426 863/317/426 1867/317/426 1868/315/426
f 723/33/75 722/31/75 1726/31/75 1727/33/75
f 215/187/427 214/189/427 1218/189/427 1219/187/427
f 956/457/428 955/459/428 1959/459/428 1960/457/428
f 330/145/429 329/143/429 1333/143/429 1334/145/429
f 691/32/78 690/34/78 1694/34/78 1695/32/78
f 344/144/261 343/146/261 1347/146/261 1348/144/261
f 883/318/354 882/316/354 1886/316/354 1887/318/354
f 182/190/42 181/188/42 1185/188/42 1186/190/42
f 979/460/430 978/458/430 1982/458/430 1983/460/430
f 863/317/431 862/319/431 1866/319/431 1867/317/431
f 724/35/96 723/33/96 1727/33/96 1728/35/96
f 214/189/46 213/191/46 1217/191/46 1218/189/46
f 955/459/47 954/461/47 1958/461/47 1959/459/47
f 331/147/363 330/145/363 1334/145/363 1335/147/363
f 690/34/86 689/36/86 1693/36/86 1694/34/86
f 343/146/266 342/148/266 1346/148/266 1347/146/266
f 213/191/50 212/192/50 1216/192/50 1217/191/50
f 884/320/432 883/318/432 1887/318/432 1888/320/432
f 980/462/56 979/460/56 1983/460/56 1984/462/56
f 862/319/208 861/321/208 1865/321/208 1866/319/208
f 725/37/91 724/35/91 1728/35/91 1729/37/91
f 954/461/51 953/463/51 1957/463/51 1958/461/51
f 332/149/269 331/147/269 1335/147/269 1336/149/269
f 689/36/94 688/38/94 1692/38/94 1693/36/94
f 183/193/55 182/190/55 1186/190/55 1187/193/55
f 342/148/271 341/150/271 1345/150/271 1346/148/271
f 885/322/43 884/320/43 1888/320/43 1889/322/43
f 184/194/72 183/193/72 1187/193/72 1188/194/72
f 924/464/56 923/448/56 1927/448/56 1928/464/56
f 861/321/213 860/323/213 1864/323/213 1865/321/213
f 726/39/378 725/37/378 1729/37/378 1730/39/378
f 212/192/74 211/195/74 1215/195/74 1216/192/74
f 333/151/276 332/149/276 1336/149/276 1337/151/276
f 688/38/100 687/40/100 1691/40/100 1692/38/100
f 981/465/433 980/462/433 1984/462/433 1985/465/433
f 822/298/51 821/324/51 1825/324/51 1826/298/51
f 341/150/279 340/152/279 1344/152/279 1345/150/279
f 953/463/92 1004/47/92 2008/47/92 1957/463/92
f 185/196/67 184/194/67 1188/194/67 1189/196/67
f 727/41/113 726/39/113 1730/39/113 1731/41/113
f 211/195/69 210/197/69 1214/197/69 1215/195/69
f 886/325/56 885/322/56 1889/322/56 1890/325/56
f 334/153/282 333/151/282 1337/151/282 1338/153/282
f 687/40/114 686/42/114 1690/42/114 1691/40/114
f 925/466/434 924/464/434 1928/464/434 1929/466/434
f 860/323/51 859/326/51 1863/326/51 1864/323/51
f 340/152/284 339/154/284 1343/154/284 1344/152/284
f 186/198/88 185/196/88 1189/196/88 1190/198/88
f 982/467/240 981/465/240 1985/465/240 1986/467/240
f 728/43/109 727/41/109 1731/41/109 1732/43/109
f 210/197/78 209/199/78 1213/199/78 1214/197/78
f 1004/47/435 1003/468/435 2007/468/435 2008/47/435
f 772/327/56 771/297/56 1775/297/56 1776/327/56
f 335/155/287 334/153/287 1338/153/287 1339/155/287
f 686/42/110 685/44/110 1689/44/110 1690/42/110
f 821/324/227 820/328/227 1824/328/227 1825/324/227
f 339/154/289 338/156/289 1342/156/289 1343/154/289
f 187/200/96 186/198/96 1190/198/96 1191/200/96
f 983/469/194 982/467/194 1986/467/194 1987/469/194
f 729/45/115 728/43/115 1732/43/115 1733/45/115
f 209/199/86 208/201/86 1212/201/86 1213/199/86
f 1003/468/343 1002/470/343 2006/470/343 2007/468/343
f 887/329/89 886/325/89 1890/325/89 1891/329/89
f 336/157/292 335/155/292 1339/155/292 1340/157/292
f 685/44/126 684/46/126 1688/46/126 1689/44/126
f 859/326/436 858/330/436 1862/330/436 1863/326/436
f 338/156/295 337/158/295 1341/158/295 1342/156/295
f 337/158/64 336/157/64 1340/157/64 1341/158/64
f 188/202/91 187/200/91 1191/200/91 1192/202/91
f 984/471/202 983/469/202 1987/469/202 1988/471/202
f 419/160/51 418/159/51 1422/159/51 1423/160/51
f 730/47/120 729/45/120 1733/45/120 1734/47/120
f 208/201/219 207/203/219 1211/203/219 1212/201/219
f 1002/470/437 1001/472/437 2005/472/437 2006/470/437
f 773/331/97 772/327/97 1776/327/97 1777/331/97
f 684/46/250 683/48/250 1687/48/250 1688/46/250
f 420/47/70 419/160/70 1423/160/70 1424/47/70
f 888/332/438 887/329/438 1891/329/438 1892/332/438
f 189/204/378 188/202/378 1192/202/378 1193/204/378
f 985/473/209 984/471/209 1988/471/209 1989/473/209
f 858/330/243 857/333/243 1861/333/243 1862/330/243
f 207/203/100 206/205/100 1210/205/100 1211/203/100
f 1001/472/439 1000/474/439 2004/474/439 2005/472/439
f 588/49/128 587/50/128 1591/50/128 1592/49/128
f 411/51/386 420/47/386 1424/47/386 1415/51/386
f 412/162/51 411/51/51 1415/51/51 1416/162/51
f 190/206/113 189/204/113 1193/204/113 1194/206/113
f 986/475/214 985/473/214 1989/473/214 1990/475/214
f 573/51/440 730/47/440 1734/47/440 1577/51/440
f 206/205/114 205/207/114 1209/207/114 1210/205/114
f 1000/474/441 999/476/441 2003/476/441 2004/474/441
f 413/163/70 412/162/70 1416/162/70 1417/163/70
f 683/48/134 682/52/134 1686/52/134 1687/48/134
f 134/2/118 133/1/118 1137/1/118 1138/2/118
f 414/164/56 413/163/56 1417/163/56 1418/164/56
f 191/208/109 190/206/109 1194/206/109 1195/208/109
f 987/477/129 986/475/129 1990/475/129 1991/477/129
f 418/159/64 417/165/64 1421/165/64 1422/159/64
f 135/3/70 134/2/70 1138/2/70 1139/3/70
f 590/53/138 589/54/138 1593/54/138 1594/53/138
f 205/207/442 204/209/442 1208/209/442 1209/207/442
f 999/476/130 998/478/130 2002/478/130 2003/476/130
f 417/165/56 416/161/56 1420/161/56 1421/165/56
f 416/161/394 415/166/394 1419/166/394 1420/161/394
f 136/4/123 135/3/123 1139/3/123 1140/4/123
f 589/54/64 588/49/64 1592/49/64 1593/54/64
f 192/210/391 191/208/391 1195/208/391 1196/210/391
f 988/479/135 987/477/135 1991/477/135 1992/479/135
f 415/166/64 414/164/64 1418/164/64 1419/166/64
f 137/5/125 136/4/125 1140/4/125 1141/5/125
f 591/55/144 590/53/144 1594/53/144 1595/55/144
f 204/209/126 203/211/126 1207/211/126 1208/209/126
f 998/478/136 997/480/136 2001/480/136 2002/478/136
f 421/51/118 520/249/118 1524/249/118 1425/51/118
f 133/1/127 132/6/127 1136/6/127 1137/1/127
f 587/50/146 586/56/146 1590/56/146 1591/50/146
f 422/250/70 421/51/70 1425/51/70 1426/250/70
f 193/212/120 192/210/120 1196/210/120 1197/212/120
f 989/481/140 988/479/140 1992/479/140 1993/481/140
f 138/7/131 137/5/131 1141/5/131 1142/7/131
f 592/57/443 591/55/443 1595/55/443 1596/57/443
f 203/211/121 202/213/121 1206/213/121 1207/211/121
f 997/480/142 996/482/142 2000/482/142 2001/480/142
f 423/251/323 422/250/323 1426/250/323 1427/251/323
f 132/6/133 131/8/133 1135/8/133 1136/6/133
f 586/56/444 585/58/444 1589/58/444 1590/56/444
f 424/252/324 423/251/324 1427/251/324 1428/252/324
f 990/483/236 989/481/236 1993/481/236 1994/483/236
f 520/249/127 519/253/127 1523/253/127 1524/249/127
f 139/9/137 138/7/137 1142/7/137 1143/9/137
f 593/59/157 592/57/157 1596/57/157 1597/59/157
f 239/214/128 238/215/128 1242/215/128 1243/214/128
f 996/482/445 995/484/445 1999/484/445 2000/482/445
f 131/8/139 130/10/139 1134/10/139 1135/8/139
f 585/58/158 584/60/158 1588/60/158 1589/58/158
f 425/254/327 424/252/327 1428/252/327 1429/254/327
f 194/216/440 193/212/440 1197/212/440 1198/216/440
f 991/485/446 990/483/446 1994/483/446 1995/485/446
f 519/253/133 518/255/133 1522/255/133 1523/253/133
f 140/11/396 139/9/396 1143/9/396 1144/11/396
f 594/61/22 593/59/22 1597/59/22 1598/61/22
f 202/213/141 201/217/141 1205/217/141 1206/213/141
f 995/484/447 994/486/447 1998/486/447 1999/484/447
f 130/10/145 129/12/145 1133/12/145 1134/10/145
f 584/60/25 583/62/25 1587/62/25 1588/60/25
f 426/256/329 425/254/329 1429/254/329 1430/256/329
f 241/218/138 240/219/138 1244/219/138 1245/218/138
f 992/487/159 991/485/159 1995/485/159 1996/487/159
f 518/255/139 517/257/139 1521/257/139 1522/255/139
f 141/13/149 140/11/149 1144/11/149 1145/13/149
f 595/63/175 594/61/175 1598/61/175 1599/63/175
f 994/486/160 993/488/160 1997/488/160 1998/486/160
f 129/12/3 128/14/3 1132/14/3 1133/12/3
f 583/62/35 582/64/35 1586/64/35 1587/62/35
f 240/219/64 239/214/64 1243/214/64 1244/219/64
f 427/258/332 426/256/332 1430/256/332 1431/258/332
f 242/220/448 241/218/448 1245/218/448 1246/220/448
f 517/257/145 516/259/145 1520/259/145 1521/257/145
f 142/15/449 141/13/449 1145/13/449 1146/15/449
f 596/65/41 595/63/41 1599/63/41 1600/65/41
f 238/215/450 237/221/450 1241/221/450 1242/215/450
f 128/14/13 127/16/13 1131/16/13 1132/14/13
f 582/64/173 581/66/173 1585/66/173 1586/64/173
f 993/488/70 992/487/70 1996/487/70 1997/488/70
f 428/260/337 427/258/337 1431/258/337 1432/260/337
f 243/222/451 242/220/451 1246/220/451 1247/222/451
