# Blender 4.4.3
# www.blender.org
mtllib POLYGONGANG.mtl
o Text
v -3.585308 0.369510 -0.072596
v -3.585308 0.352174 -0.072596
v -3.544134 0.352174 -0.072596
v -3.544134 0.369510 -0.072596
v -3.544119 0.369857 -0.072596
v -3.544074 0.370173 -0.072596
v -3.543998 0.370459 -0.072596
v -3.543893 0.370714 -0.072596
v -3.543758 0.370940 -0.072596
v -3.543592 0.371136 -0.072596
v -3.543397 0.371301 -0.072596
v -3.543171 0.371437 -0.072596
v -3.542915 0.371542 -0.072596
v -3.542629 0.371617 -0.072596
v -3.542313 0.371662 -0.072596
v -3.541967 0.371677 -0.072596
v -3.405442 0.371677 -0.072596
v -3.405096 0.371662 -0.072596
v -3.404780 0.371617 -0.072596
v -3.404495 0.371542 -0.072596
v -3.404239 0.371437 -0.072596
v -3.404013 0.371301 -0.072596
v -3.403817 0.371136 -0.072596
v -3.403652 0.370940 -0.072596
v -3.403517 0.370714 -0.072596
v -3.403411 0.370459 -0.072596
v -3.403336 0.370173 -0.072596
v -3.403291 0.369857 -0.072596
v -3.403275 0.369510 -0.072596
v -3.403275 0.232676 -0.072596
v -3.403291 0.232330 -0.072596
v -3.403335 0.232014 -0.072596
v -3.403411 0.231728 -0.072596
v -3.403516 0.231472 -0.072596
v -3.403651 0.231247 -0.072596
v -3.403817 0.231051 -0.072596
v -3.404012 0.230886 -0.072596
v -3.404238 0.230750 -0.072596
v -3.404494 0.230645 -0.072596
v -3.404780 0.230569 -0.072596
v -3.405096 0.230524 -0.072596
v -3.405442 0.230509 -0.072596
v -3.541967 0.230509 -0.072596
v -3.542313 0.230524 -0.072596
v -3.542629 0.230569 -0.072596
v -3.542915 0.230645 -0.072596
v -3.543171 0.230750 -0.072596
v -3.543396 0.230886 -0.072596
v -3.543592 0.231051 -0.072596
v -3.543757 0.231247 -0.072596
v -3.543893 0.231472 -0.072596
v -3.543998 0.231728 -0.072596
v -3.544073 0.232014 -0.072596
v -3.544118 0.232330 -0.072596
v -3.544134 0.232676 -0.072596
v -3.544134 0.274779 -0.072596
v -3.493673 0.274779 -0.072596
v -3.493673 0.315644 -0.072596
v -3.585308 0.315644 -0.072596
v -3.585308 0.232676 -0.072596
v -3.585220 0.229721 -0.072596
v -3.584955 0.226842 -0.072596
v -3.584515 0.224037 -0.072596
v -3.583898 0.221308 -0.072596
v -3.583104 0.218654 -0.072596
v -3.582135 0.216075 -0.072596
v -3.580989 0.213572 -0.072596
v -3.579667 0.211143 -0.072596
v -3.578168 0.208790 -0.072596
v -3.576494 0.206513 -0.072596
v -3.574642 0.204310 -0.072596
v -3.572615 0.202183 -0.072596
v -3.570463 0.200180 -0.072596
v -3.568238 0.198352 -0.072596
v -3.565940 0.196697 -0.072596
v -3.563569 0.195217 -0.072596
v -3.561125 0.193911 -0.072596
v -3.558607 0.192779 -0.072596
v -3.556017 0.191822 -0.072596
v -3.553353 0.191038 -0.072596
v -3.550617 0.190428 -0.072596
v -3.547807 0.189993 -0.072596
v -3.544924 0.189732 -0.072596
v -3.541967 0.189645 -0.072596
v -3.405442 0.189645 -0.072596
v -3.402488 0.189732 -0.072596
v -3.399607 0.189993 -0.072596
v -3.396803 0.190428 -0.072596
v -3.394074 0.191038 -0.072596
v -3.391420 0.191822 -0.072596
v -3.388841 0.192779 -0.072596
v -3.386338 0.193911 -0.072596
v -3.383909 0.195217 -0.072596
v -3.381556 0.196697 -0.072596
v -3.379279 0.198352 -0.072596
v -3.377076 0.200180 -0.072596
v -3.374949 0.202183 -0.072596
v -3.372946 0.204310 -0.072596
v -3.371118 0.206513 -0.072596
v -3.369463 0.208790 -0.072596
v -3.367983 0.211143 -0.072596
v -3.366677 0.213572 -0.072596
v -3.365545 0.216075 -0.072596
v -3.364588 0.218654 -0.072596
v -3.363804 0.221308 -0.072596
v -3.363194 0.224037 -0.072596
v -3.362759 0.226842 -0.072596
v -3.362498 0.229721 -0.072596
v -3.362411 0.232676 -0.072596
v -3.362411 0.369510 -0.072596
v -3.362498 0.372465 -0.072596
v -3.362759 0.375345 -0.072596
v -3.363195 0.378150 -0.072596
v -3.363804 0.380879 -0.072596
v -3.364588 0.383533 -0.072596
v -3.365546 0.386112 -0.072596
v -3.366677 0.388615 -0.072596
v -3.367983 0.391043 -0.072596
v -3.369463 0.393396 -0.072596
v -3.371118 0.395674 -0.072596
v -3.372947 0.397877 -0.072596
v -3.374949 0.400004 -0.072596
v -3.377076 0.402007 -0.072596
v -3.379279 0.403835 -0.072596
v -3.381556 0.405489 -0.072596
v -3.383909 0.406970 -0.072596
v -3.386338 0.408276 -0.072596
v -3.388841 0.409407 -0.072596
v -3.391420 0.410365 -0.072596
v -3.394074 0.411149 -0.072596
v -3.396803 0.411758 -0.072596
v -3.399607 0.412194 -0.072596
v -3.402488 0.412455 -0.072596
v -3.405442 0.412542 -0.072596
v -3.541967 0.412542 -0.072596
v -3.544923 0.412455 -0.072596
v -3.547806 0.412194 -0.072596
v -3.550616 0.411758 -0.072596
v -3.553352 0.411149 -0.072596
v -3.556016 0.410365 -0.072596
v -3.558606 0.409407 -0.072596
v -3.561124 0.408276 -0.072596
v -3.563568 0.406970 -0.072596
v -3.565939 0.405489 -0.072596
v -3.568238 0.403835 -0.072596
v -3.570462 0.402007 -0.072596
v -3.572615 0.400004 -0.072596
v -3.574642 0.397877 -0.072596
v -3.576494 0.395674 -0.072596
v -3.578168 0.393396 -0.072596
v -3.579667 0.391043 -0.072596
v -3.580989 0.388615 -0.072596
v -3.582135 0.386112 -0.072596
v -3.583104 0.383533 -0.072596
v -3.583898 0.380879 -0.072596
v -3.584515 0.378150 -0.072596
v -3.584955 0.375345 -0.072596
v -3.585220 0.372465 -0.072596
v -2.965119 0.160133 0.000002
v -2.965119 0.600500 0.000002
v -3.076045 0.600500 0.000002
v -3.076045 0.000000 0.000002
v -2.955945 0.000000 0.000002
v -2.585636 0.440367 0.000002
v -2.585636 0.000000 0.000002
v -2.475545 0.000000 0.000002
v -2.475545 0.600500 0.000002
v -2.595645 0.600500 0.000002
v -1.895895 0.600500 0.000002
v -2.263702 0.600500 0.000002
v -2.271665 0.600266 0.000002
v -2.279432 0.599562 0.000002
v -2.287002 0.598389 0.000002
v -2.294375 0.596747 0.000002
v -2.301551 0.594636 0.000002
v -2.308530 0.592056 0.000002
v -2.315312 0.589006 0.000002
v -2.321897 0.585488 0.000002
v -2.328285 0.581500 0.000002
v -2.334476 0.577043 0.000002
v -2.340471 0.572117 0.000002
v -2.346270 0.566722 0.000002
v -2.351732 0.560991 0.000002
v -2.356719 0.555057 0.000002
v -2.361231 0.548921 0.000002
v -2.365268 0.542582 0.000002
v -2.368829 0.536040 0.000002
v -2.371917 0.529295 0.000002
v -2.374529 0.522348 0.000002
v -2.376666 0.515198 0.000002
v -2.378328 0.507845 0.000002
v -2.379515 0.500290 0.000002
v -2.380228 0.492531 0.000002
v -2.380466 0.484570 0.000002
v -2.380466 0.000000 0.000002
v -2.269540 0.000000 0.000002
v -2.269540 0.201835 0.000002
v -1.890057 0.201835 0.000002
v -1.890057 0.000000 0.000002
v -1.779965 0.000000 0.000002
v -1.779965 0.484570 0.000002
v -1.780200 0.492531 0.000002
v -1.780904 0.500290 0.000002
v -1.782077 0.507845 0.000002
v -1.783719 0.515198 0.000002
v -1.785830 0.522348 0.000002
v -1.788410 0.529295 0.000002
v -1.791459 0.536040 0.000002
v -1.794978 0.542582 0.000002
v -1.798966 0.548921 0.000002
v -1.803423 0.555057 0.000002
v -1.808348 0.560991 0.000002
v -1.813743 0.566722 0.000002
v -1.819474 0.572117 0.000002
v -1.825408 0.577043 0.000002
v -1.831545 0.581500 0.000002
v -1.837884 0.585488 0.000002
v -1.844425 0.589006 0.000002
v -1.851170 0.592056 0.000002
v -1.858117 0.594636 0.000002
v -1.865268 0.596747 0.000002
v -1.872620 0.598389 0.000002
v -1.880176 0.599562 0.000002
v -1.887934 0.600266 0.000002
v -1.890057 0.311927 0.000002
v -2.269540 0.311927 0.000002
v -2.269540 0.484570 0.000002
v -2.269499 0.485503 0.000002
v -2.269377 0.486354 0.000002
v -2.269175 0.487125 0.000002
v -2.268891 0.487814 0.000002
v -2.268526 0.488422 0.000002
v -2.268080 0.488949 0.000002
v -2.267554 0.489395 0.000002
v -2.266946 0.489760 0.000002
v -2.266257 0.490044 0.000002
v -2.265486 0.490247 0.000002
v -2.264635 0.490368 0.000002
v -2.263702 0.490409 0.000002
v -1.895895 0.490409 0.000002
v -1.894963 0.490368 0.000002
v -1.894111 0.490247 0.000002
v -1.893340 0.490044 0.000002
v -1.892651 0.489760 0.000002
v -1.892043 0.489395 0.000002
v -1.891516 0.488949 0.000002
v -1.891071 0.488422 0.000002
v -1.890706 0.487814 0.000002
v -1.890422 0.487125 0.000002
v -1.890219 0.486354 0.000002
v -1.890098 0.485503 0.000002
v -1.890057 0.484570 0.000002
v -1.686554 0.484570 0.000002
v -1.686554 0.437865 0.000002
v -1.575628 0.437865 0.000002
v -1.575628 0.484570 0.000002
v -1.575588 0.485503 0.000002
v -1.575466 0.486354 0.000002
v -1.575263 0.487125 0.000002
v -1.574980 0.487814 0.000002
v -1.574615 0.488422 0.000002
v -1.574169 0.488949 0.000002
v -1.573642 0.489395 0.000002
v -1.573034 0.489760 0.000002
v -1.572345 0.490044 0.000002
v -1.571575 0.490247 0.000002
v -1.570724 0.490368 0.000002
v -1.569790 0.490409 0.000002
v -1.201983 0.490409 0.000002
v -1.201051 0.490368 0.000002
v -1.200200 0.490247 0.000002
v -1.199430 0.490044 0.000002
v -1.198741 0.489760 0.000002
v -1.198133 0.489395 0.000002
v -1.197606 0.488949 0.000002
v -1.197160 0.488422 0.000002
v -1.196795 0.487814 0.000002
v -1.196512 0.487125 0.000002
v -1.196309 0.486354 0.000002
v -1.196187 0.485503 0.000002
v -1.196145 0.484570 0.000002
v -1.196145 0.115930 0.000002
v -1.196186 0.114997 0.000002
v -1.196307 0.114146 0.000002
v -1.196510 0.113376 0.000002
v -1.196794 0.112686 0.000002
v -1.197159 0.112078 0.000002
v -1.197604 0.111551 0.000002
v -1.198131 0.111105 0.000002
v -1.198739 0.110740 0.000002
v -1.199428 0.110457 0.000002
v -1.200198 0.110254 0.000002
v -1.201050 0.110132 0.000002
v -1.201983 0.110092 0.000002
v -1.569790 0.110092 0.000002
v -1.570722 0.110132 0.000002
v -1.571573 0.110254 0.000002
v -1.572344 0.110457 0.000002
v -1.573033 0.110740 0.000002
v -1.573641 0.111105 0.000002
v -1.574167 0.111551 0.000002
v -1.574613 0.112078 0.000002
v -1.574978 0.112686 0.000002
v -1.575262 0.113376 0.000002
v -1.575464 0.114146 0.000002
v -1.575586 0.114997 0.000002
v -1.575628 0.115930 0.000002
v -1.575628 0.229358 0.000002
v -1.439681 0.229358 0.000002
v -1.439681 0.339450 0.000002
v -1.686554 0.339450 0.000002
v -1.686554 0.115930 0.000002
v -1.686316 0.107969 0.000002
v -1.685604 0.100211 0.000002
v -1.684417 0.092655 0.000002
v -1.682754 0.085303 0.000002
v -1.680617 0.078153 0.000002
v -1.678005 0.071205 0.000002
v -1.674918 0.064461 0.000002
v -1.671356 0.057919 0.000002
v -1.667319 0.051579 0.000002
v -1.662807 0.045443 0.000002
v -1.657820 0.039509 0.000002
v -1.652359 0.033778 0.000002
v -1.646561 0.028383 0.000002
v -1.640567 0.023457 0.000002
v -1.634376 0.019000 0.000002
v -1.627988 0.015013 0.000002
v -1.621403 0.011494 0.000002
v -1.614620 0.008445 0.000002
v -1.607641 0.005864 0.000002
v -1.600466 0.003753 0.000002
v -1.593093 0.002111 0.000002
v -1.585523 0.000938 0.000002
v -1.577756 0.000235 0.000002
v -1.569790 0.000000 0.000002
v -1.201983 0.000000 0.000002
v -1.194022 0.000235 0.000002
v -1.186264 0.000938 0.000002
v -1.178709 0.002111 0.000002
v -1.171356 0.003753 0.000002
v -1.164206 0.005864 0.000002
v -1.157258 0.008445 0.000002
v -1.150514 0.011494 0.000002
v -1.143972 0.015013 0.000002
v -1.137633 0.019000 0.000002
v -1.131497 0.023457 0.000002
v -1.125563 0.028383 0.000002
v -1.119832 0.033778 0.000002
v -1.114436 0.039509 0.000002
v -1.109510 0.045443 0.000002
v -1.105053 0.051579 0.000002
v -1.101065 0.057919 0.000002
v -1.097547 0.064461 0.000002
v -1.094497 0.071205 0.000002
v -1.091917 0.078153 0.000002
v -1.089806 0.085303 0.000002
v -1.088165 0.092655 0.000002
v -1.086992 0.100211 0.000002
v -1.086288 0.107969 0.000002
v -1.086054 0.115930 0.000002
v -1.086054 0.484570 0.000002
v -1.086288 0.492531 0.000002
v -1.086992 0.500290 0.000002
v -1.088165 0.507845 0.000002
v -1.089807 0.515198 0.000002
v -1.091918 0.522348 0.000002
v -1.094498 0.529295 0.000002
v -1.097547 0.536040 0.000002
v -1.101066 0.542582 0.000002
v -1.105054 0.548921 0.000002
v -1.109511 0.555057 0.000002
v -1.114437 0.560991 0.000002
v -1.119832 0.566722 0.000002
v -1.125563 0.572117 0.000002
v -1.131497 0.577043 0.000002
v -1.137633 0.581500 0.000002
v -1.143972 0.585488 0.000002
v -1.150514 0.589006 0.000002
v -1.157258 0.592056 0.000002
v -1.164206 0.594636 0.000002
v -1.171356 0.596747 0.000002
v -1.178709 0.598389 0.000002
v -1.186264 0.599562 0.000002
v -1.194022 0.600266 0.000002
v -1.201983 0.600500 0.000002
v -1.569790 0.600500 0.000002
v -1.577754 0.600266 0.000002
v -1.585521 0.599562 0.000002
v -1.593090 0.598389 0.000002
v -1.600463 0.596747 0.000002
v -1.607639 0.594636 0.000002
v -1.614618 0.592056 0.000002
v -1.621400 0.589006 0.000002
v -1.627985 0.585488 0.000002
v -1.634373 0.581500 0.000002
v -1.640565 0.577043 0.000002
v -1.646559 0.572117 0.000002
v -1.652359 0.566722 0.000002
v -1.657820 0.560991 0.000002
v -1.662807 0.555057 0.000002
v -1.667319 0.548921 0.000002
v -1.671356 0.542582 0.000002
v -1.674918 0.536040 0.000002
v -1.678005 0.529295 0.000002
v -1.680617 0.522348 0.000002
v -1.682754 0.515198 0.000002
v -1.684417 0.507845 0.000002
v -1.685604 0.500290 0.000002
v -1.686316 0.492531 0.000002
v -0.881716 0.160133 0.000001
v -0.881716 0.600500 0.000001
v -0.992642 0.600500 0.000002
v -0.992642 0.000000 0.000002
v -0.872542 0.000000 0.000001
v -0.502234 0.440367 0.000001
v -0.502234 0.000000 0.000001
v -0.392142 0.000000 0.000001
v -0.392142 0.600500 0.000001
v -0.512242 0.600500 0.000001
v 0.184172 0.600500 0.000001
v -0.184469 0.600500 0.000001
v -0.192299 0.600266 0.000001
v -0.199944 0.599562 0.000001
v -0.207404 0.598389 0.000001
v -0.214679 0.596747 0.000001
v -0.221768 0.594636 0.000001
v -0.228672 0.592056 0.000001
v -0.235391 0.589006 0.000001
v -0.241924 0.585488 0.000001
v -0.248272 0.581500 0.000001
v -0.254434 0.577043 0.000001
v -0.260412 0.572117 0.000001
v -0.266204 0.566722 0.000001
v -0.271665 0.560991 0.000001
v -0.276652 0.555057 0.000001
v -0.281164 0.548921 0.000001
v -0.285201 0.542582 0.000001
v -0.288763 0.536040 0.000001
v -0.291850 0.529295 0.000001
v -0.294462 0.522348 0.000001
v -0.296599 0.515198 0.000001
v -0.298261 0.507845 0.000001
v -0.299449 0.500290 0.000001
v -0.300161 0.492531 0.000001
v -0.300399 0.484570 0.000001
v -0.300399 0.115930 0.000001
v -0.300161 0.107969 0.000001
v -0.299449 0.100211 0.000001
v -0.298261 0.092655 0.000001
v -0.296599 0.085303 0.000001
v -0.294462 0.078153 0.000001
v -0.291850 0.071205 0.000001
v -0.288763 0.064461 0.000001
v -0.285201 0.057919 0.000001
v -0.281164 0.051579 0.000001
v -0.276652 0.045443 0.000001
v -0.271665 0.039509 0.000001
v -0.266204 0.033778 0.000001
v -0.260412 0.028383 0.000001
v -0.254435 0.023457 0.000001
v -0.248272 0.019000 0.000001
v -0.241924 0.015013 0.000001
v -0.235391 0.011494 0.000001
v -0.228672 0.008445 0.000001
v -0.221768 0.005864 0.000001
v -0.214679 0.003753 0.000001
v -0.207405 0.002111 0.000001
v -0.199945 0.000938 0.000001
v -0.192300 0.000235 0.000001
v -0.184469 0.000000 0.000001
v 0.184172 0.000000 0.000001
v 0.192133 0.000235 0.000001
v 0.199891 0.000938 0.000001
v 0.207446 0.002111 0.000001
v 0.214799 0.003753 0.000001
v 0.221949 0.005864 0.000001
v 0.228896 0.008445 0.000001
v 0.235641 0.011494 0.000001
v 0.242183 0.015013 0.000001
v 0.248522 0.019000 0.000001
v 0.254658 0.023457 0.000001
v 0.260592 0.028383 0.000001
v 0.266324 0.033778 0.000001
v 0.271719 0.039509 0.000001
v 0.276645 0.045443 0.000001
v 0.281101 0.051579 0.000001
v 0.285089 0.057919 0.000001
v 0.288608 0.064461 0.000001
v 0.291657 0.071205 0.000001
v 0.294237 0.078153 0.000001
v 0.296349 0.085303 0.000001
v 0.297991 0.092655 0.000001
v 0.299163 0.100211 0.000001
v 0.299867 0.107969 0.000001
v 0.300102 0.115930 0.000001
v 0.300102 0.484570 0.000001
v 0.299867 0.492531 0.000001
v 0.299163 0.500290 0.000001
v 0.297991 0.507845 0.000001
v 0.296349 0.515198 0.000001
v 0.294237 0.522348 0.000001
v 0.291657 0.529295 0.000001
v 0.288608 0.536040 0.000001
v 0.285089 0.542582 0.000001
v 0.281101 0.548921 0.000001
v 0.276645 0.555057 0.000001
v 0.271719 0.560991 0.000001
v 0.266324 0.566722 0.000001
v 0.260592 0.572117 0.000001
v 0.254659 0.577043 0.000001
v 0.248522 0.581500 0.000001
v 0.242183 0.585488 0.000001
v 0.235641 0.589006 0.000001
v 0.228897 0.592056 0.000001
v 0.221949 0.594636 0.000001
v 0.214799 0.596747 0.000001
v 0.207447 0.598389 0.000001
v 0.199891 0.599562 0.000001
v 0.192133 0.600266 0.000001
v 0.184172 0.110092 0.000001
v -0.184469 0.110092 0.000001
v -0.185268 0.110132 0.000001
v -0.185998 0.110254 0.000001
v -0.186658 0.110457 0.000001
v -0.187249 0.110740 0.000001
v -0.187770 0.111105 0.000001
v -0.188222 0.111551 0.000001
v -0.188604 0.112078 0.000001
v -0.188917 0.112686 0.000001
v -0.189160 0.113376 0.000001
v -0.189334 0.114146 0.000001
v -0.189438 0.114997 0.000001
v -0.189473 0.115930 0.000001
v -0.189473 0.484570 0.000001
v -0.189438 0.485503 0.000001
v -0.189334 0.486354 0.000001
v -0.189160 0.487125 0.000001
v -0.188917 0.487814 0.000001
v -0.188604 0.488422 0.000001
v -0.188222 0.488949 0.000001
v -0.187770 0.489395 0.000001
v -0.187249 0.489760 0.000001
v -0.186658 0.490044 0.000001
v -0.185998 0.490247 0.000001
v -0.185268 0.490368 0.000001
v -0.184469 0.490409 0.000001
v 0.184172 0.490409 0.000001
v 0.185104 0.490368 0.000001
v 0.185956 0.490247 0.000001
v 0.186726 0.490044 0.000001
v 0.187415 0.489760 0.000001
v 0.188024 0.489395 0.000001
v 0.188551 0.488949 0.000001
v 0.188997 0.488422 0.000001
v 0.189362 0.487814 0.000001
v 0.189645 0.487125 0.000001
v 0.189848 0.486354 0.000001
v 0.189970 0.485503 0.000001
v 0.190010 0.484570 0.000001
v 0.190010 0.115930 0.000001
v 0.189970 0.114997 0.000001
v 0.189848 0.114146 0.000001
v 0.189645 0.113376 0.000001
v 0.189362 0.112686 0.000001
v 0.188997 0.112078 0.000001
v 0.188551 0.111551 0.000001
v 0.188024 0.111105 0.000001
v 0.187415 0.110740 0.000001
v 0.186726 0.110457 0.000001
v 0.185956 0.110254 0.000001
v 0.185104 0.110132 0.000001
v 0.390177 0.484570 0.000001
v 0.390177 0.437865 0.000001
v 0.501103 0.437865 0.000001
v 0.501103 0.484570 0.000001
v 0.501143 0.485503 0.000001
v 0.501265 0.486354 0.000001
v 0.501467 0.487125 0.000001
v 0.501751 0.487814 0.000001
v 0.502116 0.488422 0.000001
v 0.502562 0.488949 0.000001
v 0.503089 0.489395 0.000001
v 0.503697 0.489760 0.000001
v 0.504387 0.490044 0.000001
v 0.505157 0.490247 0.000001
v 0.506008 0.490368 0.000001
v 0.506941 0.490409 0.000001
v 0.874747 0.490409 0.000001
v 0.875680 0.490368 0.000001
v 0.876531 0.490247 0.000001
v 0.877301 0.490044 0.000001
v 0.877991 0.489760 0.000001
v 0.878599 0.489395 0.000001
v 0.879126 0.488949 0.000001
v 0.879572 0.488422 0.000001
v 0.879937 0.487814 0.000001
v 0.880221 0.487125 0.000001
v 0.880423 0.486354 0.000001
v 0.880545 0.485503 0.000001
v 0.880585 0.484570 0.000001
v 0.880585 0.115930 0.000001
v 0.880545 0.114997 0.000001
v 0.880423 0.114146 0.000001
v 0.880221 0.113376 0.000001
v 0.879937 0.112686 0.000001
v 0.879572 0.112078 0.000001
v 0.879126 0.111551 0.000001
v 0.878599 0.111105 0.000001
v 0.877991 0.110740 0.000001
v 0.877301 0.110457 0.000001
v 0.876531 0.110254 0.000001
v 0.875680 0.110132 0.000001
v 0.874747 0.110092 0.000001
v 0.506941 0.110092 0.000001
v 0.506008 0.110132 0.000001
v 0.505157 0.110254 0.000001
v 0.504387 0.110457 0.000001
v 0.503697 0.110740 0.000001
v 0.503089 0.111105 0.000001
v 0.502562 0.111551 0.000001
v 0.502116 0.112078 0.000001
v 0.501751 0.112686 0.000001
v 0.501467 0.113376 0.000001
v 0.501265 0.114146 0.000001
v 0.501143 0.114997 0.000001
v 0.501103 0.115930 0.000001
v 0.501103 0.229358 0.000001
v 0.637049 0.229358 0.000001
v 0.637049 0.339450 0.000001
v 0.390177 0.339450 0.000001
v 0.390177 0.115930 0.000001
v 0.390414 0.107969 0.000001
v 0.391127 0.100211 0.000001
v 0.392314 0.092655 0.000001
v 0.393976 0.085303 0.000001
v 0.396113 0.078153 0.000001
v 0.398726 0.071205 0.000001
v 0.401813 0.064461 0.000001
v 0.405375 0.057919 0.000001
v 0.409411 0.051579 0.000001
v 0.413923 0.045443 0.000001
v 0.418910 0.039509 0.000001
v 0.424372 0.033778 0.000001
v 0.430170 0.028383 0.000001
v 0.436164 0.023457 0.000001
v 0.442356 0.019000 0.000001
v 0.448744 0.015013 0.000001
v 0.455329 0.011494 0.000001
v 0.462112 0.008445 0.000001
v 0.469091 0.005864 0.000001
v 0.476267 0.003753 0.000001
v 0.483640 0.002111 0.000001
v 0.491210 0.000938 0.000001
v 0.498977 0.000235 0.000001
v 0.506941 0.000000 0.000001
v 0.874747 0.000000 0.000001
v 0.882708 0.000235 0.000001
v 0.890466 0.000938 0.000001
v 0.898022 0.002111 0.000001
v 0.905375 0.003753 0.000001
v 0.912525 0.005864 0.000001
v 0.919472 0.008445 0.000001
v 0.926217 0.011494 0.000001
v 0.932759 0.015013 0.000001
v 0.939098 0.019000 0.000001
v 0.945235 0.023457 0.000001
v 0.951168 0.028383 0.000001
v 0.956899 0.033778 0.000001
v 0.962294 0.039509 0.000001
v 0.967220 0.045443 0.000001
v 0.971677 0.051579 0.000001
v 0.975665 0.057919 0.000001
v 0.979183 0.064461 0.000001
v 0.982233 0.071205 0.000001
v 0.984813 0.078153 0.000001
v 0.986924 0.085303 0.000001
v 0.988566 0.092655 0.000001
v 0.989739 0.100211 0.000001
v 0.990443 0.107969 0.000001
v 0.990677 0.115930 0.000001
v 0.990677 0.484570 0.000001
v 0.990443 0.492531 0.000001
v 0.989739 0.500290 0.000001
v 0.988566 0.507845 0.000001
v 0.986924 0.515198 0.000001
v 0.984813 0.522348 0.000001
v 0.982233 0.529295 0.000001
v 0.979183 0.536040 0.000001
v 0.975665 0.542582 0.000001
v 0.971677 0.548921 0.000001
v 0.967220 0.555057 0.000001
v 0.962294 0.560991 0.000001
v 0.956899 0.566722 0.000001
v 0.951168 0.572117 0.000001
v 0.945234 0.577043 0.000001
v 0.939098 0.581500 0.000001
v 0.932759 0.585488 0.000001
v 0.926217 0.589006 0.000001
v 0.919472 0.592056 0.000001
v 0.912525 0.594636 0.000001
v 0.905375 0.596747 0.000001
v 0.898022 0.598389 0.000001
v 0.890466 0.599562 0.000001
v 0.882708 0.600266 0.000001
v 0.874747 0.600500 0.000001
v 0.506941 0.600500 0.000001
v 0.498977 0.600266 0.000001
v 0.491210 0.599562 0.000001
v 0.483640 0.598389 0.000001
v 0.476267 0.596747 0.000001
v 0.469091 0.594636 0.000001
v 0.462111 0.592056 0.000001
v 0.455329 0.589006 0.000001
v 0.448744 0.585488 0.000001
v 0.442355 0.581500 0.000001
v 0.436164 0.577043 0.000001
v 0.430169 0.572117 0.000001
v 0.424372 0.566722 0.000001
v 0.418910 0.560991 0.000001
v 0.413924 0.555057 0.000001
v 0.409412 0.548921 0.000001
v 0.405375 0.542582 0.000001
v 0.401813 0.536040 0.000001
v 0.398726 0.529295 0.000001
v 0.396114 0.522348 0.000001
v 0.393976 0.515198 0.000001
v 0.392314 0.507845 0.000001
v 0.391127 0.500290 0.000001
v 0.390414 0.492531 0.000001
v 1.161653 0.600500 0.000001
v 1.029877 0.600500 0.000001
v 1.307608 0.224354 0.000001
v 1.307608 0.000000 0.000001
v 1.417700 0.000000 0.000001
v 1.417700 0.224354 0.000001
v 1.695431 0.600500 0.000001
v 1.564489 0.600500 0.000001
v 1.362654 0.345288 0.000001
v 2.311778 0.000000 0.000000
v 2.311778 0.601334 0.000000
v 2.201686 0.601334 0.000000
v 2.201686 0.110092 0.000000
v 1.711278 0.110092 0.000001
v 1.711278 0.000000 0.000001
v 2.888926 0.600500 0.000000
v 2.520285 0.600500 0.000000
v 2.512455 0.600266 0.000000
v 2.504809 0.599562 0.000000
v 2.497350 0.598389 0.000000
v 2.490075 0.596747 0.000000
v 2.482986 0.594636 0.000000
v 2.476082 0.592056 0.000000
v 2.469363 0.589006 0.000000
v 2.462830 0.585488 0.000000
v 2.456482 0.581500 0.000000
v 2.450320 0.577043 0.000000
v 2.444342 0.572117 0.000000
v 2.438550 0.566722 0.000000
v 2.433089 0.560991 0.000000
v 2.428102 0.555057 0.000000
v 2.423590 0.548921 0.000000
v 2.419553 0.542582 0.000000
v 2.415991 0.536040 0.000000
v 2.412904 0.529295 0.000000
v 2.410292 0.522348 0.000000
v 2.408155 0.515198 0.000000
v 2.406493 0.507845 0.000000
v 2.405305 0.500290 0.000000
v 2.404593 0.492531 0.000000
v 2.404355 0.484570 0.000000
v 2.404355 0.115930 0.000000
v 2.404593 0.107969 0.000000
v 2.405305 0.100211 0.000000
v 2.406492 0.092655 0.000000
v 2.408155 0.085303 0.000000
v 2.410292 0.078153 0.000000
v 2.412904 0.071205 0.000000
v 2.415991 0.064461 0.000000
v 2.419553 0.057919 0.000000
v 2.423590 0.051579 0.000000
v 2.428102 0.045443 0.000000
v 2.433089 0.039509 0.000000
v 2.438550 0.033778 0.000000
v 2.444342 0.028383 0.000000
v 2.450320 0.023457 0.000000
v 2.456482 0.019000 0.000000
v 2.462830 0.015013 0.000000
v 2.469363 0.011494 0.000000
v 2.476082 0.008445 0.000000
v 2.482986 0.005864 0.000000
v 2.490075 0.003753 0.000000
v 2.497350 0.002111 0.000000
v 2.504809 0.000938 0.000000
v 2.512455 0.000235 0.000000
v 2.520285 0.000000 0.000000
v 2.888926 0.000000 0.000000
v 2.896887 0.000235 0.000000
v 2.904645 0.000938 0.000000
v 2.912200 0.002111 0.000000
v 2.919553 0.003753 0.000000
v 2.926703 0.005864 0.000000
v 2.933650 0.008445 0.000000
v 2.940395 0.011494 0.000000
v 2.946937 0.015013 0.000000
v 2.953276 0.019000 0.000000
v 2.959413 0.023457 0.000000
v 2.965347 0.028383 0.000000
v 2.971078 0.033778 0.000000
v 2.976473 0.039509 0.000000
v 2.981399 0.045443 0.000000
v 2.985856 0.051579 0.000000
v 2.989843 0.057919 0.000000
v 2.993362 0.064461 0.000000
v 2.996411 0.071205 0.000000
v 2.998991 0.078153 0.000000
v 3.001103 0.085303 0.000000
v 3.002745 0.092655 0.000000
v 3.003917 0.100211 0.000000
v 3.004621 0.107969 0.000000
v 3.004856 0.115930 0.000000
v 3.004856 0.484570 0.000000
v 3.004621 0.492531 0.000000
v 3.003918 0.500290 0.000000
v 3.002745 0.507845 0.000000
v 3.001103 0.515198 0.000000
v 2.998991 0.522348 0.000000
v 2.996411 0.529295 0.000000
v 2.993362 0.536040 0.000000
v 2.989843 0.542582 0.000000
v 2.985856 0.548921 0.000000
v 2.981399 0.555057 0.000000
v 2.976473 0.560991 0.000000
v 2.971078 0.566722 0.000000
v 2.965347 0.572117 0.000000
v 2.959413 0.577043 0.000000
v 2.953276 0.581500 0.000000
v 2.946937 0.585488 0.000000
v 2.940395 0.589006 0.000000
v 2.933650 0.592056 0.000000
v 2.926703 0.594636 0.000000
v 2.919553 0.596747 0.000000
v 2.912200 0.598389 0.000000
v 2.904645 0.599562 0.000000
v 2.896887 0.600266 0.000000
v 2.888926 0.110092 0.000000
v 2.520285 0.110092 0.000000
v 2.519486 0.110132 0.000000
v 2.518756 0.110254 0.000000
v 2.518096 0.110457 0.000000
v 2.517505 0.110740 0.000000
v 2.516984 0.111105 0.000000
v 2.516532 0.111551 0.000000
v 2.516150 0.112078 0.000000
v 2.515837 0.112686 0.000000
v 2.515594 0.113376 0.000000
v 2.515420 0.114146 0.000000
v 2.515316 0.114997 0.000000
v 2.515281 0.115930 0.000000
v 2.515281 0.484570 0.000000
v 2.515316 0.485503 0.000000
v 2.515420 0.486354 0.000000
v 2.515594 0.487125 0.000000
v 2.515837 0.487814 0.000000
v 2.516150 0.488422 0.000000
v 2.516532 0.488949 0.000000
v 2.516984 0.489395 0.000000
v 2.517506 0.489760 0.000000
v 2.518096 0.490044 0.000000
v 2.518757 0.490247 0.000000
v 2.519486 0.490368 0.000000
v 2.520285 0.490409 0.000000
v 2.888926 0.490409 0.000000
v 2.889858 0.490368 0.000000
v 2.890710 0.490247 0.000000
v 2.891480 0.490044 0.000000
v 2.892169 0.489760 0.000000
v 2.892777 0.489395 0.000000
v 2.893305 0.488949 0.000000
v 2.893750 0.488422 0.000000
v 2.894115 0.487814 0.000000
v 2.894399 0.487125 0.000000
v 2.894602 0.486354 0.000000
v 2.894723 0.485503 0.000000
v 2.894764 0.484570 0.000000
v 2.894764 0.115930 0.000000
v 2.894723 0.114997 0.000000
v 2.894602 0.114146 0.000000
v 2.894399 0.113376 0.000000
v 2.894115 0.112686 0.000000
v 2.893750 0.112078 0.000000
v 2.893305 0.111551 0.000000
v 2.892777 0.111105 0.000000
v 2.892169 0.110740 0.000000
v 2.891480 0.110457 0.000000
v 2.890710 0.110254 0.000000
v 2.889858 0.110132 0.000000
v 3.662904 0.599666 -0.000000
v 3.179168 0.599666 0.000000
v 3.171204 0.599429 0.000000
v 3.163437 0.598716 0.000000
v 3.155867 0.597529 0.000000
v 3.148494 0.595867 0.000000
v 3.141318 0.593730 0.000000
v 3.134339 0.591118 0.000000
v 3.127556 0.588031 0.000000
v 3.120971 0.584469 0.000000
v 3.114583 0.580432 0.000000
v 3.108391 0.575920 0.000000
v 3.102396 0.570933 0.000000
v 3.096599 0.565471 0.000000
v 3.091137 0.559679 0.000000
v 3.086150 0.553702 0.000000
v 3.081639 0.547540 0.000000
v 3.077602 0.541192 0.000000
v 3.074040 0.534659 0.000000
v 3.070953 0.527940 0.000000
v 3.068341 0.521036 0.000000
v 3.066203 0.513947 0.000000
v 3.064541 0.506672 0.000000
v 3.063354 0.499212 0.000000
v 3.062641 0.491567 0.000000
v 3.062404 0.483736 0.000000
v 3.062404 0.321935 0.000000
v 3.062641 0.314104 0.000000
v 3.063354 0.306459 0.000000
v 3.064541 0.298999 0.000000
v 3.066203 0.291725 0.000000
v 3.068340 0.284635 0.000000
v 3.070952 0.277731 0.000000
v 3.074039 0.271013 0.000000
v 3.077601 0.264480 0.000000
v 3.081638 0.258132 0.000000
v 3.086150 0.251969 0.000000
v 3.091137 0.245992 0.000000
v 3.096599 0.240200 0.000000
v 3.102396 0.234738 0.000000
v 3.108391 0.229752 0.000000
v 3.114583 0.225240 0.000000
v 3.120971 0.221203 0.000000
v 3.127556 0.217641 0.000000
v 3.134339 0.214554 0.000000
v 3.141318 0.211942 0.000000
v 3.148494 0.209804 0.000000
v 3.155867 0.208142 0.000000
v 3.163437 0.206955 0.000000
v 3.171204 0.206242 0.000000
v 3.179168 0.206005 0.000000
v 3.550310 0.205171 0.000000
v 3.552812 0.206005 0.000000
v 3.552812 0.000000 0.000000
v 3.662904 0.000000 0.000000
v 3.173330 0.321935 0.000000
v 3.173330 0.483736 0.000000
v 3.173370 0.484669 0.000000
v 3.173492 0.485520 0.000000
v 3.173694 0.486291 0.000000
v 3.173978 0.486980 0.000000
v 3.174343 0.487588 0.000000
v 3.174789 0.488115 0.000000
v 3.175316 0.488561 0.000000
v 3.175924 0.488926 0.000000
v 3.176614 0.489210 0.000000
v 3.177384 0.489412 0.000000
v 3.178235 0.489534 0.000000
v 3.179168 0.489575 0.000000
v 3.546974 0.489575 0.000000
v 3.547907 0.489534 0.000000
v 3.548758 0.489412 0.000000
v 3.549528 0.489210 0.000000
v 3.550218 0.488926 0.000000
v 3.550826 0.488561 0.000000
v 3.551353 0.488115 0.000000
v 3.551799 0.487588 0.000000
v 3.552164 0.486980 0.000000
v 3.552448 0.486291 0.000000
v 3.552650 0.485520 0.000000
v 3.552772 0.484669 0.000000
v 3.552812 0.483736 0.000000
v 3.552812 0.321935 0.000000
v 3.552772 0.321002 0.000000
v 3.552650 0.320151 0.000000
v 3.552448 0.319381 0.000000
v 3.552164 0.318691 0.000000
v 3.551799 0.318083 0.000000
v 3.551353 0.317556 0.000000
v 3.550826 0.317110 0.000000
v 3.550218 0.316745 0.000000
v 3.549528 0.316462 0.000000
v 3.548758 0.316259 0.000000
v 3.547907 0.316137 0.000000
v 3.546974 0.316097 0.000000
v 3.179168 0.316097 0.000000
v 3.178235 0.316137 0.000000
v 3.177384 0.316259 0.000000
v 3.176613 0.316462 0.000000
v 3.175924 0.316745 0.000000
v 3.175316 0.317110 0.000000
v 3.174789 0.317556 0.000000
v 3.174343 0.318083 0.000000
v 3.173978 0.318691 0.000000
v 3.173694 0.319381 0.000000
v 3.173492 0.320151 0.000000
v 3.173370 0.321002 0.000000
v -3.585308 0.369510 -0.158304
v -3.585308 0.352174 -0.158304
v -3.544134 0.352174 -0.158304
v -3.544134 0.369510 -0.158304
v -3.544119 0.369857 -0.158304
v -3.544074 0.370173 -0.158304
v -3.543998 0.370459 -0.158304
v -3.543893 0.370714 -0.158304
v -3.543758 0.370940 -0.158304
v -3.543592 0.371136 -0.158304
v -3.543397 0.371301 -0.158304
v -3.543171 0.371437 -0.158304
v -3.542915 0.371542 -0.158304
v -3.542629 0.371617 -0.158304
v -3.542313 0.371662 -0.158304
v -3.541967 0.371677 -0.158304
v -3.405442 0.371677 -0.158304
v -3.405096 0.371662 -0.158304
v -3.404780 0.371617 -0.158304
v -3.404495 0.371542 -0.158304
v -3.404239 0.371437 -0.158304
v -3.404013 0.371301 -0.158304
v -3.403817 0.371136 -0.158304
v -3.403652 0.370940 -0.158304
v -3.403517 0.370714 -0.158304
v -3.403411 0.370459 -0.158304
v -3.403336 0.370173 -0.158304
v -3.403291 0.369857 -0.158304
v -3.403275 0.369510 -0.158304
v -3.403275 0.232676 -0.158304
v -3.403291 0.232330 -0.158304
v -3.403335 0.232014 -0.158304
v -3.403411 0.231728 -0.158304
v -3.403516 0.231472 -0.158304
v -3.403651 0.231247 -0.158304
v -3.403817 0.231051 -0.158304
v -3.404012 0.230886 -0.158304
v -3.404238 0.230750 -0.158304
v -3.404494 0.230645 -0.158304
v -3.404780 0.230569 -0.158304
v -3.405096 0.230524 -0.158304
v -3.405442 0.230509 -0.158304
v -3.541967 0.230509 -0.158304
v -3.542313 0.230524 -0.158304
v -3.542629 0.230569 -0.158304
v -3.542915 0.230645 -0.158304
v -3.543171 0.230750 -0.158304
v -3.543396 0.230886 -0.158304
v -3.543592 0.231051 -0.158304
v -3.543757 0.231247 -0.158304
v -3.543893 0.231472 -0.158304
v -3.543998 0.231728 -0.158304
v -3.544073 0.232014 -0.158304
v -3.544118 0.232330 -0.158304
v -3.544134 0.232676 -0.158304
v -3.544134 0.274779 -0.158304
v -3.493673 0.274779 -0.158304
v -3.493673 0.315644 -0.158304
v -3.585308 0.315644 -0.158304
v -3.585308 0.232676 -0.158304
v -3.585220 0.229721 -0.158304
v -3.584955 0.226842 -0.158304
v -3.584515 0.224037 -0.158304
v -3.583898 0.221308 -0.158304
v -3.583104 0.218654 -0.158304
v -3.582135 0.216075 -0.158304
v -3.580989 0.213572 -0.158304
v -3.579667 0.211143 -0.158304
v -3.578168 0.208790 -0.158304
v -3.576494 0.206513 -0.158304
v -3.574642 0.204310 -0.158304
v -3.572615 0.202183 -0.158304
v -3.570463 0.200180 -0.158304
v -3.568238 0.198352 -0.158304
v -3.565940 0.196697 -0.158304
v -3.563569 0.195217 -0.158304
v -3.561125 0.193911 -0.158304
v -3.558607 0.192779 -0.158304
v -3.556017 0.191822 -0.158304
v -3.553353 0.191038 -0.158304
v -3.550617 0.190428 -0.158304
v -3.547807 0.189993 -0.158304
v -3.544924 0.189732 -0.158304
v -3.541967 0.189645 -0.158304
v -3.405442 0.189645 -0.158304
v -3.402488 0.189732 -0.158304
v -3.399607 0.189993 -0.158304
v -3.396803 0.190428 -0.158304
v -3.394074 0.191038 -0.158304
v -3.391420 0.191822 -0.158304
v -3.388841 0.192779 -0.158304
v -3.386338 0.193911 -0.158304
v -3.383909 0.195217 -0.158304
v -3.381556 0.196697 -0.158304
v -3.379279 0.198352 -0.158304
v -3.377076 0.200180 -0.158304
v -3.374949 0.202183 -0.158304
v -3.372946 0.204310 -0.158304
v -3.371118 0.206513 -0.158304
v -3.369463 0.208790 -0.158304
v -3.367983 0.211143 -0.158304
v -3.366677 0.213572 -0.158304
v -3.365545 0.216075 -0.158304
v -3.364588 0.218654 -0.158304
v -3.363804 0.221308 -0.158304
v -3.363194 0.224037 -0.158304
v -3.362759 0.226842 -0.158304
v -3.362498 0.229721 -0.158304
v -3.362411 0.232676 -0.158304
v -3.362411 0.369510 -0.158304
v -3.362498 0.372465 -0.158304
v -3.362759 0.375345 -0.158304
v -3.363195 0.378150 -0.158304
v -3.363804 0.380879 -0.158304
v -3.364588 0.383533 -0.158304
v -3.365546 0.386112 -0.158304
v -3.366677 0.388615 -0.158304
v -3.367983 0.391043 -0.158304
v -3.369463 0.393396 -0.158304
v -3.371118 0.395674 -0.158304
v -3.372947 0.397877 -0.158304
v -3.374949 0.400004 -0.158304
v -3.377076 0.402007 -0.158304
v -3.379279 0.403835 -0.158304
v -3.381556 0.405489 -0.158304
v -3.383909 0.406970 -0.158304
v -3.386338 0.408276 -0.158304
v -3.388841 0.409407 -0.158304
v -3.391420 0.410365 -0.158304
v -3.394074 0.411149 -0.158304
v -3.396803 0.411758 -0.158304
v -3.399607 0.412194 -0.158304
v -3.402488 0.412455 -0.158304
v -3.405442 0.412542 -0.158304
v -3.541967 0.412542 -0.158304
v -3.544923 0.412455 -0.158304
v -3.547806 0.412194 -0.158304
v -3.550616 0.411758 -0.158304
v -3.553352 0.411149 -0.158304
v -3.556016 0.410365 -0.158304
v -3.558606 0.409407 -0.158304
v -3.561124 0.408276 -0.158304
v -3.563568 0.406970 -0.158304
v -3.565939 0.405489 -0.158304
v -3.568238 0.403835 -0.158304
v -3.570462 0.402007 -0.158304
v -3.572615 0.400004 -0.158304
v -3.574642 0.397877 -0.158304
v -3.576494 0.395674 -0.158304
v -3.578168 0.393396 -0.158304
v -3.579667 0.391043 -0.158304
v -3.580989 0.388615 -0.158304
v -3.582135 0.386112 -0.158304
v -3.583104 0.383533 -0.158304
v -3.583898 0.380879 -0.158304
v -3.584515 0.378150 -0.158304
v -3.584955 0.375345 -0.158304
v -3.585220 0.372465 -0.158304
v -2.965119 0.160133 -0.230902
v -2.965119 0.600500 -0.230902
v -3.076045 0.600500 -0.230902
v -3.076045 -0.000000 -0.230902
v -2.955945 -0.000000 -0.230902
v -2.585636 0.440367 -0.230902
v -2.585636 -0.000000 -0.230902
v -2.475545 -0.000000 -0.230902
v -2.475545 0.600500 -0.230902
v -2.595645 0.600500 -0.230902
v -1.895895 0.600500 -0.230903
v -2.263702 0.600500 -0.230903
v -2.271665 0.600266 -0.230903
v -2.279432 0.599562 -0.230903
v -2.287002 0.598389 -0.230903
v -2.294375 0.596747 -0.230903
v -2.301551 0.594636 -0.230903
v -2.308530 0.592056 -0.230903
v -2.315312 0.589006 -0.230903
v -2.321897 0.585488 -0.230903
v -2.328285 0.581500 -0.230903
v -2.334476 0.577043 -0.230903
v -2.340471 0.572117 -0.230903
v -2.346270 0.566722 -0.230903
v -2.351732 0.560991 -0.230903
v -2.356719 0.555057 -0.230903
v -2.361231 0.548921 -0.230903
v -2.365268 0.542582 -0.230903
v -2.368829 0.536040 -0.230903
v -2.371917 0.529295 -0.230903
v -2.374529 0.522348 -0.230902
v -2.376666 0.515198 -0.230902
v -2.378328 0.507845 -0.230902
v -2.379515 0.500290 -0.230902
v -2.380228 0.492531 -0.230902
v -2.380466 0.484570 -0.230902
v -2.380466 -0.000000 -0.230902
v -2.269540 -0.000000 -0.230903
v -2.269540 0.201835 -0.230903
v -1.890057 0.201835 -0.230903
v -1.890057 -0.000000 -0.230903
v -1.779965 -0.000000 -0.230903
v -1.779965 0.484570 -0.230903
v -1.780200 0.492531 -0.230903
v -1.780904 0.500290 -0.230903
v -1.782077 0.507845 -0.230903
v -1.783719 0.515198 -0.230903
v -1.785830 0.522348 -0.230903
v -1.788410 0.529295 -0.230903
v -1.791459 0.536040 -0.230903
v -1.794978 0.542582 -0.230903
v -1.798966 0.548921 -0.230903
v -1.803423 0.555057 -0.230903
v -1.808348 0.560991 -0.230903
v -1.813743 0.566722 -0.230903
v -1.819474 0.572117 -0.230903
v -1.825408 0.577043 -0.230903
v -1.831545 0.581500 -0.230903
v -1.837884 0.585488 -0.230903
v -1.844425 0.589006 -0.230903
v -1.851170 0.592056 -0.230903
v -1.858117 0.594636 -0.230903
v -1.865268 0.596747 -0.230903
v -1.872620 0.598389 -0.230903
v -1.880176 0.599562 -0.230903
v -1.887934 0.600266 -0.230903
v -1.890057 0.311927 -0.230903
v -2.269540 0.311927 -0.230903
v -2.269540 0.484570 -0.230903
v -2.269499 0.485503 -0.230903
v -2.269377 0.486354 -0.230903
v -2.269175 0.487125 -0.230903
v -2.268891 0.487814 -0.230903
v -2.268526 0.488422 -0.230903
v -2.268080 0.488949 -0.230903
v -2.267554 0.489395 -0.230903
v -2.266946 0.489760 -0.230903
v -2.266257 0.490044 -0.230903
v -2.265486 0.490247 -0.230903
v -2.264635 0.490368 -0.230903
v -2.263702 0.490409 -0.230903
v -1.895895 0.490409 -0.230903
v -1.894963 0.490368 -0.230903
v -1.894111 0.490247 -0.230903
v -1.893340 0.490044 -0.230903
v -1.892651 0.489760 -0.230903
v -1.892043 0.489395 -0.230903
v -1.891516 0.488949 -0.230903
v -1.891071 0.488422 -0.230903
v -1.890706 0.487814 -0.230903
v -1.890422 0.487125 -0.230903
v -1.890219 0.486354 -0.230903
v -1.890098 0.485503 -0.230903
v -1.890057 0.484570 -0.230903
v -1.686554 0.484570 -0.230903
v -1.686554 0.437865 -0.230903
v -1.575628 0.437865 -0.230903
v -1.575628 0.484570 -0.230903
v -1.575588 0.485503 -0.230903
v -1.575466 0.486354 -0.230903
v -1.575263 0.487125 -0.230903
v -1.574980 0.487814 -0.230903
v -1.574615 0.488422 -0.230903
v -1.574169 0.488949 -0.230903
v -1.573642 0.489395 -0.230903
v -1.573034 0.489760 -0.230903
v -1.572345 0.490044 -0.230903
v -1.571575 0.490247 -0.230903
v -1.570724 0.490368 -0.230903
v -1.569790 0.490409 -0.230903
v -1.201983 0.490409 -0.230903
v -1.201051 0.490368 -0.230903
v -1.200200 0.490247 -0.230903
v -1.199430 0.490044 -0.230903
v -1.198741 0.489760 -0.230903
v -1.198133 0.489395 -0.230903
v -1.197606 0.488949 -0.230903
v -1.197160 0.488422 -0.230903
v -1.196795 0.487814 -0.230903
v -1.196512 0.487125 -0.230903
v -1.196309 0.486354 -0.230903
v -1.196187 0.485503 -0.230903
v -1.196145 0.484570 -0.230903
v -1.196145 0.115930 -0.230903
v -1.196186 0.114997 -0.230903
v -1.196307 0.114146 -0.230903
v -1.196510 0.113376 -0.230903
v -1.196794 0.112686 -0.230903
v -1.197159 0.112078 -0.230903
v -1.197604 0.111551 -0.230903
v -1.198131 0.111105 -0.230903
v -1.198739 0.110740 -0.230903
v -1.199428 0.110457 -0.230903
v -1.200198 0.110254 -0.230903
v -1.201050 0.110132 -0.230903
v -1.201983 0.110092 -0.230903
v -1.569790 0.110092 -0.230903
v -1.570722 0.110132 -0.230903
v -1.571573 0.110254 -0.230903
v -1.572344 0.110457 -0.230903
v -1.573033 0.110740 -0.230903
v -1.573641 0.111105 -0.230903
v -1.574167 0.111551 -0.230903
v -1.574613 0.112078 -0.230903
v -1.574978 0.112686 -0.230903
v -1.575262 0.113376 -0.230903
v -1.575464 0.114146 -0.230903
v -1.575586 0.114997 -0.230903
v -1.575628 0.115930 -0.230903
v -1.575628 0.229358 -0.230903
v -1.439681 0.229358 -0.230903
v -1.439681 0.339450 -0.230903
v -1.686554 0.339450 -0.230903
v -1.686554 0.115930 -0.230903
v -1.686316 0.107969 -0.230903
v -1.685604 0.100211 -0.230903
v -1.684417 0.092655 -0.230903
v -1.682754 0.085303 -0.230903
v -1.680617 0.078153 -0.230903
v -1.678005 0.071205 -0.230903
v -1.674918 0.064461 -0.230903
v -1.671356 0.057919 -0.230903
v -1.667319 0.051579 -0.230903
v -1.662807 0.045443 -0.230903
v -1.657820 0.039509 -0.230903
v -1.652359 0.033778 -0.230903
v -1.646561 0.028383 -0.230903
v -1.640567 0.023457 -0.230903
v -1.634376 0.019000 -0.230903
v -1.627988 0.015013 -0.230903
v -1.621403 0.011494 -0.230903
v -1.614620 0.008445 -0.230903
v -1.607641 0.005864 -0.230903
v -1.600466 0.003753 -0.230903
v -1.593093 0.002111 -0.230903
v -1.585523 0.000938 -0.230903
v -1.577756 0.000235 -0.230903
v -1.569790 -0.000000 -0.230903
v -1.201983 -0.000000 -0.230903
v -1.194022 0.000235 -0.230903
v -1.186264 0.000938 -0.230903
v -1.178709 0.002111 -0.230903
v -1.171356 0.003753 -0.230903
v -1.164206 0.005864 -0.230903
v -1.157258 0.008445 -0.230903
v -1.150514 0.011494 -0.230903
v -1.143972 0.015013 -0.230903
v -1.137633 0.019000 -0.230903
v -1.131497 0.023457 -0.230903
v -1.125563 0.028383 -0.230903
v -1.119832 0.033778 -0.230903
v -1.114436 0.039509 -0.230903
v -1.109510 0.045443 -0.230903
v -1.105053 0.051579 -0.230903
v -1.101065 0.057919 -0.230903
v -1.097547 0.064461 -0.230903
v -1.094497 0.071205 -0.230903
v -1.091917 0.078152 -0.230903
v -1.089806 0.085303 -0.230903
v -1.088165 0.092655 -0.230903
v -1.086992 0.100211 -0.230903
v -1.086288 0.107969 -0.230903
v -1.086054 0.115930 -0.230903
v -1.086054 0.484570 -0.230903
v -1.086288 0.492531 -0.230903
v -1.086992 0.500290 -0.230903
v -1.088165 0.507845 -0.230903
v -1.089807 0.515198 -0.230903
v -1.091918 0.522348 -0.230903
v -1.094498 0.529295 -0.230903
v -1.097547 0.536040 -0.230903
v -1.101066 0.542582 -0.230903
v -1.105054 0.548921 -0.230903
v -1.109511 0.555057 -0.230903
v -1.114437 0.560991 -0.230903
v -1.119832 0.566722 -0.230903
v -1.125563 0.572117 -0.230903
v -1.131497 0.577043 -0.230903
v -1.137633 0.581500 -0.230903
v -1.143972 0.585488 -0.230903
v -1.150514 0.589006 -0.230903
v -1.157258 0.592056 -0.230903
v -1.164206 0.594636 -0.230903
v -1.171356 0.596747 -0.230903
v -1.178709 0.598389 -0.230903
v -1.186264 0.599562 -0.230903
v -1.194022 0.600266 -0.230903
v -1.201983 0.600500 -0.230903
v -1.569790 0.600500 -0.230903
v -1.577754 0.600266 -0.230903
v -1.585521 0.599562 -0.230903
v -1.593090 0.598389 -0.230903
v -1.600463 0.596747 -0.230903
v -1.607639 0.594636 -0.230903
v -1.614618 0.592056 -0.230903
v -1.621400 0.589006 -0.230903
v -1.627985 0.585488 -0.230903
v -1.634373 0.581500 -0.230903
v -1.640565 0.577043 -0.230903
v -1.646559 0.572117 -0.230903
v -1.652359 0.566722 -0.230903
v -1.657820 0.560991 -0.230903
v -1.662807 0.555057 -0.230903
v -1.667319 0.548921 -0.230903
v -1.671356 0.542582 -0.230903
v -1.674918 0.536040 -0.230903
v -1.678005 0.529295 -0.230903
v -1.680617 0.522348 -0.230903
v -1.682754 0.515198 -0.230903
v -1.684417 0.507845 -0.230903
v -1.685604 0.500290 -0.230903
v -1.686316 0.492531 -0.230903
v -0.881716 0.160133 -0.230903
v -0.881716 0.600500 -0.230903
v -0.992642 0.600500 -0.230903
v -0.992642 -0.000000 -0.230903
v -0.872542 -0.000000 -0.230903
v -0.502234 0.440367 -0.230903
v -0.502234 -0.000000 -0.230903
v -0.392142 -0.000000 -0.230903
v -0.392142 0.600500 -0.230903
v -0.512242 0.600500 -0.230903
v 0.184172 0.600500 -0.230903
v -0.184469 0.600500 -0.230903
v -0.192299 0.600266 -0.230903
v -0.199944 0.599562 -0.230903
v -0.207404 0.598389 -0.230903
v -0.214679 0.596747 -0.230903
v -0.221768 0.594636 -0.230903
v -0.228672 0.592056 -0.230903
v -0.235391 0.589006 -0.230903
v -0.241924 0.585488 -0.230903
v -0.248272 0.581500 -0.230903
v -0.254434 0.577043 -0.230903
v -0.260412 0.572117 -0.230903
v -0.266204 0.566722 -0.230903
v -0.271665 0.560991 -0.230903
v -0.276652 0.555057 -0.230903
v -0.281164 0.548921 -0.230903
v -0.285201 0.542582 -0.230903
v -0.288763 0.536040 -0.230903
v -0.291850 0.529295 -0.230903
v -0.294462 0.522348 -0.230903
v -0.296599 0.515198 -0.230903
v -0.298261 0.507845 -0.230903
v -0.299449 0.500290 -0.230903
v -0.300161 0.492531 -0.230903
v -0.300399 0.484570 -0.230903
v -0.300399 0.115930 -0.230903
v -0.300161 0.107969 -0.230903
v -0.299449 0.100211 -0.230903
v -0.298261 0.092655 -0.230903
v -0.296599 0.085303 -0.230903
v -0.294462 0.078153 -0.230903
v -0.291850 0.071205 -0.230903
v -0.288763 0.064461 -0.230903
v -0.285201 0.057919 -0.230903
v -0.281164 0.051579 -0.230903
v -0.276652 0.045443 -0.230903
v -0.271665 0.039509 -0.230903
v -0.266204 0.033778 -0.230903
v -0.260412 0.028383 -0.230903
v -0.254435 0.023457 -0.230903
v -0.248272 0.019000 -0.230903
v -0.241924 0.015013 -0.230903
v -0.235391 0.011494 -0.230903
v -0.228672 0.008445 -0.230903
v -0.221768 0.005864 -0.230903
v -0.214679 0.003753 -0.230903
v -0.207405 0.002111 -0.230903
v -0.199945 0.000938 -0.230903
v -0.192300 0.000235 -0.230903
v -0.184469 -0.000000 -0.230903
v 0.184172 -0.000000 -0.230903
v 0.192133 0.000235 -0.230903
v 0.199891 0.000938 -0.230903
v 0.207446 0.002111 -0.230903
v 0.214799 0.003753 -0.230903
v 0.221949 0.005864 -0.230903
v 0.228896 0.008445 -0.230903
v 0.235641 0.011494 -0.230903
v 0.242183 0.015013 -0.230903
v 0.248522 0.019000 -0.230903
v 0.254658 0.023457 -0.230903
v 0.260592 0.028383 -0.230903
v 0.266324 0.033778 -0.230903
v 0.271719 0.039509 -0.230903
v 0.276645 0.045443 -0.230903
v 0.281101 0.051579 -0.230903
v 0.285089 0.057919 -0.230903
v 0.288608 0.064461 -0.230903
v 0.291657 0.071205 -0.230903
v 0.294237 0.078152 -0.230903
v 0.296349 0.085303 -0.230903
v 0.297991 0.092655 -0.230903
v 0.299163 0.100211 -0.230903
v 0.299867 0.107969 -0.230903
v 0.300102 0.115930 -0.230903
v 0.300102 0.484570 -0.230903
v 0.299867 0.492531 -0.230903
v 0.299163 0.500290 -0.230903
v 0.297991 0.507845 -0.230903
v 0.296349 0.515198 -0.230903
v 0.294237 0.522348 -0.230903
v 0.291657 0.529295 -0.230903
v 0.288608 0.536040 -0.230903
v 0.285089 0.542582 -0.230903
v 0.281101 0.548921 -0.230903
v 0.276645 0.555057 -0.230903
v 0.271719 0.560991 -0.230903
v 0.266324 0.566722 -0.230903
v 0.260592 0.572117 -0.230903
v 0.254659 0.577043 -0.230903
v 0.248522 0.581500 -0.230903
v 0.242183 0.585488 -0.230903
v 0.235641 0.589006 -0.230903
v 0.228897 0.592056 -0.230903
v 0.221949 0.594636 -0.230903
v 0.214799 0.596747 -0.230903
v 0.207447 0.598389 -0.230903
v 0.199891 0.599562 -0.230903
v 0.192133 0.600266 -0.230903
v 0.184172 0.110092 -0.230903
v -0.184469 0.110092 -0.230903
v -0.185268 0.110132 -0.230903
v -0.185998 0.110254 -0.230903
v -0.186658 0.110457 -0.230903
v -0.187249 0.110740 -0.230903
v -0.187770 0.111105 -0.230903
v -0.188222 0.111551 -0.230903
v -0.188604 0.112078 -0.230903
v -0.188917 0.112686 -0.230903
v -0.189160 0.113376 -0.230903
v -0.189334 0.114146 -0.230903
v -0.189438 0.114997 -0.230903
v -0.189473 0.115930 -0.230903
v -0.189473 0.484570 -0.230903
v -0.189438 0.485503 -0.230903
v -0.189334 0.486354 -0.230903
v -0.189160 0.487125 -0.230903
v -0.188917 0.487814 -0.230903
v -0.188604 0.488422 -0.230903
v -0.188222 0.488949 -0.230903
v -0.187770 0.489395 -0.230903
v -0.187249 0.489760 -0.230903
v -0.186658 0.490044 -0.230903
v -0.185998 0.490247 -0.230903
v -0.185268 0.490368 -0.230903
v -0.184469 0.490409 -0.230903
v 0.184172 0.490409 -0.230903
v 0.185104 0.490368 -0.230903
v 0.185956 0.490247 -0.230903
v 0.186726 0.490044 -0.230903
v 0.187415 0.489760 -0.230903
v 0.188024 0.489395 -0.230903
v 0.188551 0.488949 -0.230903
v 0.188997 0.488422 -0.230903
v 0.189362 0.487814 -0.230903
v 0.189645 0.487125 -0.230903
v 0.189848 0.486354 -0.230903
v 0.189970 0.485503 -0.230903
v 0.190010 0.484570 -0.230903
v 0.190010 0.115930 -0.230903
v 0.189970 0.114997 -0.230903
v 0.189848 0.114146 -0.230903
v 0.189645 0.113376 -0.230903
v 0.189362 0.112686 -0.230903
v 0.188997 0.112078 -0.230903
v 0.188551 0.111551 -0.230903
v 0.188024 0.111105 -0.230903
v 0.187415 0.110740 -0.230903
v 0.186726 0.110457 -0.230903
v 0.185956 0.110254 -0.230903
v 0.185104 0.110132 -0.230903
v 0.390177 0.484570 -0.230903
v 0.390177 0.437865 -0.230903
v 0.501103 0.437865 -0.230903
v 0.501103 0.484570 -0.230903
v 0.501143 0.485503 -0.230903
v 0.501265 0.486354 -0.230903
v 0.501467 0.487125 -0.230903
v 0.501751 0.487814 -0.230903
v 0.502116 0.488422 -0.230903
v 0.502562 0.488949 -0.230903
v 0.503089 0.489395 -0.230903
v 0.503697 0.489760 -0.230903
v 0.504387 0.490044 -0.230903
v 0.505157 0.490247 -0.230903
v 0.506008 0.490368 -0.230903
v 0.506941 0.490409 -0.230903
v 0.874747 0.490409 -0.230904
v 0.875680 0.490368 -0.230904
v 0.876531 0.490247 -0.230904
v 0.877301 0.490044 -0.230904
v 0.877991 0.489760 -0.230904
v 0.878599 0.489395 -0.230904
v 0.879126 0.488949 -0.230904
v 0.879572 0.488422 -0.230904
v 0.879937 0.487814 -0.230904
v 0.880221 0.487125 -0.230904
v 0.880423 0.486354 -0.230904
v 0.880545 0.485503 -0.230904
v 0.880585 0.484570 -0.230904
v 0.880585 0.115930 -0.230904
v 0.880545 0.114997 -0.230904
v 0.880423 0.114146 -0.230904
v 0.880221 0.113376 -0.230904
v 0.879937 0.112686 -0.230904
v 0.879572 0.112078 -0.230904
v 0.879126 0.111551 -0.230904
v 0.878599 0.111105 -0.230904
v 0.877991 0.110740 -0.230904
v 0.877301 0.110457 -0.230904
v 0.876531 0.110254 -0.230904
v 0.875680 0.110132 -0.230904
v 0.874747 0.110092 -0.230904
v 0.506941 0.110092 -0.230903
v 0.506008 0.110132 -0.230903
v 0.505157 0.110254 -0.230903
v 0.504387 0.110457 -0.230903
v 0.503697 0.110740 -0.230903
v 0.503089 0.111105 -0.230903
v 0.502562 0.111551 -0.230903
v 0.502116 0.112078 -0.230903
v 0.501751 0.112686 -0.230903
v 0.501467 0.113376 -0.230903
v 0.501265 0.114146 -0.230903
v 0.501143 0.114997 -0.230903
v 0.501103 0.115930 -0.230903
v 0.501103 0.229358 -0.230903
v 0.637049 0.229358 -0.230903
v 0.637049 0.339450 -0.230903
v 0.390177 0.339450 -0.230903
v 0.390177 0.115930 -0.230903
v 0.390414 0.107969 -0.230903
v 0.391127 0.100211 -0.230903
v 0.392314 0.092655 -0.230903
v 0.393976 0.085303 -0.230903
v 0.396113 0.078153 -0.230903
v 0.398726 0.071205 -0.230903
v 0.401813 0.064461 -0.230903
v 0.405375 0.057919 -0.230903
v 0.409411 0.051579 -0.230903
v 0.413923 0.045443 -0.230903
v 0.418910 0.039509 -0.230903
v 0.424372 0.033778 -0.230903
v 0.430170 0.028383 -0.230903
v 0.436164 0.023457 -0.230903
v 0.442356 0.019000 -0.230903
v 0.448744 0.015013 -0.230903
v 0.455329 0.011494 -0.230903
v 0.462112 0.008445 -0.230903
v 0.469091 0.005864 -0.230903
v 0.476267 0.003753 -0.230903
v 0.483640 0.002111 -0.230903
v 0.491210 0.000938 -0.230903
v 0.498977 0.000235 -0.230903
v 0.506941 -0.000000 -0.230903
v 0.874747 -0.000000 -0.230904
v 0.882708 0.000235 -0.230904
v 0.890466 0.000938 -0.230904
v 0.898022 0.002111 -0.230904
v 0.905375 0.003753 -0.230904
v 0.912525 0.005864 -0.230904
v 0.919472 0.008445 -0.230904
v 0.926217 0.011494 -0.230904
v 0.932759 0.015013 -0.230904
v 0.939098 0.019000 -0.230904
v 0.945235 0.023457 -0.230904
v 0.951168 0.028383 -0.230904
v 0.956899 0.033778 -0.230904
v 0.962294 0.039509 -0.230904
v 0.967220 0.045443 -0.230904
v 0.971677 0.051579 -0.230904
v 0.975665 0.057919 -0.230904
v 0.979183 0.064461 -0.230904
v 0.982233 0.071205 -0.230904
v 0.984813 0.078152 -0.230904
v 0.986924 0.085303 -0.230904
v 0.988566 0.092655 -0.230904
v 0.989739 0.100211 -0.230904
v 0.990443 0.107969 -0.230904
v 0.990677 0.115930 -0.230904
v 0.990677 0.484570 -0.230904
v 0.990443 0.492531 -0.230904
v 0.989739 0.500290 -0.230904
v 0.988566 0.507845 -0.230904
v 0.986924 0.515198 -0.230904
v 0.984813 0.522348 -0.230904
v 0.982233 0.529295 -0.230904
v 0.979183 0.536040 -0.230904
v 0.975665 0.542582 -0.230904
v 0.971677 0.548921 -0.230904
v 0.967220 0.555057 -0.230904
v 0.962294 0.560991 -0.230904
v 0.956899 0.566722 -0.230904
v 0.951168 0.572117 -0.230904
v 0.945234 0.577043 -0.230904
v 0.939098 0.581500 -0.230904
v 0.932759 0.585488 -0.230904
v 0.926217 0.589006 -0.230904
v 0.919472 0.592056 -0.230904
v 0.912525 0.594636 -0.230904
v 0.905375 0.596747 -0.230904
v 0.898022 0.598389 -0.230904
v 0.890466 0.599562 -0.230904
v 0.882708 0.600266 -0.230904
v 0.874747 0.600500 -0.230904
v 0.506941 0.600500 -0.230903
v 0.498977 0.600266 -0.230903
v 0.491210 0.599562 -0.230903
v 0.483640 0.598389 -0.230903
v 0.476267 0.596747 -0.230903
v 0.469091 0.594636 -0.230903
v 0.462111 0.592056 -0.230903
v 0.455329 0.589006 -0.230903
v 0.448744 0.585488 -0.230903
v 0.442355 0.581500 -0.230903
v 0.436164 0.577043 -0.230903
v 0.430169 0.572117 -0.230903
v 0.424372 0.566722 -0.230903
v 0.418910 0.560991 -0.230903
v 0.413924 0.555057 -0.230903
v 0.409412 0.548921 -0.230903
v 0.405375 0.542582 -0.230903
v 0.401813 0.536040 -0.230903
v 0.398726 0.529295 -0.230903
v 0.396114 0.522348 -0.230903
v 0.393976 0.515198 -0.230903
v 0.392314 0.507845 -0.230903
v 0.391127 0.500290 -0.230903
v 0.390414 0.492531 -0.230903
v 1.161653 0.600500 -0.230904
v 1.029877 0.600500 -0.230904
v 1.307608 0.224354 -0.230904
v 1.307608 -0.000000 -0.230904
v 1.417700 -0.000000 -0.230904
v 1.417700 0.224354 -0.230904
v 1.695431 0.600500 -0.230904
v 1.564489 0.600500 -0.230904
v 1.362654 0.345288 -0.230904
v 2.311778 -0.000000 -0.230904
v 2.311778 0.601334 -0.230904
v 2.201686 0.601334 -0.230904
v 2.201686 0.110092 -0.230904
v 1.711278 0.110092 -0.230904
v 1.711278 -0.000000 -0.230904
v 2.888926 0.600500 -0.230904
v 2.520285 0.600500 -0.230904
v 2.512455 0.600266 -0.230904
v 2.504809 0.599562 -0.230904
v 2.497350 0.598389 -0.230904
v 2.490075 0.596747 -0.230904
v 2.482985 0.594636 -0.230904
v 2.476082 0.592056 -0.230904
v 2.469363 0.589006 -0.230904
v 2.462830 0.585488 -0.230904
v 2.456482 0.581500 -0.230904
v 2.450320 0.577043 -0.230904
v 2.444342 0.572117 -0.230904
v 2.438550 0.566722 -0.230904
v 2.433089 0.560991 -0.230904
v 2.428102 0.555057 -0.230904
v 2.423590 0.548921 -0.230904
v 2.419553 0.542582 -0.230904
v 2.415991 0.536040 -0.230904
v 2.412904 0.529295 -0.230904
v 2.410292 0.522348 -0.230904
v 2.408155 0.515198 -0.230904
v 2.406493 0.507845 -0.230904
v 2.405305 0.500290 -0.230904
v 2.404593 0.492531 -0.230904
v 2.404355 0.484570 -0.230904
v 2.404355 0.115930 -0.230904
v 2.404593 0.107969 -0.230904
v 2.405305 0.100211 -0.230904
v 2.406492 0.092655 -0.230904
v 2.408154 0.085303 -0.230904
v 2.410292 0.078153 -0.230904
v 2.412904 0.071205 -0.230904
v 2.415991 0.064461 -0.230904
v 2.419553 0.057919 -0.230904
v 2.423590 0.051579 -0.230904
v 2.428102 0.045443 -0.230904
v 2.433088 0.039509 -0.230904
v 2.438550 0.033778 -0.230904
v 2.444342 0.028383 -0.230904
v 2.450320 0.023457 -0.230904
v 2.456482 0.019000 -0.230904
v 2.462830 0.015013 -0.230904
v 2.469363 0.011494 -0.230904
v 2.476082 0.008445 -0.230904
v 2.482985 0.005864 -0.230904
v 2.490075 0.003753 -0.230904
v 2.497350 0.002111 -0.230904
v 2.504809 0.000938 -0.230904
v 2.512455 0.000235 -0.230904
v 2.520285 -0.000000 -0.230904
v 2.888926 -0.000000 -0.230904
v 2.896887 0.000235 -0.230904
v 2.904645 0.000938 -0.230904
v 2.912200 0.002111 -0.230904
v 2.919553 0.003753 -0.230904
v 2.926703 0.005864 -0.230904
v 2.933650 0.008445 -0.230904
v 2.940395 0.011494 -0.230904
v 2.946937 0.015013 -0.230904
v 2.953276 0.019000 -0.230904
v 2.959413 0.023457 -0.230904
v 2.965347 0.028383 -0.230904
v 2.971077 0.033778 -0.230904
v 2.976473 0.039509 -0.230904
v 2.981399 0.045443 -0.230904
v 2.985856 0.051579 -0.230904
v 2.989843 0.057919 -0.230904
v 2.993362 0.064461 -0.230904
v 2.996411 0.071205 -0.230904
v 2.998991 0.078152 -0.230904
v 3.001103 0.085303 -0.230904
v 3.002745 0.092655 -0.230904
v 3.003917 0.100211 -0.230904
v 3.004621 0.107969 -0.230904
v 3.004856 0.115930 -0.230904
v 3.004856 0.484570 -0.230904
v 3.004621 0.492531 -0.230904
v 3.003917 0.500290 -0.230904
v 3.002745 0.507845 -0.230904
v 3.001103 0.515198 -0.230904
v 2.998991 0.522348 -0.230904
v 2.996411 0.529295 -0.230904
v 2.993362 0.536040 -0.230904
v 2.989843 0.542582 -0.230904
v 2.985856 0.548921 -0.230904
v 2.981399 0.555057 -0.230904
v 2.976473 0.560991 -0.230904
v 2.971077 0.566722 -0.230904
v 2.965347 0.572117 -0.230904
v 2.959413 0.577043 -0.230904
v 2.953276 0.581500 -0.230904
v 2.946937 0.585488 -0.230904
v 2.940395 0.589006 -0.230904
v 2.933650 0.592056 -0.230904
v 2.926703 0.594636 -0.230904
v 2.919553 0.596747 -0.230904
v 2.912200 0.598389 -0.230904
v 2.904645 0.599562 -0.230904
v 2.896887 0.600266 -0.230904
v 2.888926 0.110092 -0.230904
v 2.520285 0.110092 -0.230904
v 2.519486 0.110132 -0.230904
v 2.518756 0.110254 -0.230904
v 2.518096 0.110457 -0.230904
v 2.517505 0.110740 -0.230904
v 2.516984 0.111105 -0.230904
v 2.516532 0.111551 -0.230904
v 2.516150 0.112078 -0.230904
v 2.515837 0.112686 -0.230904
v 2.515594 0.113376 -0.230904
v 2.515420 0.114146 -0.230904
v 2.515316 0.114997 -0.230904
v 2.515281 0.115930 -0.230904
v 2.515281 0.484570 -0.230904
v 2.515316 0.485503 -0.230904
v 2.515420 0.486354 -0.230904
v 2.515594 0.487125 -0.230904
v 2.515837 0.487814 -0.230904
v 2.516150 0.488422 -0.230904
v 2.516532 0.488949 -0.230904
v 2.516984 0.489395 -0.230904
v 2.517506 0.489760 -0.230904
v 2.518096 0.490044 -0.230904
v 2.518757 0.490247 -0.230904
v 2.519486 0.490368 -0.230904
v 2.520285 0.490409 -0.230904
v 2.888926 0.490409 -0.230904
v 2.889858 0.490368 -0.230904
v 2.890710 0.490247 -0.230904
v 2.891480 0.490044 -0.230904
v 2.892169 0.489760 -0.230904
v 2.892777 0.489395 -0.230904
v 2.893304 0.488949 -0.230904
v 2.893750 0.488422 -0.230904
v 2.894115 0.487814 -0.230904
v 2.894399 0.487125 -0.230904
v 2.894602 0.486354 -0.230904
v 2.894723 0.485503 -0.230904
v 2.894764 0.484570 -0.230904
v 2.894764 0.115930 -0.230904
v 2.894723 0.114997 -0.230904
v 2.894602 0.114146 -0.230904
v 2.894399 0.113376 -0.230904
v 2.894115 0.112686 -0.230904
v 2.893750 0.112078 -0.230904
v 2.893304 0.111551 -0.230904
v 2.892777 0.111105 -0.230904
v 2.892169 0.110740 -0.230904
v 2.891480 0.110457 -0.230904
v 2.890710 0.110254 -0.230904
v 2.889858 0.110132 -0.230904
v 3.662904 0.599666 -0.230904
v 3.179168 0.599666 -0.230904
v 3.171204 0.599429 -0.230904
v 3.163437 0.598716 -0.230904
v 3.155867 0.597529 -0.230904
v 3.148494 0.595867 -0.230904
v 3.141318 0.593730 -0.230904
v 3.134339 0.591118 -0.230904
v 3.127556 0.588031 -0.230904
v 3.120971 0.584469 -0.230904
v 3.114583 0.580432 -0.230904
v 3.108391 0.575920 -0.230904
v 3.102396 0.570933 -0.230904
v 3.096599 0.565471 -0.230904
v 3.091137 0.559679 -0.230904
v 3.086150 0.553702 -0.230904
v 3.081639 0.547540 -0.230904
v 3.077602 0.541192 -0.230904
v 3.074040 0.534659 -0.230904
v 3.070953 0.527940 -0.230904
v 3.068341 0.521036 -0.230904
v 3.066203 0.513947 -0.230904
v 3.064541 0.506672 -0.230904
v 3.063354 0.499212 -0.230904
v 3.062641 0.491567 -0.230904
v 3.062404 0.483736 -0.230904
v 3.062404 0.321935 -0.230904
v 3.062641 0.314104 -0.230904
v 3.063354 0.306459 -0.230904
v 3.064541 0.298999 -0.230904
v 3.066203 0.291725 -0.230904
v 3.068340 0.284635 -0.230904
v 3.070952 0.277731 -0.230904
v 3.074039 0.271013 -0.230904
v 3.077601 0.264480 -0.230904
v 3.081638 0.258132 -0.230904
v 3.086150 0.251969 -0.230904
v 3.091137 0.245992 -0.230904
v 3.096599 0.240200 -0.230904
v 3.102396 0.234738 -0.230904
v 3.108391 0.229752 -0.230904
v 3.114583 0.225240 -0.230904
v 3.120971 0.221203 -0.230904
v 3.127556 0.217641 -0.230904
v 3.134339 0.214554 -0.230904
v 3.141318 0.211942 -0.230904
v 3.148494 0.209804 -0.230904
v 3.155867 0.208142 -0.230904
v 3.163437 0.206955 -0.230904
v 3.171204 0.206242 -0.230904
v 3.179168 0.206005 -0.230904
v 3.550310 0.205171 -0.230904
v 3.552812 0.206005 -0.230904
v 3.552812 -0.000000 -0.230904
v 3.662904 -0.000000 -0.230904
v 3.173329 0.321935 -0.230904
v 3.173329 0.483736 -0.230904
v 3.173370 0.484669 -0.230904
v 3.173492 0.485520 -0.230904
v 3.173694 0.486291 -0.230904
v 3.173978 0.486980 -0.230904
v 3.174343 0.487588 -0.230904
v 3.174789 0.488115 -0.230904
v 3.175316 0.488561 -0.230904
v 3.175924 0.488926 -0.230904
v 3.176613 0.489210 -0.230904
v 3.177384 0.489412 -0.230904
v 3.178235 0.489534 -0.230904
v 3.179168 0.489575 -0.230904
v 3.546974 0.489575 -0.230904
v 3.547907 0.489534 -0.230904
v 3.548758 0.489412 -0.230904
v 3.549528 0.489210 -0.230904
v 3.550218 0.488926 -0.230904
v 3.550826 0.488561 -0.230904
v 3.551353 0.488115 -0.230904
v 3.551799 0.487588 -0.230904
v 3.552164 0.486980 -0.230904
v 3.552448 0.486291 -0.230904
v 3.552650 0.485520 -0.230904
v 3.552772 0.484669 -0.230904
v 3.552812 0.483736 -0.230904
v 3.552812 0.321935 -0.230904
v 3.552772 0.321002 -0.230904
v 3.552650 0.320151 -0.230904
v 3.552448 0.319381 -0.230904
v 3.552164 0.318691 -0.230904
v 3.551799 0.318083 -0.230904
v 3.551353 0.317556 -0.230904
v 3.550826 0.317110 -0.230904
v 3.550218 0.316745 -0.230904
v 3.549528 0.316462 -0.230904
v 3.548758 0.316259 -0.230904
v 3.547907 0.316137 -0.230904
v 3.546974 0.316097 -0.230904
v 3.179168 0.316097 -0.230904
v 3.178235 0.316137 -0.230904
v 3.177384 0.316259 -0.230904
v 3.176613 0.316462 -0.230904
v 3.175924 0.316745 -0.230904
v 3.175316 0.317110 -0.230904
v 3.174789 0.317556 -0.230904
v 3.174343 0.318083 -0.230904
v 3.173978 0.318691 -0.230904
v 3.173694 0.319381 -0.230904
v 3.173491 0.320151 -0.230904
v 3.173370 0.321002 -0.230904
vn -0.0000 -0.0000 1.0000
vn -0.0000 -0.0000 -1.0000
vn 0.3482 0.9374 -0.0000
vn -0.4713 0.8819 -0.0000
vn -0.8576 -0.5143 -0.0000
vn 0.2545 -0.9671 -0.0000
vn -0.9957 -0.0928 -0.0000
vn 0.4738 0.8807 -0.0000
vn 0.8576 -0.5143 -0.0000
vn -0.9876 -0.1572 -0.0000
vn -0.4133 0.9106 -0.0000
vn -0.3810 -0.9246 -0.0000
vn 0.4120 0.9112 -0.0000
vn -0.5296 0.8482 -0.0000
vn -0.9247 -0.3806 -0.0000
vn 0.3810 -0.9246 -0.0000
vn -0.9749 -0.2228 -0.0000
vn 0.5324 0.8465 -0.0000
vn 0.9247 -0.3806 -0.0000
vn -0.9574 -0.2886 -0.0000
vn -0.4742 0.8804 -0.0000
vn -0.5145 -0.8575 -0.0000
vn 0.4737 0.8807 -0.0000
vn -0.5842 0.8116 -0.0000
vn -0.9671 -0.2544 -0.0000
vn 0.5145 -0.8575 -0.0000
vn -0.9353 -0.3539 -0.0000
vn 0.5877 0.8091 -0.0000
vn 0.9670 -0.2547 -0.0000
vn -0.9087 -0.4175 -0.0000
vn -0.5319 0.8468 -0.0000
vn -0.6463 -0.7631 -0.0000
vn 0.5325 0.8465 -0.0000
vn -0.6348 0.7727 -0.0000
vn -0.9899 -0.1417 -0.0000
vn 0.6459 -0.7634 -0.0000
vn -0.8780 -0.4787 -0.0000
vn 0.6388 0.7694 -0.0000
vn 0.9900 -0.1414 -0.0000
vn -0.8438 -0.5366 -0.0000
vn -0.5860 0.8103 -0.0000
vn -0.7633 -0.6460 -0.0000
vn -0.6812 0.7321 -0.0000
vn -0.9991 -0.0434 -0.0000
vn 0.7637 -0.6456 -0.0000
vn -0.8069 -0.5907 -0.0000
vn 0.6854 0.7281 -0.0000
vn 0.9991 -0.0434 -0.0000
vn -0.7679 -0.6406 -0.0000
vn -0.6360 0.7717 -0.0000
vn 0.7282 0.6854 -0.0000
vn 1.0000 -0.0000 -0.0000
vn -0.8574 -0.5146 -0.0000
vn 0.6387 0.7694 -0.0000
vn 0.8574 -0.5146 -0.0000
vn -0.7275 -0.6861 -0.0000
vn -0.7239 0.6899 -0.0000
vn -1.0000 -0.0000 -0.0000
vn -0.6857 -0.7279 -0.0000
vn -0.6816 0.7317 -0.0000
vn -0.9249 -0.3803 -0.0000
vn -0.7655 0.6434 -0.0000
vn 0.9249 -0.3803 -0.0000
vn -0.6395 -0.7688 -0.0000
vn 0.7693 0.6389 -0.0000
vn -0.0000 -1.0000 -0.0000
vn 0.7281 0.6854 -0.0000
vn -0.5889 -0.8082 -0.0000
vn -0.9670 -0.2547 -0.0000
vn -0.8057 0.5923 -0.0000
vn -0.5342 -0.8454 -0.0000
vn 0.8091 0.5877 -0.0000
vn -0.0000 1.0000 -0.0000
vn -0.4758 -0.8796 -0.0000
vn -0.7656 0.6434 -0.0000
vn -0.9900 -0.1411 -0.0000
vn 0.7694 0.6387 -0.0000
vn -0.8435 0.5372 -0.0000
vn 0.9900 -0.1411 -0.0000
vn -0.4143 -0.9102 -0.0000
vn 0.8465 0.5324 -0.0000
vn -0.3505 -0.9366 -0.0000
vn -0.8057 0.5924 -0.0000
vn -0.9990 -0.0442 -0.0000
vn 0.8091 0.5876 -0.0000
vn -0.8783 0.4782 -0.0000
vn 0.9996 -0.0294 -0.0000
vn 0.9990 -0.0437 -0.0000
vn -0.2854 -0.9584 -0.0000
vn 0.8807 0.4737 -0.0000
vn -0.2199 -0.9755 -0.0000
vn -0.9991 0.0434 -0.0000
vn 0.8464 0.5325 -0.0000
vn -0.9093 0.4162 -0.0000
vn 0.9991 0.0434 -0.0000
vn -0.1550 -0.9879 -0.0000
vn 0.9113 0.4118 -0.0000
vn -0.0913 -0.9958 -0.0000
vn -0.9996 -0.0298 -0.0000
vn -0.9360 0.3519 -0.0000
vn -0.0298 -0.9996 -0.0000
vn 0.9374 0.3483 -0.0000
vn -0.9899 0.1417 -0.0000
vn 0.9900 0.1414 -0.0000
vn 0.3162 -0.9487 -0.0000
vn 0.9112 0.4120 -0.0000
vn -0.9581 0.2864 -0.0000
vn -0.0022 -1.0000 -0.0000
vn 0.9591 0.2832 -0.0000
vn -0.9671 0.2544 -0.0000
vn 0.9670 0.2547 -0.0000
vn -0.9360 0.3520 -0.0000
vn 0.9374 0.3482 -0.0000
vn -0.9754 0.2205 -0.0000
vn 0.9760 0.2179 -0.0000
vn -0.9247 0.3806 -0.0000
vn 0.9247 0.3806 -0.0000
vn -0.9879 0.1553 -0.0000
vn 0.9882 0.1534 -0.0000
vn -0.8576 0.5143 -0.0000
vn 0.0295 0.9996 -0.0000
vn 0.8576 0.5143 -0.0000
vn -0.9958 0.0914 -0.0000
vn 0.9959 0.0904 -0.0000
vn -0.7633 0.6460 -0.0000
vn -0.0294 0.9996 -0.0000
vn 0.7633 0.6460 -0.0000
vn -0.0902 0.9959 -0.0000
vn 0.0903 0.9959 -0.0000
vn 0.0433 -0.9991 -0.0000
vn -0.6459 0.7634 -0.0000
vn 0.6459 0.7634 -0.0000
vn -0.1531 0.9882 -0.0000
vn 0.9959 0.0903 -0.0000
vn -0.9996 0.0299 -0.0000
vn 0.1534 0.9882 -0.0000
vn 0.9996 0.0294 -0.0000
vn -0.5145 0.8575 -0.0000
vn 0.5145 0.8575 -0.0000
vn -0.2174 0.9761 -0.0000
vn -0.0434 -0.9991 -0.0000
vn 0.2179 0.9760 -0.0000
vn -0.9996 0.0298 -0.0000
vn -0.3808 0.9247 -0.0000
vn 0.9996 0.0295 -0.0000
vn 0.3808 0.9247 -0.0000
vn -0.2822 0.9593 -0.0000
vn -0.1413 -0.9900 -0.0000
vn 0.2832 0.9591 -0.0000
vn 0.1416 -0.9899 -0.0000
vn -0.2544 0.9671 -0.0000
vn 0.2544 0.9671 -0.0000
vn -0.3468 0.9380 -0.0000
vn 0.0506 -0.9987 -0.0000
vn -0.2546 -0.9670 -0.0000
vn 0.2546 -0.9670 -0.0000
vn -0.1414 0.9899 -0.0000
vn 0.1414 0.9899 -0.0000
vn -0.1414 -0.9899 -0.0000
vn -0.4101 0.9120 -0.0000
vn 0.1644 -0.9864 -0.0000
vn -0.3816 -0.9243 -0.0000
vn 0.3807 -0.9247 -0.0000
vn -0.0434 0.9991 -0.0000
vn 0.0434 0.9991 -0.0000
vn -0.2545 -0.9671 -0.0000
vn -0.4713 0.8820 -0.0000
vn 0.2935 -0.9560 -0.0000
vn -0.5141 -0.8578 -0.0000
vn 0.5152 -0.8571 -0.0000
vn -0.3808 -0.9247 -0.0000
vn -0.5295 0.8483 -0.0000
vn 0.4331 -0.9013 -0.0000
vn -0.9958 -0.0914 -0.0000
vn 0.6450 -0.7642 -0.0000
vn 0.9959 -0.0903 -0.0000
vn -0.5143 -0.8576 -0.0000
vn 0.5735 -0.8192 -0.0000
vn -0.7634 -0.6459 -0.0000
vn -0.9879 -0.1553 -0.0000
vn 0.7634 -0.6459 -0.0000
vn 0.9882 -0.1534 -0.0000
vn -0.6459 -0.7634 -0.0000
vn -0.6349 0.7726 -0.0000
vn 0.7023 -0.7118 -0.0000
vn -0.8572 -0.5149 -0.0000
vn -0.9754 -0.2205 -0.0000
vn 0.8584 -0.5130 -0.0000
vn 0.9760 -0.2179 -0.0000
vn -0.6811 0.7322 -0.0000
vn 0.8097 -0.5869 -0.0000
vn -0.9242 -0.3819 -0.0000
vn -0.9581 -0.2864 -0.0000
vn 0.9242 -0.3819 -0.0000
vn 0.9591 -0.2832 -0.0000
vn 0.8892 -0.4575 -0.0000
vn -0.9678 -0.2518 -0.0000
vn -0.9360 -0.3519 -0.0000
vn 0.9672 -0.2540 -0.0000
vn 0.9374 -0.3482 -0.0000
vn 0.9430 -0.3327 -0.0000
vn -0.9899 -0.1416 -0.0000
vn -0.9671 0.2545 -0.0000
vn -0.9093 -0.4162 -0.0000
vn 0.7694 0.6388 -0.0000
vn 0.9899 -0.1416 -0.0000
vn 0.9755 0.2202 -0.0000
vn 0.9112 -0.4120 -0.0000
vn -0.8056 0.5924 -0.0000
vn 0.9755 -0.2200 -0.0000
vn -0.9989 -0.0462 -0.0000
vn -0.9247 0.3807 -0.0000
vn -0.8783 -0.4782 -0.0000
vn 0.9990 -0.0442 -0.0000
vn 0.9430 0.3329 -0.0000
vn 0.8807 -0.4737 -0.0000
vn -0.9900 -0.1414 -0.0000
vn -0.8435 0.5371 -0.0000
vn 0.9926 -0.1216 -0.0000
vn -0.8575 0.5145 -0.0000
vn -0.8435 -0.5372 -0.0000
vn 0.8465 0.5325 -0.0000
vn 0.8892 0.4575 -0.0000
vn 0.8464 -0.5325 -0.0000
vn 0.9993 -0.0373 -0.0000
vn -0.7634 0.6459 -0.0000
vn -0.8057 -0.5924 -0.0000
vn 0.8095 0.5871 -0.0000
vn 0.8091 -0.5876 -0.0000
vn -0.7656 -0.6434 -0.0000
vn 0.7025 0.7116 -0.0000
vn 0.7694 -0.6387 -0.0000
vn -0.7239 -0.6899 -0.0000
vn 0.5734 0.8193 -0.0000
vn 0.7281 -0.6854 -0.0000
vn 0.9996 -0.0295 -0.0000
vn 0.6855 -0.7281 -0.0000
vn -0.9581 0.2863 -0.0000
vn 0.4330 0.9014 -0.0000
vn 0.9993 0.0376 -0.0000
vn -0.6812 -0.7321 -0.0000
vn -0.9990 0.0442 -0.0000
vn 0.6387 -0.7694 -0.0000
vn 0.9989 0.0462 -0.0000
vn -0.2545 0.9671 -0.0000
vn 0.2935 0.9559 -0.0000
vn -0.6349 -0.7726 -0.0000
vn -0.9900 0.1414 -0.0000
vn -0.9996 -0.0299 -0.0000
vn 0.5877 -0.8091 -0.0000
vn 0.9926 0.1216 -0.0000
vn -0.9902 0.1395 -0.0000
vn 0.1644 0.9864 -0.0000
vn 0.9899 0.1416 -0.0000
vn -0.5842 -0.8116 -0.0000
vn 0.9755 0.2200 -0.0000
vn -0.5295 -0.8483 -0.0000
vn -0.9666 0.2562 -0.0000
vn 0.0507 0.9987 -0.0000
vn 0.5325 -0.8465 -0.0000
vn 0.9672 0.2541 -0.0000
vn 0.9430 0.3327 -0.0000
vn -0.4713 -0.8820 -0.0000
vn 0.0434 -0.9991 -0.0000
vn -0.9251 0.3797 -0.0000
vn 0.4737 -0.8807 -0.0000
vn 0.9251 0.3797 -0.0000
vn -0.4101 -0.9121 -0.0000
vn -0.8572 0.5150 -0.0000
vn 0.4120 -0.9112 -0.0000
vn 0.8572 0.5150 -0.0000
vn -0.9879 -0.1552 -0.0000
vn -0.0435 -0.9991 -0.0000
vn 0.8097 0.5869 -0.0000
vn -0.3468 -0.9380 -0.0000
vn 0.3482 -0.9374 -0.0000
vn 0.7634 0.6459 -0.0000
vn 0.7023 0.7118 -0.0000
vn -0.2822 -0.9593 -0.0000
vn 0.1415 -0.9899 -0.0000
vn -0.6464 0.7630 -0.0000
vn 0.2832 -0.9591 -0.0000
vn 0.6464 0.7630 -0.0000
vn -0.5143 0.8576 -0.0000
vn -0.2547 -0.9670 -0.0000
vn 0.5735 0.8192 -0.0000
vn -0.2174 -0.9761 -0.0000
vn -0.5152 0.8571 -0.0000
vn 0.2179 -0.9760 -0.0000
vn 0.5141 0.8578 -0.0000
vn 0.4331 0.9013 -0.0000
vn -0.1531 -0.9882 -0.0000
vn 0.3808 -0.9247 -0.0000
vn -0.3797 0.9251 -0.0000
vn 0.1534 -0.9882 -0.0000
vn 0.3806 0.9248 -0.0000
vn 0.2935 0.9560 -0.0000
vn -0.0902 -0.9959 -0.0000
vn 0.5148 -0.8573 -0.0000
vn -0.2552 0.9669 -0.0000
vn 0.0903 -0.9959 -0.0000
vn 0.2552 0.9669 -0.0000
vn -0.0294 -0.9996 -0.0000
vn -0.1413 0.9900 -0.0000
vn 0.0295 -0.9996 -0.0000
vn 0.1413 0.9900 -0.0000
vn -0.8435 -0.5371 -0.0000
vn 0.8045 -0.5940 -0.0000
vn 0.8465 -0.5325 -0.0000
vn 0.0435 0.9991 -0.0000
vn -0.7844 0.6203 -0.0000
vn -0.8577 -0.5141 -0.0000
vn 0.7856 0.6187 -0.0000
vn -0.9246 -0.3809 -0.0000
vn -0.8045 -0.5940 -0.0000
vn 0.9246 -0.3809 -0.0000
vn 0.9959 -0.0904 -0.0000
vn 0.9672 -0.2541 -0.0000
vn 0.6854 -0.7281 -0.0000
vn 0.9899 -0.1417 -0.0000
vn -0.6816 -0.7317 -0.0000
vn -0.9990 -0.0448 -0.0000
vn -0.9581 -0.2865 -0.0000
vn 0.9991 -0.0431 -0.0000
vn -0.6360 -0.7717 -0.0000
vn -0.9360 -0.3520 -0.0000
vn 0.9374 -0.3481 -0.0000
vn -0.5860 -0.8103 -0.0000
vn -0.5319 -0.8468 -0.0000
vn -0.0299 0.9996 -0.0000
vn 0.9112 -0.4121 -0.0000
vn -0.0917 0.9958 -0.0000
vn -0.4742 -0.8804 -0.0000
vn -0.1553 0.9879 -0.0000
vn -0.4133 -0.9106 -0.0000
vn 0.8465 -0.5324 -0.0000
vn -0.2202 0.9755 -0.0000
vn -0.3501 -0.9367 -0.0000
vn -0.8057 -0.5923 -0.0000
vn 0.8091 -0.5877 -0.0000
vn -0.2854 0.9584 -0.0000
vn -0.9991 0.0431 -0.0000
vn 0.9990 0.0448 -0.0000
vn -0.7655 -0.6434 -0.0000
vn -0.3501 0.9367 -0.0000
vn -0.2202 -0.9755 -0.0000
vn 0.7281 -0.6855 -0.0000
vn 0.9899 0.1417 -0.0000
vn -0.1553 -0.9879 -0.0000
vn -0.9672 0.2541 -0.0000
vn -0.6813 -0.7320 -0.0000
vn 0.6388 -0.7694 -0.0000
vn -0.0917 -0.9958 -0.0000
vn -0.9246 0.3809 -0.0000
vn 0.9246 0.3809 -0.0000
vn -0.6350 -0.7726 -0.0000
vn -0.0299 -0.9996 -0.0000
vn -0.8577 0.5141 -0.0000
vn 0.8577 0.5141 -0.0000
vn 0.5876 0.8091 -0.0000
vn 0.5325 -0.8464 -0.0000
vn 0.5324 -0.8465 -0.0000
vn -0.9671 -0.2545 -0.0000
vn -0.9247 -0.3807 -0.0000
vn -0.4712 -0.8820 -0.0000
vn -0.6463 0.7631 -0.0000
vn 0.4738 -0.8807 -0.0000
vn -0.8575 -0.5145 -0.0000
vn 0.6463 0.7631 -0.0000
vn -0.4102 -0.9120 -0.0000
vn -0.3467 -0.9380 -0.0000
vn -0.2547 0.9670 -0.0000
vn 0.2831 -0.9591 -0.0000
vn 0.2547 0.9670 -0.0000
vn -0.0298 0.9996 -0.0000
vn -0.0913 0.9958 -0.0000
vn 0.2180 -0.9760 -0.0000
vn -0.1550 0.9879 -0.0000
vn -0.2199 0.9755 -0.0000
vn -0.3505 0.9366 -0.0000
vn -0.4143 0.9102 -0.0000
vn -0.4758 0.8796 -0.0000
vn -0.5342 0.8454 -0.0000
vn 0.9882 -0.1535 -0.0000
vn -0.5889 0.8082 -0.0000
vn -0.6395 0.7688 -0.0000
vn -0.7661 0.6427 -0.0000
vn -0.6857 0.7279 -0.0000
vn -0.9581 -0.2863 -0.0000
vn -0.7275 0.6861 -0.0000
vn 0.9591 -0.2831 -0.0000
vn -0.1414 -0.9900 -0.0000
vn -0.9879 0.1552 -0.0000
vn -0.7679 0.6406 -0.0000
vn 0.7654 -0.6436 -0.0000
vn -0.8069 0.5907 -0.0000
vn -0.8438 0.5366 -0.0000
vn -0.8780 0.4787 -0.0000
vn -0.9087 0.4175 -0.0000
vn -0.9353 0.3539 -0.0000
vn -0.4101 0.9121 -0.0000
vn -0.9574 0.2886 -0.0000
vn 0.0507 -0.9987 -0.0000
vn -0.8056 -0.5924 -0.0000
vn -0.9749 0.2228 -0.0000
vn -0.9876 0.1572 -0.0000
vn -0.9957 0.0928 -0.0000
vn 0.7694 -0.6388 -0.0000
vn -0.3468 0.9379 -0.0000
vn -0.9995 0.0303 -0.0000
vn 0.4330 -0.9014 -0.0000
vn 0.1414 -0.9900 -0.0000
vn 0.5734 -0.8192 -0.0000
vn -0.6813 0.7320 -0.0000
vn 0.7024 -0.7117 -0.0000
vn 0.8095 -0.5872 -0.0000
vn 0.8575 -0.5145 -0.0000
vn 0.9247 -0.3807 -0.0000
vn 0.8893 -0.4573 -0.0000
vn 0.9671 -0.2545 -0.0000
vn 0.9430 -0.3329 -0.0000
vn 0.9899 -0.1414 -0.0000
vn -0.9991 -0.0435 -0.0000
vn 0.9755 -0.2202 -0.0000
vn -0.3468 -0.9379 -0.0000
vn -0.9899 -0.1414 -0.0000
vn -0.9991 0.0435 -0.0000
vn -0.9995 -0.0303 -0.0000
vn 0.9899 0.1414 -0.0000
vn 0.9671 0.2545 -0.0000
vn 0.9993 0.0368 -0.0000
vn 0.9112 0.4119 -0.0000
vn 0.9247 0.3807 -0.0000
vn -0.9899 0.1414 -0.0000
vn 0.8575 0.5145 -0.0000
vn 0.9760 0.2180 -0.0000
vn 0.1414 -0.9899 -0.0000
vn -0.2544 -0.9671 -0.0000
vn 0.2544 -0.9671 -0.0000
vn 0.2545 0.9671 -0.0000
vn 0.2180 0.9760 -0.0000
vn -0.1414 0.9900 -0.0000
vn 0.1414 0.9900 -0.0000
vn 0.2831 0.9591 -0.0000
vn -0.4100 0.9121 -0.0000
vn 0.7633 -0.6460 -0.0000
vn -0.2543 -0.9671 -0.0000
vt 0.840764 0.000000
vt 0.847134 0.000000
vt 0.853503 0.000000
vt 0.859873 0.000000
vt 0.866242 0.000000
vt 0.834395 0.000000
vt 0.872611 0.000000
vt 0.828025 0.000000
vt 0.878981 0.000000
vt 0.821656 0.000000
vt 0.885350 0.000000
vt 0.815287 0.000000
vt 0.891720 0.000000
vt 0.808917 0.000000
vt 0.898089 0.000000
vt 0.802548 0.000000
vt 0.904459 0.000000
vt 0.796178 0.000000
vt 0.910828 0.000000
vt 0.789809 0.000000
vt 0.917197 0.000000
vt 0.783440 0.000000
vt 0.923567 0.000000
vt 0.777070 0.000000
vt 0.929936 0.000000
vt 0.770701 0.000000
vt 0.764331 0.000000
vt 0.936306 0.000000
vt 0.942675 0.000000
vt 0.757962 0.000000
vt 0.949045 0.000000
vt 0.751592 0.000000
vt 0.955414 0.000000
vt 0.745223 0.000000
vt 0.961783 0.000000
vt 0.738854 0.000000
vt 0.968153 0.000000
vt 0.732484 0.000000
vt 0.974522 0.000000
vt 0.726115 0.000000
vt 0.980892 0.000000
vt 0.719745 0.000000
vt 0.987261 0.000000
vt 0.713376 0.000000
vt 0.993631 0.000000
vt 0.707006 0.000000
vt 1.000000 0.000000
vt 0.700637 0.000000
vt 0.095541 0.000000
vt 0.089172 0.000000
vt 0.000000 0.000000
vt 0.694268 0.000000
vt 0.108280 0.000000
vt 0.101911 0.000000
vt 0.114650 0.000000
vt 0.082803 0.000000
vt 0.121019 0.000000
vt 0.076433 0.000000
vt 0.127389 0.000000
vt 0.070064 0.000000
vt 0.133758 0.000000
vt 0.063694 0.000000
vt 0.140127 0.000000
vt 0.057325 0.000000
vt 0.146497 0.000000
vt 0.050955 0.000000
vt 0.152866 0.000000
vt 0.044586 0.000000
vt 0.159236 0.000000
vt 0.038217 0.000000
vt 0.165605 0.000000
vt 0.031847 0.000000
vt 0.171975 0.000000
vt 0.025478 0.000000
vt 0.178344 0.000000
vt 0.019108 0.000000
vt 0.687898 0.000000
vt 0.184713 0.000000
vt 0.012739 0.000000
vt 0.006369 0.000000
vt 0.356688 0.000000
vt 0.363057 0.000000
vt 0.369427 0.000000
vt 0.350318 0.000000
vt 0.375796 0.000000
vt 0.343949 0.000000
vt 0.681529 0.000000
vt 0.191083 0.000000
vt 0.337580 0.000000
vt 0.382166 0.000000
vt 0.197452 0.000000
vt 0.331210 0.000000
vt 0.203822 0.000000
vt 0.324841 0.000000
vt 0.210191 0.000000
vt 0.318471 0.000000
vt 0.216561 0.000000
vt 0.312102 0.000000
vt 0.222930 0.000000
vt 0.305732 0.000000
vt 0.229299 0.000000
vt 0.299363 0.000000
vt 0.235669 0.000000
vt 0.292994 0.000000
vt 0.242038 0.000000
vt 0.286624 0.000000
vt 0.248408 0.000000
vt 0.280255 0.000000
vt 0.254777 0.000000
vt 0.273885 0.000000
vt 0.261146 0.000000
vt 0.267516 0.000000
vt 0.388535 0.000000
vt 0.675159 0.000000
vt 0.394904 0.000000
vt 0.668790 0.000000
vt 0.401274 0.000000
vt 0.662420 0.000000
vt 0.407643 0.000000
vt 0.656051 0.000000
vt 0.414013 0.000000
vt 0.649682 0.000000
vt 0.420382 0.000000
vt 0.643312 0.000000
vt 0.426752 0.000000
vt 0.636943 0.000000
vt 0.433121 0.000000
vt 0.630573 0.000000
vt 0.439490 0.000000
vt 0.624204 0.000000
vt 0.445860 0.000000
vt 0.617834 0.000000
vt 0.452229 0.000000
vt 0.611465 0.000000
vt 0.605096 0.000000
vt 0.458599 0.000000
vt 0.598726 0.000000
vt 0.464968 0.000000
vt 0.592357 0.000000
vt 0.471338 0.000000
vt 0.477707 0.000000
vt 0.585987 0.000000
vt 0.484076 0.000000
vt 0.579618 0.000000
vt 0.490446 0.000000
vt 0.573248 0.000000
vt 0.496815 0.000000
vt 0.566879 0.000000
vt 0.503185 0.000000
vt 0.560510 0.000000
vt 0.509554 0.000000
vt 0.554140 0.000000
vt 0.515924 0.000000
vt 0.547771 0.000000
vt 0.522293 0.000000
vt 0.541401 0.000000
vt 0.528662 0.000000
vt 0.535032 0.000000
vt 0.777778 0.000000
vt 0.888889 0.000000
vt 0.555556 0.000000
vt 0.111111 0.000000
vt 0.222222 0.000000
vt 0.333333 0.000000
vt 0.666667 0.000000
vt 0.444444 0.000000
vt 0.662651 0.000000
vt 0.012048 0.000000
vt 0.024096 0.000000
vt 0.036145 0.000000
vt 0.650602 0.000000
vt 0.048193 0.000000
vt 0.638554 0.000000
vt 0.060241 0.000000
vt 0.626506 0.000000
vt 0.072289 0.000000
vt 0.614458 0.000000
vt 0.084337 0.000000
vt 0.602410 0.000000
vt 0.096386 0.000000
vt 0.590361 0.000000
vt 0.108434 0.000000
vt 0.578313 0.000000
vt 0.120482 0.000000
vt 0.566265 0.000000
vt 0.132530 0.000000
vt 0.554217 0.000000
vt 0.144578 0.000000
vt 0.542169 0.000000
vt 0.156627 0.000000
vt 0.530120 0.000000
vt 0.518072 0.000000
vt 0.168675 0.000000
vt 0.180723 0.000000
vt 0.506024 0.000000
vt 0.192771 0.000000
vt 0.493976 0.000000
vt 0.204819 0.000000
vt 0.481928 0.000000
vt 0.216867 0.000000
vt 0.469880 0.000000
vt 0.228916 0.000000
vt 0.457831 0.000000
vt 0.240964 0.000000
vt 0.445783 0.000000
vt 0.253012 0.000000
vt 0.433735 0.000000
vt 0.265060 0.000000
vt 0.421687 0.000000
vt 0.277108 0.000000
vt 0.409639 0.000000
vt 0.289157 0.000000
vt 0.397590 0.000000
vt 0.843373 0.000000
vt 0.831325 0.000000
vt 0.301205 0.000000
vt 0.385542 0.000000
vt 0.867470 0.000000
vt 0.855422 0.000000
vt 0.879518 0.000000
vt 0.819277 0.000000
vt 0.891566 0.000000
vt 0.807229 0.000000
vt 0.903614 0.000000
vt 0.795181 0.000000
vt 0.915663 0.000000
vt 0.783133 0.000000
vt 0.927711 0.000000
vt 0.771084 0.000000
vt 0.939759 0.000000
vt 0.759036 0.000000
vt 0.951807 0.000000
vt 0.746988 0.000000
vt 0.963855 0.000000
vt 0.734940 0.000000
vt 0.975904 0.000000
vt 0.722892 0.000000
vt 0.987952 0.000000
vt 0.710843 0.000000
vt 0.698795 0.000000
vt 0.373494 0.000000
vt 0.674699 0.000000
vt 0.686747 0.000000
vt 0.313253 0.000000
vt 0.349398 0.000000
vt 0.337349 0.000000
vt 0.361446 0.000000
vt 0.325301 0.000000
vt 0.655629 0.000000
vt 0.006623 0.000000
vt 0.013245 0.000000
vt 0.019868 0.000000
vt 0.649007 0.000000
vt 0.026490 0.000000
vt 0.642384 0.000000
vt 0.033113 0.000000
vt 0.635762 0.000000
vt 0.039735 0.000000
vt 0.629139 0.000000
vt 0.046358 0.000000
vt 0.622517 0.000000
vt 0.052980 0.000000
vt 0.615894 0.000000
vt 0.059603 0.000000
vt 0.609272 0.000000
vt 0.066225 0.000000
vt 0.602649 0.000000
vt 0.072848 0.000000
vt 0.596026 0.000000
vt 0.079470 0.000000
vt 0.589404 0.000000
vt 0.086093 0.000000
vt 0.582781 0.000000
vt 0.576159 0.000000
vt 0.092715 0.000000
vt 0.099338 0.000000
vt 0.569536 0.000000
vt 0.105960 0.000000
vt 0.562914 0.000000
vt 0.112583 0.000000
vt 0.556291 0.000000
vt 0.119205 0.000000
vt 0.549669 0.000000
vt 0.125828 0.000000
vt 0.543046 0.000000
vt 0.132450 0.000000
vt 0.536424 0.000000
vt 0.139073 0.000000
vt 0.529801 0.000000
vt 0.145695 0.000000
vt 0.523179 0.000000
vt 0.152318 0.000000
vt 0.516556 0.000000
vt 0.158940 0.000000
vt 0.509934 0.000000
vt 0.834437 0.000000
vt 0.165563 0.000000
vt 0.503311 0.000000
vt 0.847682 0.000000
vt 0.841060 0.000000
vt 0.827815 0.000000
vt 0.854305 0.000000
vt 0.821192 0.000000
vt 0.860927 0.000000
vt 0.814570 0.000000
vt 0.867550 0.000000
vt 0.807947 0.000000
vt 0.874172 0.000000
vt 0.801324 0.000000
vt 0.880795 0.000000
vt 0.794702 0.000000
vt 0.887417 0.000000
vt 0.788079 0.000000
vt 0.894040 0.000000
vt 0.781457 0.000000
vt 0.900662 0.000000
vt 0.774834 0.000000
vt 0.907285 0.000000
vt 0.768212 0.000000
vt 0.913907 0.000000
vt 0.761589 0.000000
vt 0.920530 0.000000
vt 0.754967 0.000000
vt 0.496689 0.000000
vt 0.927152 0.000000
vt 0.748344 0.000000
vt 0.172185 0.000000
vt 0.490066 0.000000
vt 0.933775 0.000000
vt 0.741722 0.000000
vt 0.178808 0.000000
vt 0.940397 0.000000
vt 0.735099 0.000000
vt 0.947020 0.000000
vt 0.728477 0.000000
vt 0.953642 0.000000
vt 0.721854 0.000000
vt 0.960265 0.000000
vt 0.715232 0.000000
vt 0.966887 0.000000
vt 0.708609 0.000000
vt 0.973510 0.000000
vt 0.701987 0.000000
vt 0.980132 0.000000
vt 0.695364 0.000000
vt 0.986755 0.000000
vt 0.688742 0.000000
vt 0.993378 0.000000
vt 0.682119 0.000000
vt 0.675497 0.000000
vt 0.662252 0.000000
vt 0.668874 0.000000
vt 0.185430 0.000000
vt 0.483444 0.000000
vt 0.192053 0.000000
vt 0.476821 0.000000
vt 0.198675 0.000000
vt 0.470199 0.000000
vt 0.205298 0.000000
vt 0.463576 0.000000
vt 0.211921 0.000000
vt 0.456954 0.000000
vt 0.218543 0.000000
vt 0.450331 0.000000
vt 0.225166 0.000000
vt 0.443709 0.000000
vt 0.231788 0.000000
vt 0.437086 0.000000
vt 0.238411 0.000000
vt 0.430464 0.000000
vt 0.245033 0.000000
vt 0.423841 0.000000
vt 0.251656 0.000000
vt 0.417219 0.000000
vt 0.410596 0.000000
vt 0.258278 0.000000
vt 0.403974 0.000000
vt 0.264901 0.000000
vt 0.397351 0.000000
vt 0.271523 0.000000
vt 0.278146 0.000000
vt 0.390728 0.000000
vt 0.284768 0.000000
vt 0.384106 0.000000
vt 0.291391 0.000000
vt 0.377483 0.000000
vt 0.298013 0.000000
vt 0.370861 0.000000
vt 0.304636 0.000000
vt 0.364238 0.000000
vt 0.311258 0.000000
vt 0.357616 0.000000
vt 0.317881 0.000000
vt 0.350993 0.000000
vt 0.324503 0.000000
vt 0.344371 0.000000
vt 0.331126 0.000000
vt 0.337748 0.000000
vt 0.625000 0.000000
vt 0.750000 0.000000
vt 0.875000 0.000000
vt 0.125000 0.000000
vt 0.250000 0.000000
vt 0.500000 0.000000
vt 0.375000 0.000000
vt 0.200000 0.000000
vt 0.400000 0.000000
vt 0.600000 0.000000
vt 0.800000 0.000000
vt 0.509434 0.000000
vt 0.745283 0.000000
vt 0.735849 0.000000
vt 0.726415 0.000000
vt 0.716981 0.000000
vt 0.707547 0.000000
vt 0.698113 0.000000
vt 0.688679 0.000000
vt 0.679245 0.000000
vt 0.009434 0.000000
vt 0.018868 0.000000
vt 0.028302 0.000000
vt 0.037736 0.000000
vt 0.047170 0.000000
vt 0.669811 0.000000
vt 0.056604 0.000000
vt 0.066038 0.000000
vt 0.075472 0.000000
vt 0.084906 0.000000
vt 0.094340 0.000000
vt 0.103774 0.000000
vt 0.113208 0.000000
vt 0.122642 0.000000
vt 0.132075 0.000000
vt 0.660377 0.000000
vt 0.141509 0.000000
vt 0.150943 0.000000
vt 0.160377 0.000000
vt 0.169811 0.000000
vt 0.179245 0.000000
vt 0.188679 0.000000
vt 0.198113 0.000000
vt 0.650943 0.000000
vt 0.207547 0.000000
vt 0.216981 0.000000
vt 0.226415 0.000000
vt 0.641509 0.000000
vt 0.632075 0.000000
vt 0.235849 0.000000
vt 0.622642 0.000000
vt 0.613208 0.000000
vt 0.603774 0.000000
vt 0.594340 0.000000
vt 0.584906 0.000000
vt 0.575472 0.000000
vt 0.566038 0.000000
vt 0.556604 0.000000
vt 0.547170 0.000000
vt 0.754717 0.000000
vt 0.537736 0.000000
vt 0.764151 0.000000
vt 0.528302 0.000000
vt 0.773585 0.000000
vt 0.518868 0.000000
vt 0.245283 0.000000
vt 0.783019 0.000000
vt 0.254717 0.000000
vt 0.792453 0.000000
vt 0.990566 0.000000
vt 0.801887 0.000000
vt 0.981132 0.000000
vt 0.811321 0.000000
vt 0.971698 0.000000
vt 0.820755 0.000000
vt 0.962264 0.000000
vt 0.830189 0.000000
vt 0.952830 0.000000
vt 0.839623 0.000000
vt 0.943396 0.000000
vt 0.849057 0.000000
vt 0.933962 0.000000
vt 0.858491 0.000000
vt 0.924528 0.000000
vt 0.867925 0.000000
vt 0.915094 0.000000
vt 0.877358 0.000000
vt 0.905660 0.000000
vt 0.886792 0.000000
vt 0.896226 0.000000
vt 0.490566 0.000000
vt 0.264151 0.000000
vt 0.273585 0.000000
vt 0.283019 0.000000
vt 0.292453 0.000000
vt 0.301887 0.000000
vt 0.311321 0.000000
vt 0.320755 0.000000
vt 0.330189 0.000000
vt 0.339623 0.000000
vt 0.349057 0.000000
vt 0.358491 0.000000
vt 0.367925 0.000000
vt 0.377358 0.000000
vt 0.386792 0.000000
vt 0.396226 0.000000
vt 0.405660 0.000000
vt 0.415094 0.000000
vt 0.424528 0.000000
vt 0.433962 0.000000
vt 0.443396 0.000000
vt 0.452830 0.000000
vt 0.462264 0.000000
vt 0.471698 0.000000
vt 0.481132 0.000000
s 0
usemtl Material.001
f 133/1/1 134/2/1 135/3/1
f 133/1/1 135/3/1 136/4/1
f 133/1/1 136/4/1 137/5/1
f 132/6/1 133/1/1 137/5/1
f 132/6/1 137/5/1 138/7/1
f 131/8/1 132/6/1 138/7/1
f 131/8/1 138/7/1 139/9/1
f 130/10/1 131/8/1 139/9/1
f 130/10/1 139/9/1 140/11/1
f 129/12/1 130/10/1 140/11/1
f 129/12/1 140/11/1 141/13/1
f 128/14/1 129/12/1 141/13/1
f 128/14/1 141/13/1 142/15/1
f 127/16/1 128/14/1 142/15/1
f 127/16/1 142/15/1 143/17/1
f 126/18/1 127/16/1 143/17/1
f 126/18/1 143/17/1 144/19/1
f 125/20/1 126/18/1 144/19/1
f 125/20/1 144/19/1 145/21/1
f 124/22/1 125/20/1 145/21/1
f 124/22/1 145/21/1 146/23/1
f 123/24/1 124/22/1 146/23/1
f 123/24/1 146/23/1 147/25/1
f 122/26/1 123/24/1 147/25/1
f 121/27/1 122/26/1 147/25/1
f 121/27/1 147/25/1 148/28/1
f 121/27/1 148/28/1 149/29/1
f 120/30/1 121/27/1 149/29/1
f 120/30/1 149/29/1 150/31/1
f 119/32/1 120/30/1 150/31/1
f 119/32/1 150/31/1 151/33/1
f 118/34/1 119/32/1 151/33/1
f 118/34/1 151/33/1 152/35/1
f 117/36/1 118/34/1 152/35/1
f 117/36/1 152/35/1 153/37/1
f 116/38/1 117/36/1 153/37/1
f 116/38/1 153/37/1 154/39/1
f 115/40/1 116/38/1 154/39/1
f 115/40/1 154/39/1 155/41/1
f 114/42/1 115/40/1 155/41/1
f 114/42/1 155/41/1 156/43/1
f 113/44/1 114/42/1 156/43/1
f 113/44/1 156/43/1 157/45/1
f 112/46/1 113/44/1 157/45/1
f 112/46/1 157/45/1 158/47/1
f 111/48/1 112/46/1 158/47/1
f 111/48/1 158/47/1 16/49/1
f 16/49/1 158/47/1 15/50/1
f 15/50/1 158/47/1 1/51/1
f 110/52/1 111/48/1 18/53/1
f 18/53/1 111/48/1 17/54/1
f 17/54/1 111/48/1 16/49/1
f 110/52/1 18/53/1 19/55/1
f 14/56/1 15/50/1 1/51/1
f 110/52/1 19/55/1 20/57/1
f 13/58/1 14/56/1 1/51/1
f 110/52/1 20/57/1 21/59/1
f 12/60/1 13/58/1 1/51/1
f 110/52/1 21/59/1 22/61/1
f 11/62/1 12/60/1 1/51/1
f 110/52/1 22/61/1 23/63/1
f 10/64/1 11/62/1 1/51/1
f 110/52/1 23/63/1 24/65/1
f 9/66/1 10/64/1 1/51/1
f 110/52/1 24/65/1 25/67/1
f 8/68/1 9/66/1 1/51/1
f 110/52/1 25/67/1 26/69/1
f 7/70/1 8/68/1 1/51/1
f 110/52/1 26/69/1 27/71/1
f 6/72/1 7/70/1 1/51/1
f 110/52/1 27/71/1 28/73/1
f 5/74/1 6/72/1 1/51/1
f 110/52/1 28/73/1 29/75/1
f 4/76/1 5/74/1 1/51/1
f 109/77/1 110/52/1 29/75/1
f 109/77/1 29/75/1 30/78/1
f 3/79/1 4/76/1 1/51/1
f 3/79/1 1/51/1 2/80/1
f 57/81/1 58/82/1 59/83/1
f 57/81/1 59/83/1 56/84/1
f 56/84/1 59/83/1 60/85/1
f 55/86/1 56/84/1 60/85/1
f 108/87/1 109/77/1 30/78/1
f 108/87/1 30/78/1 31/88/1
f 54/89/1 55/86/1 60/85/1
f 54/89/1 60/85/1 61/90/1
f 108/87/1 31/88/1 32/91/1
f 53/92/1 54/89/1 61/90/1
f 108/87/1 32/91/1 33/93/1
f 52/94/1 53/92/1 61/90/1
f 108/87/1 33/93/1 34/95/1
f 51/96/1 52/94/1 61/90/1
f 108/87/1 34/95/1 35/97/1
f 50/98/1 51/96/1 61/90/1
f 108/87/1 35/97/1 36/99/1
f 49/100/1 50/98/1 61/90/1
f 108/87/1 36/99/1 37/101/1
f 48/102/1 49/100/1 61/90/1
f 108/87/1 37/101/1 38/103/1
f 47/104/1 48/102/1 61/90/1
f 108/87/1 38/103/1 39/105/1
f 46/106/1 47/104/1 61/90/1
f 108/87/1 39/105/1 40/107/1
f 45/108/1 46/106/1 61/90/1
f 108/87/1 40/107/1 41/109/1
f 44/110/1 45/108/1 61/90/1
f 108/87/1 41/109/1 42/111/1
f 43/112/1 44/110/1 61/90/1
f 108/87/1 42/111/1 43/112/1
f 108/87/1 43/112/1 61/90/1
f 108/87/1 61/90/1 62/113/1
f 107/114/1 108/87/1 62/113/1
f 107/114/1 62/113/1 63/115/1
f 106/116/1 107/114/1 63/115/1
f 106/116/1 63/115/1 64/117/1
f 105/118/1 106/116/1 64/117/1
f 105/118/1 64/117/1 65/119/1
f 104/120/1 105/118/1 65/119/1
f 104/120/1 65/119/1 66/121/1
f 103/122/1 104/120/1 66/121/1
f 103/122/1 66/121/1 67/123/1
f 102/124/1 103/122/1 67/123/1
f 102/124/1 67/123/1 68/125/1
f 101/126/1 102/124/1 68/125/1
f 101/126/1 68/125/1 69/127/1
f 100/128/1 101/126/1 69/127/1
f 100/128/1 69/127/1 70/129/1
f 99/130/1 100/128/1 70/129/1
f 99/130/1 70/129/1 71/131/1
f 98/132/1 99/130/1 71/131/1
f 98/132/1 71/131/1 72/133/1
f 97/134/1 98/132/1 72/133/1
f 96/135/1 97/134/1 72/133/1
f 96/135/1 72/133/1 73/136/1
f 95/137/1 96/135/1 73/136/1
f 95/137/1 73/136/1 74/138/1
f 94/139/1 95/137/1 74/138/1
f 94/139/1 74/138/1 75/140/1
f 94/139/1 75/140/1 76/141/1
f 93/142/1 94/139/1 76/141/1
f 93/142/1 76/141/1 77/143/1
f 92/144/1 93/142/1 77/143/1
f 92/144/1 77/143/1 78/145/1
f 91/146/1 92/144/1 78/145/1
f 91/146/1 78/145/1 79/147/1
f 90/148/1 91/146/1 79/147/1
f 90/148/1 79/147/1 80/149/1
f 89/150/1 90/148/1 80/149/1
f 89/150/1 80/149/1 81/151/1
f 88/152/1 89/150/1 81/151/1
f 88/152/1 81/151/1 82/153/1
f 87/154/1 88/152/1 82/153/1
f 87/154/1 82/153/1 83/155/1
f 86/156/1 87/154/1 83/155/1
f 86/156/1 83/155/1 84/157/1
f 85/158/1 86/156/1 84/157/1
f 166/159/1 167/160/1 168/47/1
f 166/159/1 168/47/1 164/161/1
f 164/161/1 168/47/1 159/51/1
f 159/51/1 160/162/1 161/163/1
f 159/51/1 161/163/1 162/164/1
f 166/159/1 164/161/1 165/165/1
f 163/166/1 164/161/1 159/51/1
f 163/166/1 159/51/1 162/164/1
f 224/167/1 169/51/1 170/168/1
f 224/167/1 170/168/1 171/169/1
f 224/167/1 171/169/1 172/170/1
f 223/171/1 224/167/1 172/170/1
f 223/171/1 172/170/1 173/172/1
f 222/173/1 223/171/1 173/172/1
f 222/173/1 173/172/1 174/174/1
f 221/175/1 222/173/1 174/174/1
f 221/175/1 174/174/1 175/176/1
f 220/177/1 221/175/1 175/176/1
f 220/177/1 175/176/1 176/178/1
f 219/179/1 220/177/1 176/178/1
f 219/179/1 176/178/1 177/180/1
f 218/181/1 219/179/1 177/180/1
f 218/181/1 177/180/1 178/182/1
f 217/183/1 218/181/1 178/182/1
f 217/183/1 178/182/1 179/184/1
f 216/185/1 217/183/1 179/184/1
f 216/185/1 179/184/1 180/186/1
f 215/187/1 216/185/1 180/186/1
f 215/187/1 180/186/1 181/188/1
f 214/189/1 215/187/1 181/188/1
f 214/189/1 181/188/1 182/190/1
f 213/191/1 214/189/1 182/190/1
f 212/192/1 213/191/1 182/190/1
f 212/192/1 182/190/1 183/193/1
f 212/192/1 183/193/1 184/194/1
f 211/195/1 212/192/1 184/194/1
f 211/195/1 184/194/1 185/196/1
f 210/197/1 211/195/1 185/196/1
f 210/197/1 185/196/1 186/198/1
f 209/199/1 210/197/1 186/198/1
f 209/199/1 186/198/1 187/200/1
f 208/201/1 209/199/1 187/200/1
f 208/201/1 187/200/1 188/202/1
f 207/203/1 208/201/1 188/202/1
f 207/203/1 188/202/1 189/204/1
f 206/205/1 207/203/1 189/204/1
f 206/205/1 189/204/1 190/206/1
f 205/207/1 206/205/1 190/206/1
f 205/207/1 190/206/1 191/208/1
f 204/209/1 205/207/1 191/208/1
f 204/209/1 191/208/1 192/210/1
f 203/211/1 204/209/1 192/210/1
f 203/211/1 192/210/1 193/212/1
f 202/213/1 203/211/1 193/212/1
f 202/213/1 193/212/1 239/214/1
f 239/214/1 193/212/1 238/215/1
f 238/215/1 193/212/1 194/216/1
f 201/217/1 202/213/1 241/218/1
f 241/218/1 202/213/1 240/219/1
f 240/219/1 202/213/1 239/214/1
f 201/217/1 241/218/1 242/220/1
f 237/221/1 238/215/1 194/216/1
f 201/217/1 242/220/1 243/222/1
f 236/223/1 237/221/1 194/216/1
f 201/217/1 243/222/1 244/224/1
f 235/225/1 236/223/1 194/216/1
f 201/217/1 244/224/1 245/226/1
f 234/227/1 235/225/1 194/216/1
f 201/217/1 245/226/1 246/228/1
f 233/229/1 234/227/1 194/216/1
f 201/217/1 246/228/1 247/230/1
f 232/231/1 233/229/1 194/216/1
f 201/217/1 247/230/1 248/232/1
f 231/233/1 232/231/1 194/216/1
f 201/217/1 248/232/1 249/234/1
f 230/235/1 231/233/1 194/216/1
f 201/217/1 249/234/1 250/236/1
f 229/237/1 230/235/1 194/216/1
f 201/217/1 250/236/1 251/238/1
f 228/239/1 229/237/1 194/216/1
f 201/217/1 251/238/1 252/47/1
f 227/240/1 228/239/1 194/216/1
f 200/241/1 201/217/1 252/47/1
f 200/241/1 252/47/1 225/242/1
f 226/243/1 227/240/1 194/216/1
f 226/243/1 194/216/1 195/244/1
f 200/241/1 225/242/1 198/245/1
f 198/245/1 225/242/1 226/243/1
f 198/245/1 226/243/1 197/246/1
f 197/246/1 226/243/1 195/244/1
f 200/241/1 198/245/1 199/247/1
f 196/248/1 197/246/1 195/244/1
f 385/1/1 386/2/1 387/3/1
f 385/1/1 387/3/1 388/4/1
f 385/1/1 388/4/1 389/5/1
f 384/6/1 385/1/1 389/5/1
f 384/6/1 389/5/1 390/7/1
f 383/8/1 384/6/1 390/7/1
f 383/8/1 390/7/1 391/9/1
f 382/10/1 383/8/1 391/9/1
f 382/10/1 391/9/1 392/11/1
f 381/12/1 382/10/1 392/11/1
f 381/12/1 392/11/1 393/13/1
f 380/14/1 381/12/1 393/13/1
f 380/14/1 393/13/1 394/15/1
f 379/16/1 380/14/1 394/15/1
f 379/16/1 394/15/1 395/17/1
f 378/18/1 379/16/1 395/17/1
f 378/18/1 395/17/1 396/19/1
f 377/20/1 378/18/1 396/19/1
f 377/20/1 396/19/1 397/21/1
f 376/22/1 377/20/1 397/21/1
f 376/22/1 397/21/1 398/23/1
f 375/24/1 376/22/1 398/23/1
f 375/24/1 398/23/1 399/25/1
f 374/26/1 375/24/1 399/25/1
f 373/27/1 374/26/1 399/25/1
f 373/27/1 399/25/1 400/28/1
f 373/27/1 400/28/1 401/29/1
f 372/30/1 373/27/1 401/29/1
f 372/30/1 401/29/1 402/31/1
f 371/32/1 372/30/1 402/31/1
f 371/32/1 402/31/1 403/33/1
f 370/34/1 371/32/1 403/33/1
f 370/34/1 403/33/1 404/35/1
f 369/36/1 370/34/1 404/35/1
f 369/36/1 404/35/1 405/37/1
f 368/38/1 369/36/1 405/37/1
f 368/38/1 405/37/1 406/39/1
f 367/40/1 368/38/1 406/39/1
f 367/40/1 406/39/1 407/41/1
f 366/42/1 367/40/1 407/41/1
f 366/42/1 407/41/1 408/43/1
f 365/44/1 366/42/1 408/43/1
f 365/44/1 408/43/1 409/45/1
f 364/46/1 365/44/1 409/45/1
f 364/46/1 409/45/1 410/47/1
f 363/48/1 364/46/1 410/47/1
f 363/48/1 410/47/1 268/49/1
f 268/49/1 410/47/1 267/50/1
f 267/50/1 410/47/1 253/51/1
f 362/52/1 363/48/1 270/53/1
f 270/53/1 363/48/1 269/54/1
f 269/54/1 363/48/1 268/49/1
f 362/52/1 270/53/1 271/55/1
f 266/56/1 267/50/1 253/51/1
f 362/52/1 271/55/1 272/57/1
f 265/58/1 266/56/1 253/51/1
f 362/52/1 272/57/1 273/59/1
f 264/60/1 265/58/1 253/51/1
f 362/52/1 273/59/1 274/61/1
f 263/62/1 264/60/1 253/51/1
f 362/52/1 274/61/1 275/63/1
f 262/64/1 263/62/1 253/51/1
f 362/52/1 275/63/1 276/65/1
f 261/66/1 262/64/1 253/51/1
f 362/52/1 276/65/1 277/67/1
f 260/68/1 261/66/1 253/51/1
f 362/52/1 277/67/1 278/69/1
f 259/70/1 260/68/1 253/51/1
f 362/52/1 278/69/1 279/71/1
f 258/72/1 259/70/1 253/51/1
f 362/52/1 279/71/1 280/73/1
f 257/74/1 258/72/1 253/51/1
f 362/52/1 280/73/1 281/75/1
f 256/76/1 257/74/1 253/51/1
f 361/77/1 362/52/1 281/75/1
f 361/77/1 281/75/1 282/78/1
f 255/79/1 256/76/1 253/51/1
f 255/79/1 253/51/1 254/80/1
f 309/81/1 310/82/1 311/83/1
f 309/81/1 311/83/1 308/84/1
f 308/84/1 311/83/1 312/85/1
f 307/86/1 308/84/1 312/85/1
f 360/87/1 361/77/1 282/78/1
f 360/87/1 282/78/1 283/88/1
f 306/89/1 307/86/1 312/85/1
f 306/89/1 312/85/1 313/90/1
f 360/87/1 283/88/1 284/91/1
f 305/92/1 306/89/1 313/90/1
f 360/87/1 284/91/1 285/93/1
f 304/94/1 305/92/1 313/90/1
f 360/87/1 285/93/1 286/95/1
f 303/96/1 304/94/1 313/90/1
f 360/87/1 286/95/1 287/97/1
f 302/98/1 303/96/1 313/90/1
f 360/87/1 287/97/1 288/99/1
f 301/100/1 302/98/1 313/90/1
f 360/87/1 288/99/1 289/101/1
f 300/102/1 301/100/1 313/90/1
f 360/87/1 289/101/1 290/103/1
f 299/104/1 300/102/1 313/90/1
f 360/87/1 290/103/1 291/105/1
f 298/106/1 299/104/1 313/90/1
f 360/87/1 291/105/1 292/107/1
f 297/108/1 298/106/1 313/90/1
f 360/87/1 292/107/1 293/109/1
f 296/110/1 297/108/1 313/90/1
f 360/87/1 293/109/1 294/111/1
f 295/112/1 296/110/1 313/90/1
f 360/87/1 294/111/1 295/112/1
f 360/87/1 295/112/1 313/90/1
f 360/87/1 313/90/1 314/113/1
f 359/114/1 360/87/1 314/113/1
f 359/114/1 314/113/1 315/115/1
f 358/116/1 359/114/1 315/115/1
f 358/116/1 315/115/1 316/117/1
f 357/118/1 358/116/1 316/117/1
f 357/118/1 316/117/1 317/119/1
f 356/120/1 357/118/1 317/119/1
f 356/120/1 317/119/1 318/121/1
f 355/122/1 356/120/1 318/121/1
f 355/122/1 318/121/1 319/123/1
f 354/124/1 355/122/1 319/123/1
f 354/124/1 319/123/1 320/125/1
f 353/126/1 354/124/1 320/125/1
f 353/126/1 320/125/1 321/127/1
f 352/128/1 353/126/1 321/127/1
f 352/128/1 321/127/1 322/129/1
f 351/130/1 352/128/1 322/129/1
f 351/130/1 322/129/1 323/131/1
f 350/132/1 351/130/1 323/131/1
f 350/132/1 323/131/1 324/133/1
f 349/134/1 350/132/1 324/133/1
f 348/135/1 349/134/1 324/133/1
f 348/135/1 324/133/1 325/136/1
f 347/137/1 348/135/1 325/136/1
f 347/137/1 325/136/1 326/138/1
f 346/139/1 347/137/1 326/138/1
f 346/139/1 326/138/1 327/140/1
f 346/139/1 327/140/1 328/141/1
f 345/142/1 346/139/1 328/141/1
f 345/142/1 328/141/1 329/143/1
f 344/144/1 345/142/1 329/143/1
f 344/144/1 329/143/1 330/145/1
f 343/146/1 344/144/1 330/145/1
f 343/146/1 330/145/1 331/147/1
f 342/148/1 343/146/1 331/147/1
f 342/148/1 331/147/1 332/149/1
f 341/150/1 342/148/1 332/149/1
f 341/150/1 332/149/1 333/151/1
f 340/152/1 341/150/1 333/151/1
f 340/152/1 333/151/1 334/153/1
f 339/154/1 340/152/1 334/153/1
f 339/154/1 334/153/1 335/155/1
f 338/156/1 339/154/1 335/155/1
f 338/156/1 335/155/1 336/157/1
f 337/158/1 338/156/1 336/157/1
f 418/159/1 419/160/1 420/47/1
f 418/159/1 420/47/1 416/161/1
f 416/161/1 420/47/1 411/51/1
f 411/51/1 412/162/1 413/163/1
f 411/51/1 413/163/1 414/164/1
f 418/159/1 416/161/1 417/165/1
f 415/166/1 416/161/1 411/51/1
f 415/166/1 411/51/1 414/164/1
f 520/249/1 421/51/1 422/250/1
f 520/249/1 422/250/1 423/251/1
f 520/249/1 423/251/1 424/252/1
f 519/253/1 520/249/1 424/252/1
f 519/253/1 424/252/1 425/254/1
f 518/255/1 519/253/1 425/254/1
f 518/255/1 425/254/1 426/256/1
f 517/257/1 518/255/1 426/256/1
f 517/257/1 426/256/1 427/258/1
f 516/259/1 517/257/1 427/258/1
f 516/259/1 427/258/1 428/260/1
f 515/261/1 516/259/1 428/260/1
f 515/261/1 428/260/1 429/262/1
f 514/263/1 515/261/1 429/262/1
f 514/263/1 429/262/1 430/264/1
f 513/265/1 514/263/1 430/264/1
f 513/265/1 430/264/1 431/266/1
f 512/267/1 513/265/1 431/266/1
f 512/267/1 431/266/1 432/268/1
f 511/269/1 512/267/1 432/268/1
f 511/269/1 432/268/1 433/270/1
f 510/271/1 511/269/1 433/270/1
f 510/271/1 433/270/1 434/272/1
f 509/273/1 510/271/1 434/272/1
f 508/274/1 509/273/1 434/272/1
f 508/274/1 434/272/1 435/275/1
f 508/274/1 435/275/1 436/276/1
f 507/277/1 508/274/1 436/276/1
f 507/277/1 436/276/1 437/278/1
f 506/279/1 507/277/1 437/278/1
f 506/279/1 437/278/1 438/280/1
f 505/281/1 506/279/1 438/280/1
f 505/281/1 438/280/1 439/282/1
f 504/283/1 505/281/1 439/282/1
f 504/283/1 439/282/1 440/284/1
f 503/285/1 504/283/1 440/284/1
f 503/285/1 440/284/1 441/286/1
f 502/287/1 503/285/1 441/286/1
f 502/287/1 441/286/1 442/288/1
f 501/289/1 502/287/1 442/288/1
f 501/289/1 442/288/1 443/290/1
f 500/291/1 501/289/1 443/290/1
f 500/291/1 443/290/1 444/292/1
f 499/293/1 500/291/1 444/292/1
f 499/293/1 444/292/1 445/294/1
f 498/295/1 499/293/1 445/294/1
f 498/295/1 445/294/1 547/296/1
f 547/296/1 445/294/1 446/297/1
f 497/298/1 498/295/1 549/299/1
f 549/299/1 498/295/1 548/300/1
f 548/300/1 498/295/1 547/296/1
f 546/301/1 547/296/1 446/297/1
f 497/298/1 549/299/1 550/302/1
f 545/303/1 546/301/1 446/297/1
f 497/298/1 550/302/1 551/304/1
f 544/305/1 545/303/1 446/297/1
f 497/298/1 551/304/1 552/306/1
f 543/307/1 544/305/1 446/297/1
f 497/298/1 552/306/1 553/308/1
f 542/309/1 543/307/1 446/297/1
f 497/298/1 553/308/1 554/310/1
f 541/311/1 542/309/1 446/297/1
f 497/298/1 554/310/1 555/312/1
f 540/313/1 541/311/1 446/297/1
f 497/298/1 555/312/1 556/314/1
f 539/315/1 540/313/1 446/297/1
f 497/298/1 556/314/1 557/316/1
f 538/317/1 539/315/1 446/297/1
f 497/298/1 557/316/1 558/318/1
f 537/319/1 538/317/1 446/297/1
f 497/298/1 558/318/1 559/320/1
f 536/321/1 537/319/1 446/297/1
f 497/298/1 559/320/1 560/322/1
f 535/323/1 536/321/1 446/297/1
f 496/324/1 497/298/1 560/322/1
f 496/324/1 560/322/1 561/325/1
f 534/326/1 535/323/1 446/297/1
f 534/326/1 446/297/1 447/327/1
f 495/328/1 496/324/1 561/325/1
f 495/328/1 561/325/1 562/329/1
f 533/330/1 534/326/1 447/327/1
f 533/330/1 447/327/1 448/331/1
f 495/328/1 562/329/1 563/332/1
f 532/333/1 533/330/1 448/331/1
f 495/328/1 563/332/1 564/334/1
f 531/335/1 532/333/1 448/331/1
f 495/328/1 564/334/1 565/336/1
f 530/337/1 531/335/1 448/331/1
f 495/328/1 565/336/1 566/338/1
f 529/339/1 530/337/1 448/331/1
f 495/328/1 566/338/1 567/340/1
f 528/341/1 529/339/1 448/331/1
f 495/328/1 567/340/1 568/342/1
f 527/343/1 528/341/1 448/331/1
f 495/328/1 568/342/1 569/344/1
f 526/345/1 527/343/1 448/331/1
f 495/328/1 569/344/1 570/346/1
f 525/347/1 526/345/1 448/331/1
f 495/328/1 570/346/1 571/348/1
f 524/349/1 525/347/1 448/331/1
f 495/328/1 571/348/1 572/47/1
f 523/350/1 524/349/1 448/331/1
f 495/328/1 572/47/1 521/351/1
f 522/352/1 523/350/1 448/331/1
f 495/328/1 521/351/1 522/352/1
f 495/328/1 522/352/1 448/331/1
f 495/328/1 448/331/1 449/353/1
f 494/354/1 495/328/1 449/353/1
f 494/354/1 449/353/1 450/355/1
f 493/356/1 494/354/1 450/355/1
f 493/356/1 450/355/1 451/357/1
f 492/358/1 493/356/1 451/357/1
f 492/358/1 451/357/1 452/359/1
f 491/360/1 492/358/1 452/359/1
f 491/360/1 452/359/1 453/361/1
f 490/362/1 491/360/1 453/361/1
f 490/362/1 453/361/1 454/363/1
f 489/364/1 490/362/1 454/363/1
f 489/364/1 454/363/1 455/365/1
f 488/366/1 489/364/1 455/365/1
f 488/366/1 455/365/1 456/367/1
f 487/368/1 488/366/1 456/367/1
f 487/368/1 456/367/1 457/369/1
f 486/370/1 487/368/1 457/369/1
f 486/370/1 457/369/1 458/371/1
f 485/372/1 486/370/1 458/371/1
f 485/372/1 458/371/1 459/373/1
f 484/374/1 485/372/1 459/373/1
f 483/375/1 484/374/1 459/373/1
f 483/375/1 459/373/1 460/376/1
f 482/377/1 483/375/1 460/376/1
f 482/377/1 460/376/1 461/378/1
f 481/379/1 482/377/1 461/378/1
f 481/379/1 461/378/1 462/380/1
f 481/379/1 462/380/1 463/381/1
f 480/382/1 481/379/1 463/381/1
f 480/382/1 463/381/1 464/383/1
f 479/384/1 480/382/1 464/383/1
f 479/384/1 464/383/1 465/385/1
f 478/386/1 479/384/1 465/385/1
f 478/386/1 465/385/1 466/387/1
f 477/388/1 478/386/1 466/387/1
f 477/388/1 466/387/1 467/389/1
f 476/390/1 477/388/1 467/389/1
f 476/390/1 467/389/1 468/391/1
f 475/392/1 476/390/1 468/391/1
f 475/392/1 468/391/1 469/393/1
f 474/394/1 475/392/1 469/393/1
f 474/394/1 469/393/1 470/395/1
f 473/396/1 474/394/1 470/395/1
f 473/396/1 470/395/1 471/397/1
f 472/398/1 473/396/1 471/397/1
f 705/1/1 706/2/1 707/3/1
f 705/1/1 707/3/1 708/4/1
f 705/1/1 708/4/1 709/5/1
f 704/6/1 705/1/1 709/5/1
f 704/6/1 709/5/1 710/7/1
f 703/8/1 704/6/1 710/7/1
f 703/8/1 710/7/1 711/9/1
f 702/10/1 703/8/1 711/9/1
f 702/10/1 711/9/1 712/11/1
f 701/12/1 702/10/1 712/11/1
f 701/12/1 712/11/1 713/13/1
f 700/14/1 701/12/1 713/13/1
f 700/14/1 713/13/1 714/15/1
f 699/16/1 700/14/1 714/15/1
f 699/16/1 714/15/1 715/17/1
f 698/18/1 699/16/1 715/17/1
f 698/18/1 715/17/1 716/19/1
f 697/20/1 698/18/1 716/19/1
f 697/20/1 716/19/1 717/21/1
f 696/22/1 697/20/1 717/21/1
f 696/22/1 717/21/1 718/23/1
f 695/24/1 696/22/1 718/23/1
f 695/24/1 718/23/1 719/25/1
f 694/26/1 695/24/1 719/25/1
f 693/27/1 694/26/1 719/25/1
f 693/27/1 719/25/1 720/28/1
f 693/27/1 720/28/1 721/29/1
f 692/30/1 693/27/1 721/29/1
f 692/30/1 721/29/1 722/31/1
f 691/32/1 692/30/1 722/31/1
f 691/32/1 722/31/1 723/33/1
f 690/34/1 691/32/1 723/33/1
f 690/34/1 723/33/1 724/35/1
f 689/36/1 690/34/1 724/35/1
f 689/36/1 724/35/1 725/37/1
f 688/38/1 689/36/1 725/37/1
f 688/38/1 725/37/1 726/39/1
f 687/40/1 688/38/1 726/39/1
f 687/40/1 726/39/1 727/41/1
f 686/42/1 687/40/1 727/41/1
f 686/42/1 727/41/1 728/43/1
f 685/44/1 686/42/1 728/43/1
f 685/44/1 728/43/1 729/45/1
f 684/46/1 685/44/1 729/45/1
f 684/46/1 729/45/1 730/47/1
f 683/48/1 684/46/1 730/47/1
f 683/48/1 730/47/1 588/49/1
f 588/49/1 730/47/1 587/50/1
f 587/50/1 730/47/1 573/51/1
f 682/52/1 683/48/1 590/53/1
f 590/53/1 683/48/1 589/54/1
f 589/54/1 683/48/1 588/49/1
f 682/52/1 590/53/1 591/55/1
f 586/56/1 587/50/1 573/51/1
f 682/52/1 591/55/1 592/57/1
f 585/58/1 586/56/1 573/51/1
f 682/52/1 592/57/1 593/59/1
f 584/60/1 585/58/1 573/51/1
f 682/52/1 593/59/1 594/61/1
f 583/62/1 584/60/1 573/51/1
f 682/52/1 594/61/1 595/63/1
f 582/64/1 583/62/1 573/51/1
f 682/52/1 595/63/1 596/65/1
f 581/66/1 582/64/1 573/51/1
f 682/52/1 596/65/1 597/67/1
f 580/68/1 581/66/1 573/51/1
f 682/52/1 597/67/1 598/69/1
f 579/70/1 580/68/1 573/51/1
f 682/52/1 598/69/1 599/71/1
f 578/72/1 579/70/1 573/51/1
f 682/52/1 599/71/1 600/73/1
f 577/74/1 578/72/1 573/51/1
f 682/52/1 600/73/1 601/75/1
f 576/76/1 577/74/1 573/51/1
f 681/77/1 682/52/1 601/75/1
f 681/77/1 601/75/1 602/78/1
f 575/79/1 576/76/1 573/51/1
f 575/79/1 573/51/1 574/80/1
f 629/81/1 630/82/1 631/83/1
f 629/81/1 631/83/1 628/84/1
f 628/84/1 631/83/1 632/85/1
f 627/86/1 628/84/1 632/85/1
f 680/87/1 681/77/1 602/78/1
f 680/87/1 602/78/1 603/88/1
f 626/89/1 627/86/1 632/85/1
f 626/89/1 632/85/1 633/90/1
f 680/87/1 603/88/1 604/91/1
f 625/92/1 626/89/1 633/90/1
f 680/87/1 604/91/1 605/93/1
f 624/94/1 625/92/1 633/90/1
f 680/87/1 605/93/1 606/95/1
f 623/96/1 624/94/1 633/90/1
f 680/87/1 606/95/1 607/97/1
f 622/98/1 623/96/1 633/90/1
f 680/87/1 607/97/1 608/99/1
f 621/100/1 622/98/1 633/90/1
f 680/87/1 608/99/1 609/101/1
f 620/102/1 621/100/1 633/90/1
f 680/87/1 609/101/1 610/103/1
f 619/104/1 620/102/1 633/90/1
f 680/87/1 610/103/1 611/105/1
f 618/106/1 619/104/1 633/90/1
f 680/87/1 611/105/1 612/107/1
f 617/108/1 618/106/1 633/90/1
f 680/87/1 612/107/1 613/109/1
f 616/110/1 617/108/1 633/90/1
f 680/87/1 613/109/1 614/111/1
f 615/112/1 616/110/1 633/90/1
f 680/87/1 614/111/1 615/112/1
f 680/87/1 615/112/1 633/90/1
f 680/87/1 633/90/1 634/113/1
f 679/114/1 680/87/1 634/113/1
f 679/114/1 634/113/1 635/115/1
f 678/116/1 679/114/1 635/115/1
f 678/116/1 635/115/1 636/117/1
f 677/118/1 678/116/1 636/117/1
f 677/118/1 636/117/1 637/119/1
f 676/120/1 677/118/1 637/119/1
f 676/120/1 637/119/1 638/121/1
f 675/122/1 676/120/1 638/121/1
f 675/122/1 638/121/1 639/123/1
f 674/124/1 675/122/1 639/123/1
f 674/124/1 639/123/1 640/125/1
f 673/126/1 674/124/1 640/125/1
f 673/126/1 640/125/1 641/127/1
f 672/128/1 673/126/1 641/127/1
f 672/128/1 641/127/1 642/129/1
f 671/130/1 672/128/1 642/129/1
f 671/130/1 642/129/1 643/131/1
f 670/132/1 671/130/1 643/131/1
f 670/132/1 643/131/1 644/133/1
f 669/134/1 670/132/1 644/133/1
f 668/135/1 669/134/1 644/133/1
f 668/135/1 644/133/1 645/136/1
f 667/137/1 668/135/1 645/136/1
f 667/137/1 645/136/1 646/138/1
f 666/139/1 667/137/1 646/138/1
f 666/139/1 646/138/1 647/140/1
f 666/139/1 647/140/1 648/141/1
f 665/142/1 666/139/1 648/141/1
f 665/142/1 648/141/1 649/143/1
f 664/144/1 665/142/1 649/143/1
f 664/144/1 649/143/1 650/145/1
f 663/146/1 664/144/1 650/145/1
f 663/146/1 650/145/1 651/147/1
f 662/148/1 663/146/1 651/147/1
f 662/148/1 651/147/1 652/149/1
f 661/150/1 662/148/1 652/149/1
f 661/150/1 652/149/1 653/151/1
f 660/152/1 661/150/1 653/151/1
f 660/152/1 653/151/1 654/153/1
f 659/154/1 660/152/1 654/153/1
f 659/154/1 654/153/1 655/155/1
f 658/156/1 659/154/1 655/155/1
f 658/156/1 655/155/1 656/157/1
f 657/158/1 658/156/1 656/157/1
f 736/399/1 737/400/1 738/401/1
f 736/399/1 738/401/1 739/47/1
f 739/47/1 731/51/1 732/402/1
f 739/47/1 732/402/1 733/403/1
f 736/399/1 739/47/1 733/403/1
f 735/404/1 736/399/1 733/403/1
f 735/404/1 733/403/1 734/405/1
f 740/51/1 741/406/1 742/407/1
f 740/51/1 742/407/1 743/408/1
f 740/51/1 743/408/1 744/409/1
f 740/51/1 744/409/1 745/47/1
f 845/249/1 746/51/1 747/250/1
f 845/249/1 747/250/1 748/251/1
f 845/249/1 748/251/1 749/252/1
f 844/253/1 845/249/1 749/252/1
f 844/253/1 749/252/1 750/254/1
f 843/255/1 844/253/1 750/254/1
f 843/255/1 750/254/1 751/256/1
f 842/257/1 843/255/1 751/256/1
f 842/257/1 751/256/1 752/258/1
f 841/259/1 842/257/1 752/258/1
f 841/259/1 752/258/1 753/260/1
f 840/261/1 841/259/1 753/260/1
f 840/261/1 753/260/1 754/262/1
f 839/263/1 840/261/1 754/262/1
f 839/263/1 754/262/1 755/264/1
f 838/265/1 839/263/1 755/264/1
f 838/265/1 755/264/1 756/266/1
f 837/267/1 838/265/1 756/266/1
f 837/267/1 756/266/1 757/268/1
f 836/269/1 837/267/1 757/268/1
f 836/269/1 757/268/1 758/270/1
f 835/271/1 836/269/1 758/270/1
f 835/271/1 758/270/1 759/272/1
f 834/273/1 835/271/1 759/272/1
f 833/274/1 834/273/1 759/272/1
f 833/274/1 759/272/1 760/275/1
f 833/274/1 760/275/1 761/276/1
f 832/277/1 833/274/1 761/276/1
f 832/277/1 761/276/1 762/278/1
f 831/279/1 832/277/1 762/278/1
f 831/279/1 762/278/1 763/280/1
f 830/281/1 831/279/1 763/280/1
f 830/281/1 763/280/1 764/282/1
f 829/283/1 830/281/1 764/282/1
f 829/283/1 764/282/1 765/284/1
f 828/285/1 829/283/1 765/284/1
f 828/285/1 765/284/1 766/286/1
f 827/287/1 828/285/1 766/286/1
f 827/287/1 766/286/1 767/288/1
f 826/289/1 827/287/1 767/288/1
f 826/289/1 767/288/1 768/290/1
f 825/291/1 826/289/1 768/290/1
f 825/291/1 768/290/1 769/292/1
f 824/293/1 825/291/1 769/292/1
f 824/293/1 769/292/1 770/294/1
f 823/295/1 824/293/1 770/294/1
f 823/295/1 770/294/1 872/296/1
f 872/296/1 770/294/1 771/297/1
f 822/298/1 823/295/1 874/299/1
f 874/299/1 823/295/1 873/300/1
f 873/300/1 823/295/1 872/296/1
f 871/301/1 872/296/1 771/297/1
f 822/298/1 874/299/1 875/302/1
f 870/303/1 871/301/1 771/297/1
f 822/298/1 875/302/1 876/304/1
f 869/305/1 870/303/1 771/297/1
f 822/298/1 876/304/1 877/306/1
f 868/307/1 869/305/1 771/297/1
f 822/298/1 877/306/1 878/308/1
f 867/309/1 868/307/1 771/297/1
f 822/298/1 878/308/1 879/310/1
f 866/311/1 867/309/1 771/297/1
f 822/298/1 879/310/1 880/312/1
f 865/313/1 866/311/1 771/297/1
f 822/298/1 880/312/1 881/314/1
f 864/315/1 865/313/1 771/297/1
f 822/298/1 881/314/1 882/316/1
f 863/317/1 864/315/1 771/297/1
f 822/298/1 882/316/1 883/318/1
f 862/319/1 863/317/1 771/297/1
f 822/298/1 883/318/1 884/320/1
f 861/321/1 862/319/1 771/297/1
f 822/298/1 884/320/1 885/322/1
f 860/323/1 861/321/1 771/297/1
f 821/324/1 822/298/1 885/322/1
f 821/324/1 885/322/1 886/325/1
f 859/326/1 860/323/1 771/297/1
f 859/326/1 771/297/1 772/327/1
f 820/328/1 821/324/1 886/325/1
f 820/328/1 886/325/1 887/329/1
f 858/330/1 859/326/1 772/327/1
f 858/330/1 772/327/1 773/331/1
f 820/328/1 887/329/1 888/332/1
f 857/333/1 858/330/1 773/331/1
f 820/328/1 888/332/1 889/334/1
f 856/335/1 857/333/1 773/331/1
f 820/328/1 889/334/1 890/336/1
f 855/337/1 856/335/1 773/331/1
f 820/328/1 890/336/1 891/338/1
f 854/339/1 855/337/1 773/331/1
f 820/328/1 891/338/1 892/340/1
f 853/341/1 854/339/1 773/331/1
f 820/328/1 892/340/1 893/342/1
f 852/343/1 853/341/1 773/331/1
f 820/328/1 893/342/1 894/344/1
f 851/345/1 852/343/1 773/331/1
f 820/328/1 894/344/1 895/346/1
f 850/347/1 851/345/1 773/331/1
f 820/328/1 895/346/1 896/348/1
f 849/349/1 850/347/1 773/331/1
f 820/328/1 896/348/1 897/47/1
f 848/350/1 849/349/1 773/331/1
f 820/328/1 897/47/1 846/351/1
f 847/352/1 848/350/1 773/331/1
f 820/328/1 846/351/1 847/352/1
f 820/328/1 847/352/1 773/331/1
f 820/328/1 773/331/1 774/353/1
f 819/354/1 820/328/1 774/353/1
f 819/354/1 774/353/1 775/355/1
f 818/356/1 819/354/1 775/355/1
f 818/356/1 775/355/1 776/357/1
f 817/358/1 818/356/1 776/357/1
f 817/358/1 776/357/1 777/359/1
f 816/360/1 817/358/1 777/359/1
f 816/360/1 777/359/1 778/361/1
f 815/362/1 816/360/1 778/361/1
f 815/362/1 778/361/1 779/363/1
f 814/364/1 815/362/1 779/363/1
f 814/364/1 779/363/1 780/365/1
f 813/366/1 814/364/1 780/365/1
f 813/366/1 780/365/1 781/367/1
f 812/368/1 813/366/1 781/367/1
f 812/368/1 781/367/1 782/369/1
f 811/370/1 812/368/1 782/369/1
f 811/370/1 782/369/1 783/371/1
f 810/372/1 811/370/1 783/371/1
f 810/372/1 783/371/1 784/373/1
f 809/374/1 810/372/1 784/373/1
f 808/375/1 809/374/1 784/373/1
f 808/375/1 784/373/1 785/376/1
f 807/377/1 808/375/1 785/376/1
f 807/377/1 785/376/1 786/378/1
f 806/379/1 807/377/1 786/378/1
f 806/379/1 786/378/1 787/380/1
f 806/379/1 787/380/1 788/381/1
f 805/382/1 806/379/1 788/381/1
f 805/382/1 788/381/1 789/383/1
f 804/384/1 805/382/1 789/383/1
f 804/384/1 789/383/1 790/385/1
f 803/386/1 804/384/1 790/385/1
f 803/386/1 790/385/1 791/387/1
f 802/388/1 803/386/1 791/387/1
f 802/388/1 791/387/1 792/389/1
f 801/390/1 802/388/1 792/389/1
f 801/390/1 792/389/1 793/391/1
f 800/392/1 801/390/1 793/391/1
f 800/392/1 793/391/1 794/393/1
f 799/394/1 800/392/1 794/393/1
f 799/394/1 794/393/1 795/395/1
f 798/396/1 799/394/1 795/395/1
f 798/396/1 795/395/1 796/397/1
f 797/398/1 798/396/1 796/397/1
f 952/410/1 898/51/1 977/411/1
f 977/411/1 898/51/1 976/412/1
f 976/412/1 898/51/1 975/413/1
f 975/413/1 898/51/1 974/414/1
f 974/414/1 898/51/1 973/415/1
f 973/415/1 898/51/1 972/416/1
f 972/416/1 898/51/1 971/417/1
f 971/417/1 898/51/1 970/418/1
f 970/418/1 898/51/1 899/419/1
f 970/418/1 899/419/1 900/420/1
f 970/418/1 900/420/1 901/421/1
f 970/418/1 901/421/1 902/422/1
f 970/418/1 902/422/1 903/423/1
f 970/418/1 903/423/1 969/424/1
f 969/424/1 903/423/1 904/425/1
f 969/424/1 904/425/1 905/426/1
f 969/424/1 905/426/1 906/427/1
f 969/424/1 906/427/1 907/428/1
f 969/424/1 907/428/1 908/429/1
f 969/424/1 908/429/1 909/430/1
f 969/424/1 909/430/1 910/431/1
f 969/424/1 910/431/1 911/432/1
f 969/424/1 911/432/1 912/433/1
f 969/424/1 912/433/1 968/434/1
f 968/434/1 912/433/1 913/435/1
f 968/434/1 913/435/1 914/436/1
f 968/434/1 914/436/1 915/437/1
f 968/434/1 915/437/1 916/438/1
f 968/434/1 916/438/1 917/439/1
f 968/434/1 917/439/1 918/440/1
f 968/434/1 918/440/1 919/441/1
f 968/434/1 919/441/1 967/442/1
f 967/442/1 919/441/1 920/443/1
f 967/442/1 920/443/1 921/444/1
f 967/442/1 921/444/1 922/445/1
f 967/442/1 922/445/1 966/446/1
f 966/446/1 922/445/1 965/447/1
f 965/447/1 922/445/1 923/448/1
f 964/449/1 965/447/1 923/448/1
f 963/450/1 964/449/1 923/448/1
f 962/451/1 963/450/1 923/448/1
f 961/452/1 962/451/1 923/448/1
f 960/453/1 961/452/1 923/448/1
f 959/454/1 960/453/1 923/448/1
f 958/455/1 959/454/1 923/448/1
f 957/456/1 958/455/1 923/448/1
f 956/457/1 957/456/1 923/448/1
f 952/410/1 977/411/1 978/458/1
f 955/459/1 956/457/1 923/448/1
f 952/410/1 978/458/1 979/460/1
f 954/461/1 955/459/1 923/448/1
f 952/410/1 979/460/1 980/462/1
f 953/463/1 954/461/1 923/448/1
f 953/463/1 923/448/1 924/464/1
f 952/410/1 980/462/1 981/465/1
f 1004/47/1 953/463/1 924/464/1
f 1004/47/1 924/464/1 925/466/1
f 952/410/1 981/465/1 982/467/1
f 1003/468/1 1004/47/1 925/466/1
f 952/410/1 982/467/1 983/469/1
f 1002/470/1 1003/468/1 925/466/1
f 952/410/1 983/469/1 984/471/1
f 1001/472/1 1002/470/1 925/466/1
f 952/410/1 984/471/1 985/473/1
f 1000/474/1 1001/472/1 925/466/1
f 952/410/1 985/473/1 986/475/1
f 999/476/1 1000/474/1 925/466/1
f 952/410/1 986/475/1 987/477/1
f 998/478/1 999/476/1 925/466/1
f 952/410/1 987/477/1 988/479/1
f 997/480/1 998/478/1 925/466/1
f 952/410/1 988/479/1 989/481/1
f 996/482/1 997/480/1 925/466/1
f 952/410/1 989/481/1 990/483/1
f 995/484/1 996/482/1 925/466/1
f 952/410/1 990/483/1 991/485/1
f 994/486/1 995/484/1 925/466/1
f 952/410/1 991/485/1 992/487/1
f 993/488/1 994/486/1 925/466/1
f 952/410/1 992/487/1 950/489/1
f 950/489/1 992/487/1 993/488/1
f 950/489/1 993/488/1 925/466/1
f 950/489/1 925/466/1 926/490/1
f 950/489/1 926/490/1 927/491/1
f 950/489/1 927/491/1 928/492/1
f 950/489/1 928/492/1 929/493/1
f 950/489/1 929/493/1 930/494/1
f 950/489/1 930/494/1 931/495/1
f 950/489/1 931/495/1 932/496/1
f 950/489/1 932/496/1 933/497/1
f 950/489/1 933/497/1 934/498/1
f 950/489/1 934/498/1 935/499/1
f 950/489/1 935/499/1 936/500/1
f 950/489/1 936/500/1 937/501/1
f 950/489/1 937/501/1 938/502/1
f 950/489/1 938/502/1 939/503/1
f 950/489/1 939/503/1 940/504/1
f 950/489/1 940/504/1 941/505/1
f 950/489/1 941/505/1 942/506/1
f 950/489/1 942/506/1 943/507/1
f 950/489/1 943/507/1 944/508/1
f 950/489/1 944/508/1 945/509/1
f 950/489/1 945/509/1 946/510/1
f 950/489/1 946/510/1 947/511/1
f 950/489/1 947/511/1 948/512/1
f 952/410/1 950/489/1 951/404/1
f 949/513/1 950/489/1 948/512/1
f 1137/1/2 1139/3/2 1138/2/2
f 1137/1/2 1140/4/2 1139/3/2
f 1137/1/2 1141/5/2 1140/4/2
f 1136/6/2 1141/5/2 1137/1/2
f 1136/6/2 1142/7/2 1141/5/2
f 1135/8/2 1142/7/2 1136/6/2
f 1135/8/2 1143/9/2 1142/7/2
f 1134/10/2 1143/9/2 1135/8/2
f 1134/10/2 1144/11/2 1143/9/2
f 1133/12/2 1144/11/2 1134/10/2
f 1133/12/2 1145/13/2 1144/11/2
f 1132/14/2 1145/13/2 1133/12/2
f 1132/14/2 1146/15/2 1145/13/2
f 1131/16/2 1146/15/2 1132/14/2
f 1131/16/2 1147/17/2 1146/15/2
f 1130/18/2 1147/17/2 1131/16/2
f 1130/18/2 1148/19/2 1147/17/2
f 1129/20/2 1148/19/2 1130/18/2
f 1129/20/2 1149/21/2 1148/19/2
f 1128/22/2 1149/21/2 1129/20/2
f 1128/22/2 1150/23/2 1149/21/2
f 1127/24/2 1150/23/2 1128/22/2
f 1127/24/2 1151/25/2 1150/23/2
f 1126/26/2 1151/25/2 1127/24/2
f 1125/27/2 1151/25/2 1126/26/2
f 1125/27/2 1152/28/2 1151/25/2
f 1125/27/2 1153/29/2 1152/28/2
f 1124/30/2 1153/29/2 1125/27/2
f 1124/30/2 1154/31/2 1153/29/2
f 1123/32/2 1154/31/2 1124/30/2
f 1123/32/2 1155/33/2 1154/31/2
f 1122/34/2 1155/33/2 1123/32/2
f 1122/34/2 1156/35/2 1155/33/2
f 1121/36/2 1156/35/2 1122/34/2
f 1121/36/2 1157/37/2 1156/35/2
f 1120/38/2 1157/37/2 1121/36/2
f 1120/38/2 1158/39/2 1157/37/2
f 1119/40/2 1158/39/2 1120/38/2
f 1119/40/2 1159/41/2 1158/39/2
f 1118/42/2 1159/41/2 1119/40/2
f 1118/42/2 1160/43/2 1159/41/2
f 1117/44/2 1160/43/2 1118/42/2
f 1117/44/2 1161/45/2 1160/43/2
f 1116/46/2 1161/45/2 1117/44/2
f 1116/46/2 1162/47/2 1161/45/2
f 1115/48/2 1162/47/2 1116/46/2
f 1115/48/2 1020/49/2 1162/47/2
f 1020/49/2 1019/50/2 1162/47/2
f 1019/50/2 1005/51/2 1162/47/2
f 1114/52/2 1022/53/2 1115/48/2
f 1022/53/2 1021/54/2 1115/48/2
f 1021/54/2 1020/49/2 1115/48/2
f 1114/52/2 1023/55/2 1022/53/2
f 1018/56/2 1005/51/2 1019/50/2
f 1114/52/2 1024/57/2 1023/55/2
f 1017/58/2 1005/51/2 1018/56/2
f 1114/52/2 1025/59/2 1024/57/2
f 1016/60/2 1005/51/2 1017/58/2
f 1114/52/2 1026/61/2 1025/59/2
f 1015/62/2 1005/51/2 1016/60/2
f 1114/52/2 1027/63/2 1026/61/2
f 1014/64/2 1005/51/2 1015/62/2
f 1114/52/2 1028/65/2 1027/63/2
f 1013/66/2 1005/51/2 1014/64/2
f 1114/52/2 1029/67/2 1028/65/2
f 1012/68/2 1005/51/2 1013/66/2
f 1114/52/2 1030/69/2 1029/67/2
f 1011/70/2 1005/51/2 1012/68/2
f 1114/52/2 1031/71/2 1030/69/2
f 1010/72/2 1005/51/2 1011/70/2
f 1114/52/2 1032/73/2 1031/71/2
f 1009/74/2 1005/51/2 1010/72/2
f 1114/52/2 1033/75/2 1032/73/2
f 1008/76/2 1005/51/2 1009/74/2
f 1113/77/2 1033/75/2 1114/52/2
f 1113/77/2 1034/78/2 1033/75/2
f 1007/79/2 1005/51/2 1008/76/2
f 1007/79/2 1006/80/2 1005/51/2
f 1061/81/2 1063/83/2 1062/82/2
f 1061/81/2 1060/84/2 1063/83/2
f 1060/84/2 1064/85/2 1063/83/2
f 1059/86/2 1064/85/2 1060/84/2
f 1112/87/2 1034/78/2 1113/77/2
f 1112/87/2 1035/88/2 1034/78/2
f 1058/89/2 1064/85/2 1059/86/2
f 1058/89/2 1065/90/2 1064/85/2
f 1112/87/2 1036/91/2 1035/88/2
f 1057/92/2 1065/90/2 1058/89/2
f 1112/87/2 1037/93/2 1036/91/2
f 1056/94/2 1065/90/2 1057/92/2
f 1112/87/2 1038/95/2 1037/93/2
f 1055/96/2 1065/90/2 1056/94/2
f 1112/87/2 1039/97/2 1038/95/2
f 1054/98/2 1065/90/2 1055/96/2
f 1112/87/2 1040/99/2 1039/97/2
f 1053/100/2 1065/90/2 1054/98/2
f 1112/87/2 1041/101/2 1040/99/2
f 1052/102/2 1065/90/2 1053/100/2
f 1112/87/2 1042/103/2 1041/101/2
f 1051/104/2 1065/90/2 1052/102/2
f 1112/87/2 1043/105/2 1042/103/2
f 1050/106/2 1065/90/2 1051/104/2
f 1112/87/2 1044/107/2 1043/105/2
f 1049/108/2 1065/90/2 1050/106/2
f 1112/87/2 1045/109/2 1044/107/2
f 1048/110/2 1065/90/2 1049/108/2
f 1112/87/2 1046/111/2 1045/109/2
f 1047/112/2 1065/90/2 1048/110/2
f 1112/87/2 1047/112/2 1046/111/2
f 1112/87/2 1065/90/2 1047/112/2
f 1112/87/2 1066/113/2 1065/90/2
f 1111/114/2 1066/113/2 1112/87/2
f 1111/114/2 1067/115/2 1066/113/2
f 1110/116/2 1067/115/2 1111/114/2
f 1110/116/2 1068/117/2 1067/115/2
f 1109/118/2 1068/117/2 1110/116/2
f 1109/118/2 1069/119/2 1068/117/2
f 1108/120/2 1069/119/2 1109/118/2
f 1108/120/2 1070/121/2 1069/119/2
f 1107/122/2 1070/121/2 1108/120/2
f 1107/122/2 1071/123/2 1070/121/2
f 1106/124/2 1071/123/2 1107/122/2
f 1106/124/2 1072/125/2 1071/123/2
f 1105/126/2 1072/125/2 1106/124/2
f 1105/126/2 1073/127/2 1072/125/2
f 1104/128/2 1073/127/2 1105/126/2
f 1104/128/2 1074/129/2 1073/127/2
f 1103/130/2 1074/129/2 1104/128/2
f 1103/130/2 1075/131/2 1074/129/2
f 1102/132/2 1075/131/2 1103/130/2
f 1102/132/2 1076/133/2 1075/131/2
f 1101/134/2 1076/133/2 1102/132/2
f 1100/135/2 1076/133/2 1101/134/2
f 1100/135/2 1077/136/2 1076/133/2
f 1099/137/2 1077/136/2 1100/135/2
f 1099/137/2 1078/138/2 1077/136/2
f 1098/139/2 1078/138/2 1099/137/2
f 1098/139/2 1079/140/2 1078/138/2
f 1098/139/2 1080/141/2 1079/140/2
f 1097/142/2 1080/141/2 1098/139/2
f 1097/142/2 1081/143/2 1080/141/2
f 1096/144/2 1081/143/2 1097/142/2
f 1096/144/2 1082/145/2 1081/143/2
f 1095/146/2 1082/145/2 1096/144/2
f 1095/146/2 1083/147/2 1082/145/2
f 1094/148/2 1083/147/2 1095/146/2
f 1094/148/2 1084/149/2 1083/147/2
f 1093/150/2 1084/149/2 1094/148/2
f 1093/150/2 1085/151/2 1084/149/2
f 1092/152/2 1085/151/2 1093/150/2
f 1092/152/2 1086/153/2 1085/151/2
f 1091/154/2 1086/153/2 1092/152/2
f 1091/154/2 1087/155/2 1086/153/2
f 1090/156/2 1087/155/2 1091/154/2
f 1090/156/2 1088/157/2 1087/155/2
f 1089/158/2 1088/157/2 1090/156/2
f 1170/159/2 1172/47/2 1171/160/2
f 1170/159/2 1168/161/2 1172/47/2
f 1168/161/2 1163/51/2 1172/47/2
f 1163/51/2 1165/163/2 1164/162/2
f 1163/51/2 1166/164/2 1165/163/2
f 1170/159/2 1169/165/2 1168/161/2
f 1167/166/2 1163/51/2 1168/161/2
f 1167/166/2 1166/164/2 1163/51/2
f 1228/167/2 1174/168/2 1173/51/2
f 1228/167/2 1175/169/2 1174/168/2
f 1228/167/2 1176/170/2 1175/169/2
f 1227/171/2 1176/170/2 1228/167/2
f 1227/171/2 1177/172/2 1176/170/2
f 1226/173/2 1177/172/2 1227/171/2
f 1226/173/2 1178/174/2 1177/172/2
f 1225/175/2 1178/174/2 1226/173/2
f 1225/175/2 1179/176/2 1178/174/2
f 1224/177/2 1179/176/2 1225/175/2
f 1224/177/2 1180/178/2 1179/176/2
f 1223/179/2 1180/178/2 1224/177/2
f 1223/179/2 1181/180/2 1180/178/2
f 1222/181/2 1181/180/2 1223/179/2
f 1222/181/2 1182/182/2 1181/180/2
f 1221/183/2 1182/182/2 1222/181/2
f 1221/183/2 1183/184/2 1182/182/2
f 1220/185/2 1183/184/2 1221/183/2
f 1220/185/2 1184/186/2 1183/184/2
f 1219/187/2 1184/186/2 1220/185/2
f 1219/187/2 1185/188/2 1184/186/2
f 1218/189/2 1185/188/2 1219/187/2
f 1218/189/2 1186/190/2 1185/188/2
f 1217/191/2 1186/190/2 1218/189/2
f 1216/192/2 1186/190/2 1217/191/2
f 1216/192/2 1187/193/2 1186/190/2
f 1216/192/2 1188/194/2 1187/193/2
f 1215/195/2 1188/194/2 1216/192/2
f 1215/195/2 1189/196/2 1188/194/2
f 1214/197/2 1189/196/2 1215/195/2
f 1214/197/2 1190/198/2 1189/196/2
f 1213/199/2 1190/198/2 1214/197/2
f 1213/199/2 1191/200/2 1190/198/2
f 1212/201/2 1191/200/2 1213/199/2
f 1212/201/2 1192/202/2 1191/200/2
f 1211/203/2 1192/202/2 1212/201/2
f 1211/203/2 1193/204/2 1192/202/2
f 1210/205/2 1193/204/2 1211/203/2
f 1210/205/2 1194/206/2 1193/204/2
f 1209/207/2 1194/206/2 1210/205/2
f 1209/207/2 1195/208/2 1194/206/2
f 1208/209/2 1195/208/2 1209/207/2
f 1208/209/2 1196/210/2 1195/208/2
f 1207/211/2 1196/210/2 1208/209/2
f 1207/211/2 1197/212/2 1196/210/2
f 1206/213/2 1197/212/2 1207/211/2
f 1206/213/2 1243/214/2 1197/212/2
f 1243/214/2 1242/215/2 1197/212/2
f 1242/215/2 1198/216/2 1197/212/2
f 1205/217/2 1245/218/2 1206/213/2
f 1245/218/2 1244/219/2 1206/213/2
f 1244/219/2 1243/214/2 1206/213/2
f 1205/217/2 1246/220/2 1245/218/2
f 1241/221/2 1198/216/2 1242/215/2
f 1205/217/2 1247/222/2 1246/220/2
f 1240/223/2 1198/216/2 1241/221/2
f 1205/217/2 1248/224/2 1247/222/2
f 1239/225/2 1198/216/2 1240/223/2
f 1205/217/2 1249/226/2 1248/224/2
f 1238/227/2 1198/216/2 1239/225/2
f 1205/217/2 1250/228/2 1249/226/2
f 1237/229/2 1198/216/2 1238/227/2
f 1205/217/2 1251/230/2 1250/228/2
f 1236/231/2 1198/216/2 1237/229/2
f 1205/217/2 1252/232/2 1251/230/2
f 1235/233/2 1198/216/2 1236/231/2
f 1205/217/2 1253/234/2 1252/232/2
f 1234/235/2 1198/216/2 1235/233/2
f 1205/217/2 1254/236/2 1253/234/2
f 1233/237/2 1198/216/2 1234/235/2
f 1205/217/2 1255/238/2 1254/236/2
f 1232/239/2 1198/216/2 1233/237/2
f 1205/217/2 1256/47/2 1255/238/2
f 1231/240/2 1198/216/2 1232/239/2
f 1204/241/2 1256/47/2 1205/217/2
f 1204/241/2 1229/242/2 1256/47/2
f 1230/243/2 1198/216/2 1231/240/2
f 1230/243/2 1199/244/2 1198/216/2
f 1204/241/2 1202/245/2 1229/242/2
f 1202/245/2 1230/243/2 1229/242/2
f 1202/245/2 1201/246/2 1230/243/2
f 1201/246/2 1199/244/2 1230/243/2
f 1204/241/2 1203/247/2 1202/245/2
f 1200/248/2 1199/244/2 1201/246/2
f 1389/1/2 1391/3/2 1390/2/2
f 1389/1/2 1392/4/2 1391/3/2
f 1389/1/2 1393/5/2 1392/4/2
f 1388/6/2 1393/5/2 1389/1/2
f 1388/6/2 1394/7/2 1393/5/2
f 1387/8/2 1394/7/2 1388/6/2
f 1387/8/2 1395/9/2 1394/7/2
f 1386/10/2 1395/9/2 1387/8/2
f 1386/10/2 1396/11/2 1395/9/2
f 1385/12/2 1396/11/2 1386/10/2
f 1385/12/2 1397/13/2 1396/11/2
f 1384/14/2 1397/13/2 1385/12/2
f 1384/14/2 1398/15/2 1397/13/2
f 1383/16/2 1398/15/2 1384/14/2
f 1383/16/2 1399/17/2 1398/15/2
f 1382/18/2 1399/17/2 1383/16/2
f 1382/18/2 1400/19/2 1399/17/2
f 1381/20/2 1400/19/2 1382/18/2
f 1381/20/2 1401/21/2 1400/19/2
f 1380/22/2 1401/21/2 1381/20/2
f 1380/22/2 1402/23/2 1401/21/2
f 1379/24/2 1402/23/2 1380/22/2
f 1379/24/2 1403/25/2 1402/23/2
f 1378/26/2 1403/25/2 1379/24/2
f 1377/27/2 1403/25/2 1378/26/2
f 1377/27/2 1404/28/2 1403/25/2
f 1377/27/2 1405/29/2 1404/28/2
f 1376/30/2 1405/29/2 1377/27/2
f 1376/30/2 1406/31/2 1405/29/2
f 1375/32/2 1406/31/2 1376/30/2
f 1375/32/2 1407/33/2 1406/31/2
f 1374/34/2 1407/33/2 1375/32/2
f 1374/34/2 1408/35/2 1407/33/2
f 1373/36/2 1408/35/2 1374/34/2
f 1373/36/2 1409/37/2 1408/35/2
f 1372/38/2 1409/37/2 1373/36/2
f 1372/38/2 1410/39/2 1409/37/2
f 1371/40/2 1410/39/2 1372/38/2
f 1371/40/2 1411/41/2 1410/39/2
f 1370/42/2 1411/41/2 1371/40/2
f 1370/42/2 1412/43/2 1411/41/2
f 1369/44/2 1412/43/2 1370/42/2
f 1369/44/2 1413/45/2 1412/43/2
f 1368/46/2 1413/45/2 1369/44/2
f 1368/46/2 1414/47/2 1413/45/2
f 1367/48/2 1414/47/2 1368/46/2
f 1367/48/2 1272/49/2 1414/47/2
f 1272/49/2 1271/50/2 1414/47/2
f 1271/50/2 1257/51/2 1414/47/2
f 1366/52/2 1274/53/2 1367/48/2
f 1274/53/2 1273/54/2 1367/48/2
f 1273/54/2 1272/49/2 1367/48/2
f 1366/52/2 1275/55/2 1274/53/2
f 1270/56/2 1257/51/2 1271/50/2
f 1366/52/2 1276/57/2 1275/55/2
f 1269/58/2 1257/51/2 1270/56/2
f 1366/52/2 1277/59/2 1276/57/2
f 1268/60/2 1257/51/2 1269/58/2
f 1366/52/2 1278/61/2 1277/59/2
f 1267/62/2 1257/51/2 1268/60/2
f 1366/52/2 1279/63/2 1278/61/2
f 1266/64/2 1257/51/2 1267/62/2
f 1366/52/2 1280/65/2 1279/63/2
f 1265/66/2 1257/51/2 1266/64/2
f 1366/52/2 1281/67/2 1280/65/2
f 1264/68/2 1257/51/2 1265/66/2
f 1366/52/2 1282/69/2 1281/67/2
f 1263/70/2 1257/51/2 1264/68/2
f 1366/52/2 1283/71/2 1282/69/2
f 1262/72/2 1257/51/2 1263/70/2
f 1366/52/2 1284/73/2 1283/71/2
f 1261/74/2 1257/51/2 1262/72/2
f 1366/52/2 1285/75/2 1284/73/2
f 1260/76/2 1257/51/2 1261/74/2
f 1365/77/2 1285/75/2 1366/52/2
f 1365/77/2 1286/78/2 1285/75/2
f 1259/79/2 1257/51/2 1260/76/2
f 1259/79/2 1258/80/2 1257/51/2
f 1313/81/2 1315/83/2 1314/82/2
f 1313/81/2 1312/84/2 1315/83/2
f 1312/84/2 1316/85/2 1315/83/2
f 1311/86/2 1316/85/2 1312/84/2
f 1364/87/2 1286/78/2 1365/77/2
f 1364/87/2 1287/88/2 1286/78/2
f 1310/89/2 1316/85/2 1311/86/2
f 1310/89/2 1317/90/2 1316/85/2
f 1364/87/2 1288/91/2 1287/88/2
f 1309/92/2 1317/90/2 1310/89/2
f 1364/87/2 1289/93/2 1288/91/2
f 1308/94/2 1317/90/2 1309/92/2
f 1364/87/2 1290/95/2 1289/93/2
f 1307/96/2 1317/90/2 1308/94/2
f 1364/87/2 1291/97/2 1290/95/2
f 1306/98/2 1317/90/2 1307/96/2
f 1364/87/2 1292/99/2 1291/97/2
f 1305/100/2 1317/90/2 1306/98/2
f 1364/87/2 1293/101/2 1292/99/2
f 1304/102/2 1317/90/2 1305/100/2
f 1364/87/2 1294/103/2 1293/101/2
f 1303/104/2 1317/90/2 1304/102/2
f 1364/87/2 1295/105/2 1294/103/2
f 1302/106/2 1317/90/2 1303/104/2
f 1364/87/2 1296/107/2 1295/105/2
f 1301/108/2 1317/90/2 1302/106/2
f 1364/87/2 1297/109/2 1296/107/2
f 1300/110/2 1317/90/2 1301/108/2
f 1364/87/2 1298/111/2 1297/109/2
f 1299/112/2 1317/90/2 1300/110/2
f 1364/87/2 1299/112/2 1298/111/2
f 1364/87/2 1317/90/2 1299/112/2
f 1364/87/2 1318/113/2 1317/90/2
f 1363/114/2 1318/113/2 1364/87/2
f 1363/114/2 1319/115/2 1318/113/2
f 1362/116/2 1319/115/2 1363/114/2
f 1362/116/2 1320/117/2 1319/115/2
f 1361/118/2 1320/117/2 1362/116/2
f 1361/118/2 1321/119/2 1320/117/2
f 1360/120/2 1321/119/2 1361/118/2
f 1360/120/2 1322/121/2 1321/119/2
f 1359/122/2 1322/121/2 1360/120/2
f 1359/122/2 1323/123/2 1322/121/2
f 1358/124/2 1323/123/2 1359/122/2
f 1358/124/2 1324/125/2 1323/123/2
f 1357/126/2 1324/125/2 1358/124/2
f 1357/126/2 1325/127/2 1324/125/2
f 1356/128/2 1325/127/2 1357/126/2
f 1356/128/2 1326/129/2 1325/127/2
f 1355/130/2 1326/129/2 1356/128/2
f 1355/130/2 1327/131/2 1326/129/2
f 1354/132/2 1327/131/2 1355/130/2
f 1354/132/2 1328/133/2 1327/131/2
f 1353/134/2 1328/133/2 1354/132/2
f 1352/135/2 1328/133/2 1353/134/2
f 1352/135/2 1329/136/2 1328/133/2
f 1351/137/2 1329/136/2 1352/135/2
f 1351/137/2 1330/138/2 1329/136/2
f 1350/139/2 1330/138/2 1351/137/2
f 1350/139/2 1331/140/2 1330/138/2
f 1350/139/2 1332/141/2 1331/140/2
f 1349/142/2 1332/141/2 1350/139/2
f 1349/142/2 1333/143/2 1332/141/2
f 1348/144/2 1333/143/2 1349/142/2
f 1348/144/2 1334/145/2 1333/143/2
f 1347/146/2 1334/145/2 1348/144/2
f 1347/146/2 1335/147/2 1334/145/2
f 1346/148/2 1335/147/2 1347/146/2
f 1346/148/2 1336/149/2 1335/147/2
f 1345/150/2 1336/149/2 1346/148/2
f 1345/150/2 1337/151/2 1336/149/2
f 1344/152/2 1337/151/2 1345/150/2
f 1344/152/2 1338/153/2 1337/151/2
f 1343/154/2 1338/153/2 1344/152/2
f 1343/154/2 1339/155/2 1338/153/2
f 1342/156/2 1339/155/2 1343/154/2
f 1342/156/2 1340/157/2 1339/155/2
f 1341/158/2 1340/157/2 1342/156/2
f 1422/159/2 1424/47/2 1423/160/2
f 1422/159/2 1420/161/2 1424/47/2
f 1420/161/2 1415/51/2 1424/47/2
f 1415/51/2 1417/163/2 1416/162/2
f 1415/51/2 1418/164/2 1417/163/2
f 1422/159/2 1421/165/2 1420/161/2
f 1419/166/2 1415/51/2 1420/161/2
f 1419/166/2 1418/164/2 1415/51/2
f 1524/249/2 1426/250/2 1425/51/2
f 1524/249/2 1427/251/2 1426/250/2
f 1524/249/2 1428/252/2 1427/251/2
f 1523/253/2 1428/252/2 1524/249/2
f 1523/253/2 1429/254/2 1428/252/2
f 1522/255/2 1429/254/2 1523/253/2
f 1522/255/2 1430/256/2 1429/254/2
f 1521/257/2 1430/256/2 1522/255/2
f 1521/257/2 1431/258/2 1430/256/2
f 1520/259/2 1431/258/2 1521/257/2
f 1520/259/2 1432/260/2 1431/258/2
f 1519/261/2 1432/260/2 1520/259/2
f 1519/261/2 1433/262/2 1432/260/2
f 1518/263/2 1433/262/2 1519/261/2
f 1518/263/2 1434/264/2 1433/262/2
f 1517/265/2 1434/264/2 1518/263/2
f 1517/265/2 1435/266/2 1434/264/2
f 1516/267/2 1435/266/2 1517/265/2
f 1516/267/2 1436/268/2 1435/266/2
f 1515/269/2 1436/268/2 1516/267/2
f 1515/269/2 1437/270/2 1436/268/2
f 1514/271/2 1437/270/2 1515/269/2
f 1514/271/2 1438/272/2 1437/270/2
f 1513/273/2 1438/272/2 1514/271/2
f 1512/274/2 1438/272/2 1513/273/2
f 1512/274/2 1439/275/2 1438/272/2
f 1512/274/2 1440/276/2 1439/275/2
f 1511/277/2 1440/276/2 1512/274/2
f 1511/277/2 1441/278/2 1440/276/2
f 1510/279/2 1441/278/2 1511/277/2
f 1510/279/2 1442/280/2 1441/278/2
f 1509/281/2 1442/280/2 1510/279/2
f 1509/281/2 1443/282/2 1442/280/2
f 1508/283/2 1443/282/2 1509/281/2
f 1508/283/2 1444/284/2 1443/282/2
f 1507/285/2 1444/284/2 1508/283/2
f 1507/285/2 1445/286/2 1444/284/2
f 1506/287/2 1445/286/2 1507/285/2
f 1506/287/2 1446/288/2 1445/286/2
f 1505/289/2 1446/288/2 1506/287/2
f 1505/289/2 1447/290/2 1446/288/2
f 1504/291/2 1447/290/2 1505/289/2
f 1504/291/2 1448/292/2 1447/290/2
f 1503/293/2 1448/292/2 1504/291/2
f 1503/293/2 1449/294/2 1448/292/2
f 1502/295/2 1449/294/2 1503/293/2
f 1502/295/2 1551/296/2 1449/294/2
f 1551/296/2 1450/297/2 1449/294/2
f 1501/298/2 1553/299/2 1502/295/2
f 1553/299/2 1552/300/2 1502/295/2
f 1552/300/2 1551/296/2 1502/295/2
f 1550/301/2 1450/297/2 1551/296/2
f 1501/298/2 1554/302/2 1553/299/2
f 1549/303/2 1450/297/2 1550/301/2
f 1501/298/2 1555/304/2 1554/302/2
f 1548/305/2 1450/297/2 1549/303/2
f 1501/298/2 1556/306/2 1555/304/2
f 1547/307/2 1450/297/2 1548/305/2
f 1501/298/2 1557/308/2 1556/306/2
f 1546/309/2 1450/297/2 1547/307/2
f 1501/298/2 1558/310/2 1557/308/2
f 1545/311/2 1450/297/2 1546/309/2
f 1501/298/2 1559/312/2 1558/310/2
f 1544/313/2 1450/297/2 1545/311/2
f 1501/298/2 1560/314/2 1559/312/2
f 1543/315/2 1450/297/2 1544/313/2
f 1501/298/2 1561/316/2 1560/314/2
f 1542/317/2 1450/297/2 1543/315/2
f 1501/298/2 1562/318/2 1561/316/2
f 1541/319/2 1450/297/2 1542/317/2
f 1501/298/2 1563/320/2 1562/318/2
f 1540/321/2 1450/297/2 1541/319/2
f 1501/298/2 1564/322/2 1563/320/2
f 1539/323/2 1450/297/2 1540/321/2
f 1500/324/2 1564/322/2 1501/298/2
f 1500/324/2 1565/325/2 1564/322/2
f 1538/326/2 1450/297/2 1539/323/2
f 1538/326/2 1451/327/2 1450/297/2
f 1499/328/2 1565/325/2 1500/324/2
f 1499/328/2 1566/329/2 1565/325/2
f 1537/330/2 1451/327/2 1538/326/2
f 1537/330/2 1452/331/2 1451/327/2
f 1499/328/2 1567/332/2 1566/329/2
f 1536/333/2 1452/331/2 1537/330/2
f 1499/328/2 1568/334/2 1567/332/2
f 1535/335/2 1452/331/2 1536/333/2
f 1499/328/2 1569/336/2 1568/334/2
f 1534/337/2 1452/331/2 1535/335/2
f 1499/328/2 1570/338/2 1569/336/2
f 1533/339/2 1452/331/2 1534/337/2
f 1499/328/2 1571/340/2 1570/338/2
f 1532/341/2 1452/331/2 1533/339/2
f 1499/328/2 1572/342/2 1571/340/2
f 1531/343/2 1452/331/2 1532/341/2
f 1499/328/2 1573/344/2 1572/342/2
f 1530/345/2 1452/331/2 1531/343/2
f 1499/328/2 1574/346/2 1573/344/2
f 1529/347/2 1452/331/2 1530/345/2
f 1499/328/2 1575/348/2 1574/346/2
f 1528/349/2 1452/331/2 1529/347/2
f 1499/328/2 1576/47/2 1575/348/2
f 1527/350/2 1452/331/2 1528/349/2
f 1499/328/2 1525/351/2 1576/47/2
f 1526/352/2 1452/331/2 1527/350/2
f 1499/328/2 1526/352/2 1525/351/2
f 1499/328/2 1452/331/2 1526/352/2
f 1499/328/2 1453/353/2 1452/331/2
f 1498/354/2 1453/353/2 1499/328/2
f 1498/354/2 1454/355/2 1453/353/2
f 1497/356/2 1454/355/2 1498/354/2
f 1497/356/2 1455/357/2 1454/355/2
f 1496/358/2 1455/357/2 1497/356/2
f 1496/358/2 1456/359/2 1455/357/2
f 1495/360/2 1456/359/2 1496/358/2
f 1495/360/2 1457/361/2 1456/359/2
f 1494/362/2 1457/361/2 1495/360/2
f 1494/362/2 1458/363/2 1457/361/2
f 1493/364/2 1458/363/2 1494/362/2
f 1493/364/2 1459/365/2 1458/363/2
f 1492/366/2 1459/365/2 1493/364/2
f 1492/366/2 1460/367/2 1459/365/2
f 1491/368/2 1460/367/2 1492/366/2
f 1491/368/2 1461/369/2 1460/367/2
f 1490/370/2 1461/369/2 1491/368/2
f 1490/370/2 1462/371/2 1461/369/2
f 1489/372/2 1462/371/2 1490/370/2
f 1489/372/2 1463/373/2 1462/371/2
f 1488/374/2 1463/373/2 1489/372/2
f 1487/375/2 1463/373/2 1488/374/2
f 1487/375/2 1464/376/2 1463/373/2
f 1486/377/2 1464/376/2 1487/375/2
f 1486/377/2 1465/378/2 1464/376/2
f 1485/379/2 1465/378/2 1486/377/2
f 1485/379/2 1466/380/2 1465/378/2
f 1485/379/2 1467/381/2 1466/380/2
f 1484/382/2 1467/381/2 1485/379/2
f 1484/382/2 1468/383/2 1467/381/2
f 1483/384/2 1468/383/2 1484/382/2
f 1483/384/2 1469/385/2 1468/383/2
f 1482/386/2 1469/385/2 1483/384/2
f 1482/386/2 1470/387/2 1469/385/2
f 1481/388/2 1470/387/2 1482/386/2
f 1481/388/2 1471/389/2 1470/387/2
f 1480/390/2 1471/389/2 1481/388/2
f 1480/390/2 1472/391/2 1471/389/2
f 1479/392/2 1472/391/2 1480/390/2
f 1479/392/2 1473/393/2 1472/391/2
f 1478/394/2 1473/393/2 1479/392/2
f 1478/394/2 1474/395/2 1473/393/2
f 1477/396/2 1474/395/2 1478/394/2
f 1477/396/2 1475/397/2 1474/395/2
f 1476/398/2 1475/397/2 1477/396/2
f 1709/1/2 1711/3/2 1710/2/2
f 1709/1/2 1712/4/2 1711/3/2
f 1709/1/2 1713/5/2 1712/4/2
f 1708/6/2 1713/5/2 1709/1/2
f 1708/6/2 1714/7/2 1713/5/2
f 1707/8/2 1714/7/2 1708/6/2
f 1707/8/2 1715/9/2 1714/7/2
f 1706/10/2 1715/9/2 1707/8/2
f 1706/10/2 1716/11/2 1715/9/2
f 1705/12/2 1716/11/2 1706/10/2
f 1705/12/2 1717/13/2 1716/11/2
f 1704/14/2 1717/13/2 1705/12/2
f 1704/14/2 1718/15/2 1717/13/2
f 1703/16/2 1718/15/2 1704/14/2
f 1703/16/2 1719/17/2 1718/15/2
f 1702/18/2 1719/17/2 1703/16/2
f 1702/18/2 1720/19/2 1719/17/2
f 1701/20/2 1720/19/2 1702/18/2
f 1701/20/2 1721/21/2 1720/19/2
f 1700/22/2 1721/21/2 1701/20/2
f 1700/22/2 1722/23/2 1721/21/2
f 1699/24/2 1722/23/2 1700/22/2
f 1699/24/2 1723/25/2 1722/23/2
f 1698/26/2 1723/25/2 1699/24/2
f 1697/27/2 1723/25/2 1698/26/2
f 1697/27/2 1724/28/2 1723/25/2
f 1697/27/2 1725/29/2 1724/28/2
f 1696/30/2 1725/29/2 1697/27/2
f 1696/30/2 1726/31/2 1725/29/2
f 1695/32/2 1726/31/2 1696/30/2
f 1695/32/2 1727/33/2 1726/31/2
f 1694/34/2 1727/33/2 1695/32/2
f 1694/34/2 1728/35/2 1727/33/2
f 1693/36/2 1728/35/2 1694/34/2
f 1693/36/2 1729/37/2 1728/35/2
f 1692/38/2 1729/37/2 1693/36/2
f 1692/38/2 1730/39/2 1729/37/2
f 1691/40/2 1730/39/2 1692/38/2
f 1691/40/2 1731/41/2 1730/39/2
f 1690/42/2 1731/41/2 1691/40/2
f 1690/42/2 1732/43/2 1731/41/2
f 1689/44/2 1732/43/2 1690/42/2
f 1689/44/2 1733/45/2 1732/43/2
f 1688/46/2 1733/45/2 1689/44/2
f 1688/46/2 1734/47/2 1733/45/2
f 1687/48/2 1734/47/2 1688/46/2
f 1687/48/2 1592/49/2 1734/47/2
f 1592/49/2 1591/50/2 1734/47/2
f 1591/50/2 1577/51/2 1734/47/2
f 1686/52/2 1594/53/2 1687/48/2
f 1594/53/2 1593/54/2 1687/48/2
f 1593/54/2 1592/49/2 1687/48/2
f 1686/52/2 1595/55/2 1594/53/2
f 1590/56/2 1577/51/2 1591/50/2
f 1686/52/2 1596/57/2 1595/55/2
f 1589/58/2 1577/51/2 1590/56/2
f 1686/52/2 1597/59/2 1596/57/2
f 1588/60/2 1577/51/2 1589/58/2
f 1686/52/2 1598/61/2 1597/59/2
f 1587/62/2 1577/51/2 1588/60/2
f 1686/52/2 1599/63/2 1598/61/2
f 1586/64/2 1577/51/2 1587/62/2
f 1686/52/2 1600/65/2 1599/63/2
f 1585/66/2 1577/51/2 1586/64/2
f 1686/52/2 1601/67/2 1600/65/2
f 1584/68/2 1577/51/2 1585/66/2
f 1686/52/2 1602/69/2 1601/67/2
f 1583/70/2 1577/51/2 1584/68/2
f 1686/52/2 1603/71/2 1602/69/2
f 1582/72/2 1577/51/2 1583/70/2
f 1686/52/2 1604/73/2 1603/71/2
f 1581/74/2 1577/51/2 1582/72/2
f 1686/52/2 1605/75/2 1604/73/2
f 1580/76/2 1577/51/2 1581/74/2
f 1685/77/2 1605/75/2 1686/52/2
f 1685/77/2 1606/78/2 1605/75/2
f 1579/79/2 1577/51/2 1580/76/2
f 1579/79/2 1578/80/2 1577/51/2
f 1633/81/2 1635/83/2 1634/82/2
f 1633/81/2 1632/84/2 1635/83/2
f 1632/84/2 1636/85/2 1635/83/2
f 1631/86/2 1636/85/2 1632/84/2
f 1684/87/2 1606/78/2 1685/77/2
f 1684/87/2 1607/88/2 1606/78/2
f 1630/89/2 1636/85/2 1631/86/2
f 1630/89/2 1637/90/2 1636/85/2
f 1684/87/2 1608/91/2 1607/88/2
f 1629/92/2 1637/90/2 1630/89/2
f 1684/87/2 1609/93/2 1608/91/2
f 1628/94/2 1637/90/2 1629/92/2
f 1684/87/2 1610/95/2 1609/93/2
f 1627/96/2 1637/90/2 1628/94/2
f 1684/87/2 1611/97/2 1610/95/2
f 1626/98/2 1637/90/2 1627/96/2
f 1684/87/2 1612/99/2 1611/97/2
f 1625/100/2 1637/90/2 1626/98/2
f 1684/87/2 1613/101/2 1612/99/2
f 1624/102/2 1637/90/2 1625/100/2
f 1684/87/2 1614/103/2 1613/101/2
f 1623/104/2 1637/90/2 1624/102/2
f 1684/87/2 1615/105/2 1614/103/2
f 1622/106/2 1637/90/2 1623/104/2
f 1684/87/2 1616/107/2 1615/105/2
f 1621/108/2 1637/90/2 1622/106/2
f 1684/87/2 1617/109/2 1616/107/2
f 1620/110/2 1637/90/2 1621/108/2
f 1684/87/2 1618/111/2 1617/109/2
f 1619/112/2 1637/90/2 1620/110/2
f 1684/87/2 1619/112/2 1618/111/2
f 1684/87/2 1637/90/2 1619/112/2
f 1684/87/2 1638/113/2 1637/90/2
f 1683/114/2 1638/113/2 1684/87/2
f 1683/114/2 1639/115/2 1638/113/2
f 1682/116/2 1639/115/2 1683/114/2
f 1682/116/2 1640/117/2 1639/115/2
f 1681/118/2 1640/117/2 1682/116/2
f 1681/118/2 1641/119/2 1640/117/2
f 1680/120/2 1641/119/2 1681/118/2
f 1680/120/2 1642/121/2 1641/119/2
f 1679/122/2 1642/121/2 1680/120/2
f 1679/122/2 1643/123/2 1642/121/2
f 1678/124/2 1643/123/2 1679/122/2
f 1678/124/2 1644/125/2 1643/123/2
f 1677/126/2 1644/125/2 1678/124/2
f 1677/126/2 1645/127/2 1644/125/2
f 1676/128/2 1645/127/2 1677/126/2
f 1676/128/2 1646/129/2 1645/127/2
f 1675/130/2 1646/129/2 1676/128/2
f 1675/130/2 1647/131/2 1646/129/2
f 1674/132/2 1647/131/2 1675/130/2
f 1674/132/2 1648/133/2 1647/131/2
f 1673/134/2 1648/133/2 1674/132/2
f 1672/135/2 1648/133/2 1673/134/2
f 1672/135/2 1649/136/2 1648/133/2
f 1671/137/2 1649/136/2 1672/135/2
f 1671/137/2 1650/138/2 1649/136/2
f 1670/139/2 1650/138/2 1671/137/2
f 1670/139/2 1651/140/2 1650/138/2
f 1670/139/2 1652/141/2 1651/140/2
f 1669/142/2 1652/141/2 1670/139/2
f 1669/142/2 1653/143/2 1652/141/2
f 1668/144/2 1653/143/2 1669/142/2
f 1668/144/2 1654/145/2 1653/143/2
f 1667/146/2 1654/145/2 1668/144/2
f 1667/146/2 1655/147/2 1654/145/2
f 1666/148/2 1655/147/2 1667/146/2
f 1666/148/2 1656/149/2 1655/147/2
f 1665/150/2 1656/149/2 1666/148/2
f 1665/150/2 1657/151/2 1656/149/2
f 1664/152/2 1657/151/2 1665/150/2
f 1664/152/2 1658/153/2 1657/151/2
f 1663/154/2 1658/153/2 1664/152/2
f 1663/154/2 1659/155/2 1658/153/2
f 1662/156/2 1659/155/2 1663/154/2
f 1662/156/2 1660/157/2 1659/155/2
f 1661/158/2 1660/157/2 1662/156/2
f 1740/399/2 1742/401/2 1741/400/2
f 1740/399/2 1743/47/2 1742/401/2
f 1743/47/2 1736/402/2 1735/51/2
f 1743/47/2 1737/403/2 1736/402/2
f 1740/399/2 1737/403/2 1743/47/2
f 1739/404/2 1737/403/2 1740/399/2
f 1739/404/2 1738/405/2 1737/403/2
f 1744/51/2 1746/407/2 1745/406/2
f 1744/51/2 1747/408/2 1746/407/2
f 1744/51/2 1748/409/2 1747/408/2
f 1744/51/2 1749/47/2 1748/409/2
f 1849/249/2 1751/250/2 1750/51/2
f 1849/249/2 1752/251/2 1751/250/2
f 1849/249/2 1753/252/2 1752/251/2
f 1848/253/2 1753/252/2 1849/249/2
f 1848/253/2 1754/254/2 1753/252/2
f 1847/255/2 1754/254/2 1848/253/2
f 1847/255/2 1755/256/2 1754/254/2
f 1846/257/2 1755/256/2 1847/255/2
f 1846/257/2 1756/258/2 1755/256/2
f 1845/259/2 1756/258/2 1846/257/2
f 1845/259/2 1757/260/2 1756/258/2
f 1844/261/2 1757/260/2 1845/259/2
f 1844/261/2 1758/262/2 1757/260/2
f 1843/263/2 1758/262/2 1844/261/2
f 1843/263/2 1759/264/2 1758/262/2
f 1842/265/2 1759/264/2 1843/263/2
f 1842/265/2 1760/266/2 1759/264/2
f 1841/267/2 1760/266/2 1842/265/2
f 1841/267/2 1761/268/2 1760/266/2
f 1840/269/2 1761/268/2 1841/267/2
f 1840/269/2 1762/270/2 1761/268/2
f 1839/271/2 1762/270/2 1840/269/2
f 1839/271/2 1763/272/2 1762/270/2
f 1838/273/2 1763/272/2 1839/271/2
f 1837/274/2 1763/272/2 1838/273/2
f 1837/274/2 1764/275/2 1763/272/2
f 1837/274/2 1765/276/2 1764/275/2
f 1836/277/2 1765/276/2 1837/274/2
f 1836/277/2 1766/278/2 1765/276/2
f 1835/279/2 1766/278/2 1836/277/2
f 1835/279/2 1767/280/2 1766/278/2
f 1834/281/2 1767/280/2 1835/279/2
f 1834/281/2 1768/282/2 1767/280/2
f 1833/283/2 1768/282/2 1834/281/2
f 1833/283/2 1769/284/2 1768/282/2
f 1832/285/2 1769/284/2 1833/283/2
f 1832/285/2 1770/286/2 1769/284/2
f 1831/287/2 1770/286/2 1832/285/2
f 1831/287/2 1771/288/2 1770/286/2
f 1830/289/2 1771/288/2 1831/287/2
f 1830/289/2 1772/290/2 1771/288/2
f 1829/291/2 1772/290/2 1830/289/2
f 1829/291/2 1773/292/2 1772/290/2
f 1828/293/2 1773/292/2 1829/291/2
f 1828/293/2 1774/294/2 1773/292/2
f 1827/295/2 1774/294/2 1828/293/2
f 1827/295/2 1876/296/2 1774/294/2
f 1876/296/2 1775/297/2 1774/294/2
f 1826/298/2 1878/299/2 1827/295/2
f 1878/299/2 1877/300/2 1827/295/2
f 1877/300/2 1876/296/2 1827/295/2
f 1875/301/2 1775/297/2 1876/296/2
f 1826/298/2 1879/302/2 1878/299/2
f 1874/303/2 1775/297/2 1875/301/2
f 1826/298/2 1880/304/2 1879/302/2
f 1873/305/2 1775/297/2 1874/303/2
f 1826/298/2 1881/306/2 1880/304/2
f 1872/307/2 1775/297/2 1873/305/2
f 1826/298/2 1882/308/2 1881/306/2
f 1871/309/2 1775/297/2 1872/307/2
f 1826/298/2 1883/310/2 1882/308/2
f 1870/311/2 1775/297/2 1871/309/2
f 1826/298/2 1884/312/2 1883/310/2
f 1869/313/2 1775/297/2 1870/311/2
f 1826/298/2 1885/314/2 1884/312/2
f 1868/315/2 1775/297/2 1869/313/2
f 1826/298/2 1886/316/2 1885/314/2
f 1867/317/2 1775/297/2 1868/315/2
f 1826/298/2 1887/318/2 1886/316/2
f 1866/319/2 1775/297/2 1867/317/2
f 1826/298/2 1888/320/2 1887/318/2
f 1865/321/2 1775/297/2 1866/319/2
f 1826/298/2 1889/322/2 1888/320/2
f 1864/323/2 1775/297/2 1865/321/2
f 1825/324/2 1889/322/2 1826/298/2
f 1825/324/2 1890/325/2 1889/322/2
f 1863/326/2 1775/297/2 1864/323/2
f 1863/326/2 1776/327/2 1775/297/2
f 1824/328/2 1890/325/2 1825/324/2
f 1824/328/2 1891/329/2 1890/325/2
f 1862/330/2 1776/327/2 1863/326/2
f 1862/330/2 1777/331/2 1776/327/2
f 1824/328/2 1892/332/2 1891/329/2
f 1861/333/2 1777/331/2 1862/330/2
f 1824/328/2 1893/334/2 1892/332/2
f 1860/335/2 1777/331/2 1861/333/2
f 1824/328/2 1894/336/2 1893/334/2
f 1859/337/2 1777/331/2 1860/335/2
f 1824/328/2 1895/338/2 1894/336/2
f 1858/339/2 1777/331/2 1859/337/2
f 1824/328/2 1896/340/2 1895/338/2
f 1857/341/2 1777/331/2 1858/339/2
f 1824/328/2 1897/342/2 1896/340/2
f 1856/343/2 1777/331/2 1857/341/2
f 1824/328/2 1898/344/2 1897/342/2
f 1855/345/2 1777/331/2 1856/343/2
f 1824/328/2 1899/346/2 1898/344/2
f 1854/347/2 1777/331/2 1855/345/2
f 1824/328/2 1900/348/2 1899/346/2
f 1853/349/2 1777/331/2 1854/347/2
f 1824/328/2 1901/47/2 1900/348/2
f 1852/350/2 1777/331/2 1853/349/2
f 1824/328/2 1850/351/2 1901/47/2
f 1851/352/2 1777/331/2 1852/350/2
f 1824/328/2 1851/352/2 1850/351/2
f 1824/328/2 1777/331/2 1851/352/2
f 1824/328/2 1778/353/2 1777/331/2
f 1823/354/2 1778/353/2 1824/328/2
f 1823/354/2 1779/355/2 1778/353/2
f 1822/356/2 1779/355/2 1823/354/2
f 1822/356/2 1780/357/2 1779/355/2
f 1821/358/2 1780/357/2 1822/356/2
f 1821/358/2 1781/359/2 1780/357/2
f 1820/360/2 1781/359/2 1821/358/2
f 1820/360/2 1782/361/2 1781/359/2
f 1819/362/2 1782/361/2 1820/360/2
f 1819/362/2 1783/363/2 1782/361/2
f 1818/364/2 1783/363/2 1819/362/2
f 1818/364/2 1784/365/2 1783/363/2
f 1817/366/2 1784/365/2 1818/364/2
f 1817/366/2 1785/367/2 1784/365/2
f 1816/368/2 1785/367/2 1817/366/2
f 1816/368/2 1786/369/2 1785/367/2
f 1815/370/2 1786/369/2 1816/368/2
f 1815/370/2 1787/371/2 1786/369/2
f 1814/372/2 1787/371/2 1815/370/2
f 1814/372/2 1788/373/2 1787/371/2
f 1813/374/2 1788/373/2 1814/372/2
f 1812/375/2 1788/373/2 1813/374/2
f 1812/375/2 1789/376/2 1788/373/2
f 1811/377/2 1789/376/2 1812/375/2
f 1811/377/2 1790/378/2 1789/376/2
f 1810/379/2 1790/378/2 1811/377/2
f 1810/379/2 1791/380/2 1790/378/2
f 1810/379/2 1792/381/2 1791/380/2
f 1809/382/2 1792/381/2 1810/379/2
f 1809/382/2 1793/383/2 1792/381/2
f 1808/384/2 1793/383/2 1809/382/2
f 1808/384/2 1794/385/2 1793/383/2
f 1807/386/2 1794/385/2 1808/384/2
f 1807/386/2 1795/387/2 1794/385/2
f 1806/388/2 1795/387/2 1807/386/2
f 1806/388/2 1796/389/2 1795/387/2
f 1805/390/2 1796/389/2 1806/388/2
f 1805/390/2 1797/391/2 1796/389/2
f 1804/392/2 1797/391/2 1805/390/2
f 1804/392/2 1798/393/2 1797/391/2
f 1803/394/2 1798/393/2 1804/392/2
f 1803/394/2 1799/395/2 1798/393/2
f 1802/396/2 1799/395/2 1803/394/2
f 1802/396/2 1800/397/2 1799/395/2
f 1801/398/2 1800/397/2 1802/396/2
f 1956/410/2 1981/411/2 1902/51/2
f 1981/411/2 1980/412/2 1902/51/2
f 1980/412/2 1979/413/2 1902/51/2
f 1979/413/2 1978/414/2 1902/51/2
f 1978/414/2 1977/415/2 1902/51/2
f 1977/415/2 1976/416/2 1902/51/2
f 1976/416/2 1975/417/2 1902/51/2
f 1975/417/2 1974/418/2 1902/51/2
f 1974/418/2 1903/419/2 1902/51/2
f 1974/418/2 1904/420/2 1903/419/2
f 1974/418/2 1905/421/2 1904/420/2
f 1974/418/2 1906/422/2 1905/421/2
f 1974/418/2 1907/423/2 1906/422/2
f 1974/418/2 1973/424/2 1907/423/2
f 1973/424/2 1908/425/2 1907/423/2
f 1973/424/2 1909/426/2 1908/425/2
f 1973/424/2 1910/427/2 1909/426/2
f 1973/424/2 1911/428/2 1910/427/2
f 1973/424/2 1912/429/2 1911/428/2
f 1973/424/2 1913/430/2 1912/429/2
f 1973/424/2 1914/431/2 1913/430/2
f 1973/424/2 1915/432/2 1914/431/2
f 1973/424/2 1916/433/2 1915/432/2
f 1973/424/2 1972/434/2 1916/433/2
f 1972/434/2 1917/435/2 1916/433/2
f 1972/434/2 1918/436/2 1917/435/2
f 1972/434/2 1919/437/2 1918/436/2
f 1972/434/2 1920/438/2 1919/437/2
f 1972/434/2 1921/439/2 1920/438/2
f 1972/434/2 1922/440/2 1921/439/2
f 1972/434/2 1923/441/2 1922/440/2
f 1972/434/2 1971/442/2 1923/441/2
f 1971/442/2 1924/443/2 1923/441/2
f 1971/442/2 1925/444/2 1924/443/2
f 1971/442/2 1926/445/2 1925/444/2
f 1971/442/2 1970/446/2 1926/445/2
f 1970/446/2 1969/447/2 1926/445/2
f 1969/447/2 1927/448/2 1926/445/2
f 1968/449/2 1927/448/2 1969/447/2
f 1967/450/2 1927/448/2 1968/449/2
f 1966/451/2 1927/448/2 1967/450/2
f 1965/452/2 1927/448/2 1966/451/2
f 1964/453/2 1927/448/2 1965/452/2
f 1963/454/2 1927/448/2 1964/453/2
f 1962/455/2 1927/448/2 1963/454/2
f 1961/456/2 1927/448/2 1962/455/2
f 1960/457/2 1927/448/2 1961/456/2
f 1956/410/2 1982/458/2 1981/411/2
f 1959/459/2 1927/448/2 1960/457/2
f 1956/410/2 1983/460/2 1982/458/2
f 1958/461/2 1927/448/2 1959/459/2
f 1956/410/2 1984/462/2 1983/460/2
f 1957/463/2 1927/448/2 1958/461/2
f 1957/463/2 1928/464/2 1927/448/2
f 1956/410/2 1985/465/2 1984/462/2
f 2008/47/2 1928/464/2 1957/463/2
f 2008/47/2 1929/466/2 1928/464/2
f 1956/410/2 1986/467/2 1985/465/2
f 2007/468/2 1929/466/2 2008/47/2
f 1956/410/2 1987/469/2 1986/467/2
f 2006/470/2 1929/466/2 2007/468/2
f 1956/410/2 1988/471/2 1987/469/2
f 2005/472/2 1929/466/2 2006/470/2
f 1956/410/2 1989/473/2 1988/471/2
f 2004/474/2 1929/466/2 2005/472/2
f 1956/410/2 1990/475/2 1989/473/2
f 2003/476/2 1929/466/2 2004/474/2
f 1956/410/2 1991/477/2 1990/475/2
f 2002/478/2 1929/466/2 2003/476/2
f 1956/410/2 1992/479/2 1991/477/2
f 2001/480/2 1929/466/2 2002/478/2
f 1956/410/2 1993/481/2 1992/479/2
f 2000/482/2 1929/466/2 2001/480/2
f 1956/410/2 1994/483/2 1993/481/2
f 1999/484/2 1929/466/2 2000/482/2
f 1956/410/2 1995/485/2 1994/483/2
f 1998/486/2 1929/466/2 1999/484/2
f 1956/410/2 1996/487/2 1995/485/2
f 1997/488/2 1929/466/2 1998/486/2
f 1956/410/2 1954/489/2 1996/487/2
f 1954/489/2 1997/488/2 1996/487/2
f 1954/489/2 1929/466/2 1997/488/2
f 1954/489/2 1930/490/2 1929/466/2
f 1954/489/2 1931/491/2 1930/490/2
f 1954/489/2 1932/492/2 1931/491/2
f 1954/489/2 1933/493/2 1932/492/2
f 1954/489/2 1934/494/2 1933/493/2
f 1954/489/2 1935/495/2 1934/494/2
f 1954/489/2 1936/496/2 1935/495/2
f 1954/489/2 1937/497/2 1936/496/2
f 1954/489/2 1938/498/2 1937/497/2
f 1954/489/2 1939/499/2 1938/498/2
f 1954/489/2 1940/500/2 1939/499/2
f 1954/489/2 1941/501/2 1940/500/2
f 1954/489/2 1942/502/2 1941/501/2
f 1954/489/2 1943/503/2 1942/502/2
f 1954/489/2 1944/504/2 1943/503/2
f 1954/489/2 1945/505/2 1944/504/2
f 1954/489/2 1946/506/2 1945/505/2
f 1954/489/2 1947/507/2 1946/506/2
f 1954/489/2 1948/508/2 1947/507/2
f 1954/489/2 1949/509/2 1948/508/2
f 1954/489/2 1950/510/2 1949/509/2
f 1954/489/2 1951/511/2 1950/510/2
f 1954/489/2 1952/512/2 1951/511/2
f 1956/410/2 1955/404/2 1954/489/2
f 1953/513/2 1952/512/2 1954/489/2
f 516/259/3 515/261/3 1519/261/3 1520/259/3
f 143/17/4 142/15/4 1146/15/4 1147/17/4
f 597/67/5 596/65/5 1600/65/5 1601/67/5
f 237/221/6 236/223/6 1240/223/6 1241/221/6
f 926/490/7 925/466/7 1929/466/7 1930/490/7
f 127/16/8 126/18/8 1130/18/8 1131/16/8
f 581/66/9 580/68/9 1584/68/9 1585/66/9
f 927/491/10 926/490/10 1930/490/10 1931/491/10
f 429/262/11 428/260/11 1432/260/11 1433/262/11
f 244/224/12 243/222/12 1247/222/12 1248/224/12
f 515/261/13 514/263/13 1518/263/13 1519/261/13
f 144/19/14 143/17/14 1147/17/14 1148/19/14
f 598/69/15 597/67/15 1601/67/15 1602/69/15
f 236/223/16 235/225/16 1239/225/16 1240/223/16
f 928/492/17 927/491/17 1931/491/17 1932/492/17
f 126/18/18 125/20/18 1129/20/18 1130/18/18
f 580/68/19 579/70/19 1583/70/19 1584/68/19
f 929/493/20 928/492/20 1932/492/20 1933/493/20
f 430/264/21 429/262/21 1433/262/21 1434/264/21
f 245/226/22 244/224/22 1248/224/22 1249/226/22
f 514/263/23 513/265/23 1517/265/23 1518/263/23
f 145/21/24 144/19/24 1148/19/24 1149/21/24
f 599/71/25 598/69/25 1602/69/25 1603/71/25
f 235/225/26 234/227/26 1238/227/26 1239/225/26
f 930/494/27 929/493/27 1933/493/27 1934/494/27
f 125/20/28 124/22/28 1128/22/28 1129/20/28
f 579/70/29 578/72/29 1582/72/29 1583/70/29
f 931/495/30 930/494/30 1934/494/30 1935/495/30
f 431/266/31 430/264/31 1434/264/31 1435/266/31
f 246/228/32 245/226/32 1249/226/32 1250/228/32
f 513/265/33 512/267/33 1516/267/33 1517/265/33
f 146/23/34 145/21/34 1149/21/34 1150/23/34
f 600/73/35 599/71/35 1603/71/35 1604/73/35
f 234/227/36 233/229/36 1237/229/36 1238/227/36
f 932/496/37 931/495/37 1935/495/37 1936/496/37
f 124/22/38 123/24/38 1127/24/38 1128/22/38
f 578/72/39 577/74/39 1581/74/39 1582/72/39
f 933/497/40 932/496/40 1936/496/40 1937/497/40
f 432/268/41 431/266/41 1435/266/41 1436/268/41
f 247/230/42 246/228/42 1250/228/42 1251/230/42
f 512/267/28 511/269/28 1515/269/28 1516/267/28
f 147/25/43 146/23/43 1150/23/43 1151/25/43
f 601/75/44 600/73/44 1604/73/44 1605/75/44
f 233/229/45 232/231/45 1236/231/45 1237/229/45
f 934/498/46 933/497/46 1937/497/46 1938/498/46
f 123/24/47 122/26/47 1126/26/47 1127/24/47
f 577/74/48 576/76/48 1580/76/48 1581/74/48
f 935/499/49 934/498/49 1938/498/49 1939/499/49
f 433/270/50 432/268/50 1436/268/50 1437/270/50
f 122/26/51 121/27/51 1125/27/51 1126/26/51
f 682/52/52 681/77/52 1685/77/52 1686/52/52
f 248/232/53 247/230/53 1251/230/53 1252/232/53
f 511/269/54 510/271/54 1514/271/54 1515/269/54
f 232/231/55 231/233/55 1235/233/55 1236/231/55
f 936/500/56 935/499/56 1939/499/56 1940/500/56
f 148/28/57 147/25/57 1151/25/57 1152/28/57
f 602/78/58 601/75/58 1605/75/58 1606/78/58
f 937/501/59 936/500/59 1940/500/59 1941/501/59
f 434/272/60 433/270/60 1437/270/60 1438/272/60
f 576/76/52 575/79/52 1579/79/52 1580/76/52
f 249/234/61 248/232/61 1252/232/61 1253/234/61
f 510/271/47 509/273/47 1513/273/47 1514/271/47
f 149/29/62 148/28/62 1152/28/62 1153/29/62
f 231/233/63 230/235/63 1234/235/63 1235/233/63
f 938/502/64 937/501/64 1941/501/64 1942/502/64
f 121/27/65 120/30/65 1124/30/65 1125/27/65
f 575/79/66 574/80/66 1578/80/66 1579/79/66
f 509/273/67 508/274/67 1512/274/67 1513/273/67
f 574/80/58 573/51/58 1577/51/58 1578/80/58
f 939/503/68 938/502/68 1942/502/68 1943/503/68
f 630/82/52 629/81/52 1633/81/52 1634/82/52
f 250/236/69 249/234/69 1253/234/69 1254/236/69
f 150/31/70 149/29/70 1153/29/70 1154/31/70
f 230/235/29 229/237/29 1233/237/29 1234/235/29
f 940/504/71 939/503/71 1943/503/71 1944/504/71
f 435/275/57 434/272/57 1438/272/57 1439/275/57
f 120/30/72 119/32/72 1123/32/72 1124/30/72
f 631/83/73 630/82/73 1634/82/73 1635/83/73
f 629/81/66 628/84/66 1632/84/66 1633/81/66
f 941/505/74 940/504/74 1944/504/74 1945/505/74
f 436/276/75 435/275/75 1439/275/75 1440/276/75
f 251/238/76 250/236/76 1254/236/76 1255/238/76
f 508/274/77 507/277/77 1511/277/77 1512/274/77
f 151/33/78 150/31/78 1154/31/78 1155/33/78
f 229/237/79 228/239/79 1232/239/79 1233/237/79
f 942/506/80 941/505/80 1945/505/80 1946/506/80
f 119/32/81 118/34/81 1122/34/81 1123/32/81
f 632/85/58 631/83/58 1635/83/58 1636/85/58
f 628/84/52 627/86/52 1631/86/52 1632/84/52
f 943/507/82 942/506/82 1946/506/82 1947/507/82
f 437/278/83 436/276/83 1440/276/83 1441/278/83
f 252/47/84 251/238/84 1255/238/84 1256/47/84
f 507/277/85 506/279/85 1510/279/85 1511/277/85
f 152/35/86 151/33/86 1155/33/86 1156/35/86
f 681/77/87 680/87/87 1684/87/87 1685/77/87
f 228/239/88 227/240/88 1231/240/88 1232/239/88
f 944/508/89 943/507/89 1947/507/89 1948/508/89
f 118/34/90 117/36/90 1121/36/90 1122/34/90
f 201/217/52 200/241/52 1204/241/52 1205/217/52
f 945/509/91 944/508/91 1948/508/91 1949/509/91
f 438/280/78 437/278/78 1441/278/78 1442/280/78
f 603/88/92 602/78/92 1606/78/92 1607/88/92
f 506/279/93 505/281/93 1509/281/93 1510/279/93
f 153/37/94 152/35/94 1156/35/94 1157/37/94
f 627/86/95 626/89/95 1630/89/95 1631/86/95
f 946/510/96 945/509/96 1949/509/96 1950/510/96
f 117/36/97 116/38/97 1120/38/97 1121/36/97
f 225/242/58 252/47/58 1256/47/58 1229/242/58
f 227/240/52 226/243/52 1230/243/52 1231/240/52
f 947/511/98 946/510/98 1950/510/98 1951/511/98
f 439/282/86 438/280/86 1442/280/86 1443/282/86
f 633/90/99 632/85/99 1636/85/99 1637/90/99
f 505/281/90 504/283/90 1508/283/90 1509/281/90
f 154/39/100 153/37/100 1157/37/100 1158/39/100
f 948/512/101 947/511/101 1951/511/101 1952/512/101
f 116/38/102 115/40/102 1119/40/102 1120/38/102
f 604/91/103 603/88/103 1607/88/103 1608/91/103
f 195/244/58 194/216/58 1198/216/58 1199/244/58
f 952/410/66 951/404/66 1955/404/66 1956/410/66
f 626/89/104 625/92/104 1629/92/104 1630/89/104
f 951/404/58 950/489/58 1954/489/58 1955/404/58
f 440/284/94 439/282/94 1443/282/94 1444/284/94
f 950/489/105 949/513/105 1953/513/105 1954/489/105
f 504/283/106 503/285/106 1507/285/106 1508/283/106
f 155/41/107 154/39/107 1158/39/107 1159/41/107
f 949/513/108 948/512/108 1952/512/108 1953/513/108
f 115/40/109 114/42/109 1118/42/109 1119/40/109
f 605/93/110 604/91/110 1608/91/110 1609/93/110
f 226/243/73 225/242/73 1229/242/73 1230/243/73
f 625/92/111 624/94/111 1628/94/111 1629/92/111
f 198/245/66 197/246/66 1201/246/66 1202/245/66
f 441/286/112 440/284/112 1444/284/112 1445/286/112
f 503/285/113 502/287/113 1506/287/113 1507/285/113
f 156/43/114 155/41/114 1159/41/114 1160/43/114
f 114/42/115 113/44/115 1117/44/115 1118/42/115
f 606/95/116 605/93/116 1609/93/116 1610/95/116
f 200/241/66 199/247/66 1203/247/66 1204/241/66
f 624/94/117 623/96/117 1627/96/117 1628/94/117
f 199/247/58 198/245/58 1202/245/58 1203/247/58
f 442/288/107 441/286/107 1445/286/107 1446/288/107
f 197/246/52 196/248/52 1200/248/52 1201/246/52
f 502/287/109 501/289/109 1505/289/109 1506/287/109
f 157/45/118 156/43/118 1160/43/118 1161/45/118
f 196/248/66 195/244/66 1199/244/66 1200/248/66
f 113/44/119 112/46/119 1116/46/119 1117/44/119
f 607/97/120 606/95/120 1610/95/120 1611/97/120
f 386/2/121 385/1/121 1389/1/121 1390/2/121
f 623/96/122 622/98/122 1626/98/122 1627/96/122
f 443/290/114 442/288/114 1446/288/114 1447/290/114
f 387/3/73 386/2/73 1390/2/73 1391/3/73
f 501/289/115 500/291/115 1504/291/115 1505/289/115
f 158/47/123 157/45/123 1161/45/123 1162/47/123
f 112/46/124 111/48/124 1115/48/124 1116/46/124
f 608/99/125 607/97/125 1611/97/125 1612/99/125
f 388/4/126 387/3/126 1391/3/126 1392/4/126
f 622/98/127 621/100/127 1625/100/127 1626/98/127
f 444/292/118 443/290/118 1447/290/118 1448/292/118
f 389/5/128 388/4/128 1392/4/128 1393/5/128
f 500/291/119 499/293/119 1503/293/119 1504/291/119
f 385/1/129 384/6/129 1388/6/129 1389/1/129
f 16/49/130 15/50/130 1019/50/130 1020/49/130
f 609/101/131 608/99/131 1612/99/131 1613/101/131
f 621/100/132 620/102/132 1624/102/132 1625/100/132
f 445/294/123 444/292/123 1448/292/123 1449/294/123
f 390/7/133 389/5/133 1393/5/133 1394/7/133
f 499/293/134 498/295/134 1502/295/134 1503/293/134
f 1/51/135 158/47/135 1162/47/135 1005/51/135
f 384/6/136 383/8/136 1387/8/136 1388/6/136
f 111/48/137 110/52/137 1114/52/137 1115/48/137
f 610/103/138 609/101/138 1613/101/138 1614/103/138
f 620/102/139 619/104/139 1623/104/139 1624/102/139
f 391/9/140 390/7/140 1394/7/140 1395/9/140
f 18/53/141 17/54/141 1021/54/141 1022/53/141
f 383/8/142 382/10/142 1386/10/142 1387/8/142
f 446/297/143 445/294/143 1449/294/143 1450/297/143
f 611/105/144 610/103/144 1614/103/144 1615/105/144
f 498/295/145 497/298/145 1501/298/145 1502/295/145
f 17/54/66 16/49/66 1020/49/66 1021/54/66
f 619/104/146 618/106/146 1622/106/146 1623/104/146
f 392/11/147 391/9/147 1395/9/147 1396/11/147
f 19/55/148 18/53/148 1022/53/148 1023/55/148
f 382/10/149 381/12/149 1385/12/149 1386/10/149
f 549/299/141 548/300/141 1552/300/141 1553/299/141
f 15/50/150 14/56/150 1018/56/150 1019/50/150
f 612/107/151 611/105/151 1615/105/151 1616/107/151
f 618/106/152 617/108/152 1621/108/152 1622/106/152
f 548/300/66 547/296/66 1551/296/66 1552/300/66
f 393/13/153 392/11/153 1396/11/153 1397/13/153
f 547/296/154 546/301/154 1550/301/154 1551/296/154
f 20/57/155 19/55/155 1023/55/155 1024/57/155
f 381/12/3 380/14/3 1384/14/3 1385/12/3
f 14/56/156 13/58/156 1017/58/156 1018/56/156
f 613/109/157 612/107/157 1616/107/157 1617/109/157
f 617/108/158 616/110/158 1620/110/158 1621/108/158
f 550/302/159 549/299/159 1553/299/159 1554/302/159
f 394/15/160 393/13/160 1397/13/160 1398/15/160
f 546/301/161 545/303/161 1549/303/161 1550/301/161
f 21/59/162 20/57/162 1024/57/162 1025/59/162
f 380/14/13 379/16/13 1383/16/13 1384/14/13
f 13/58/163 12/60/163 1016/60/163 1017/58/163
f 614/111/164 613/109/164 1617/109/164 1618/111/164
f 616/110/165 615/112/165 1619/112/165 1620/110/165
f 551/304/166 550/302/166 1554/302/166 1555/304/166
f 395/17/167 394/15/167 1398/15/167 1399/17/167
f 545/303/168 544/305/168 1548/305/168 1549/303/168
f 22/61/169 21/59/169 1025/59/169 1026/61/169
f 379/16/23 378/18/23 1382/18/23 1383/16/23
f 12/60/170 11/62/170 1015/62/170 1016/60/170
f 615/112/73 614/111/73 1618/111/73 1619/112/73
f 552/306/171 551/304/171 1555/304/171 1556/306/171
f 396/19/172 395/17/172 1399/17/172 1400/19/172
f 544/305/173 543/307/173 1547/307/173 1548/305/173
f 23/63/32 22/61/32 1026/61/32 1027/63/32
f 634/113/174 633/90/174 1637/90/174 1638/113/174
f 378/18/33 377/20/33 1381/20/33 1382/18/33
f 11/62/175 10/64/175 1014/64/175 1015/62/175
f 680/87/176 679/114/176 1683/114/176 1684/87/176
f 553/308/177 552/306/177 1556/306/177 1557/308/177
f 397/21/24 396/19/24 1400/19/24 1401/21/24
f 543/307/178 542/309/178 1546/309/178 1547/307/178
f 24/65/179 23/63/179 1027/63/179 1028/65/179
f 635/115/180 634/113/180 1638/113/180 1639/115/180
f 377/20/28 376/22/28 1380/22/28 1381/20/28
f 10/64/181 9/66/181 1013/66/181 1014/64/181
f 679/114/182 678/116/182 1682/116/182 1683/114/182
f 554/310/183 553/308/183 1557/308/183 1558/310/183
f 398/23/184 397/21/184 1401/21/184 1402/23/184
f 542/309/185 541/311/185 1545/311/185 1546/309/185
f 25/67/186 24/65/186 1028/65/186 1029/67/186
f 636/117/187 635/115/187 1639/115/187 1640/117/187
f 376/22/38 375/24/38 1379/24/38 1380/22/38
f 9/66/188 8/68/188 1012/68/188 1013/66/188
f 678/116/189 677/118/189 1681/118/189 1682/116/189
f 555/312/42 554/310/42 1558/310/42 1559/312/42
f 399/25/190 398/23/190 1402/23/190 1403/25/190
f 541/311/191 540/313/191 1544/313/191 1545/311/191
f 26/69/192 25/67/192 1029/67/192 1030/69/192
f 637/119/193 636/117/193 1640/117/193 1641/119/193
f 375/24/47 374/26/47 1378/26/47 1379/24/47
f 8/68/194 7/70/194 1011/70/194 1012/68/194
f 677/118/195 676/120/195 1680/120/195 1681/118/195
f 374/26/67 373/27/67 1377/27/67 1378/26/67
f 556/314/5 555/312/5 1559/312/5 1560/314/5
f 540/313/196 539/315/196 1543/315/196 1544/313/196
f 27/71/197 26/69/197 1030/69/197 1031/71/197
f 638/121/198 637/119/198 1641/119/198 1642/121/198
f 7/70/199 6/72/199 1010/72/199 1011/70/199
f 676/120/200 675/122/200 1679/122/200 1680/120/200
f 400/28/57 399/25/57 1403/25/57 1404/28/57
f 557/316/15 556/314/15 1560/314/15 1561/316/15
f 401/29/75 400/28/75 1404/28/75 1405/29/75
f 539/315/201 538/317/201 1542/317/201 1543/315/201
f 28/73/202 27/71/202 1031/71/202 1032/73/202
f 889/334/203 888/332/203 1892/332/203 1893/334/203
f 639/123/204 638/121/204 1642/121/204 1643/123/204
f 373/27/205 372/30/205 1376/30/205 1377/27/205
f 6/72/206 5/74/206 1009/74/206 1010/72/206
f 857/333/207 856/335/207 1860/335/207 1861/333/207
f 675/122/208 674/124/208 1678/124/208 1679/122/208
f 558/318/25 557/316/25 1561/316/25 1562/318/25
f 402/31/209 401/29/209 1405/29/209 1406/31/209
f 538/317/210 537/319/210 1541/319/210 1542/317/210
f 29/75/211 28/73/211 1032/73/211 1033/75/211
f 890/336/212 889/334/212 1893/334/212 1894/336/212
f 640/125/213 639/123/213 1643/123/213 1644/125/213
f 372/30/72 371/32/72 1375/32/72 1376/30/72
f 5/74/214 4/76/214 1008/76/214 1009/74/214
f 856/335/215 855/337/215 1859/337/215 1860/335/215
f 674/124/216 673/126/216 1677/126/216 1678/124/216
f 559/320/217 558/318/217 1562/318/217 1563/320/217
f 110/52/52 109/77/52 1113/77/52 1114/52/52
f 403/33/218 402/31/218 1406/31/218 1407/33/218
f 537/319/219 536/321/219 1540/321/219 1541/319/219
f 891/338/220 890/336/220 1894/336/220 1895/338/220
f 641/127/221 640/125/221 1644/125/221 1645/127/221
f 371/32/222 370/34/222 1374/34/222 1375/32/222
f 855/337/223 854/339/223 1858/339/223 1859/337/223
f 673/126/224 672/128/224 1676/128/224 1677/126/224
f 30/78/58 29/75/58 1033/75/58 1034/78/58
f 560/322/44 559/320/44 1563/320/44 1564/322/44
f 4/76/52 3/79/52 1007/79/52 1008/76/52
f 404/35/86 403/33/86 1407/33/86 1408/35/86
f 536/321/225 535/323/225 1539/323/225 1540/321/225
f 892/340/226 891/338/226 1895/338/226 1896/340/226
f 642/129/227 641/127/227 1645/127/227 1646/129/227
f 370/34/90 369/36/90 1373/36/90 1374/34/90
f 3/79/66 2/80/66 1006/80/66 1007/79/66
f 854/339/228 853/341/228 1857/341/228 1858/339/228
f 672/128/229 671/130/229 1675/130/229 1676/128/229
f 497/298/52 496/324/52 1500/324/52 1501/298/52
f 2/80/58 1/51/58 1005/51/58 1006/80/58
f 58/82/52 57/81/52 1061/81/52 1062/82/52
f 405/37/94 404/35/94 1408/35/94 1409/37/94
f 893/342/131 892/340/131 1896/340/131 1897/342/131
f 643/131/230 642/129/230 1646/129/230 1647/131/230
f 369/36/106 368/38/106 1372/38/106 1373/36/106
f 561/325/58 560/322/58 1564/322/58 1565/325/58
f 59/83/73 58/82/73 1062/82/73 1063/83/73
f 853/341/231 852/343/231 1856/343/231 1857/341/231
f 671/130/232 670/132/232 1674/132/232 1675/130/232
f 535/323/52 534/326/52 1538/326/52 1539/323/52
f 57/81/66 56/84/66 1060/84/66 1061/81/66
f 406/39/112 405/37/112 1409/37/112 1410/39/112
f 894/344/138 893/342/138 1897/342/138 1898/344/138
f 644/133/233 643/131/233 1647/131/233 1648/133/233
f 368/38/113 367/40/113 1371/40/113 1372/38/113
f 447/327/58 446/297/58 1450/297/58 1451/327/58
f 60/85/58 59/83/58 1063/83/58 1064/85/58
f 852/343/234 851/345/234 1855/345/234 1856/343/234
f 670/132/235 669/134/235 1673/134/235 1674/132/235
f 496/324/236 495/328/236 1499/328/236 1500/324/236
f 56/84/52 55/86/52 1059/86/52 1060/84/52
f 669/134/237 668/135/237 1672/135/237 1673/134/237
f 407/41/238 406/39/238 1410/39/238 1411/41/238
f 109/77/87 108/87/87 1112/87/87 1113/77/87
f 895/346/144 894/344/144 1898/344/144 1899/346/144
f 367/40/109 366/42/109 1370/42/109 1371/40/109
f 562/329/92 561/325/92 1565/325/92 1566/329/92
f 851/345/239 850/347/239 1854/347/239 1855/345/239
f 534/326/240 533/330/240 1537/330/240 1538/326/240
f 645/136/241 644/133/241 1648/133/241 1649/136/241
f 31/88/242 30/78/242 1034/78/242 1035/88/242
f 668/135/243 667/137/243 1671/137/243 1672/135/243
f 408/43/114 407/41/114 1411/41/114 1412/43/114
f 55/86/244 54/89/244 1058/89/244 1059/86/244
f 896/348/245 895/346/245 1899/346/245 1900/348/245
f 366/42/115 365/44/115 1369/44/115 1370/42/115
f 448/331/99 447/327/99 1451/327/99 1452/331/99
f 850/347/246 849/349/246 1853/349/246 1854/347/246
f 646/138/247 645/136/247 1649/136/247 1650/138/247
f 563/332/248 562/329/248 1566/329/248 1567/332/248
f 61/90/249 60/85/249 1064/85/249 1065/90/249
f 667/137/250 666/139/250 1670/139/250 1671/137/250
f 409/45/118 408/43/118 1412/43/118 1413/45/118
f 533/330/251 532/333/251 1536/333/251 1537/330/251
f 897/47/157 896/348/157 1900/348/157 1901/47/157
f 365/44/119 364/46/119 1368/46/119 1369/44/119
f 32/91/252 31/88/252 1035/88/252 1036/91/252
f 849/349/253 848/350/253 1852/350/253 1853/349/253
f 54/89/254 53/92/254 1057/92/254 1058/89/254
f 647/140/255 646/138/255 1650/138/255 1651/140/255
f 564/334/110 563/332/110 1567/332/110 1568/334/110
f 410/47/123 409/45/123 1413/45/123 1414/47/123
f 532/333/256 531/335/256 1535/335/256 1536/333/256
f 846/351/164 897/47/164 1901/47/164 1850/351/164
f 648/141/257 647/140/257 1651/140/257 1652/141/257
f 364/46/134 363/48/134 1367/48/134 1368/46/134
f 33/93/258 32/91/258 1036/91/258 1037/93/258
f 848/350/259 847/352/259 1851/352/259 1852/350/259
f 666/139/260 665/142/260 1669/142/260 1670/139/260
f 53/92/261 52/94/261 1056/94/261 1057/92/261
f 565/336/116 564/334/116 1568/334/116 1569/336/116
f 531/335/262 530/337/262 1534/337/262 1535/335/262
f 847/352/73 846/351/73 1850/351/73 1851/352/73
f 649/143/263 648/141/263 1652/141/263 1653/143/263
f 268/49/264 267/50/264 1271/50/264 1272/49/264
f 34/95/265 33/93/265 1037/93/265 1038/95/265
f 665/142/266 664/144/266 1668/144/266 1669/142/266
f 52/94/267 51/96/267 1055/96/267 1056/94/267
f 566/338/120 565/336/120 1569/336/120 1570/338/120
f 774/353/174 773/331/174 1777/331/174 1778/353/174
f 253/51/143 410/47/143 1414/47/143 1257/51/143
f 530/337/223 529/339/223 1533/339/223 1534/337/223
f 820/328/176 819/354/176 1823/354/176 1824/328/176
f 650/145/268 649/143/268 1653/143/268 1654/145/268
f 363/48/137 362/52/137 1366/52/137 1367/48/137
f 35/97/269 34/95/269 1038/95/269 1039/97/269
f 664/144/270 663/146/270 1667/146/270 1668/144/270
f 51/96/271 50/98/271 1054/98/271 1055/96/271
f 567/340/125 566/338/125 1570/338/125 1571/340/125
f 775/355/272 774/353/272 1778/353/272 1779/355/272
f 270/53/273 269/54/273 1273/54/273 1274/53/273
f 529/339/274 528/341/274 1532/341/274 1533/339/274
f 819/354/182 818/356/182 1822/356/182 1823/354/182
f 651/147/275 650/145/275 1654/145/275 1655/147/275
f 36/99/226 35/97/226 1039/97/226 1040/99/226
f 663/146/276 662/148/276 1666/148/276 1667/146/276
f 269/54/66 268/49/66 1272/49/66 1273/54/66
f 50/98/277 49/100/277 1053/100/277 1054/98/277
f 568/342/131 567/340/131 1571/340/131 1572/342/131
f 776/357/187 775/355/187 1779/355/187 1780/357/187
f 271/55/159 270/53/159 1274/53/159 1275/55/159
f 528/341/278 527/343/278 1531/343/278 1532/341/278
f 818/356/189 817/358/189 1821/358/189 1822/356/189
f 652/149/279 651/147/279 1655/147/279 1656/149/279
f 267/50/280 266/56/280 1270/56/280 1271/50/280
f 37/101/281 36/99/281 1040/99/281 1041/101/281
f 662/148/282 661/150/282 1665/150/282 1666/148/282
f 49/100/283 48/102/283 1052/102/283 1053/100/283
f 569/344/284 568/342/284 1572/342/284 1573/344/284
f 777/359/193 776/357/193 1780/357/193 1781/359/193
f 272/57/285 271/55/285 1275/55/285 1276/57/285
f 527/343/286 526/345/286 1530/345/286 1531/343/286
f 817/358/195 816/360/195 1820/360/195 1821/358/195
f 653/151/287 652/149/287 1656/149/287 1657/151/287
f 266/56/6 265/58/6 1269/58/6 1270/56/6
f 38/103/288 37/101/288 1041/101/288 1042/103/288
f 661/150/289 660/152/289 1664/152/289 1665/150/289
f 48/102/290 47/104/290 1051/104/290 1052/102/290
f 570/346/144 569/344/144 1573/344/144 1574/346/144
f 778/361/198 777/359/198 1781/359/198 1782/361/198
f 273/59/171 272/57/171 1276/57/171 1277/59/171
f 526/345/291 525/347/291 1529/347/291 1530/345/291
f 816/360/200 815/362/200 1819/362/200 1820/360/200
f 654/153/292 653/151/292 1657/151/292 1658/153/292
f 265/58/293 264/60/293 1268/60/293 1269/58/293
f 39/105/294 38/103/294 1042/103/294 1043/105/294
f 660/152/295 659/154/295 1663/154/295 1664/152/295
f 47/104/296 46/106/296 1050/106/296 1051/104/296
f 571/348/245 570/346/245 1574/346/245 1575/348/245
f 779/363/204 778/361/204 1782/361/204 1783/363/204
f 274/61/22 273/59/22 1277/59/22 1278/61/22
f 525/347/297 524/349/297 1528/349/297 1529/347/297
f 815/362/208 814/364/208 1818/364/208 1819/362/208
f 655/155/298 654/153/298 1658/153/298 1659/155/298
f 264/60/299 263/62/299 1267/62/299 1268/60/299
f 40/107/300 39/105/300 1043/105/300 1044/107/300
f 659/154/301 658/156/301 1662/156/301 1663/154/301
f 46/106/302 45/108/302 1049/108/302 1050/106/302
f 572/47/157 571/348/157 1575/348/157 1576/47/157
f 780/365/213 779/363/213 1783/363/213 1784/365/213
f 275/63/32 274/61/32 1278/61/32 1279/63/32
f 524/349/253 523/350/253 1527/350/253 1528/349/253
f 814/364/216 813/366/216 1817/366/216 1818/364/216
f 656/157/303 655/155/303 1659/155/303 1660/157/303
f 263/62/36 262/64/36 1266/64/36 1267/62/36
f 41/109/304 40/107/304 1044/107/304 1045/109/304
f 658/156/305 657/158/305 1661/158/305 1662/156/305
f 45/108/306 44/110/306 1048/110/306 1049/108/306
f 657/158/66 656/157/66 1660/157/66 1661/158/66
f 521/351/164 572/47/164 1576/47/164 1525/351/164
f 781/367/307 780/365/307 1784/365/307 1785/367/307
f 737/400/308 736/399/308 1740/399/308 1741/400/308
f 276/65/42 275/63/42 1279/63/42 1280/65/42
f 523/350/259 522/352/259 1526/352/259 1527/350/259
f 813/366/309 812/368/309 1816/368/309 1817/366/309
f 262/64/45 261/66/45 1265/66/45 1266/64/45
f 42/111/164 41/109/164 1045/109/164 1046/111/164
f 738/401/73 737/400/73 1741/400/73 1742/401/73
f 44/110/310 43/112/310 1047/112/310 1048/110/310
f 522/352/73 521/351/73 1525/351/73 1526/352/73
f 782/369/227 781/367/227 1785/367/227 1786/369/227
f 739/47/311 738/401/311 1742/401/311 1743/47/311
f 277/67/312 276/65/312 1280/65/312 1281/67/312
f 812/368/229 811/370/229 1815/370/229 1816/368/229
f 731/51/313 739/47/313 1743/47/313 1735/51/313
f 261/66/55 260/68/55 1264/68/55 1265/66/55
f 43/112/73 42/111/73 1046/111/73 1047/112/73
f 449/353/174 448/331/174 1452/331/174 1453/353/174
f 732/402/73 731/51/73 1735/51/73 1736/402/73
f 495/328/176 494/354/176 1498/354/176 1499/328/176
f 783/371/230 782/369/230 1786/369/230 1787/371/230
f 278/69/314 277/67/314 1281/67/314 1282/69/314
f 62/113/174 61/90/174 1065/90/174 1066/113/174
f 811/370/232 810/372/232 1814/372/232 1815/370/232
f 733/403/315 732/402/315 1736/402/315 1737/403/315
f 260/68/316 259/70/316 1263/70/316 1264/68/316
f 108/87/317 107/114/317 1111/114/317 1112/87/317
f 450/355/180 449/353/180 1453/353/180 1454/355/180
f 736/399/52 735/404/52 1739/404/52 1740/399/52
f 494/354/182 493/356/182 1497/356/182 1498/354/182
f 784/373/233 783/371/233 1787/371/233 1788/373/233
f 279/71/69 278/69/69 1282/69/69 1283/71/69
f 63/115/180 62/113/180 1066/113/180 1067/115/180
f 810/372/235 809/374/235 1813/374/235 1814/372/235
f 735/404/66 734/405/66 1738/405/66 1739/404/66
f 259/70/318 258/72/318 1262/72/318 1263/70/318
f 107/114/182 106/116/182 1110/116/182 1111/114/182
f 734/405/58 733/403/58 1737/403/58 1738/405/58
f 451/357/187 450/355/187 1454/355/187 1455/357/187
f 809/374/319 808/375/319 1812/375/319 1813/374/319
f 741/406/52 740/51/52 1744/51/52 1745/406/52
f 493/356/189 492/358/189 1496/358/189 1497/356/189
f 280/73/76 279/71/76 1283/71/76 1284/73/76
f 64/117/187 63/115/187 1067/115/187 1068/117/187
f 742/407/73 741/406/73 1745/406/73 1746/407/73
f 258/72/320 257/74/320 1261/74/320 1262/72/320
f 106/116/189 105/118/189 1109/118/189 1110/116/189
f 785/376/321 784/373/321 1788/373/321 1789/376/321
f 452/359/193 451/357/193 1455/357/193 1456/359/193
f 808/375/243 807/377/243 1811/377/243 1812/375/243
f 743/408/58 742/407/58 1746/407/58 1747/408/58
f 492/358/195 491/360/195 1495/360/195 1496/358/195
f 281/75/322 280/73/322 1284/73/322 1285/75/322
f 65/119/323 64/117/323 1068/117/323 1069/119/323
f 744/409/73 743/408/73 1747/408/73 1748/409/73
f 257/74/324 256/76/324 1260/76/324 1261/74/324
f 105/118/195 104/120/195 1108/120/195 1109/118/195
f 786/378/325 785/376/325 1789/376/325 1790/378/325
f 740/51/66 745/47/66 1749/47/66 1744/51/66
f 453/361/326 452/359/326 1456/359/326 1457/361/326
f 807/377/250 806/379/250 1810/379/250 1811/377/250
f 745/47/58 744/409/58 1748/409/58 1749/47/58
f 362/52/52 361/77/52 1365/77/52 1366/52/52
f 491/360/200 490/362/200 1494/362/200 1495/360/200
f 746/51/121 845/249/121 1849/249/121 1750/51/121
f 66/121/198 65/119/198 1069/119/198 1070/121/198
f 104/120/327 103/122/327 1107/122/327 1108/120/327
f 787/380/328 786/378/328 1790/378/328 1791/380/328
f 747/250/73 746/51/73 1750/51/73 1751/250/73
f 282/78/58 281/75/58 1285/75/58 1286/78/58
f 454/363/204 453/361/204 1457/361/204 1458/363/204
f 256/76/52 255/79/52 1259/79/52 1260/76/52
f 490/362/208 489/364/208 1493/364/208 1494/362/208
f 788/381/329 787/380/329 1791/380/329 1792/381/329
f 748/251/330 747/250/330 1751/250/330 1752/251/330
f 67/123/204 66/121/204 1070/121/204 1071/123/204
f 806/379/260 805/382/260 1809/382/260 1810/379/260
f 255/79/66 254/80/66 1258/80/66 1259/79/66
f 103/122/331 102/124/331 1106/124/331 1107/122/331
f 749/252/332 748/251/332 1752/251/332 1753/252/332
f 254/80/58 253/51/58 1257/51/58 1258/80/58
f 455/365/213 454/363/213 1458/363/213 1459/365/213
f 845/249/129 844/253/129 1848/253/129 1849/249/129
f 310/82/52 309/81/52 1313/81/52 1314/82/52
f 489/364/216 488/366/216 1492/366/216 1493/364/216
f 789/383/333 788/381/333 1792/381/333 1793/383/333
f 68/125/213 67/123/213 1071/123/213 1072/125/213
f 805/382/266 804/384/266 1808/384/266 1809/382/266
f 311/83/73 310/82/73 1314/82/73 1315/83/73
f 102/124/216 101/126/216 1105/126/216 1106/124/216
f 750/254/334 749/252/334 1753/252/334 1754/254/334
f 309/81/66 308/84/66 1312/84/66 1313/81/66
f 456/367/221 455/365/221 1459/365/221 1460/367/221
f 844/253/136 843/255/136 1847/255/136 1848/253/136
f 488/366/224 487/368/224 1491/368/224 1492/366/224
f 790/385/335 789/383/335 1793/383/335 1794/385/335
f 69/127/221 68/125/221 1072/125/221 1073/127/221
f 804/384/270 803/386/270 1807/386/270 1808/384/270
f 312/85/58 311/83/58 1315/83/58 1316/85/58
f 101/126/336 100/128/336 1104/128/336 1105/126/336
f 751/256/337 750/254/337 1754/254/337 1755/256/337
f 308/84/52 307/86/52 1311/86/52 1312/84/52
f 457/369/227 456/367/227 1460/367/227 1461/369/227
f 843/255/142 842/257/142 1846/257/142 1847/255/142
f 487/368/229 486/370/229 1490/370/229 1491/368/229
f 791/387/338 790/385/338 1794/385/338 1795/387/338
f 361/77/87 360/87/87 1364/87/87 1365/77/87
f 70/129/339 69/127/339 1073/127/339 1074/129/339
f 803/386/276 802/388/276 1806/388/276 1807/386/276
f 100/128/340 99/130/340 1103/130/340 1104/128/340
f 752/258/341 751/256/341 1755/256/341 1756/258/341
f 458/371/230 457/369/230 1461/369/230 1462/371/230
f 842/257/149 841/259/149 1845/259/149 1846/257/149
f 283/88/342 282/78/342 1286/78/342 1287/88/342
f 486/370/232 485/372/232 1489/372/232 1490/370/232
f 792/389/89 791/387/89 1795/387/89 1796/389/89
f 307/86/343 306/89/343 1310/89/343 1311/86/343
f 71/131/344 70/129/344 1074/129/344 1075/131/344
f 802/388/282 801/390/282 1805/390/282 1806/388/282
f 99/130/232 98/132/232 1102/132/232 1103/130/232
f 753/260/345 752/258/345 1756/258/345 1757/260/345
f 459/373/233 458/371/233 1462/371/233 1463/373/233
f 841/259/3 840/261/3 1844/261/3 1845/259/3
f 313/90/99 312/85/99 1316/85/99 1317/90/99
f 485/372/235 484/374/235 1488/374/235 1489/372/235
f 793/391/346 792/389/346 1796/389/346 1797/391/346
f 72/133/233 71/131/233 1075/131/233 1076/133/233
f 801/390/289 800/392/289 1804/392/289 1805/390/289
f 284/91/103 283/88/103 1287/88/103 1288/91/103
f 484/374/319 483/375/319 1487/375/319 1488/374/319
f 98/132/347 97/134/347 1101/134/347 1102/132/347
f 754/262/11 753/260/11 1757/260/11 1758/262/11
f 306/89/348 305/92/348 1309/92/348 1310/89/348
f 840/261/13 839/263/13 1843/263/13 1844/261/13
f 97/134/319 96/135/319 1100/135/319 1101/134/319
f 794/393/349 793/391/349 1797/391/349 1798/393/349
f 460/376/321 459/373/321 1463/373/321 1464/376/321
f 800/392/295 799/394/295 1803/394/295 1804/392/295
f 285/93/350 284/91/350 1288/91/350 1289/93/350
f 483/375/243 482/377/243 1486/377/243 1487/375/243
f 755/264/21 754/262/21 1758/262/21 1759/264/21
f 305/92/261 304/94/261 1308/94/261 1309/92/261
f 73/136/351 72/133/351 1076/133/351 1077/136/351
f 839/263/23 838/265/23 1842/265/23 1843/263/23
f 96/135/352 95/137/352 1099/137/352 1100/135/352
f 795/395/353 794/393/353 1798/393/353 1799/395/353
f 461/378/325 460/376/325 1464/376/325 1465/378/325
f 799/394/301 798/396/301 1802/396/301 1803/394/301
f 286/95/354 285/93/354 1289/93/354 1290/95/354
f 482/377/250 481/379/250 1485/379/250 1486/377/250
f 756/266/31 755/264/31 1759/264/31 1760/266/31
f 304/94/355 303/96/355 1307/96/355 1308/94/355
f 74/138/356 73/136/356 1077/136/356 1078/138/356
f 838/265/33 837/267/33 1841/267/33 1842/265/33
f 95/137/250 94/139/250 1098/139/250 1099/137/250
f 796/397/357 795/395/357 1799/395/357 1800/397/357
f 462/380/328 461/378/328 1465/378/328 1466/380/328
f 798/396/305 797/398/305 1801/398/305 1802/396/305
f 287/97/358 286/95/358 1290/95/358 1291/97/358
f 797/398/66 796/397/66 1800/397/66 1801/398/66
f 757/268/41 756/266/41 1760/266/41 1761/268/41
f 303/96/359 302/98/359 1306/98/359 1307/96/359
f 463/381/329 462/380/329 1466/380/329 1467/381/329
f 75/140/255 74/138/255 1078/138/255 1079/140/255
f 898/51/52 952/410/52 1956/410/52 1902/51/52
f 837/267/360 836/269/360 1840/269/360 1841/267/360
f 481/379/361 480/382/361 1484/382/361 1485/379/361
f 76/141/257 75/140/257 1079/140/257 1080/141/257
f 288/99/125 287/97/125 1291/97/125 1292/99/125
f 94/139/362 93/142/362 1097/142/362 1098/139/362
f 977/411/363 976/412/363 1980/412/363 1981/411/363
f 758/270/50 757/268/50 1761/268/50 1762/270/50
f 302/98/127 301/100/127 1305/100/127 1306/98/127
f 464/383/333 463/381/333 1467/381/333 1468/383/333
f 836/269/54 835/271/54 1839/271/54 1840/269/54
f 480/382/266 479/384/266 1483/384/266 1484/382/266
f 976/412/364 975/413/364 1979/413/364 1980/412/364
f 77/143/365 76/141/365 1080/141/365 1081/143/365
f 289/101/366 288/99/366 1292/99/366 1293/101/366
f 93/142/367 92/144/367 1096/144/367 1097/142/367
f 975/413/368 974/414/368 1978/414/368 1979/413/368
f 759/272/60 758/270/60 1762/270/60 1763/272/60
f 301/100/369 300/102/369 1304/102/369 1305/100/369
f 465/385/335 464/383/335 1468/383/335 1469/385/335
f 835/271/47 834/273/47 1838/273/47 1839/271/47
f 479/384/270 478/386/270 1482/386/270 1483/384/270
f 974/414/179 973/415/179 1977/415/179 1978/414/179
f 78/145/370 77/143/370 1081/143/370 1082/145/370
f 834/273/67 833/274/67 1837/274/67 1838/273/67
f 290/103/138 289/101/138 1293/101/138 1294/103/138
f 92/144/270 91/146/270 1095/146/270 1096/144/270
f 973/415/183 972/416/183 1976/416/183 1977/415/183
f 300/102/139 299/104/139 1303/104/139 1304/102/139
f 466/387/338 465/385/338 1469/385/338 1470/387/338
f 478/386/276 477/388/276 1481/388/276 1482/386/276
f 972/416/22 971/417/22 1975/417/22 1976/416/22
f 760/275/57 759/272/57 1763/272/57 1764/275/57
f 79/147/371 78/145/371 1082/145/371 1083/147/371
f 291/105/144 290/103/144 1294/103/144 1295/105/144
f 91/146/276 90/148/276 1094/148/276 1095/146/276
f 971/417/171 970/418/171 1974/418/171 1975/417/171
f 761/276/75 760/275/75 1764/275/75 1765/276/75
f 299/104/146 298/106/146 1302/106/146 1303/104/146
f 467/389/89 466/387/89 1470/387/89 1471/389/89
f 833/274/77 832/277/77 1836/277/77 1837/274/77
f 477/388/282 476/390/282 1480/390/282 1481/388/282
f 80/149/279 79/147/279 1083/147/279 1084/149/279
f 899/419/73 898/51/73 1902/51/73 1903/419/73
f 292/107/372 291/105/372 1295/105/372 1296/107/372
f 90/148/373 89/150/373 1093/150/373 1094/148/373
f 762/278/83 761/276/83 1765/276/83 1766/278/83
f 298/106/374 297/108/374 1301/108/374 1302/106/374
f 468/391/346 467/389/346 1471/389/346 1472/391/346
f 900/420/375 899/419/375 1903/419/375 1904/420/375
f 832/277/85 831/279/85 1835/279/85 1836/277/85
f 476/390/289 475/392/289 1479/392/289 1480/390/289
f 81/151/287 80/149/287 1084/149/287 1085/151/287
f 901/421/376 900/420/376 1904/420/376 1905/421/376
f 293/109/157 292/107/157 1296/107/157 1297/109/157
f 89/150/377 88/152/377 1092/152/377 1093/150/377
f 763/280/218 762/278/218 1766/278/218 1767/280/218
f 297/108/158 296/110/158 1300/110/158 1301/108/158
f 469/393/349 468/391/349 1472/391/349 1473/393/349
f 902/422/378 901/421/378 1905/421/378 1906/422/378
f 831/279/93 830/281/93 1834/281/93 1835/279/93
f 475/392/295 474/394/295 1478/394/295 1479/392/295
f 82/153/292 81/151/292 1085/151/292 1086/153/292
f 903/423/379 902/422/379 1906/422/379 1907/423/379
f 294/111/164 293/109/164 1297/109/164 1298/111/164
f 88/152/295 87/154/295 1091/154/295 1092/152/295
f 970/418/166 969/424/166 1973/424/166 1974/418/166
f 764/282/86 763/280/86 1767/280/86 1768/282/86
f 296/110/165 295/112/165 1299/112/165 1300/110/165
f 470/395/353 469/393/353 1473/393/353 1474/395/353
f 830/281/90 829/283/90 1833/283/90 1834/281/90
f 474/394/301 473/396/301 1477/396/301 1478/394/301
f 83/155/298 82/153/298 1086/153/298 1087/155/298
f 904/425/341 903/423/341 1907/423/341 1908/425/341
f 295/112/73 294/111/73 1298/111/73 1299/112/73
f 87/154/301 86/156/301 1090/156/301 1091/154/301
f 765/284/94 764/282/94 1768/282/94 1769/284/94
f 471/397/357 470/395/357 1474/395/357 1475/397/357
f 905/426/380 904/425/380 1908/425/380 1909/426/380
f 829/283/106 828/285/106 1832/285/106 1833/283/106
f 473/396/305 472/398/305 1476/398/305 1477/396/305
f 314/113/174 313/90/174 1317/90/174 1318/113/174
f 472/398/66 471/397/66 1475/397/66 1476/398/66
f 84/157/303 83/155/303 1087/155/303 1088/157/303
f 906/427/381 905/426/381 1909/426/381 1910/427/381
f 360/87/176 359/114/176 1363/114/176 1364/87/176
f 706/2/121 705/1/121 1709/1/121 1710/2/121
f 86/156/305 85/158/305 1089/158/305 1090/156/305
f 766/286/100 765/284/100 1769/284/100 1770/286/100
f 85/158/66 84/157/66 1088/157/66 1089/158/66
f 907/428/382 906/427/382 1910/427/382 1911/428/382
f 828/285/113 827/287/113 1831/287/113 1832/285/113
f 707/3/73 706/2/73 1710/2/73 1711/3/73
f 167/160/52 166/159/52 1170/159/52 1171/160/52
f 315/115/180 314/113/180 1318/113/180 1319/115/180
f 908/429/383 907/428/383 1911/428/383 1912/429/383
f 359/114/384 358/116/384 1362/116/384 1363/114/384
f 708/4/126 707/3/126 1711/3/126 1712/4/126
f 168/47/73 167/160/73 1171/160/73 1172/47/73
f 767/288/107 766/286/107 1770/286/107 1771/288/107
f 909/430/385 908/429/385 1912/429/385 1913/430/385
f 827/287/109 826/289/109 1830/289/109 1831/287/109
f 709/5/128 708/4/128 1712/4/128 1713/5/128
f 316/117/187 315/115/187 1319/115/187 1320/117/187
f 705/1/129 704/6/129 1708/6/129 1709/1/129
f 910/431/386 909/430/386 1913/430/386 1914/431/386
f 358/116/189 357/118/189 1361/118/189 1362/116/189
f 159/51/387 168/47/387 1172/47/387 1163/51/387
f 768/290/114 767/288/114 1771/288/114 1772/290/114
f 160/162/52 159/51/52 1163/51/52 1164/162/52
f 911/432/388 910/431/388 1914/431/388 1915/432/388
f 826/289/115 825/291/115 1829/291/115 1830/289/115
f 710/7/133 709/5/133 1713/5/133 1714/7/133
f 317/119/389 316/117/389 1320/117/389 1321/119/389
f 704/6/136 703/8/136 1707/8/136 1708/6/136
f 161/163/73 160/162/73 1164/162/73 1165/163/73
f 912/433/390 911/432/390 1915/432/390 1916/433/390
f 357/118/391 356/120/391 1360/120/391 1361/118/391
f 969/424/392 968/434/392 1972/434/392 1973/424/392
f 769/292/393 768/290/393 1772/290/393 1773/292/393
f 162/164/58 161/163/58 1165/163/58 1166/164/58
f 825/291/119 824/293/119 1828/293/119 1829/291/119
f 711/9/140 710/7/140 1714/7/140 1715/9/140
f 166/159/66 165/165/66 1169/165/66 1170/159/66
f 318/121/326 317/119/326 1321/119/326 1322/121/326
f 703/8/142 702/10/142 1706/10/142 1707/8/142
f 165/165/58 164/161/58 1168/161/58 1169/165/58
f 913/435/394 912/433/394 1916/433/394 1917/435/394
f 356/120/200 355/122/200 1359/122/200 1360/120/200
f 164/161/395 163/166/395 1167/166/395 1168/161/395
f 770/294/123 769/292/123 1773/292/123 1774/294/123
f 914/436/396 913/435/396 1917/435/396 1918/436/396
f 824/293/134 823/295/134 1827/295/134 1828/293/134
f 712/11/147 711/9/147 1715/9/147 1716/11/147
f 163/166/66 162/164/66 1166/164/66 1167/166/66
f 319/123/204 318/121/204 1322/121/204 1323/123/204
f 702/10/149 701/12/149 1705/12/149 1706/10/149
f 169/51/121 224/167/121 1228/167/121 1173/51/121
f 915/437/397 914/436/397 1918/436/397 1919/437/397
f 355/122/208 354/124/208 1358/124/208 1359/122/208
f 170/168/73 169/51/73 1173/51/73 1174/168/73
f 916/438/398 915/437/398 1919/437/398 1920/438/398
f 713/13/153 712/11/153 1716/11/153 1717/13/153
f 771/297/143 770/294/143 1774/294/143 1775/297/143
f 320/125/213 319/123/213 1323/123/213 1324/125/213
f 701/12/3 700/14/3 1704/14/3 1705/12/3
f 171/169/126 170/168/126 1174/168/126 1175/169/126
f 917/439/399 916/438/399 1920/438/399 1921/439/399
f 823/295/137 822/298/137 1826/298/137 1827/295/137
f 354/124/216 353/126/216 1357/126/216 1358/124/216
f 172/170/128 171/169/128 1175/169/128 1176/170/128
f 918/440/400 917/439/400 1921/439/400 1922/440/400
f 714/15/401 713/13/401 1717/13/401 1718/15/401
f 224/167/129 223/171/129 1227/171/129 1228/167/129
f 874/299/141 873/300/141 1877/300/141 1878/299/141
f 321/127/307 320/125/307 1324/125/307 1325/127/307
f 700/14/13 699/16/13 1703/16/13 1704/14/13
f 919/441/402 918/440/402 1922/440/402 1923/441/402
f 353/126/309 352/128/309 1356/128/309 1357/126/309
f 968/434/141 967/442/141 1971/442/141 1972/434/141
f 873/300/66 872/296/66 1876/296/66 1877/300/66
f 173/172/133 172/170/133 1176/170/133 1177/172/133
f 872/296/403 871/301/403 1875/301/403 1876/296/403
f 715/17/167 714/15/167 1718/15/167 1719/17/167
f 223/171/136 222/173/136 1226/173/136 1227/171/136
f 322/129/404 321/127/404 1325/127/404 1326/129/404
f 699/16/23 698/18/23 1702/18/23 1703/16/23
f 920/443/405 919/441/405 1923/441/405 1924/443/405
f 352/128/340 351/130/340 1355/130/340 1356/128/340
f 875/302/392 874/299/392 1878/299/392 1879/302/392
f 174/174/140 173/172/140 1177/172/140 1178/174/140
f 921/444/406 920/443/406 1924/443/406 1925/444/406
f 871/301/161 870/303/161 1874/303/161 1875/301/161
f 716/19/172 715/17/172 1719/17/172 1720/19/172
f 222/173/142 221/175/142 1225/175/142 1226/173/142
f 323/131/230 322/129/230 1326/129/230 1327/131/230
f 698/18/33 697/20/33 1701/20/33 1702/18/33
f 922/445/407 921/444/407 1925/444/407 1926/445/407
f 351/130/408 350/132/408 1354/132/408 1355/130/408
f 967/442/66 966/446/66 1970/446/66 1971/442/66
f 876/304/166 875/302/166 1879/302/166 1880/304/166
f 175/176/147 174/174/147 1178/174/147 1179/176/147
f 870/303/168 869/305/168 1873/305/168 1874/303/168
f 717/21/24 716/19/24 1720/19/24 1721/21/24
f 221/175/149 220/177/149 1224/177/149 1225/175/149
f 966/446/264 965/447/264 1969/447/264 1970/446/264
f 324/133/233 323/131/233 1327/131/233 1328/133/233
f 697/20/28 696/22/28 1700/22/28 1701/20/28
f 350/132/347 349/134/347 1353/134/347 1354/132/347
f 877/306/171 876/304/171 1880/304/171 1881/306/171
f 176/178/409 175/176/409 1179/176/409 1180/178/409
f 923/448/410 922/445/410 1926/445/410 1927/448/410
f 869/305/411 868/307/411 1872/307/411 1873/305/411
f 349/134/319 348/135/319 1352/135/319 1353/134/319
f 718/23/184 717/21/184 1721/21/184 1722/23/184
f 220/177/3 219/179/3 1223/179/3 1224/177/3
f 965/447/412 964/449/412 1968/449/412 1969/447/412
f 696/22/54 695/24/54 1699/24/54 1700/22/54
f 964/449/6 963/450/6 1967/450/6 1968/449/6
f 878/308/22 877/306/22 1881/306/22 1882/308/22
f 325/136/351 324/133/351 1328/133/351 1329/136/351
f 177/180/401 176/178/401 1180/178/401 1181/180/401
f 868/307/413 867/309/413 1871/309/413 1872/307/413
f 348/135/352 347/137/352 1351/137/352 1352/135/352
f 719/25/414 718/23/414 1722/23/414 1723/25/414
f 219/179/13 218/181/13 1222/181/13 1223/179/13
f 963/450/293 962/451/293 1966/451/293 1967/450/293
f 695/24/47 694/26/47 1698/26/47 1699/24/47
f 962/451/26 961/452/26 1965/452/26 1966/451/26
f 879/310/183 878/308/183 1882/308/183 1883/310/183
f 326/138/247 325/136/247 1329/136/247 1330/138/247
f 694/26/67 693/27/67 1697/27/67 1698/26/67
f 178/182/167 177/180/167 1181/180/167 1182/182/167
f 867/309/415 866/311/415 1870/311/415 1871/309/415
f 347/137/250 346/139/250 1350/139/250 1351/137/250
f 218/181/23 217/183/23 1221/183/23 1222/181/23
f 961/452/36 960/453/36 1964/453/36 1965/452/36
f 720/28/57 719/25/57 1723/25/57 1724/28/57
f 960/453/181 959/454/181 1963/454/181 1964/453/181
f 880/312/179 879/310/179 1883/310/179 1884/312/179
f 327/140/255 326/138/255 1330/138/255 1331/140/255
f 179/184/172 178/182/172 1182/182/172 1183/184/172
f 866/311/416 865/313/416 1869/313/416 1870/311/416
f 721/29/75 720/28/75 1724/28/75 1725/29/75
f 217/183/33 216/185/33 1220/185/33 1221/183/33
f 959/454/417 958/455/417 1962/455/417 1963/454/417
f 328/141/257 327/140/257 1331/140/257 1332/141/257
f 693/27/77 692/30/77 1696/30/77 1697/27/77
f 346/139/260 345/142/260 1349/142/260 1350/139/260
f 958/455/418 957/456/418 1961/456/418 1962/455/418
f 881/314/368 880/312/368 1884/312/368 1885/314/368
f 180/186/24 179/184/24 1183/184/24 1184/186/24
f 865/313/419 864/315/419 1868/315/419 1869/313/419
f 722/31/83 721/29/83 1725/29/83 1726/31/83
f 216/185/28 215/187/28 1219/187/28 1220/185/28
f 957/456/420 956/457/420 1960/457/420 1961/456/420
f 329/143/263 328/141/263 1332/141/263 1333/143/263
f 692/30/72 691/32/72 1695/32/72 1696/30/72
f 345/142/266 344/144/266 1348/144/266 1349/142/266
f 882/316/364 881/314/364 1885/314/364 1886/316/364
f 181/188/184 180/186/184 1184/186/184 1185/188/184
f 978/458/217 977/411/217 1981/411/217 1982/458/217
f 864/315/421 863/317/421 1867/317/421 1868/315/421
f 723/33/218 722/31/218 1726/31/218 1727/33/218
f 215/187/38 214/189/38 1218/189/38 1219/187/38
f 956/457/422 955/459/422 1959/459/422 1960/457/422
f 330/145/268 329/143/268 1333/143/268 1334/145/268
f 691/32/222 690/34/222 1694/34/222 1695/32/222
f 344/144/270 343/146/270 1347/146/270 1348/144/270
f 883/318/363 882/316/363 1886/316/363 1887/318/363
f 182/190/190 181/188/190 1185/188/190 1186/190/190
f 979/460/423 978/458/423 1982/458/423 1983/460/423
f 863/317/424 862/319/424 1866/319/424 1867/317/424
f 724/35/86 723/33/86 1727/33/86 1728/35/86
f 214/189/47 213/191/47 1217/191/47 1218/189/47
f 955/459/48 954/461/48 1958/461/48 1959/459/48
f 331/147/425 330/145/425 1334/145/425 1335/147/425
f 690/34/90 689/36/90 1693/36/90 1694/34/90
f 343/146/276 342/148/276 1346/148/276 1347/146/276
f 213/191/67 212/192/67 1216/192/67 1217/191/67
f 884/320/426 883/318/426 1887/318/426 1888/320/426
f 980/462/58 979/460/58 1983/460/58 1984/462/58
f 862/319/219 861/321/219 1865/321/219 1866/319/219
f 725/37/94 724/35/94 1728/35/94 1729/37/94
f 954/461/52 953/463/52 1957/463/52 1958/461/52
f 332/149/279 331/147/279 1335/147/279 1336/149/279
f 689/36/106 688/38/106 1692/38/106 1693/36/106
f 183/193/57 182/190/57 1186/190/57 1187/193/57
f 342/148/282 341/150/282 1345/150/282 1346/148/282
f 885/322/44 884/320/44 1888/320/44 1889/322/44
f 184/194/75 183/193/75 1187/193/75 1188/194/75
f 924/464/58 923/448/58 1927/448/58 1928/464/58
f 861/321/225 860/323/225 1864/323/225 1865/321/225
f 726/39/100 725/37/100 1729/37/100 1730/39/100
f 212/192/77 211/195/77 1215/195/77 1216/192/77
f 333/151/287 332/149/287 1336/149/287 1337/151/287
f 688/38/113 687/40/113 1691/40/113 1692/38/113
f 981/465/427 980/462/427 1984/462/427 1985/465/427
f 822/298/52 821/324/52 1825/324/52 1826/298/52
f 341/150/289 340/152/289 1344/152/289 1345/150/289
f 953/463/95 1004/47/95 2008/47/95 1957/463/95
f 185/196/83 184/194/83 1188/194/83 1189/196/83
f 727/41/107 726/39/107 1730/39/107 1731/41/107
f 211/195/72 210/197/72 1214/197/72 1215/195/72
f 886/325/58 885/322/58 1889/322/58 1890/325/58
f 334/153/292 333/151/292 1337/151/292 1338/153/292
f 687/40/109 686/42/109 1690/42/109 1691/40/109
f 925/466/428 924/464/428 1928/464/428 1929/466/428
f 860/323/52 859/326/52 1863/326/52 1864/323/52
f 340/152/295 339/154/295 1343/154/295 1344/152/295
f 186/198/78 185/196/78 1189/196/78 1190/198/78
f 982/467/248 981/465/248 1985/465/248 1986/467/248
f 728/43/114 727/41/114 1731/41/114 1732/43/114
f 210/197/222 209/199/222 1213/199/222 1214/197/222
f 1004/47/429 1003/468/429 2007/468/429 2008/47/429
f 772/327/58 771/297/58 1775/297/58 1776/327/58
f 335/155/298 334/153/298 1338/153/298 1339/155/298
f 686/42/115 685/44/115 1689/44/115 1690/42/115
f 821/324/236 820/328/236 1824/328/236 1825/324/236
f 339/154/301 338/156/301 1342/156/301 1343/154/301
f 187/200/86 186/198/86 1190/198/86 1191/200/86
f 983/469/203 982/467/203 1986/467/203 1987/469/203
f 729/45/118 728/43/118 1732/43/118 1733/45/118
f 209/199/90 208/201/90 1212/201/90 1213/199/90
f 1003/468/430 1002/470/430 2006/470/430 2007/468/430
f 887/329/92 886/325/92 1890/325/92 1891/329/92
f 336/157/303 335/155/303 1339/155/303 1340/157/303
f 685/44/119 684/46/119 1688/46/119 1689/44/119
f 859/326/431 858/330/431 1862/330/431 1863/326/431
f 338/156/305 337/158/305 1341/158/305 1342/156/305
f 337/158/66 336/157/66 1340/157/66 1341/158/66
f 188/202/94 187/200/94 1191/200/94 1192/202/94
f 984/471/212 983/469/212 1987/469/212 1988/471/212
f 419/160/52 418/159/52 1422/159/52 1423/160/52
f 730/47/123 729/45/123 1733/45/123 1734/47/123
f 208/201/432 207/203/432 1211/203/432 1212/201/432
f 1002/470/433 1001/472/433 2005/472/433 2006/470/433
f 773/331/99 772/327/99 1776/327/99 1777/331/99
f 684/46/124 683/48/124 1687/48/124 1688/46/124
f 420/47/73 419/160/73 1423/160/73 1424/47/73
f 888/332/434 887/329/434 1891/329/434 1892/332/434
f 189/204/100 188/202/100 1192/202/100 1193/204/100
f 985/473/220 984/471/220 1988/471/220 1989/473/220
f 858/330/251 857/333/251 1861/333/251 1862/330/251
f 207/203/113 206/205/113 1210/205/113 1211/203/113
f 1001/472/435 1000/474/435 2004/474/435 2005/472/435
f 588/49/264 587/50/264 1591/50/264 1592/49/264
f 411/51/387 420/47/387 1424/47/387 1415/51/387
f 412/162/52 411/51/52 1415/51/52 1416/162/52
f 190/206/107 189/204/107 1193/204/107 1194/206/107
f 986/475/226 985/473/226 1989/473/226 1990/475/226
f 573/51/135 730/47/135 1734/47/135 1577/51/135
f 206/205/109 205/207/109 1209/207/109 1210/205/109
f 1000/474/277 999/476/277 2003/476/277 2004/474/277
f 413/163/73 412/162/73 1416/162/73 1417/163/73
f 683/48/137 682/52/137 1686/52/137 1687/48/137
f 134/2/121 133/1/121 1137/1/121 1138/2/121
f 414/164/58 413/163/58 1417/163/58 1418/164/58
f 191/208/114 190/206/114 1194/206/114 1195/208/114
f 987/477/131 986/475/131 1990/475/131 1991/477/131
f 418/159/66 417/165/66 1421/165/66 1422/159/66
f 135/3/73 134/2/73 1138/2/73 1139/3/73
f 590/53/141 589/54/141 1593/54/141 1594/53/141
f 205/207/436 204/209/436 1208/209/436 1209/207/436
f 999/476/132 998/478/132 2002/478/132 2003/476/132
f 417/165/58 416/161/58 1420/161/58 1421/165/58
f 416/161/395 415/166/395 1419/166/395 1420/161/395
f 136/4/126 135/3/126 1139/3/126 1140/4/126
f 589/54/66 588/49/66 1592/49/66 1593/54/66
f 192/210/393 191/208/393 1195/208/393 1196/210/393
f 988/479/138 987/477/138 1991/477/138 1992/479/138
f 415/166/66 414/164/66 1418/164/66 1419/166/66
f 137/5/128 136/4/128 1140/4/128 1141/5/128
f 591/55/159 590/53/159 1594/53/159 1595/55/159
f 204/209/119 203/211/119 1207/211/119 1208/209/119
f 998/478/139 997/480/139 2001/480/139 2002/478/139
f 421/51/121 520/249/121 1524/249/121 1425/51/121
f 133/1/129 132/6/129 1136/6/129 1137/1/129
f 587/50/437 586/56/437 1590/56/437 1591/50/437
f 422/250/73 421/51/73 1425/51/73 1426/250/73
f 193/212/123 192/210/123 1196/210/123 1197/212/123
f 989/481/144 988/479/144 1992/479/144 1993/481/144
f 138/7/133 137/5/133 1141/5/133 1142/7/133
f 592/57/438 591/55/438 1595/55/438 1596/57/438
f 203/211/134 202/213/134 1206/213/134 1207/211/134
f 997/480/146 996/482/146 2000/482/146 2001/480/146
f 423/251/330 422/250/330 1426/250/330 1427/251/330
f 132/6/136 131/8/136 1135/8/136 1136/6/136
f 586/56/439 585/58/439 1589/58/439 1590/56/439
f 424/252/332 423/251/332 1427/251/332 1428/252/332
f 990/483/245 989/481/245 1993/481/245 1994/483/245
f 520/249/129 519/253/129 1523/253/129 1524/249/129
f 139/9/140 138/7/140 1142/7/140 1143/9/140
f 593/59/171 592/57/171 1596/57/171 1597/59/171
f 239/214/264 238/215/264 1242/215/264 1243/214/264
f 996/482/440 995/484/440 1999/484/440 2000/482/440
f 131/8/441 130/10/441 1134/10/441 1135/8/441
f 585/58/293 584/60/293 1588/60/293 1589/58/293
f 425/254/334 424/252/334 1428/252/334 1429/254/334
f 194/216/135 193/212/135 1197/212/135 1198/216/135
f 991/485/442 990/483/442 1994/483/442 1995/485/442
f 519/253/136 518/255/136 1522/255/136 1523/253/136
f 140/11/147 139/9/147 1143/9/147 1144/11/147
f 594/61/22 593/59/22 1597/59/22 1598/61/22
f 202/213/145 201/217/145 1205/217/145 1206/213/145
f 995/484/443 994/486/443 1998/486/443 1999/484/443
f 130/10/444 129/12/444 1133/12/444 1134/10/444
f 584/60/26 583/62/26 1587/62/26 1588/60/26
f 426/256/337 425/254/337 1429/254/337 1430/256/337
f 241/218/141 240/219/141 1244/219/141 1245/218/141
f 992/487/164 991/485/164 1995/485/164 1996/487/164
f 518/255/142 517/257/142 1521/257/142 1522/255/142
f 141/13/409 140/11/409 1144/11/409 1145/13/409
f 595/63/183 594/61/183 1598/61/183 1599/63/183
f 994/486/165 993/488/165 1997/488/165 1998/486/165
f 129/12/3 128/14/3 1132/14/3 1133/12/3
f 583/62/36 582/64/36 1586/64/36 1587/62/36
f 240/219/66 239/214/66 1243/214/66 1244/219/66
f 427/258/341 426/256/341 1430/256/341 1431/258/341
f 242/220/148 241/218/148 1245/218/148 1246/220/148
f 517/257/149 516/259/149 1520/259/149 1521/257/149
f 142/15/445 141/13/445 1145/13/445 1146/15/445
f 596/65/42 595/63/42 1599/63/42 1600/65/42
f 238/215/280 237/221/280 1241/221/280 1242/215/280
f 128/14/13 127/16/13 1131/16/13 1132/14/13
f 582/64/446 581/66/446 1585/66/446 1586/64/446
f 993/488/73 992/487/73 1996/487/73 1997/488/73
f 428/260/345 427/258/345 1431/258/345 1432/260/345
f 243/222/447 242/220/447 1246/220/447 1247/222/447
