# Blender 4.4.3
# www.blender.org
mtllib POLYGONGANG.mtl
o Text
v -3.769956 0.484570 0.000002
v -3.769956 0.437865 0.000002
v -3.659031 0.437865 0.000002
v -3.659031 0.484570 0.000002
v -3.658990 0.485503 0.000002
v -3.658869 0.486354 0.000002
v -3.658666 0.487125 0.000002
v -3.658382 0.487814 0.000002
v -3.658017 0.488422 0.000002
v -3.657572 0.488949 0.000002
v -3.657045 0.489395 0.000002
v -3.656437 0.489760 0.000002
v -3.655748 0.490044 0.000002
v -3.654978 0.490247 0.000002
v -3.654126 0.490368 0.000002
v -3.653193 0.490409 0.000002
v -3.285386 0.490409 0.000002
v -3.284454 0.490368 0.000002
v -3.283602 0.490247 0.000002
v -3.282832 0.490044 0.000002
v -3.282143 0.489760 0.000002
v -3.281535 0.489395 0.000002
v -3.281008 0.488949 0.000002
v -3.280563 0.488422 0.000002
v -3.280198 0.487814 0.000002
v -3.279914 0.487125 0.000002
v -3.279711 0.486354 0.000002
v -3.279590 0.485503 0.000002
v -3.279548 0.484570 0.000002
v -3.279548 0.115930 0.000002
v -3.279588 0.114997 0.000002
v -3.279710 0.114146 0.000002
v -3.279913 0.113376 0.000002
v -3.280196 0.112686 0.000002
v -3.280561 0.112078 0.000002
v -3.281007 0.111551 0.000002
v -3.281534 0.111105 0.000002
v -3.282142 0.110740 0.000002
v -3.282831 0.110457 0.000002
v -3.283601 0.110254 0.000002
v -3.284452 0.110132 0.000002
v -3.285386 0.110092 0.000002
v -3.653193 0.110092 0.000002
v -3.654125 0.110132 0.000002
v -3.654976 0.110254 0.000002
v -3.655746 0.110457 0.000002
v -3.656435 0.110740 0.000002
v -3.657043 0.111105 0.000002
v -3.657570 0.111551 0.000002
v -3.658016 0.112078 0.000002
v -3.658381 0.112686 0.000002
v -3.658664 0.113376 0.000002
v -3.658867 0.114146 0.000002
v -3.658989 0.114997 0.000002
v -3.659031 0.115930 0.000002
v -3.659031 0.229358 0.000002
v -3.523084 0.229358 0.000002
v -3.523084 0.339450 0.000002
v -3.769956 0.339450 0.000002
v -3.769956 0.115930 0.000002
v -3.769719 0.107969 0.000002
v -3.769006 0.100211 0.000002
v -3.767819 0.092655 0.000002
v -3.766157 0.085303 0.000002
v -3.764020 0.078153 0.000002
v -3.761408 0.071205 0.000002
v -3.758321 0.064461 0.000002
v -3.754759 0.057919 0.000002
v -3.750722 0.051579 0.000002
v -3.746210 0.045443 0.000002
v -3.741223 0.039509 0.000002
v -3.735761 0.033778 0.000002
v -3.729964 0.028383 0.000002
v -3.723970 0.023457 0.000002
v -3.717778 0.019000 0.000002
v -3.711390 0.015013 0.000002
v -3.704805 0.011494 0.000002
v -3.698023 0.008445 0.000002
v -3.691044 0.005864 0.000002
v -3.683868 0.003753 0.000002
v -3.676495 0.002111 0.000002
v -3.668926 0.000938 0.000002
v -3.661159 0.000235 0.000002
v -3.653193 0.000000 0.000002
v -3.285386 0.000000 0.000002
v -3.277425 0.000235 0.000002
v -3.269667 0.000938 0.000002
v -3.262111 0.002111 0.000002
v -3.254759 0.003753 0.000002
v -3.247608 0.005864 0.000002
v -3.240661 0.008445 0.000002
v -3.233917 0.011494 0.000002
v -3.227375 0.015013 0.000002
v -3.221036 0.019000 0.000002
v -3.214899 0.023457 0.000002
v -3.208966 0.028383 0.000002
v -3.203234 0.033778 0.000002
v -3.197839 0.039509 0.000002
v -3.192913 0.045443 0.000002
v -3.188456 0.051579 0.000002
v -3.184468 0.057919 0.000002
v -3.180949 0.064461 0.000002
v -3.177900 0.071205 0.000002
v -3.175320 0.078153 0.000002
v -3.173209 0.085303 0.000002
v -3.171567 0.092655 0.000002
v -3.170394 0.100211 0.000002
v -3.169690 0.107969 0.000002
v -3.169456 0.115930 0.000002
v -3.169456 0.484570 0.000002
v -3.169691 0.492531 0.000002
v -3.170395 0.500290 0.000002
v -3.171568 0.507845 0.000002
v -3.173209 0.515198 0.000002
v -3.175320 0.522348 0.000002
v -3.177901 0.529295 0.000002
v -3.180950 0.536040 0.000002
v -3.184469 0.542582 0.000002
v -3.188456 0.548921 0.000002
v -3.192913 0.555057 0.000002
v -3.197839 0.560991 0.000002
v -3.203234 0.566722 0.000002
v -3.208966 0.572117 0.000002
v -3.214899 0.577043 0.000002
v -3.221036 0.581500 0.000002
v -3.227375 0.585488 0.000002
v -3.233917 0.589006 0.000002
v -3.240661 0.592056 0.000002
v -3.247608 0.594636 0.000002
v -3.254759 0.596747 0.000002
v -3.262111 0.598389 0.000002
v -3.269667 0.599562 0.000002
v -3.277425 0.600266 0.000002
v -3.285386 0.600500 0.000002
v -3.653193 0.600500 0.000002
v -3.661156 0.600266 0.000002
v -3.668923 0.599562 0.000002
v -3.676493 0.598389 0.000002
v -3.683866 0.596747 0.000002
v -3.691042 0.594636 0.000002
v -3.698021 0.592056 0.000002
v -3.704803 0.589006 0.000002
v -3.711388 0.585488 0.000002
v -3.717776 0.581500 0.000002
v -3.723967 0.577043 0.000002
v -3.729962 0.572117 0.000002
v -3.735761 0.566722 0.000002
v -3.741223 0.560991 0.000002
v -3.746210 0.555057 0.000002
v -3.750722 0.548921 0.000002
v -3.754759 0.542582 0.000002
v -3.758321 0.536040 0.000002
v -3.761408 0.529295 0.000002
v -3.764020 0.522348 0.000002
v -3.766157 0.515198 0.000002
v -3.767819 0.507845 0.000002
v -3.769006 0.500290 0.000002
v -3.769719 0.492531 0.000002
v -2.965119 0.160133 0.000002
v -2.965119 0.600500 0.000002
v -3.076045 0.600500 0.000002
v -3.076045 0.000000 0.000002
v -2.955945 0.000000 0.000002
v -2.585636 0.440367 0.000002
v -2.585636 0.000000 0.000002
v -2.475545 0.000000 0.000002
v -2.475545 0.600500 0.000002
v -2.595645 0.600500 0.000002
v -1.895895 0.600500 0.000002
v -2.263702 0.600500 0.000002
v -2.271665 0.600266 0.000002
v -2.279432 0.599562 0.000002
v -2.287002 0.598389 0.000002
v -2.294375 0.596747 0.000002
v -2.301551 0.594636 0.000002
v -2.308530 0.592056 0.000002
v -2.315312 0.589006 0.000002
v -2.321897 0.585488 0.000002
v -2.328285 0.581500 0.000002
v -2.334476 0.577043 0.000002
v -2.340471 0.572117 0.000002
v -2.346270 0.566722 0.000002
v -2.351732 0.560991 0.000002
v -2.356719 0.555057 0.000002
v -2.361231 0.548921 0.000002
v -2.365268 0.542582 0.000002
v -2.368829 0.536040 0.000002
v -2.371917 0.529295 0.000002
v -2.374529 0.522348 0.000002
v -2.376666 0.515198 0.000002
v -2.378328 0.507845 0.000002
v -2.379515 0.500290 0.000002
v -2.380228 0.492531 0.000002
v -2.380466 0.484570 0.000002
v -2.380466 0.000000 0.000002
v -2.269540 0.000000 0.000002
v -2.269540 0.201835 0.000002
v -1.890057 0.201835 0.000002
v -1.890057 0.000000 0.000002
v -1.779965 0.000000 0.000002
v -1.779965 0.484570 0.000002
v -1.780200 0.492531 0.000002
v -1.780904 0.500290 0.000002
v -1.782077 0.507845 0.000002
v -1.783719 0.515198 0.000002
v -1.785830 0.522348 0.000002
v -1.788410 0.529295 0.000002
v -1.791459 0.536040 0.000002
v -1.794978 0.542582 0.000002
v -1.798966 0.548921 0.000002
v -1.803423 0.555057 0.000002
v -1.808348 0.560991 0.000002
v -1.813743 0.566722 0.000002
v -1.819474 0.572117 0.000002
v -1.825408 0.577043 0.000002
v -1.831545 0.581500 0.000002
v -1.837884 0.585488 0.000002
v -1.844425 0.589006 0.000002
v -1.851170 0.592056 0.000002
v -1.858117 0.594636 0.000002
v -1.865268 0.596747 0.000002
v -1.872620 0.598389 0.000002
v -1.880176 0.599562 0.000002
v -1.887934 0.600266 0.000002
v -1.890057 0.311927 0.000002
v -2.269540 0.311927 0.000002
v -2.269540 0.484570 0.000002
v -2.269499 0.485503 0.000002
v -2.269377 0.486354 0.000002
v -2.269175 0.487125 0.000002
v -2.268891 0.487814 0.000002
v -2.268526 0.488422 0.000002
v -2.268080 0.488949 0.000002
v -2.267554 0.489395 0.000002
v -2.266946 0.489760 0.000002
v -2.266257 0.490044 0.000002
v -2.265486 0.490247 0.000002
v -2.264635 0.490368 0.000002
v -2.263702 0.490409 0.000002
v -1.895895 0.490409 0.000002
v -1.894963 0.490368 0.000002
v -1.894111 0.490247 0.000002
v -1.893340 0.490044 0.000002
v -1.892651 0.489760 0.000002
v -1.892043 0.489395 0.000002
v -1.891516 0.488949 0.000002
v -1.891071 0.488422 0.000002
v -1.890706 0.487814 0.000002
v -1.890422 0.487125 0.000002
v -1.890219 0.486354 0.000002
v -1.890098 0.485503 0.000002
v -1.890057 0.484570 0.000002
v -1.686554 0.484570 0.000002
v -1.686554 0.437865 0.000002
v -1.575628 0.437865 0.000002
v -1.575628 0.484570 0.000002
v -1.575588 0.485503 0.000002
v -1.575466 0.486354 0.000002
v -1.575263 0.487125 0.000002
v -1.574980 0.487814 0.000002
v -1.574615 0.488422 0.000002
v -1.574169 0.488949 0.000002
v -1.573642 0.489395 0.000002
v -1.573034 0.489760 0.000002
v -1.572345 0.490044 0.000002
v -1.571575 0.490247 0.000002
v -1.570724 0.490368 0.000002
v -1.569790 0.490409 0.000002
v -1.201983 0.490409 0.000002
v -1.201051 0.490368 0.000002
v -1.200200 0.490247 0.000002
v -1.199430 0.490044 0.000002
v -1.198741 0.489760 0.000002
v -1.198133 0.489395 0.000002
v -1.197606 0.488949 0.000002
v -1.197160 0.488422 0.000002
v -1.196795 0.487814 0.000002
v -1.196512 0.487125 0.000002
v -1.196309 0.486354 0.000002
v -1.196187 0.485503 0.000002
v -1.196145 0.484570 0.000002
v -1.196145 0.115930 0.000002
v -1.196186 0.114997 0.000002
v -1.196307 0.114146 0.000002
v -1.196510 0.113376 0.000002
v -1.196794 0.112686 0.000002
v -1.197159 0.112078 0.000002
v -1.197604 0.111551 0.000002
v -1.198131 0.111105 0.000002
v -1.198739 0.110740 0.000002
v -1.199428 0.110457 0.000002
v -1.200198 0.110254 0.000002
v -1.201050 0.110132 0.000002
v -1.201983 0.110092 0.000002
v -1.569790 0.110092 0.000002
v -1.570722 0.110132 0.000002
v -1.571573 0.110254 0.000002
v -1.572344 0.110457 0.000002
v -1.573033 0.110740 0.000002
v -1.573641 0.111105 0.000002
v -1.574167 0.111551 0.000002
v -1.574613 0.112078 0.000002
v -1.574978 0.112686 0.000002
v -1.575262 0.113376 0.000002
v -1.575464 0.114146 0.000002
v -1.575586 0.114997 0.000002
v -1.575628 0.115930 0.000002
v -1.575628 0.229358 0.000002
v -1.439681 0.229358 0.000002
v -1.439681 0.339450 0.000002
v -1.686554 0.339450 0.000002
v -1.686554 0.115930 0.000002
v -1.686316 0.107969 0.000002
v -1.685604 0.100211 0.000002
v -1.684417 0.092655 0.000002
v -1.682754 0.085303 0.000002
v -1.680617 0.078153 0.000002
v -1.678005 0.071205 0.000002
v -1.674918 0.064461 0.000002
v -1.671356 0.057919 0.000002
v -1.667319 0.051579 0.000002
v -1.662807 0.045443 0.000002
v -1.657820 0.039509 0.000002
v -1.652359 0.033778 0.000002
v -1.646561 0.028383 0.000002
v -1.640567 0.023457 0.000002
v -1.634376 0.019000 0.000002
v -1.627988 0.015013 0.000002
v -1.621403 0.011494 0.000002
v -1.614620 0.008445 0.000002
v -1.607641 0.005864 0.000002
v -1.600466 0.003753 0.000002
v -1.593093 0.002111 0.000002
v -1.585523 0.000938 0.000002
v -1.577756 0.000235 0.000002
v -1.569790 0.000000 0.000002
v -1.201983 0.000000 0.000002
v -1.194022 0.000235 0.000002
v -1.186264 0.000938 0.000002
v -1.178709 0.002111 0.000002
v -1.171356 0.003753 0.000002
v -1.164206 0.005864 0.000002
v -1.157258 0.008445 0.000002
v -1.150514 0.011494 0.000002
v -1.143972 0.015013 0.000002
v -1.137633 0.019000 0.000002
v -1.131497 0.023457 0.000002
v -1.125563 0.028383 0.000002
v -1.119832 0.033778 0.000002
v -1.114436 0.039509 0.000002
v -1.109510 0.045443 0.000002
v -1.105053 0.051579 0.000002
v -1.101065 0.057919 0.000002
v -1.097547 0.064461 0.000002
v -1.094497 0.071205 0.000002
v -1.091917 0.078153 0.000002
v -1.089806 0.085303 0.000002
v -1.088165 0.092655 0.000002
v -1.086992 0.100211 0.000002
v -1.086288 0.107969 0.000002
v -1.086054 0.115930 0.000002
v -1.086054 0.484570 0.000002
v -1.086288 0.492531 0.000002
v -1.086992 0.500290 0.000002
v -1.088165 0.507845 0.000002
v -1.089807 0.515198 0.000002
v -1.091918 0.522348 0.000002
v -1.094498 0.529295 0.000002
v -1.097547 0.536040 0.000002
v -1.101066 0.542582 0.000002
v -1.105054 0.548921 0.000002
v -1.109511 0.555057 0.000002
v -1.114437 0.560991 0.000002
v -1.119832 0.566722 0.000002
v -1.125563 0.572117 0.000002
v -1.131497 0.577043 0.000002
v -1.137633 0.581500 0.000002
v -1.143972 0.585488 0.000002
v -1.150514 0.589006 0.000002
v -1.157258 0.592056 0.000002
v -1.164206 0.594636 0.000002
v -1.171356 0.596747 0.000002
v -1.178709 0.598389 0.000002
v -1.186264 0.599562 0.000002
v -1.194022 0.600266 0.000002
v -1.201983 0.600500 0.000002
v -1.569790 0.600500 0.000002
v -1.577754 0.600266 0.000002
v -1.585521 0.599562 0.000002
v -1.593090 0.598389 0.000002
v -1.600463 0.596747 0.000002
v -1.607639 0.594636 0.000002
v -1.614618 0.592056 0.000002
v -1.621400 0.589006 0.000002
v -1.627985 0.585488 0.000002
v -1.634373 0.581500 0.000002
v -1.640565 0.577043 0.000002
v -1.646559 0.572117 0.000002
v -1.652359 0.566722 0.000002
v -1.657820 0.560991 0.000002
v -1.662807 0.555057 0.000002
v -1.667319 0.548921 0.000002
v -1.671356 0.542582 0.000002
v -1.674918 0.536040 0.000002
v -1.678005 0.529295 0.000002
v -1.680617 0.522348 0.000002
v -1.682754 0.515198 0.000002
v -1.684417 0.507845 0.000002
v -1.685604 0.500290 0.000002
v -1.686316 0.492531 0.000002
v -0.881716 0.160133 0.000001
v -0.881716 0.600500 0.000001
v -0.992642 0.600500 0.000002
v -0.992642 0.000000 0.000002
v -0.872542 0.000000 0.000001
v -0.502234 0.440367 0.000001
v -0.502234 0.000000 0.000001
v -0.392142 0.000000 0.000001
v -0.392142 0.600500 0.000001
v -0.512242 0.600500 0.000001
v 0.184172 0.600500 0.000001
v -0.184469 0.600500 0.000001
v -0.192299 0.600266 0.000001
v -0.199944 0.599562 0.000001
v -0.207404 0.598389 0.000001
v -0.214679 0.596747 0.000001
v -0.221768 0.594636 0.000001
v -0.228672 0.592056 0.000001
v -0.235391 0.589006 0.000001
v -0.241924 0.585488 0.000001
v -0.248272 0.581500 0.000001
v -0.254434 0.577043 0.000001
v -0.260412 0.572117 0.000001
v -0.266204 0.566722 0.000001
v -0.271665 0.560991 0.000001
v -0.276652 0.555057 0.000001
v -0.281164 0.548921 0.000001
v -0.285201 0.542582 0.000001
v -0.288763 0.536040 0.000001
v -0.291850 0.529295 0.000001
v -0.294462 0.522348 0.000001
v -0.296599 0.515198 0.000001
v -0.298261 0.507845 0.000001
v -0.299449 0.500290 0.000001
v -0.300161 0.492531 0.000001
v -0.300399 0.484570 0.000001
v -0.300399 0.115930 0.000001
v -0.300161 0.107969 0.000001
v -0.299449 0.100211 0.000001
v -0.298261 0.092655 0.000001
v -0.296599 0.085303 0.000001
v -0.294462 0.078153 0.000001
v -0.291850 0.071205 0.000001
v -0.288763 0.064461 0.000001
v -0.285201 0.057919 0.000001
v -0.281164 0.051579 0.000001
v -0.276652 0.045443 0.000001
v -0.271665 0.039509 0.000001
v -0.266204 0.033778 0.000001
v -0.260412 0.028383 0.000001
v -0.254435 0.023457 0.000001
v -0.248272 0.019000 0.000001
v -0.241924 0.015013 0.000001
v -0.235391 0.011494 0.000001
v -0.228672 0.008445 0.000001
v -0.221768 0.005864 0.000001
v -0.214679 0.003753 0.000001
v -0.207405 0.002111 0.000001
v -0.199945 0.000938 0.000001
v -0.192300 0.000235 0.000001
v -0.184469 0.000000 0.000001
v 0.184172 0.000000 0.000001
v 0.192133 0.000235 0.000001
v 0.199891 0.000938 0.000001
v 0.207446 0.002111 0.000001
v 0.214799 0.003753 0.000001
v 0.221949 0.005864 0.000001
v 0.228896 0.008445 0.000001
v 0.235641 0.011494 0.000001
v 0.242183 0.015013 0.000001
v 0.248522 0.019000 0.000001
v 0.254658 0.023457 0.000001
v 0.260592 0.028383 0.000001
v 0.266324 0.033778 0.000001
v 0.271719 0.039509 0.000001
v 0.276645 0.045443 0.000001
v 0.281101 0.051579 0.000001
v 0.285089 0.057919 0.000001
v 0.288608 0.064461 0.000001
v 0.291657 0.071205 0.000001
v 0.294237 0.078153 0.000001
v 0.296349 0.085303 0.000001
v 0.297991 0.092655 0.000001
v 0.299163 0.100211 0.000001
v 0.299867 0.107969 0.000001
v 0.300102 0.115930 0.000001
v 0.300102 0.484570 0.000001
v 0.299867 0.492531 0.000001
v 0.299163 0.500290 0.000001
v 0.297991 0.507845 0.000001
v 0.296349 0.515198 0.000001
v 0.294237 0.522348 0.000001
v 0.291657 0.529295 0.000001
v 0.288608 0.536040 0.000001
v 0.285089 0.542582 0.000001
v 0.281101 0.548921 0.000001
v 0.276645 0.555057 0.000001
v 0.271719 0.560991 0.000001
v 0.266324 0.566722 0.000001
v 0.260592 0.572117 0.000001
v 0.254659 0.577043 0.000001
v 0.248522 0.581500 0.000001
v 0.242183 0.585488 0.000001
v 0.235641 0.589006 0.000001
v 0.228897 0.592056 0.000001
v 0.221949 0.594636 0.000001
v 0.214799 0.596747 0.000001
v 0.207447 0.598389 0.000001
v 0.199891 0.599562 0.000001
v 0.192133 0.600266 0.000001
v 0.184172 0.110092 0.000001
v -0.184469 0.110092 0.000001
v -0.185268 0.110132 0.000001
v -0.185998 0.110254 0.000001
v -0.186658 0.110457 0.000001
v -0.187249 0.110740 0.000001
v -0.187770 0.111105 0.000001
v -0.188222 0.111551 0.000001
v -0.188604 0.112078 0.000001
v -0.188917 0.112686 0.000001
v -0.189160 0.113376 0.000001
v -0.189334 0.114146 0.000001
v -0.189438 0.114997 0.000001
v -0.189473 0.115930 0.000001
v -0.189473 0.484570 0.000001
v -0.189438 0.485503 0.000001
v -0.189334 0.486354 0.000001
v -0.189160 0.487125 0.000001
v -0.188917 0.487814 0.000001
v -0.188604 0.488422 0.000001
v -0.188222 0.488949 0.000001
v -0.187770 0.489395 0.000001
v -0.187249 0.489760 0.000001
v -0.186658 0.490044 0.000001
v -0.185998 0.490247 0.000001
v -0.185268 0.490368 0.000001
v -0.184469 0.490409 0.000001
v 0.184172 0.490409 0.000001
v 0.185104 0.490368 0.000001
v 0.185956 0.490247 0.000001
v 0.186726 0.490044 0.000001
v 0.187415 0.489760 0.000001
v 0.188024 0.489395 0.000001
v 0.188551 0.488949 0.000001
v 0.188997 0.488422 0.000001
v 0.189362 0.487814 0.000001
v 0.189645 0.487125 0.000001
v 0.189848 0.486354 0.000001
v 0.189970 0.485503 0.000001
v 0.190010 0.484570 0.000001
v 0.190010 0.115930 0.000001
v 0.189970 0.114997 0.000001
v 0.189848 0.114146 0.000001
v 0.189645 0.113376 0.000001
v 0.189362 0.112686 0.000001
v 0.188997 0.112078 0.000001
v 0.188551 0.111551 0.000001
v 0.188024 0.111105 0.000001
v 0.187415 0.110740 0.000001
v 0.186726 0.110457 0.000001
v 0.185956 0.110254 0.000001
v 0.185104 0.110132 0.000001
v 0.390177 0.484570 0.000001
v 0.390177 0.437865 0.000001
v 0.501103 0.437865 0.000001
v 0.501103 0.484570 0.000001
v 0.501143 0.485503 0.000001
v 0.501265 0.486354 0.000001
v 0.501467 0.487125 0.000001
v 0.501751 0.487814 0.000001
v 0.502116 0.488422 0.000001
v 0.502562 0.488949 0.000001
v 0.503089 0.489395 0.000001
v 0.503697 0.489760 0.000001
v 0.504387 0.490044 0.000001
v 0.505157 0.490247 0.000001
v 0.506008 0.490368 0.000001
v 0.506941 0.490409 0.000001
v 0.874747 0.490409 0.000001
v 0.875680 0.490368 0.000001
v 0.876531 0.490247 0.000001
v 0.877301 0.490044 0.000001
v 0.877991 0.489760 0.000001
v 0.878599 0.489395 0.000001
v 0.879126 0.488949 0.000001
v 0.879572 0.488422 0.000001
v 0.879937 0.487814 0.000001
v 0.880221 0.487125 0.000001
v 0.880423 0.486354 0.000001
v 0.880545 0.485503 0.000001
v 0.880585 0.484570 0.000001
v 0.880585 0.115930 0.000001
v 0.880545 0.114997 0.000001
v 0.880423 0.114146 0.000001
v 0.880221 0.113376 0.000001
v 0.879937 0.112686 0.000001
v 0.879572 0.112078 0.000001
v 0.879126 0.111551 0.000001
v 0.878599 0.111105 0.000001
v 0.877991 0.110740 0.000001
v 0.877301 0.110457 0.000001
v 0.876531 0.110254 0.000001
v 0.875680 0.110132 0.000001
v 0.874747 0.110092 0.000001
v 0.506941 0.110092 0.000001
v 0.506008 0.110132 0.000001
v 0.505157 0.110254 0.000001
v 0.504387 0.110457 0.000001
v 0.503697 0.110740 0.000001
v 0.503089 0.111105 0.000001
v 0.502562 0.111551 0.000001
v 0.502116 0.112078 0.000001
v 0.501751 0.112686 0.000001
v 0.501467 0.113376 0.000001
v 0.501265 0.114146 0.000001
v 0.501143 0.114997 0.000001
v 0.501103 0.115930 0.000001
v 0.501103 0.229358 0.000001
v 0.637049 0.229358 0.000001
v 0.637049 0.339450 0.000001
v 0.390177 0.339450 0.000001
v 0.390177 0.115930 0.000001
v 0.390414 0.107969 0.000001
v 0.391127 0.100211 0.000001
v 0.392314 0.092655 0.000001
v 0.393976 0.085303 0.000001
v 0.396113 0.078153 0.000001
v 0.398726 0.071205 0.000001
v 0.401813 0.064461 0.000001
v 0.405375 0.057919 0.000001
v 0.409411 0.051579 0.000001
v 0.413923 0.045443 0.000001
v 0.418910 0.039509 0.000001
v 0.424372 0.033778 0.000001
v 0.430170 0.028383 0.000001
v 0.436164 0.023457 0.000001
v 0.442356 0.019000 0.000001
v 0.448744 0.015013 0.000001
v 0.455329 0.011494 0.000001
v 0.462112 0.008445 0.000001
v 0.469091 0.005864 0.000001
v 0.476267 0.003753 0.000001
v 0.483640 0.002111 0.000001
v 0.491210 0.000938 0.000001
v 0.498977 0.000235 0.000001
v 0.506941 0.000000 0.000001
v 0.874747 0.000000 0.000001
v 0.882708 0.000235 0.000001
v 0.890466 0.000938 0.000001
v 0.898022 0.002111 0.000001
v 0.905375 0.003753 0.000001
v 0.912525 0.005864 0.000001
v 0.919472 0.008445 0.000001
v 0.926217 0.011494 0.000001
v 0.932759 0.015013 0.000001
v 0.939098 0.019000 0.000001
v 0.945235 0.023457 0.000001
v 0.951168 0.028383 0.000001
v 0.956899 0.033778 0.000001
v 0.962294 0.039509 0.000001
v 0.967220 0.045443 0.000001
v 0.971677 0.051579 0.000001
v 0.975665 0.057919 0.000001
v 0.979183 0.064461 0.000001
v 0.982233 0.071205 0.000001
v 0.984813 0.078153 0.000001
v 0.986924 0.085303 0.000001
v 0.988566 0.092655 0.000001
v 0.989739 0.100211 0.000001
v 0.990443 0.107969 0.000001
v 0.990677 0.115930 0.000001
v 0.990677 0.484570 0.000001
v 0.990443 0.492531 0.000001
v 0.989739 0.500290 0.000001
v 0.988566 0.507845 0.000001
v 0.986924 0.515198 0.000001
v 0.984813 0.522348 0.000001
v 0.982233 0.529295 0.000001
v 0.979183 0.536040 0.000001
v 0.975665 0.542582 0.000001
v 0.971677 0.548921 0.000001
v 0.967220 0.555057 0.000001
v 0.962294 0.560991 0.000001
v 0.956899 0.566722 0.000001
v 0.951168 0.572117 0.000001
v 0.945234 0.577043 0.000001
v 0.939098 0.581500 0.000001
v 0.932759 0.585488 0.000001
v 0.926217 0.589006 0.000001
v 0.919472 0.592056 0.000001
v 0.912525 0.594636 0.000001
v 0.905375 0.596747 0.000001
v 0.898022 0.598389 0.000001
v 0.890466 0.599562 0.000001
v 0.882708 0.600266 0.000001
v 0.874747 0.600500 0.000001
v 0.506941 0.600500 0.000001
v 0.498977 0.600266 0.000001
v 0.491210 0.599562 0.000001
v 0.483640 0.598389 0.000001
v 0.476267 0.596747 0.000001
v 0.469091 0.594636 0.000001
v 0.462111 0.592056 0.000001
v 0.455329 0.589006 0.000001
v 0.448744 0.585488 0.000001
v 0.442355 0.581500 0.000001
v 0.436164 0.577043 0.000001
v 0.430169 0.572117 0.000001
v 0.424372 0.566722 0.000001
v 0.418910 0.560991 0.000001
v 0.413924 0.555057 0.000001
v 0.409412 0.548921 0.000001
v 0.405375 0.542582 0.000001
v 0.401813 0.536040 0.000001
v 0.398726 0.529295 0.000001
v 0.396114 0.522348 0.000001
v 0.393976 0.515198 0.000001
v 0.392314 0.507845 0.000001
v 0.391127 0.500290 0.000001
v 0.390414 0.492531 0.000001
v 1.161653 0.600500 0.000001
v 1.029877 0.600500 0.000001
v 1.307608 0.224354 0.000001
v 1.307608 0.000000 0.000001
v 1.417700 0.000000 0.000001
v 1.417700 0.224354 0.000001
v 1.695431 0.600500 0.000001
v 1.564489 0.600500 0.000001
v 1.362654 0.345288 0.000001
v 2.311778 0.000000 0.000000
v 2.311778 0.601334 0.000000
v 2.201686 0.601334 0.000000
v 2.201686 0.110092 0.000000
v 1.711278 0.110092 0.000001
v 1.711278 0.000000 0.000001
v 2.787193 0.434621 -0.063783
v 2.622216 0.434621 -0.063783
v 2.618711 0.434516 -0.063783
v 2.615290 0.434201 -0.063783
v 2.611951 0.433676 -0.063783
v 2.608696 0.432942 -0.063783
v 2.605523 0.431997 -0.063783
v 2.602433 0.430842 -0.063783
v 2.599426 0.429477 -0.063783
v 2.596503 0.427903 -0.063783
v 2.593662 0.426118 -0.063783
v 2.590904 0.424124 -0.063783
v 2.588229 0.421919 -0.063783
v 2.585637 0.419504 -0.063783
v 2.583192 0.416940 -0.063783
v 2.580961 0.414284 -0.063783
v 2.578941 0.411538 -0.063783
v 2.577135 0.408701 -0.063783
v 2.575541 0.405773 -0.063783
v 2.574159 0.402755 -0.063783
v 2.572990 0.399646 -0.063783
v 2.572034 0.396446 -0.063783
v 2.571290 0.393155 -0.063783
v 2.570758 0.389774 -0.063783
v 2.570440 0.386302 -0.063783
v 2.570333 0.382739 -0.063783
v 2.570333 0.217761 -0.063783
v 2.570440 0.214198 -0.063783
v 2.570758 0.210726 -0.063783
v 2.571290 0.207345 -0.063783
v 2.572034 0.204055 -0.063783
v 2.572990 0.200855 -0.063783
v 2.574159 0.197746 -0.063783
v 2.575541 0.194727 -0.063783
v 2.577135 0.191799 -0.063783
v 2.578941 0.188962 -0.063783
v 2.580961 0.186216 -0.063783
v 2.583192 0.183561 -0.063783
v 2.585637 0.180996 -0.063783
v 2.588229 0.178581 -0.063783
v 2.590904 0.176377 -0.063783
v 2.593662 0.174382 -0.063783
v 2.596503 0.172598 -0.063783
v 2.599426 0.171023 -0.063783
v 2.602433 0.169658 -0.063783
v 2.605523 0.168504 -0.063783
v 2.608696 0.167559 -0.063783
v 2.611951 0.166824 -0.063783
v 2.615290 0.166299 -0.063783
v 2.618711 0.165984 -0.063783
v 2.622216 0.165879 -0.063783
v 2.787193 0.165879 -0.063783
v 2.790756 0.165984 -0.063783
v 2.794228 0.166299 -0.063783
v 2.797609 0.166824 -0.063783
v 2.800900 0.167559 -0.063783
v 2.804100 0.168504 -0.063783
v 2.807209 0.169658 -0.063783
v 2.810227 0.171023 -0.063783
v 2.813155 0.172598 -0.063783
v 2.815992 0.174382 -0.063783
v 2.818738 0.176377 -0.063783
v 2.821394 0.178581 -0.063783
v 2.823959 0.180996 -0.063783
v 2.826373 0.183561 -0.063783
v 2.828578 0.186216 -0.063784
v 2.830572 0.188962 -0.063784
v 2.832357 0.191799 -0.063784
v 2.833931 0.194727 -0.063784
v 2.835296 0.197746 -0.063784
v 2.836451 0.200855 -0.063784
v 2.837396 0.204055 -0.063784
v 2.838131 0.207345 -0.063784
v 2.838655 0.210726 -0.063784
v 2.838970 0.214198 -0.063784
v 2.839076 0.217761 -0.063784
v 2.839076 0.382739 -0.063784
v 2.838970 0.386302 -0.063784
v 2.838655 0.389774 -0.063784
v 2.838131 0.393155 -0.063784
v 2.837396 0.396446 -0.063784
v 2.836451 0.399646 -0.063784
v 2.835296 0.402755 -0.063784
v 2.833931 0.405773 -0.063784
v 2.832357 0.408701 -0.063784
v 2.830572 0.411538 -0.063784
v 2.828578 0.414284 -0.063784
v 2.826373 0.416940 -0.063784
v 2.823959 0.419504 -0.063784
v 2.821394 0.421919 -0.063784
v 2.818738 0.424123 -0.063784
v 2.815992 0.426118 -0.063784
v 2.813155 0.427903 -0.063784
v 2.810227 0.429477 -0.063784
v 2.807209 0.430842 -0.063784
v 2.804100 0.431997 -0.063784
v 2.800900 0.432942 -0.063784
v 2.797609 0.433676 -0.063784
v 2.794228 0.434201 -0.063784
v 2.790756 0.434516 -0.063783
v 2.787193 0.215148 -0.063783
v 2.622216 0.215148 -0.063783
v 2.621858 0.215167 -0.063783
v 2.621531 0.215221 -0.063783
v 2.621236 0.215312 -0.063783
v 2.620971 0.215439 -0.063783
v 2.620738 0.215602 -0.063783
v 2.620536 0.215802 -0.063783
v 2.620365 0.216038 -0.063783
v 2.620225 0.216310 -0.063783
v 2.620116 0.216618 -0.063783
v 2.620038 0.216963 -0.063783
v 2.619991 0.217344 -0.063783
v 2.619976 0.217761 -0.063783
v 2.619976 0.382739 -0.063783
v 2.619992 0.383156 -0.063783
v 2.620038 0.383537 -0.063783
v 2.620116 0.383882 -0.063783
v 2.620225 0.384191 -0.063783
v 2.620365 0.384463 -0.063783
v 2.620536 0.384699 -0.063783
v 2.620738 0.384898 -0.063783
v 2.620971 0.385062 -0.063783
v 2.621236 0.385189 -0.063783
v 2.621531 0.385279 -0.063783
v 2.621858 0.385334 -0.063783
v 2.622216 0.385352 -0.063783
v 2.787193 0.385352 -0.063783
v 2.787611 0.385334 -0.063783
v 2.787992 0.385279 -0.063783
v 2.788336 0.385189 -0.063783
v 2.788645 0.385062 -0.063783
v 2.788917 0.384898 -0.063783
v 2.789153 0.384699 -0.063783
v 2.789352 0.384463 -0.063783
v 2.789516 0.384191 -0.063783
v 2.789643 0.383882 -0.063783
v 2.789733 0.383537 -0.063783
v 2.789788 0.383156 -0.063783
v 2.789806 0.382739 -0.063783
v 2.789806 0.217761 -0.063783
v 2.789788 0.217344 -0.063783
v 2.789733 0.216963 -0.063783
v 2.789643 0.216618 -0.063783
v 2.789516 0.216310 -0.063783
v 2.789352 0.216038 -0.063783
v 2.789153 0.215802 -0.063783
v 2.788917 0.215602 -0.063783
v 2.788645 0.215439 -0.063783
v 2.788336 0.215312 -0.063783
v 2.787992 0.215221 -0.063783
v 2.787611 0.215167 -0.063783
v 3.662904 0.599666 -0.000000
v 3.179168 0.599666 0.000000
v 3.171204 0.599429 0.000000
v 3.163437 0.598716 0.000000
v 3.155867 0.597529 0.000000
v 3.148494 0.595867 0.000000
v 3.141318 0.593730 0.000000
v 3.134339 0.591118 0.000000
v 3.127556 0.588031 0.000000
v 3.120971 0.584469 0.000000
v 3.114583 0.580432 0.000000
v 3.108391 0.575920 0.000000
v 3.102396 0.570933 0.000000
v 3.096599 0.565471 0.000000
v 3.091137 0.559679 0.000000
v 3.086150 0.553702 0.000000
v 3.081639 0.547540 0.000000
v 3.077602 0.541192 0.000000
v 3.074040 0.534659 0.000000
v 3.070953 0.527940 0.000000
v 3.068341 0.521036 0.000000
v 3.066203 0.513947 0.000000
v 3.064541 0.506672 0.000000
v 3.063354 0.499212 0.000000
v 3.062641 0.491567 0.000000
v 3.062404 0.483736 0.000000
v 3.062404 0.321935 0.000000
v 3.062641 0.314104 0.000000
v 3.063354 0.306459 0.000000
v 3.064541 0.298999 0.000000
v 3.066203 0.291725 0.000000
v 3.068340 0.284635 0.000000
v 3.070952 0.277731 0.000000
v 3.074039 0.271013 0.000000
v 3.077601 0.264480 0.000000
v 3.081638 0.258132 0.000000
v 3.086150 0.251969 0.000000
v 3.091137 0.245992 0.000000
v 3.096599 0.240200 0.000000
v 3.102396 0.234738 0.000000
v 3.108391 0.229752 0.000000
v 3.114583 0.225240 0.000000
v 3.120971 0.221203 0.000000
v 3.127556 0.217641 0.000000
v 3.134339 0.214554 0.000000
v 3.141318 0.211942 0.000000
v 3.148494 0.209804 0.000000
v 3.155867 0.208142 0.000000
v 3.163437 0.206955 0.000000
v 3.171204 0.206242 0.000000
v 3.179168 0.206005 0.000000
v 3.550310 0.205171 0.000000
v 3.552812 0.206005 0.000000
v 3.552812 0.000000 0.000000
v 3.662904 0.000000 0.000000
v 3.173330 0.321935 0.000000
v 3.173330 0.483736 0.000000
v 3.173370 0.484669 0.000000
v 3.173492 0.485520 0.000000
v 3.173694 0.486291 0.000000
v 3.173978 0.486980 0.000000
v 3.174343 0.487588 0.000000
v 3.174789 0.488115 0.000000
v 3.175316 0.488561 0.000000
v 3.175924 0.488926 0.000000
v 3.176614 0.489210 0.000000
v 3.177384 0.489412 0.000000
v 3.178235 0.489534 0.000000
v 3.179168 0.489575 0.000000
v 3.546974 0.489575 0.000000
v 3.547907 0.489534 0.000000
v 3.548758 0.489412 0.000000
v 3.549528 0.489210 0.000000
v 3.550218 0.488926 0.000000
v 3.550826 0.488561 0.000000
v 3.551353 0.488115 0.000000
v 3.551799 0.487588 0.000000
v 3.552164 0.486980 0.000000
v 3.552448 0.486291 0.000000
v 3.552650 0.485520 0.000000
v 3.552772 0.484669 0.000000
v 3.552812 0.483736 0.000000
v 3.552812 0.321935 0.000000
v 3.552772 0.321002 0.000000
v 3.552650 0.320151 0.000000
v 3.552448 0.319381 0.000000
v 3.552164 0.318691 0.000000
v 3.551799 0.318083 0.000000
v 3.551353 0.317556 0.000000
v 3.550826 0.317110 0.000000
v 3.550218 0.316745 0.000000
v 3.549528 0.316462 0.000000
v 3.548758 0.316259 0.000000
v 3.547907 0.316137 0.000000
v 3.546974 0.316097 0.000000
v 3.179168 0.316097 0.000000
v 3.178235 0.316137 0.000000
v 3.177384 0.316259 0.000000
v 3.176613 0.316462 0.000000
v 3.175924 0.316745 0.000000
v 3.175316 0.317110 0.000000
v 3.174789 0.317556 0.000000
v 3.174343 0.318083 0.000000
v 3.173978 0.318691 0.000000
v 3.173694 0.319381 0.000000
v 3.173492 0.320151 0.000000
v 3.173370 0.321002 0.000000
v -3.769956 0.484570 -0.230902
v -3.769956 0.437865 -0.230902
v -3.659031 0.437865 -0.230902
v -3.659031 0.484570 -0.230902
v -3.658990 0.485503 -0.230902
v -3.658869 0.486354 -0.230902
v -3.658666 0.487125 -0.230902
v -3.658382 0.487814 -0.230902
v -3.658017 0.488422 -0.230902
v -3.657572 0.488949 -0.230902
v -3.657045 0.489395 -0.230902
v -3.656437 0.489760 -0.230902
v -3.655748 0.490044 -0.230902
v -3.654978 0.490247 -0.230902
v -3.654126 0.490368 -0.230902
v -3.653193 0.490409 -0.230902
v -3.285386 0.490409 -0.230902
v -3.284454 0.490368 -0.230902
v -3.283602 0.490247 -0.230902
v -3.282832 0.490044 -0.230902
v -3.282143 0.489760 -0.230902
v -3.281535 0.489395 -0.230902
v -3.281008 0.488949 -0.230902
v -3.280563 0.488422 -0.230902
v -3.280198 0.487814 -0.230902
v -3.279914 0.487125 -0.230902
v -3.279711 0.486354 -0.230902
v -3.279590 0.485503 -0.230902
v -3.279548 0.484570 -0.230902
v -3.279548 0.115930 -0.230902
v -3.279588 0.114997 -0.230902
v -3.279710 0.114146 -0.230902
v -3.279913 0.113376 -0.230902
v -3.280196 0.112686 -0.230902
v -3.280561 0.112078 -0.230902
v -3.281007 0.111551 -0.230902
v -3.281534 0.111105 -0.230902
v -3.282142 0.110740 -0.230902
v -3.282831 0.110457 -0.230902
v -3.283601 0.110254 -0.230902
v -3.284452 0.110132 -0.230902
v -3.285386 0.110092 -0.230902
v -3.653193 0.110092 -0.230902
v -3.654125 0.110132 -0.230902
v -3.654976 0.110254 -0.230902
v -3.655746 0.110457 -0.230902
v -3.656435 0.110740 -0.230902
v -3.657043 0.111105 -0.230902
v -3.657570 0.111551 -0.230902
v -3.658016 0.112078 -0.230902
v -3.658381 0.112686 -0.230902
v -3.658664 0.113376 -0.230902
v -3.658867 0.114146 -0.230902
v -3.658989 0.114997 -0.230902
v -3.659031 0.115930 -0.230902
v -3.659031 0.229358 -0.230902
v -3.523084 0.229358 -0.230902
v -3.523084 0.339450 -0.230902
v -3.769956 0.339450 -0.230902
v -3.769956 0.115930 -0.230902
v -3.769719 0.107969 -0.230902
v -3.769006 0.100211 -0.230902
v -3.767819 0.092655 -0.230902
v -3.766157 0.085303 -0.230902
v -3.764020 0.078153 -0.230902
v -3.761408 0.071205 -0.230902
v -3.758321 0.064461 -0.230902
v -3.754759 0.057919 -0.230902
v -3.750722 0.051579 -0.230902
v -3.746210 0.045443 -0.230902
v -3.741223 0.039509 -0.230902
v -3.735761 0.033778 -0.230902
v -3.729964 0.028383 -0.230902
v -3.723970 0.023457 -0.230902
v -3.717778 0.019000 -0.230902
v -3.711390 0.015013 -0.230902
v -3.704805 0.011494 -0.230902
v -3.698023 0.008445 -0.230902
v -3.691044 0.005864 -0.230902
v -3.683868 0.003753 -0.230902
v -3.676495 0.002111 -0.230902
v -3.668926 0.000938 -0.230902
v -3.661159 0.000235 -0.230902
v -3.653193 -0.000000 -0.230902
v -3.285386 -0.000000 -0.230902
v -3.277425 0.000235 -0.230902
v -3.269667 0.000938 -0.230902
v -3.262111 0.002111 -0.230902
v -3.254759 0.003753 -0.230902
v -3.247608 0.005864 -0.230902
v -3.240661 0.008445 -0.230902
v -3.233917 0.011494 -0.230902
v -3.227375 0.015013 -0.230902
v -3.221036 0.019000 -0.230902
v -3.214899 0.023457 -0.230902
v -3.208966 0.028383 -0.230902
v -3.203234 0.033778 -0.230902
v -3.197839 0.039509 -0.230902
v -3.192913 0.045443 -0.230902
v -3.188456 0.051579 -0.230902
v -3.184468 0.057919 -0.230902
v -3.180949 0.064461 -0.230902
v -3.177900 0.071205 -0.230902
v -3.175320 0.078152 -0.230902
v -3.173209 0.085303 -0.230902
v -3.171567 0.092655 -0.230902
v -3.170394 0.100211 -0.230902
v -3.169690 0.107969 -0.230902
v -3.169456 0.115930 -0.230902
v -3.169456 0.484570 -0.230902
v -3.169691 0.492531 -0.230902
v -3.170395 0.500290 -0.230902
v -3.171568 0.507845 -0.230902
v -3.173209 0.515198 -0.230902
v -3.175320 0.522348 -0.230902
v -3.177901 0.529295 -0.230902
v -3.180950 0.536040 -0.230902
v -3.184469 0.542582 -0.230902
v -3.188456 0.548921 -0.230902
v -3.192913 0.555057 -0.230902
v -3.197839 0.560991 -0.230902
v -3.203234 0.566722 -0.230902
v -3.208966 0.572117 -0.230902
v -3.214899 0.577043 -0.230902
v -3.221036 0.581500 -0.230902
v -3.227375 0.585488 -0.230902
v -3.233917 0.589006 -0.230902
v -3.240661 0.592056 -0.230902
v -3.247608 0.594636 -0.230902
v -3.254759 0.596747 -0.230902
v -3.262111 0.598389 -0.230902
v -3.269667 0.599562 -0.230902
v -3.277425 0.600266 -0.230902
v -3.285386 0.600500 -0.230902
v -3.653193 0.600500 -0.230902
v -3.661156 0.600266 -0.230902
v -3.668923 0.599562 -0.230902
v -3.676493 0.598389 -0.230902
v -3.683866 0.596747 -0.230902
v -3.691042 0.594636 -0.230902
v -3.698021 0.592056 -0.230902
v -3.704803 0.589006 -0.230902
v -3.711388 0.585488 -0.230902
v -3.717776 0.581500 -0.230902
v -3.723967 0.577043 -0.230902
v -3.729962 0.572117 -0.230902
v -3.735761 0.566722 -0.230902
v -3.741223 0.560991 -0.230902
v -3.746210 0.555057 -0.230902
v -3.750722 0.548921 -0.230902
v -3.754759 0.542582 -0.230902
v -3.758321 0.536040 -0.230902
v -3.761408 0.529295 -0.230902
v -3.764020 0.522348 -0.230902
v -3.766157 0.515198 -0.230902
v -3.767819 0.507845 -0.230902
v -3.769006 0.500290 -0.230902
v -3.769719 0.492531 -0.230902
v -2.965119 0.160133 -0.230902
v -2.965119 0.600500 -0.230902
v -3.076045 0.600500 -0.230902
v -3.076045 -0.000000 -0.230902
v -2.955945 -0.000000 -0.230902
v -2.585636 0.440367 -0.230902
v -2.585636 -0.000000 -0.230902
v -2.475545 -0.000000 -0.230902
v -2.475545 0.600500 -0.230902
v -2.595645 0.600500 -0.230902
v -1.895895 0.600500 -0.230903
v -2.263702 0.600500 -0.230903
v -2.271665 0.600266 -0.230903
v -2.279432 0.599562 -0.230903
v -2.287002 0.598389 -0.230903
v -2.294375 0.596747 -0.230903
v -2.301551 0.594636 -0.230903
v -2.308530 0.592056 -0.230903
v -2.315312 0.589006 -0.230903
v -2.321897 0.585488 -0.230903
v -2.328285 0.581500 -0.230903
v -2.334476 0.577043 -0.230903
v -2.340471 0.572117 -0.230903
v -2.346270 0.566722 -0.230903
v -2.351732 0.560991 -0.230903
v -2.356719 0.555057 -0.230903
v -2.361231 0.548921 -0.230903
v -2.365268 0.542582 -0.230903
v -2.368829 0.536040 -0.230903
v -2.371917 0.529295 -0.230903
v -2.374529 0.522348 -0.230902
v -2.376666 0.515198 -0.230902
v -2.378328 0.507845 -0.230902
v -2.379515 0.500290 -0.230902
v -2.380228 0.492531 -0.230902
v -2.380466 0.484570 -0.230902
v -2.380466 -0.000000 -0.230902
v -2.269540 -0.000000 -0.230903
v -2.269540 0.201835 -0.230903
v -1.890057 0.201835 -0.230903
v -1.890057 -0.000000 -0.230903
v -1.779965 -0.000000 -0.230903
v -1.779965 0.484570 -0.230903
v -1.780200 0.492531 -0.230903
v -1.780904 0.500290 -0.230903
v -1.782077 0.507845 -0.230903
v -1.783719 0.515198 -0.230903
v -1.785830 0.522348 -0.230903
v -1.788410 0.529295 -0.230903
v -1.791459 0.536040 -0.230903
v -1.794978 0.542582 -0.230903
v -1.798966 0.548921 -0.230903
v -1.803423 0.555057 -0.230903
v -1.808348 0.560991 -0.230903
v -1.813743 0.566722 -0.230903
v -1.819474 0.572117 -0.230903
v -1.825408 0.577043 -0.230903
v -1.831545 0.581500 -0.230903
v -1.837884 0.585488 -0.230903
v -1.844425 0.589006 -0.230903
v -1.851170 0.592056 -0.230903
v -1.858117 0.594636 -0.230903
v -1.865268 0.596747 -0.230903
v -1.872620 0.598389 -0.230903
v -1.880176 0.599562 -0.230903
v -1.887934 0.600266 -0.230903
v -1.890057 0.311927 -0.230903
v -2.269540 0.311927 -0.230903
v -2.269540 0.484570 -0.230903
v -2.269499 0.485503 -0.230903
v -2.269377 0.486354 -0.230903
v -2.269175 0.487125 -0.230903
v -2.268891 0.487814 -0.230903
v -2.268526 0.488422 -0.230903
v -2.268080 0.488949 -0.230903
v -2.267554 0.489395 -0.230903
v -2.266946 0.489760 -0.230903
v -2.266257 0.490044 -0.230903
v -2.265486 0.490247 -0.230903
v -2.264635 0.490368 -0.230903
v -2.263702 0.490409 -0.230903
v -1.895895 0.490409 -0.230903
v -1.894963 0.490368 -0.230903
v -1.894111 0.490247 -0.230903
v -1.893340 0.490044 -0.230903
v -1.892651 0.489760 -0.230903
v -1.892043 0.489395 -0.230903
v -1.891516 0.488949 -0.230903
v -1.891071 0.488422 -0.230903
v -1.890706 0.487814 -0.230903
v -1.890422 0.487125 -0.230903
v -1.890219 0.486354 -0.230903
v -1.890098 0.485503 -0.230903
v -1.890057 0.484570 -0.230903
v -1.686554 0.484570 -0.230903
v -1.686554 0.437865 -0.230903
v -1.575628 0.437865 -0.230903
v -1.575628 0.484570 -0.230903
v -1.575588 0.485503 -0.230903
v -1.575466 0.486354 -0.230903
v -1.575263 0.487125 -0.230903
v -1.574980 0.487814 -0.230903
v -1.574615 0.488422 -0.230903
v -1.574169 0.488949 -0.230903
v -1.573642 0.489395 -0.230903
v -1.573034 0.489760 -0.230903
v -1.572345 0.490044 -0.230903
v -1.571575 0.490247 -0.230903
v -1.570724 0.490368 -0.230903
v -1.569790 0.490409 -0.230903
v -1.201983 0.490409 -0.230903
v -1.201051 0.490368 -0.230903
v -1.200200 0.490247 -0.230903
v -1.199430 0.490044 -0.230903
v -1.198741 0.489760 -0.230903
v -1.198133 0.489395 -0.230903
v -1.197606 0.488949 -0.230903
v -1.197160 0.488422 -0.230903
v -1.196795 0.487814 -0.230903
v -1.196512 0.487125 -0.230903
v -1.196309 0.486354 -0.230903
v -1.196187 0.485503 -0.230903
v -1.196145 0.484570 -0.230903
v -1.196145 0.115930 -0.230903
v -1.196186 0.114997 -0.230903
v -1.196307 0.114146 -0.230903
v -1.196510 0.113376 -0.230903
v -1.196794 0.112686 -0.230903
v -1.197159 0.112078 -0.230903
v -1.197604 0.111551 -0.230903
v -1.198131 0.111105 -0.230903
v -1.198739 0.110740 -0.230903
v -1.199428 0.110457 -0.230903
v -1.200198 0.110254 -0.230903
v -1.201050 0.110132 -0.230903
v -1.201983 0.110092 -0.230903
v -1.569790 0.110092 -0.230903
v -1.570722 0.110132 -0.230903
v -1.571573 0.110254 -0.230903
v -1.572344 0.110457 -0.230903
v -1.573033 0.110740 -0.230903
v -1.573641 0.111105 -0.230903
v -1.574167 0.111551 -0.230903
v -1.574613 0.112078 -0.230903
v -1.574978 0.112686 -0.230903
v -1.575262 0.113376 -0.230903
v -1.575464 0.114146 -0.230903
v -1.575586 0.114997 -0.230903
v -1.575628 0.115930 -0.230903
v -1.575628 0.229358 -0.230903
v -1.439681 0.229358 -0.230903
v -1.439681 0.339450 -0.230903
v -1.686554 0.339450 -0.230903
v -1.686554 0.115930 -0.230903
v -1.686316 0.107969 -0.230903
v -1.685604 0.100211 -0.230903
v -1.684417 0.092655 -0.230903
v -1.682754 0.085303 -0.230903
v -1.680617 0.078153 -0.230903
v -1.678005 0.071205 -0.230903
v -1.674918 0.064461 -0.230903
v -1.671356 0.057919 -0.230903
v -1.667319 0.051579 -0.230903
v -1.662807 0.045443 -0.230903
v -1.657820 0.039509 -0.230903
v -1.652359 0.033778 -0.230903
v -1.646561 0.028383 -0.230903
v -1.640567 0.023457 -0.230903
v -1.634376 0.019000 -0.230903
v -1.627988 0.015013 -0.230903
v -1.621403 0.011494 -0.230903
v -1.614620 0.008445 -0.230903
v -1.607641 0.005864 -0.230903
v -1.600466 0.003753 -0.230903
v -1.593093 0.002111 -0.230903
v -1.585523 0.000938 -0.230903
v -1.577756 0.000235 -0.230903
v -1.569790 -0.000000 -0.230903
v -1.201983 -0.000000 -0.230903
v -1.194022 0.000235 -0.230903
v -1.186264 0.000938 -0.230903
v -1.178709 0.002111 -0.230903
v -1.171356 0.003753 -0.230903
v -1.164206 0.005864 -0.230903
v -1.157258 0.008445 -0.230903
v -1.150514 0.011494 -0.230903
v -1.143972 0.015013 -0.230903
v -1.137633 0.019000 -0.230903
v -1.131497 0.023457 -0.230903
v -1.125563 0.028383 -0.230903
v -1.119832 0.033778 -0.230903
v -1.114436 0.039509 -0.230903
v -1.109510 0.045443 -0.230903
v -1.105053 0.051579 -0.230903
v -1.101065 0.057919 -0.230903
v -1.097547 0.064461 -0.230903
v -1.094497 0.071205 -0.230903
v -1.091917 0.078152 -0.230903
v -1.089806 0.085303 -0.230903
v -1.088165 0.092655 -0.230903
v -1.086992 0.100211 -0.230903
v -1.086288 0.107969 -0.230903
v -1.086054 0.115930 -0.230903
v -1.086054 0.484570 -0.230903
v -1.086288 0.492531 -0.230903
v -1.086992 0.500290 -0.230903
v -1.088165 0.507845 -0.230903
v -1.089807 0.515198 -0.230903
v -1.091918 0.522348 -0.230903
v -1.094498 0.529295 -0.230903
v -1.097547 0.536040 -0.230903
v -1.101066 0.542582 -0.230903
v -1.105054 0.548921 -0.230903
v -1.109511 0.555057 -0.230903
v -1.114437 0.560991 -0.230903
v -1.119832 0.566722 -0.230903
v -1.125563 0.572117 -0.230903
v -1.131497 0.577043 -0.230903
v -1.137633 0.581500 -0.230903
v -1.143972 0.585488 -0.230903
v -1.150514 0.589006 -0.230903
v -1.157258 0.592056 -0.230903
v -1.164206 0.594636 -0.230903
v -1.171356 0.596747 -0.230903
v -1.178709 0.598389 -0.230903
v -1.186264 0.599562 -0.230903
v -1.194022 0.600266 -0.230903
v -1.201983 0.600500 -0.230903
v -1.569790 0.600500 -0.230903
v -1.577754 0.600266 -0.230903
v -1.585521 0.599562 -0.230903
v -1.593090 0.598389 -0.230903
v -1.600463 0.596747 -0.230903
v -1.607639 0.594636 -0.230903
v -1.614618 0.592056 -0.230903
v -1.621400 0.589006 -0.230903
v -1.627985 0.585488 -0.230903
v -1.634373 0.581500 -0.230903
v -1.640565 0.577043 -0.230903
v -1.646559 0.572117 -0.230903
v -1.652359 0.566722 -0.230903
v -1.657820 0.560991 -0.230903
v -1.662807 0.555057 -0.230903
v -1.667319 0.548921 -0.230903
v -1.671356 0.542582 -0.230903
v -1.674918 0.536040 -0.230903
v -1.678005 0.529295 -0.230903
v -1.680617 0.522348 -0.230903
v -1.682754 0.515198 -0.230903
v -1.684417 0.507845 -0.230903
v -1.685604 0.500290 -0.230903
v -1.686316 0.492531 -0.230903
v -0.881716 0.160133 -0.230903
v -0.881716 0.600500 -0.230903
v -0.992642 0.600500 -0.230903
v -0.992642 -0.000000 -0.230903
v -0.872542 -0.000000 -0.230903
v -0.502234 0.440367 -0.230903
v -0.502234 -0.000000 -0.230903
v -0.392142 -0.000000 -0.230903
v -0.392142 0.600500 -0.230903
v -0.512242 0.600500 -0.230903
v 0.184172 0.600500 -0.230903
v -0.184469 0.600500 -0.230903
v -0.192299 0.600266 -0.230903
v -0.199944 0.599562 -0.230903
v -0.207404 0.598389 -0.230903
v -0.214679 0.596747 -0.230903
v -0.221768 0.594636 -0.230903
v -0.228672 0.592056 -0.230903
v -0.235391 0.589006 -0.230903
v -0.241924 0.585488 -0.230903
v -0.248272 0.581500 -0.230903
v -0.254434 0.577043 -0.230903
v -0.260412 0.572117 -0.230903
v -0.266204 0.566722 -0.230903
v -0.271665 0.560991 -0.230903
v -0.276652 0.555057 -0.230903
v -0.281164 0.548921 -0.230903
v -0.285201 0.542582 -0.230903
v -0.288763 0.536040 -0.230903
v -0.291850 0.529295 -0.230903
v -0.294462 0.522348 -0.230903
v -0.296599 0.515198 -0.230903
v -0.298261 0.507845 -0.230903
v -0.299449 0.500290 -0.230903
v -0.300161 0.492531 -0.230903
v -0.300399 0.484570 -0.230903
v -0.300399 0.115930 -0.230903
v -0.300161 0.107969 -0.230903
v -0.299449 0.100211 -0.230903
v -0.298261 0.092655 -0.230903
v -0.296599 0.085303 -0.230903
v -0.294462 0.078153 -0.230903
v -0.291850 0.071205 -0.230903
v -0.288763 0.064461 -0.230903
v -0.285201 0.057919 -0.230903
v -0.281164 0.051579 -0.230903
v -0.276652 0.045443 -0.230903
v -0.271665 0.039509 -0.230903
v -0.266204 0.033778 -0.230903
v -0.260412 0.028383 -0.230903
v -0.254435 0.023457 -0.230903
v -0.248272 0.019000 -0.230903
v -0.241924 0.015013 -0.230903
v -0.235391 0.011494 -0.230903
v -0.228672 0.008445 -0.230903
v -0.221768 0.005864 -0.230903
v -0.214679 0.003753 -0.230903
v -0.207405 0.002111 -0.230903
v -0.199945 0.000938 -0.230903
v -0.192300 0.000235 -0.230903
v -0.184469 -0.000000 -0.230903
v 0.184172 -0.000000 -0.230903
v 0.192133 0.000235 -0.230903
v 0.199891 0.000938 -0.230903
v 0.207446 0.002111 -0.230903
v 0.214799 0.003753 -0.230903
v 0.221949 0.005864 -0.230903
v 0.228896 0.008445 -0.230903
v 0.235641 0.011494 -0.230903
v 0.242183 0.015013 -0.230903
v 0.248522 0.019000 -0.230903
v 0.254658 0.023457 -0.230903
v 0.260592 0.028383 -0.230903
v 0.266324 0.033778 -0.230903
v 0.271719 0.039509 -0.230903
v 0.276645 0.045443 -0.230903
v 0.281101 0.051579 -0.230903
v 0.285089 0.057919 -0.230903
v 0.288608 0.064461 -0.230903
v 0.291657 0.071205 -0.230903
v 0.294237 0.078152 -0.230903
v 0.296349 0.085303 -0.230903
v 0.297991 0.092655 -0.230903
v 0.299163 0.100211 -0.230903
v 0.299867 0.107969 -0.230903
v 0.300102 0.115930 -0.230903
v 0.300102 0.484570 -0.230903
v 0.299867 0.492531 -0.230903
v 0.299163 0.500290 -0.230903
v 0.297991 0.507845 -0.230903
v 0.296349 0.515198 -0.230903
v 0.294237 0.522348 -0.230903
v 0.291657 0.529295 -0.230903
v 0.288608 0.536040 -0.230903
v 0.285089 0.542582 -0.230903
v 0.281101 0.548921 -0.230903
v 0.276645 0.555057 -0.230903
v 0.271719 0.560991 -0.230903
v 0.266324 0.566722 -0.230903
v 0.260592 0.572117 -0.230903
v 0.254659 0.577043 -0.230903
v 0.248522 0.581500 -0.230903
v 0.242183 0.585488 -0.230903
v 0.235641 0.589006 -0.230903
v 0.228897 0.592056 -0.230903
v 0.221949 0.594636 -0.230903
v 0.214799 0.596747 -0.230903
v 0.207447 0.598389 -0.230903
v 0.199891 0.599562 -0.230903
v 0.192133 0.600266 -0.230903
v 0.184172 0.110092 -0.230903
v -0.184469 0.110092 -0.230903
v -0.185268 0.110132 -0.230903
v -0.185998 0.110254 -0.230903
v -0.186658 0.110457 -0.230903
v -0.187249 0.110740 -0.230903
v -0.187770 0.111105 -0.230903
v -0.188222 0.111551 -0.230903
v -0.188604 0.112078 -0.230903
v -0.188917 0.112686 -0.230903
v -0.189160 0.113376 -0.230903
v -0.189334 0.114146 -0.230903
v -0.189438 0.114997 -0.230903
v -0.189473 0.115930 -0.230903
v -0.189473 0.484570 -0.230903
v -0.189438 0.485503 -0.230903
v -0.189334 0.486354 -0.230903
v -0.189160 0.487125 -0.230903
v -0.188917 0.487814 -0.230903
v -0.188604 0.488422 -0.230903
v -0.188222 0.488949 -0.230903
v -0.187770 0.489395 -0.230903
v -0.187249 0.489760 -0.230903
v -0.186658 0.490044 -0.230903
v -0.185998 0.490247 -0.230903
v -0.185268 0.490368 -0.230903
v -0.184469 0.490409 -0.230903
v 0.184172 0.490409 -0.230903
v 0.185104 0.490368 -0.230903
v 0.185956 0.490247 -0.230903
v 0.186726 0.490044 -0.230903
v 0.187415 0.489760 -0.230903
v 0.188024 0.489395 -0.230903
v 0.188551 0.488949 -0.230903
v 0.188997 0.488422 -0.230903
v 0.189362 0.487814 -0.230903
v 0.189645 0.487125 -0.230903
v 0.189848 0.486354 -0.230903
v 0.189970 0.485503 -0.230903
v 0.190010 0.484570 -0.230903
v 0.190010 0.115930 -0.230903
v 0.189970 0.114997 -0.230903
v 0.189848 0.114146 -0.230903
v 0.189645 0.113376 -0.230903
v 0.189362 0.112686 -0.230903
v 0.188997 0.112078 -0.230903
v 0.188551 0.111551 -0.230903
v 0.188024 0.111105 -0.230903
v 0.187415 0.110740 -0.230903
v 0.186726 0.110457 -0.230903
v 0.185956 0.110254 -0.230903
v 0.185104 0.110132 -0.230903
v 0.390177 0.484570 -0.230903
v 0.390177 0.437865 -0.230903
v 0.501103 0.437865 -0.230903
v 0.501103 0.484570 -0.230903
v 0.501143 0.485503 -0.230903
v 0.501265 0.486354 -0.230903
v 0.501467 0.487125 -0.230903
v 0.501751 0.487814 -0.230903
v 0.502116 0.488422 -0.230903
v 0.502562 0.488949 -0.230903
v 0.503089 0.489395 -0.230903
v 0.503697 0.489760 -0.230903
v 0.504387 0.490044 -0.230903
v 0.505157 0.490247 -0.230903
v 0.506008 0.490368 -0.230903
v 0.506941 0.490409 -0.230903
v 0.874747 0.490409 -0.230904
v 0.875680 0.490368 -0.230904
v 0.876531 0.490247 -0.230904
v 0.877301 0.490044 -0.230904
v 0.877991 0.489760 -0.230904
v 0.878599 0.489395 -0.230904
v 0.879126 0.488949 -0.230904
v 0.879572 0.488422 -0.230904
v 0.879937 0.487814 -0.230904
v 0.880221 0.487125 -0.230904
v 0.880423 0.486354 -0.230904
v 0.880545 0.485503 -0.230904
v 0.880585 0.484570 -0.230904
v 0.880585 0.115930 -0.230904
v 0.880545 0.114997 -0.230904
v 0.880423 0.114146 -0.230904
v 0.880221 0.113376 -0.230904
v 0.879937 0.112686 -0.230904
v 0.879572 0.112078 -0.230904
v 0.879126 0.111551 -0.230904
v 0.878599 0.111105 -0.230904
v 0.877991 0.110740 -0.230904
v 0.877301 0.110457 -0.230904
v 0.876531 0.110254 -0.230904
v 0.875680 0.110132 -0.230904
v 0.874747 0.110092 -0.230904
v 0.506941 0.110092 -0.230903
v 0.506008 0.110132 -0.230903
v 0.505157 0.110254 -0.230903
v 0.504387 0.110457 -0.230903
v 0.503697 0.110740 -0.230903
v 0.503089 0.111105 -0.230903
v 0.502562 0.111551 -0.230903
v 0.502116 0.112078 -0.230903
v 0.501751 0.112686 -0.230903
v 0.501467 0.113376 -0.230903
v 0.501265 0.114146 -0.230903
v 0.501143 0.114997 -0.230903
v 0.501103 0.115930 -0.230903
v 0.501103 0.229358 -0.230903
v 0.637049 0.229358 -0.230903
v 0.637049 0.339450 -0.230903
v 0.390177 0.339450 -0.230903
v 0.390177 0.115930 -0.230903
v 0.390414 0.107969 -0.230903
v 0.391127 0.100211 -0.230903
v 0.392314 0.092655 -0.230903
v 0.393976 0.085303 -0.230903
v 0.396113 0.078153 -0.230903
v 0.398726 0.071205 -0.230903
v 0.401813 0.064461 -0.230903
v 0.405375 0.057919 -0.230903
v 0.409411 0.051579 -0.230903
v 0.413923 0.045443 -0.230903
v 0.418910 0.039509 -0.230903
v 0.424372 0.033778 -0.230903
v 0.430170 0.028383 -0.230903
v 0.436164 0.023457 -0.230903
v 0.442356 0.019000 -0.230903
v 0.448744 0.015013 -0.230903
v 0.455329 0.011494 -0.230903
v 0.462112 0.008445 -0.230903
v 0.469091 0.005864 -0.230903
v 0.476267 0.003753 -0.230903
v 0.483640 0.002111 -0.230903
v 0.491210 0.000938 -0.230903
v 0.498977 0.000235 -0.230903
v 0.506941 -0.000000 -0.230903
v 0.874747 -0.000000 -0.230904
v 0.882708 0.000235 -0.230904
v 0.890466 0.000938 -0.230904
v 0.898022 0.002111 -0.230904
v 0.905375 0.003753 -0.230904
v 0.912525 0.005864 -0.230904
v 0.919472 0.008445 -0.230904
v 0.926217 0.011494 -0.230904
v 0.932759 0.015013 -0.230904
v 0.939098 0.019000 -0.230904
v 0.945235 0.023457 -0.230904
v 0.951168 0.028383 -0.230904
v 0.956899 0.033778 -0.230904
v 0.962294 0.039509 -0.230904
v 0.967220 0.045443 -0.230904
v 0.971677 0.051579 -0.230904
v 0.975665 0.057919 -0.230904
v 0.979183 0.064461 -0.230904
v 0.982233 0.071205 -0.230904
v 0.984813 0.078152 -0.230904
v 0.986924 0.085303 -0.230904
v 0.988566 0.092655 -0.230904
v 0.989739 0.100211 -0.230904
v 0.990443 0.107969 -0.230904
v 0.990677 0.115930 -0.230904
v 0.990677 0.484570 -0.230904
v 0.990443 0.492531 -0.230904
v 0.989739 0.500290 -0.230904
v 0.988566 0.507845 -0.230904
v 0.986924 0.515198 -0.230904
v 0.984813 0.522348 -0.230904
v 0.982233 0.529295 -0.230904
v 0.979183 0.536040 -0.230904
v 0.975665 0.542582 -0.230904
v 0.971677 0.548921 -0.230904
v 0.967220 0.555057 -0.230904
v 0.962294 0.560991 -0.230904
v 0.956899 0.566722 -0.230904
v 0.951168 0.572117 -0.230904
v 0.945234 0.577043 -0.230904
v 0.939098 0.581500 -0.230904
v 0.932759 0.585488 -0.230904
v 0.926217 0.589006 -0.230904
v 0.919472 0.592056 -0.230904
v 0.912525 0.594636 -0.230904
v 0.905375 0.596747 -0.230904
v 0.898022 0.598389 -0.230904
v 0.890466 0.599562 -0.230904
v 0.882708 0.600266 -0.230904
v 0.874747 0.600500 -0.230904
v 0.506941 0.600500 -0.230903
v 0.498977 0.600266 -0.230903
v 0.491210 0.599562 -0.230903
v 0.483640 0.598389 -0.230903
v 0.476267 0.596747 -0.230903
v 0.469091 0.594636 -0.230903
v 0.462111 0.592056 -0.230903
v 0.455329 0.589006 -0.230903
v 0.448744 0.585488 -0.230903
v 0.442355 0.581500 -0.230903
v 0.436164 0.577043 -0.230903
v 0.430169 0.572117 -0.230903
v 0.424372 0.566722 -0.230903
v 0.418910 0.560991 -0.230903
v 0.413924 0.555057 -0.230903
v 0.409412 0.548921 -0.230903
v 0.405375 0.542582 -0.230903
v 0.401813 0.536040 -0.230903
v 0.398726 0.529295 -0.230903
v 0.396114 0.522348 -0.230903
v 0.393976 0.515198 -0.230903
v 0.392314 0.507845 -0.230903
v 0.391127 0.500290 -0.230903
v 0.390414 0.492531 -0.230903
v 1.161653 0.600500 -0.230904
v 1.029877 0.600500 -0.230904
v 1.307608 0.224354 -0.230904
v 1.307608 -0.000000 -0.230904
v 1.417700 -0.000000 -0.230904
v 1.417700 0.224354 -0.230904
v 1.695431 0.600500 -0.230904
v 1.564489 0.600500 -0.230904
v 1.362654 0.345288 -0.230904
v 2.311778 -0.000000 -0.230904
v 2.311778 0.601334 -0.230904
v 2.201686 0.601334 -0.230904
v 2.201686 0.110092 -0.230904
v 1.711278 0.110092 -0.230904
v 1.711278 -0.000000 -0.230904
v 2.787193 0.434621 -0.167120
v 2.622216 0.434621 -0.167120
v 2.618711 0.434516 -0.167120
v 2.615290 0.434201 -0.167120
v 2.611951 0.433676 -0.167120
v 2.608696 0.432942 -0.167120
v 2.605523 0.431997 -0.167120
v 2.602433 0.430842 -0.167120
v 2.599426 0.429477 -0.167120
v 2.596503 0.427903 -0.167120
v 2.593662 0.426118 -0.167120
v 2.590904 0.424124 -0.167120
v 2.588229 0.421919 -0.167120
v 2.585637 0.419504 -0.167120
v 2.583192 0.416940 -0.167120
v 2.580961 0.414284 -0.167120
v 2.578941 0.411538 -0.167120
v 2.577135 0.408701 -0.167120
v 2.575541 0.405773 -0.167120
v 2.574159 0.402755 -0.167120
v 2.572990 0.399646 -0.167120
v 2.572034 0.396446 -0.167120
v 2.571290 0.393155 -0.167120
v 2.570758 0.389774 -0.167120
v 2.570440 0.386302 -0.167120
v 2.570333 0.382739 -0.167120
v 2.570333 0.217761 -0.167120
v 2.570440 0.214198 -0.167120
v 2.570758 0.210726 -0.167120
v 2.571290 0.207345 -0.167120
v 2.572034 0.204055 -0.167120
v 2.572990 0.200855 -0.167120
v 2.574159 0.197746 -0.167120
v 2.575541 0.194727 -0.167120
v 2.577135 0.191799 -0.167120
v 2.578941 0.188962 -0.167120
v 2.580961 0.186216 -0.167120
v 2.583192 0.183561 -0.167120
v 2.585637 0.180996 -0.167120
v 2.588229 0.178581 -0.167120
v 2.590904 0.176377 -0.167120
v 2.593662 0.174382 -0.167120
v 2.596503 0.172598 -0.167120
v 2.599426 0.171023 -0.167120
v 2.602433 0.169658 -0.167120
v 2.605523 0.168504 -0.167120
v 2.608696 0.167559 -0.167120
v 2.611951 0.166824 -0.167120
v 2.615290 0.166299 -0.167120
v 2.618711 0.165984 -0.167120
v 2.622216 0.165879 -0.167120
v 2.787193 0.165879 -0.167120
v 2.790756 0.165984 -0.167120
v 2.794228 0.166299 -0.167120
v 2.797609 0.166824 -0.167120
v 2.800900 0.167559 -0.167120
v 2.804100 0.168504 -0.167120
v 2.807209 0.169658 -0.167120
v 2.810227 0.171023 -0.167120
v 2.813155 0.172598 -0.167120
v 2.815992 0.174382 -0.167120
v 2.818738 0.176377 -0.167120
v 2.821394 0.178581 -0.167120
v 2.823959 0.180996 -0.167120
v 2.826373 0.183561 -0.167120
v 2.828578 0.186216 -0.167120
v 2.830572 0.188962 -0.167120
v 2.832357 0.191799 -0.167120
v 2.833931 0.194727 -0.167120
v 2.835296 0.197746 -0.167120
v 2.836451 0.200855 -0.167120
v 2.837396 0.204055 -0.167120
v 2.838130 0.207345 -0.167120
v 2.838655 0.210726 -0.167120
v 2.838970 0.214198 -0.167120
v 2.839075 0.217761 -0.167120
v 2.839075 0.382739 -0.167120
v 2.838970 0.386302 -0.167120
v 2.838655 0.389774 -0.167120
v 2.838131 0.393155 -0.167120
v 2.837396 0.396446 -0.167120
v 2.836451 0.399646 -0.167120
v 2.835296 0.402755 -0.167120
v 2.833931 0.405773 -0.167120
v 2.832357 0.408701 -0.167120
v 2.830572 0.411538 -0.167120
v 2.828578 0.414284 -0.167120
v 2.826373 0.416940 -0.167120
v 2.823959 0.419504 -0.167120
v 2.821394 0.421919 -0.167120
v 2.818738 0.424123 -0.167120
v 2.815992 0.426118 -0.167120
v 2.813155 0.427903 -0.167120
v 2.810227 0.429477 -0.167120
v 2.807209 0.430842 -0.167120
v 2.804100 0.431997 -0.167120
v 2.800900 0.432942 -0.167120
v 2.797609 0.433676 -0.167120
v 2.794228 0.434201 -0.167120
v 2.790756 0.434516 -0.167120
v 2.787193 0.215148 -0.167120
v 2.622216 0.215148 -0.167120
v 2.621858 0.215167 -0.167120
v 2.621531 0.215221 -0.167120
v 2.621236 0.215312 -0.167120
v 2.620971 0.215439 -0.167120
v 2.620738 0.215602 -0.167120
v 2.620536 0.215802 -0.167120
v 2.620365 0.216038 -0.167120
v 2.620225 0.216310 -0.167120
v 2.620116 0.216618 -0.167120
v 2.620038 0.216963 -0.167120
v 2.619991 0.217344 -0.167120
v 2.619976 0.217761 -0.167120
v 2.619976 0.382739 -0.167120
v 2.619992 0.383156 -0.167120
v 2.620038 0.383537 -0.167120
v 2.620116 0.383882 -0.167120
v 2.620225 0.384191 -0.167120
v 2.620365 0.384463 -0.167120
v 2.620536 0.384699 -0.167120
v 2.620738 0.384898 -0.167120
v 2.620971 0.385062 -0.167120
v 2.621236 0.385189 -0.167120
v 2.621531 0.385279 -0.167120
v 2.621858 0.385334 -0.167120
v 2.622216 0.385352 -0.167120
v 2.787193 0.385352 -0.167120
v 2.787611 0.385334 -0.167120
v 2.787992 0.385279 -0.167120
v 2.788336 0.385189 -0.167120
v 2.788645 0.385062 -0.167120
v 2.788917 0.384898 -0.167120
v 2.789153 0.384699 -0.167120
v 2.789352 0.384463 -0.167120
v 2.789516 0.384191 -0.167120
v 2.789643 0.383882 -0.167120
v 2.789733 0.383537 -0.167120
v 2.789788 0.383156 -0.167120
v 2.789806 0.382739 -0.167120
v 2.789806 0.217761 -0.167120
v 2.789788 0.217344 -0.167120
v 2.789733 0.216963 -0.167120
v 2.789643 0.216618 -0.167120
v 2.789516 0.216310 -0.167120
v 2.789352 0.216038 -0.167120
v 2.789153 0.215802 -0.167120
v 2.788917 0.215602 -0.167120
v 2.788645 0.215439 -0.167120
v 2.788336 0.215312 -0.167120
v 2.787992 0.215221 -0.167120
v 2.787611 0.215167 -0.167120
v 3.662904 0.599666 -0.230904
v 3.179168 0.599666 -0.230904
v 3.171204 0.599429 -0.230904
v 3.163437 0.598716 -0.230904
v 3.155867 0.597529 -0.230904
v 3.148494 0.595867 -0.230904
v 3.141318 0.593730 -0.230904
v 3.134339 0.591118 -0.230904
v 3.127556 0.588031 -0.230904
v 3.120971 0.584469 -0.230904
v 3.114583 0.580432 -0.230904
v 3.108391 0.575920 -0.230904
v 3.102396 0.570933 -0.230904
v 3.096599 0.565471 -0.230904
v 3.091137 0.559679 -0.230904
v 3.086150 0.553702 -0.230904
v 3.081639 0.547540 -0.230904
v 3.077602 0.541192 -0.230904
v 3.074040 0.534659 -0.230904
v 3.070953 0.527940 -0.230904
v 3.068341 0.521036 -0.230904
v 3.066203 0.513947 -0.230904
v 3.064541 0.506672 -0.230904
v 3.063354 0.499212 -0.230904
v 3.062641 0.491567 -0.230904
v 3.062404 0.483736 -0.230904
v 3.062404 0.321935 -0.230904
v 3.062641 0.314104 -0.230904
v 3.063354 0.306459 -0.230904
v 3.064541 0.298999 -0.230904
v 3.066203 0.291725 -0.230904
v 3.068340 0.284635 -0.230904
v 3.070952 0.277731 -0.230904
v 3.074039 0.271013 -0.230904
v 3.077601 0.264480 -0.230904
v 3.081638 0.258132 -0.230904
v 3.086150 0.251969 -0.230904
v 3.091137 0.245992 -0.230904
v 3.096599 0.240200 -0.230904
v 3.102396 0.234738 -0.230904
v 3.108391 0.229752 -0.230904
v 3.114583 0.225240 -0.230904
v 3.120971 0.221203 -0.230904
v 3.127556 0.217641 -0.230904
v 3.134339 0.214554 -0.230904
v 3.141318 0.211942 -0.230904
v 3.148494 0.209804 -0.230904
v 3.155867 0.208142 -0.230904
v 3.163437 0.206955 -0.230904
v 3.171204 0.206242 -0.230904
v 3.179168 0.206005 -0.230904
v 3.550310 0.205171 -0.230904
v 3.552812 0.206005 -0.230904
v 3.552812 -0.000000 -0.230904
v 3.662904 -0.000000 -0.230904
v 3.173329 0.321935 -0.230904
v 3.173329 0.483736 -0.230904
v 3.173370 0.484669 -0.230904
v 3.173492 0.485520 -0.230904
v 3.173694 0.486291 -0.230904
v 3.173978 0.486980 -0.230904
v 3.174343 0.487588 -0.230904
v 3.174789 0.488115 -0.230904
v 3.175316 0.488561 -0.230904
v 3.175924 0.488926 -0.230904
v 3.176613 0.489210 -0.230904
v 3.177384 0.489412 -0.230904
v 3.178235 0.489534 -0.230904
v 3.179168 0.489575 -0.230904
v 3.546974 0.489575 -0.230904
v 3.547907 0.489534 -0.230904
v 3.548758 0.489412 -0.230904
v 3.549528 0.489210 -0.230904
v 3.550218 0.488926 -0.230904
v 3.550826 0.488561 -0.230904
v 3.551353 0.488115 -0.230904
v 3.551799 0.487588 -0.230904
v 3.552164 0.486980 -0.230904
v 3.552448 0.486291 -0.230904
v 3.552650 0.485520 -0.230904
v 3.552772 0.484669 -0.230904
v 3.552812 0.483736 -0.230904
v 3.552812 0.321935 -0.230904
v 3.552772 0.321002 -0.230904
v 3.552650 0.320151 -0.230904
v 3.552448 0.319381 -0.230904
v 3.552164 0.318691 -0.230904
v 3.551799 0.318083 -0.230904
v 3.551353 0.317556 -0.230904
v 3.550826 0.317110 -0.230904
v 3.550218 0.316745 -0.230904
v 3.549528 0.316462 -0.230904
v 3.548758 0.316259 -0.230904
v 3.547907 0.316137 -0.230904
v 3.546974 0.316097 -0.230904
v 3.179168 0.316097 -0.230904
v 3.178235 0.316137 -0.230904
v 3.177384 0.316259 -0.230904
v 3.176613 0.316462 -0.230904
v 3.175924 0.316745 -0.230904
v 3.175316 0.317110 -0.230904
v 3.174789 0.317556 -0.230904
v 3.174343 0.318083 -0.230904
v 3.173978 0.318691 -0.230904
v 3.173694 0.319381 -0.230904
v 3.173491 0.320151 -0.230904
v 3.173370 0.321002 -0.230904
vn -0.0000 -0.0000 1.0000
vn 0.0039 -0.0000 1.0000
vn -0.0000 -0.0000 -1.0000
vn 0.3482 0.9374 -0.0000
vn -0.4713 0.8820 -0.0000
vn -0.8576 -0.5143 -0.0000
vn 0.2545 -0.9671 -0.0000
vn -0.9957 -0.0928 -0.0000
vn 0.4737 0.8807 -0.0000
vn 0.8576 -0.5143 -0.0000
vn -0.9876 -0.1572 -0.0000
vn -0.4133 0.9106 -0.0000
vn -0.3810 -0.9246 -0.0000
vn 0.4120 0.9112 -0.0000
vn -0.5295 0.8483 -0.0000
vn -0.9247 -0.3806 -0.0000
vn 0.3810 -0.9246 -0.0000
vn -0.9749 -0.2228 -0.0000
vn 0.5325 0.8464 -0.0000
vn 0.9247 -0.3806 -0.0000
vn -0.9574 -0.2886 -0.0000
vn -0.4742 0.8804 -0.0000
vn -0.5145 -0.8575 -0.0000
vn -0.5842 0.8116 -0.0000
vn -0.9671 -0.2544 -0.0000
vn 0.5145 -0.8575 -0.0000
vn -0.9353 -0.3539 -0.0000
vn 0.5877 0.8091 -0.0000
vn 0.9670 -0.2547 -0.0000
vn -0.9087 -0.4175 -0.0000
vn -0.5319 0.8468 -0.0000
vn -0.6463 -0.7631 -0.0000
vn 0.5325 0.8465 -0.0000
vn -0.6349 0.7726 -0.0000
vn -0.9899 -0.1417 -0.0000
vn 0.6459 -0.7634 -0.0000
vn -0.8780 -0.4787 -0.0000
vn 0.6387 0.7694 -0.0000
vn 0.9900 -0.1414 -0.0000
vn -0.8438 -0.5366 -0.0000
vn -0.5860 0.8103 -0.0000
vn -0.7633 -0.6460 -0.0000
vn -0.6811 0.7322 -0.0000
vn -0.9991 -0.0434 -0.0000
vn 0.7637 -0.6456 -0.0000
vn -0.8069 -0.5907 -0.0000
vn 0.6854 0.7281 -0.0000
vn 0.9991 -0.0434 -0.0000
vn -0.7679 -0.6406 -0.0000
vn -0.6360 0.7717 -0.0000
vn 0.7281 0.6854 -0.0000
vn 1.0000 -0.0000 -0.0000
vn -0.8574 -0.5146 -0.0000
vn 0.8574 -0.5146 -0.0000
vn -0.7275 -0.6861 -0.0000
vn -0.7239 0.6899 -0.0000
vn -1.0000 -0.0000 -0.0000
vn -0.6857 -0.7279 -0.0000
vn -0.6816 0.7317 -0.0000
vn -0.9249 -0.3803 -0.0000
vn -0.7655 0.6434 -0.0000
vn 0.9249 -0.3803 -0.0000
vn -0.6395 -0.7688 -0.0000
vn 0.7694 0.6388 -0.0000
vn -0.0000 -1.0000 -0.0000
vn -0.5889 -0.8082 -0.0000
vn -0.9670 -0.2547 -0.0000
vn -0.8057 0.5924 -0.0000
vn -0.5342 -0.8454 -0.0000
vn 0.8091 0.5877 -0.0000
vn -0.0000 1.0000 -0.0000
vn -0.4758 -0.8796 -0.0000
vn -0.7656 0.6434 -0.0000
vn -0.9900 -0.1411 -0.0000
vn 0.7694 0.6387 -0.0000
vn -0.8435 0.5371 -0.0000
vn 0.9900 -0.1411 -0.0000
vn -0.4143 -0.9102 -0.0000
vn 0.8465 0.5325 -0.0000
vn -0.3505 -0.9366 -0.0000
vn -0.9990 -0.0442 -0.0000
vn 0.8091 0.5876 -0.0000
vn -0.8782 0.4782 -0.0000
vn 0.9996 -0.0294 -0.0000
vn 0.9990 -0.0437 -0.0000
vn -0.2854 -0.9584 -0.0000
vn 0.8807 0.4737 -0.0000
vn -0.2199 -0.9755 -0.0000
vn -0.8435 0.5372 -0.0000
vn -0.9991 0.0434 -0.0000
vn 0.8464 0.5325 -0.0000
vn -0.9093 0.4162 -0.0000
vn 0.9991 0.0434 -0.0000
vn -0.1550 -0.9879 -0.0000
vn 0.9112 0.4120 -0.0000
vn -0.0913 -0.9958 -0.0000
vn -0.8783 0.4782 -0.0000
vn -0.9996 -0.0298 -0.0000
vn -0.9360 0.3520 -0.0000
vn -0.0298 -0.9996 -0.0000
vn 0.9374 0.3482 -0.0000
vn -0.9899 0.1417 -0.0000
vn 0.9900 0.1414 -0.0000
vn 0.3162 -0.9487 -0.0000
vn -0.9581 0.2863 -0.0000
vn -0.0022 -1.0000 -0.0000
vn 0.9591 0.2831 -0.0000
vn -0.9671 0.2544 -0.0000
vn 0.9670 0.2547 -0.0000
vn -0.9754 0.2205 -0.0000
vn 0.9760 0.2179 -0.0000
vn -0.9247 0.3806 -0.0000
vn 0.9247 0.3806 -0.0000
vn -0.9581 0.2864 -0.0000
vn 0.9591 0.2832 -0.0000
vn -0.9879 0.1553 -0.0000
vn 0.9882 0.1535 -0.0000
vn -0.8576 0.5143 -0.0000
vn 0.0295 0.9996 -0.0000
vn 0.8576 0.5143 -0.0000
vn -0.9958 0.0914 -0.0000
vn 0.9959 0.0903 -0.0000
vn -0.7633 0.6460 -0.0000
vn -0.0294 0.9996 -0.0000
vn 0.7633 0.6460 -0.0000
vn -0.0902 0.9959 -0.0000
vn 0.9882 0.1534 -0.0000
vn 0.0903 0.9959 -0.0000
vn 0.0434 -0.9991 -0.0000
vn -0.6459 0.7634 -0.0000
vn 0.6459 0.7634 -0.0000
vn -0.1531 0.9882 -0.0000
vn -0.9996 0.0298 -0.0000
vn 0.1534 0.9882 -0.0000
vn 0.9996 0.0294 -0.0000
vn -0.5145 0.8575 -0.0000
vn 0.5145 0.8575 -0.0000
vn -0.2174 0.9761 -0.0000
vn -0.0434 -0.9991 -0.0000
vn 0.2179 0.9760 -0.0000
vn -0.3808 0.9247 -0.0000
vn 0.9996 0.0295 -0.0000
vn 0.3808 0.9247 -0.0000
vn -0.2822 0.9593 -0.0000
vn -0.1414 -0.9899 -0.0000
vn 0.2832 0.9591 -0.0000
vn 0.1414 -0.9899 -0.0000
vn -0.2544 0.9671 -0.0000
vn 0.2544 0.9671 -0.0000
vn -0.3468 0.9380 -0.0000
vn 0.0506 -0.9987 -0.0000
vn -0.2547 -0.9670 -0.0000
vn 0.2547 -0.9670 -0.0000
vn -0.1414 0.9899 -0.0000
vn 0.1414 0.9899 -0.0000
vn -0.4101 0.9120 -0.0000
vn 0.1644 -0.9864 -0.0000
vn -0.3808 -0.9247 -0.0000
vn 0.3808 -0.9247 -0.0000
vn -0.0434 0.9991 -0.0000
vn 0.0434 0.9991 -0.0000
vn -0.2545 -0.9671 -0.0000
vn 0.2935 -0.9560 -0.0000
vn 0.5148 -0.8573 -0.0000
vn 0.4331 -0.9013 -0.0000
vn -0.9958 -0.0914 -0.0000
vn 0.9959 -0.0903 -0.0000
vn -0.5143 -0.8576 -0.0000
vn 0.5735 -0.8192 -0.0000
vn -0.9879 -0.1553 -0.0000
vn 0.7633 -0.6460 -0.0000
vn 0.9882 -0.1534 -0.0000
vn -0.6459 -0.7634 -0.0000
vn 0.7023 -0.7118 -0.0000
vn -0.8577 -0.5141 -0.0000
vn -0.9754 -0.2205 -0.0000
vn 0.6388 0.7694 -0.0000
vn 0.8577 -0.5141 -0.0000
vn 0.9760 -0.2179 -0.0000
vn 0.8097 -0.5869 -0.0000
vn -0.9246 -0.3809 -0.0000
vn -0.9581 -0.2864 -0.0000
vn 0.9246 -0.3809 -0.0000
vn 0.9591 -0.2832 -0.0000
vn 0.8892 -0.4575 -0.0000
vn -0.9672 -0.2541 -0.0000
vn -0.9360 -0.3519 -0.0000
vn 0.9672 -0.2541 -0.0000
vn 0.9374 -0.3482 -0.0000
vn 0.9430 -0.3327 -0.0000
vn -0.9093 -0.4162 -0.0000
vn 0.9899 -0.1417 -0.0000
vn 0.9755 0.2199 -0.0000
vn 0.9112 -0.4120 -0.0000
vn -0.8056 0.5924 -0.0000
vn 0.9755 -0.2200 -0.0000
vn -0.9990 -0.0448 -0.0000
vn -0.9246 0.3808 -0.0000
vn -0.8783 -0.4782 -0.0000
vn 0.9991 -0.0431 -0.0000
vn 0.9429 0.3330 -0.0000
vn 0.8807 -0.4737 -0.0000
vn -0.9900 -0.1414 -0.0000
vn 0.9926 -0.1216 -0.0000
vn -0.8435 -0.5372 -0.0000
vn 0.8893 0.4573 -0.0000
vn 0.8464 -0.5325 -0.0000
vn 0.9993 -0.0373 -0.0000
vn -0.7633 0.6461 -0.0000
vn -0.8057 -0.5924 -0.0000
vn 0.8095 0.5872 -0.0000
vn 0.8091 -0.5876 -0.0000
vn -0.6460 0.7633 -0.0000
vn -0.7656 -0.6434 -0.0000
vn 0.7025 0.7116 -0.0000
vn 0.7694 -0.6387 -0.0000
vn -0.5144 0.8576 -0.0000
vn -0.7239 -0.6899 -0.0000
vn 0.5734 0.8193 -0.0000
vn 0.7281 -0.6854 -0.0000
vn 0.9996 -0.0295 -0.0000
vn 0.6855 -0.7281 -0.0000
vn -0.3809 0.9246 -0.0000
vn 0.4330 0.9014 -0.0000
vn 0.9993 0.0376 -0.0000
vn -0.6812 -0.7321 -0.0000
vn -0.9991 0.0431 -0.0000
vn 0.6387 -0.7694 -0.0000
vn 0.9990 0.0448 -0.0000
vn -0.2545 0.9671 -0.0000
vn 0.2934 0.9560 -0.0000
vn -0.6349 -0.7726 -0.0000
vn -0.9900 0.1414 -0.0000
vn 0.5877 -0.8091 -0.0000
vn 0.9926 0.1216 -0.0000
vn -0.1415 0.9899 -0.0000
vn 0.1644 0.9864 -0.0000
vn 0.9900 0.1411 -0.0000
vn -0.5842 -0.8116 -0.0000
vn 0.9755 0.2200 -0.0000
vn -0.5295 -0.8483 -0.0000
vn -0.9672 0.2541 -0.0000
vn 0.0506 0.9987 -0.0000
vn 0.5325 -0.8465 -0.0000
vn 0.9430 0.3327 -0.0000
vn -0.4713 -0.8820 -0.0000
vn -0.9246 0.3809 -0.0000
vn 0.4737 -0.8807 -0.0000
vn 0.9246 0.3809 -0.0000
vn 0.8892 0.4575 -0.0000
vn -0.4101 -0.9121 -0.0000
vn -0.8577 0.5141 -0.0000
vn 0.4120 -0.9112 -0.0000
vn 0.8577 0.5141 -0.0000
vn -0.0435 -0.9991 -0.0000
vn 0.8097 0.5869 -0.0000
vn -0.3468 -0.9380 -0.0000
vn 0.3482 -0.9374 -0.0000
vn 0.7023 0.7118 -0.0000
vn 0.9760 -0.2180 -0.0000
vn -0.2822 -0.9593 -0.0000
vn 0.1415 -0.9899 -0.0000
vn 0.2832 -0.9591 -0.0000
vn 0.6463 0.7631 -0.0000
vn -0.5143 0.8576 -0.0000
vn 0.5735 0.8192 -0.0000
vn -0.2174 -0.9761 -0.0000
vn -0.5148 0.8573 -0.0000
vn 0.2179 -0.9760 -0.0000
vn 0.4331 0.9013 -0.0000
vn -0.1531 -0.9882 -0.0000
vn 0.1534 -0.9882 -0.0000
vn 0.2935 0.9560 -0.0000
vn -0.0902 -0.9959 -0.0000
vn 0.0903 -0.9959 -0.0000
vn 0.2547 0.9670 -0.0000
vn -0.0294 -0.9996 -0.0000
vn 0.0295 -0.9996 -0.0000
vn -0.8435 -0.5371 -0.0000
vn 0.8045 -0.5940 -0.0000
vn 0.0507 0.9987 -0.0000
vn 0.8465 -0.5325 -0.0000
vn -0.7844 0.6203 -0.0000
vn 0.7856 0.6187 -0.0000
vn -0.7655 -0.6434 -0.0000
vn -0.8045 -0.5940 -0.0000
vn 0.9959 -0.0904 -0.0000
vn 0.6854 -0.7281 -0.0000
vn -0.6816 -0.7317 -0.0000
vn 0.6388 -0.7694 -0.0000
vn -0.9581 -0.2863 -0.0000
vn -0.6360 -0.7717 -0.0000
vn -0.9360 -0.3520 -0.0000
vn 0.5876 -0.8091 -0.0000
vn 0.9375 -0.3481 -0.0000
vn -0.5860 -0.8103 -0.0000
vn -0.5319 -0.8468 -0.0000
vn -0.0299 0.9996 -0.0000
vn -0.0917 0.9958 -0.0000
vn -0.4742 -0.8804 -0.0000
vn -0.8782 -0.4782 -0.0000
vn -0.1553 0.9879 -0.0000
vn -0.4133 -0.9106 -0.0000
vn -0.2202 0.9755 -0.0000
vn -0.3501 -0.9367 -0.0000
vn 0.8091 -0.5877 -0.0000
vn -0.2854 0.9584 -0.0000
vn 0.7694 -0.6388 -0.0000
vn -0.3501 0.9367 -0.0000
vn -0.2202 -0.9755 -0.0000
vn 0.7281 -0.6855 -0.0000
vn 0.9899 0.1417 -0.0000
vn -0.1553 -0.9879 -0.0000
vn 0.9672 0.2541 -0.0000
vn -0.6813 -0.7320 -0.0000
vn -0.0917 -0.9958 -0.0000
vn -0.0299 -0.9996 -0.0000
vn 0.5876 0.8091 -0.0000
vn 0.5325 -0.8464 -0.0000
vn -0.9671 -0.2545 -0.0000
vn -0.9247 -0.3807 -0.0000
vn -0.6463 0.7631 -0.0000
vn -0.8575 -0.5145 -0.0000
vn -0.7634 -0.6459 -0.0000
vn -0.3468 -0.9379 -0.0000
vn -0.2547 0.9670 -0.0000
vn -0.0298 0.9996 -0.0000
vn -0.0913 0.9958 -0.0000
vn -0.1550 0.9879 -0.0000
vn -0.2199 0.9755 -0.0000
vn -0.3505 0.9366 -0.0000
vn -0.4143 0.9102 -0.0000
vn -0.9360 0.3519 -0.0000
vn -0.4758 0.8796 -0.0000
vn -0.5342 0.8454 -0.0000
vn 0.9882 -0.1535 -0.0000
vn -0.5889 0.8082 -0.0000
vn -0.6395 0.7688 -0.0000
vn -0.7661 0.6427 -0.0000
vn -0.6857 0.7279 -0.0000
vn -0.7275 0.6861 -0.0000
vn 0.9591 -0.2831 -0.0000
vn -0.1414 -0.9900 -0.0000
vn -0.9879 0.1552 -0.0000
vn -0.7679 0.6406 -0.0000
vn 0.7654 -0.6436 -0.0000
vn -0.9958 0.0915 -0.0000
vn -0.8069 0.5907 -0.0000
vn -0.8438 0.5366 -0.0000
vn -0.8780 0.4787 -0.0000
vn -0.9087 0.4175 -0.0000
vn -0.9353 0.3539 -0.0000
vn -0.4101 0.9121 -0.0000
vn -0.9574 0.2886 -0.0000
vn -0.8056 -0.5924 -0.0000
vn -0.9749 0.2228 -0.0000
vn -0.1415 -0.9899 -0.0000
vn -0.9876 0.1572 -0.0000
vn -0.9957 0.0928 -0.0000
vn 0.2934 -0.9560 -0.0000
vn -0.3809 -0.9246 -0.0000
vn -0.3468 0.9379 -0.0000
vn -0.9995 0.0303 -0.0000
vn 0.4330 -0.9014 -0.0000
vn 0.1414 -0.9900 -0.0000
vn -0.5144 -0.8576 -0.0000
vn 0.5734 -0.8193 -0.0000
vn -0.6813 0.7320 -0.0000
vn -0.6460 -0.7633 -0.0000
vn 0.7025 -0.7116 -0.0000
vn 0.7634 -0.6459 -0.0000
vn 0.8096 -0.5870 -0.0000
vn 0.8575 -0.5145 -0.0000
vn 0.9247 -0.3807 -0.0000
vn -0.8576 -0.5144 -0.0000
vn 0.8893 -0.4573 -0.0000
vn 0.9671 -0.2545 -0.0000
vn -0.9246 -0.3808 -0.0000
vn 0.9428 -0.3332 -0.0000
vn 0.9899 -0.1414 -0.0000
vn -0.9991 -0.0435 -0.0000
vn 0.9755 -0.2199 -0.0000
vn -0.9899 -0.1414 -0.0000
vn 0.9926 -0.1217 -0.0000
vn -0.9991 0.0435 -0.0000
vn -0.9995 -0.0303 -0.0000
vn 0.9899 0.1414 -0.0000
vn -0.9671 0.2545 -0.0000
vn 0.9671 0.2545 -0.0000
vn 0.9993 0.0368 -0.0000
vn -0.9247 0.3807 -0.0000
vn 0.9112 0.4119 -0.0000
vn 0.9247 0.3807 -0.0000
vn 0.9959 0.0904 -0.0000
vn -0.9899 0.1414 -0.0000
vn -0.8575 0.5145 -0.0000
vn 0.9926 0.1217 -0.0000
vn 0.8575 0.5145 -0.0000
vn -0.7634 0.6459 -0.0000
vn -0.9996 0.0299 -0.0000
vn 0.7634 0.6459 -0.0000
vn 0.9760 0.2180 -0.0000
vn -0.2544 -0.9671 -0.0000
vn 0.2544 -0.9671 -0.0000
vn 0.2545 0.9671 -0.0000
vn -0.1414 0.9900 -0.0000
vn 0.1414 0.9900 -0.0000
vn -0.1413 -0.9900 -0.0000
vn -0.2543 -0.9671 -0.0000
vt 0.840764 0.000000
vt 0.847134 0.000000
vt 0.853503 0.000000
vt 0.859873 0.000000
vt 0.866242 0.000000
vt 0.834395 0.000000
vt 0.872611 0.000000
vt 0.828025 0.000000
vt 0.878981 0.000000
vt 0.821656 0.000000
vt 0.885350 0.000000
vt 0.815287 0.000000
vt 0.891720 0.000000
vt 0.808917 0.000000
vt 0.898089 0.000000
vt 0.802548 0.000000
vt 0.904459 0.000000
vt 0.796178 0.000000
vt 0.910828 0.000000
vt 0.789809 0.000000
vt 0.917197 0.000000
vt 0.783440 0.000000
vt 0.923567 0.000000
vt 0.777070 0.000000
vt 0.929936 0.000000
vt 0.770701 0.000000
vt 0.764331 0.000000
vt 0.936306 0.000000
vt 0.942675 0.000000
vt 0.757962 0.000000
vt 0.949045 0.000000
vt 0.751592 0.000000
vt 0.955414 0.000000
vt 0.745223 0.000000
vt 0.961783 0.000000
vt 0.738854 0.000000
vt 0.968153 0.000000
vt 0.732484 0.000000
vt 0.974522 0.000000
vt 0.726115 0.000000
vt 0.980892 0.000000
vt 0.719745 0.000000
vt 0.987261 0.000000
vt 0.713376 0.000000
vt 0.993631 0.000000
vt 0.707006 0.000000
vt 1.000000 0.000000
vt 0.700637 0.000000
vt 0.095541 0.000000
vt 0.089172 0.000000
vt 0.000000 0.000000
vt 0.694268 0.000000
vt 0.108280 0.000000
vt 0.101911 0.000000
vt 0.114650 0.000000
vt 0.082803 0.000000
vt 0.121019 0.000000
vt 0.076433 0.000000
vt 0.127389 0.000000
vt 0.070064 0.000000
vt 0.133758 0.000000
vt 0.063694 0.000000
vt 0.140127 0.000000
vt 0.057325 0.000000
vt 0.146497 0.000000
vt 0.050955 0.000000
vt 0.152866 0.000000
vt 0.044586 0.000000
vt 0.159236 0.000000
vt 0.038217 0.000000
vt 0.165605 0.000000
vt 0.031847 0.000000
vt 0.171975 0.000000
vt 0.025478 0.000000
vt 0.178344 0.000000
vt 0.019108 0.000000
vt 0.687898 0.000000
vt 0.184713 0.000000
vt 0.012739 0.000000
vt 0.006369 0.000000
vt 0.356688 0.000000
vt 0.363057 0.000000
vt 0.369427 0.000000
vt 0.350318 0.000000
vt 0.375796 0.000000
vt 0.343949 0.000000
vt 0.681529 0.000000
vt 0.191083 0.000000
vt 0.337580 0.000000
vt 0.382166 0.000000
vt 0.197452 0.000000
vt 0.331210 0.000000
vt 0.203822 0.000000
vt 0.324841 0.000000
vt 0.210191 0.000000
vt 0.318471 0.000000
vt 0.216561 0.000000
vt 0.312102 0.000000
vt 0.222930 0.000000
vt 0.305732 0.000000
vt 0.229299 0.000000
vt 0.299363 0.000000
vt 0.235669 0.000000
vt 0.292994 0.000000
vt 0.242038 0.000000
vt 0.286624 0.000000
vt 0.248408 0.000000
vt 0.280255 0.000000
vt 0.254777 0.000000
vt 0.273885 0.000000
vt 0.261146 0.000000
vt 0.267516 0.000000
vt 0.388535 0.000000
vt 0.675159 0.000000
vt 0.394904 0.000000
vt 0.668790 0.000000
vt 0.401274 0.000000
vt 0.662420 0.000000
vt 0.407643 0.000000
vt 0.656051 0.000000
vt 0.414013 0.000000
vt 0.649682 0.000000
vt 0.420382 0.000000
vt 0.643312 0.000000
vt 0.426752 0.000000
vt 0.636943 0.000000
vt 0.433121 0.000000
vt 0.630573 0.000000
vt 0.439490 0.000000
vt 0.624204 0.000000
vt 0.445860 0.000000
vt 0.617834 0.000000
vt 0.452229 0.000000
vt 0.611465 0.000000
vt 0.605096 0.000000
vt 0.458599 0.000000
vt 0.598726 0.000000
vt 0.464968 0.000000
vt 0.592357 0.000000
vt 0.471338 0.000000
vt 0.477707 0.000000
vt 0.585987 0.000000
vt 0.484076 0.000000
vt 0.579618 0.000000
vt 0.490446 0.000000
vt 0.573248 0.000000
vt 0.496815 0.000000
vt 0.566879 0.000000
vt 0.503185 0.000000
vt 0.560510 0.000000
vt 0.509554 0.000000
vt 0.554140 0.000000
vt 0.515924 0.000000
vt 0.547771 0.000000
vt 0.522293 0.000000
vt 0.541401 0.000000
vt 0.528662 0.000000
vt 0.535032 0.000000
vt 0.777778 0.000000
vt 0.888889 0.000000
vt 0.555556 0.000000
vt 0.111111 0.000000
vt 0.222222 0.000000
vt 0.333333 0.000000
vt 0.666667 0.000000
vt 0.444444 0.000000
vt 0.662651 0.000000
vt 0.012048 0.000000
vt 0.024096 0.000000
vt 0.036145 0.000000
vt 0.650602 0.000000
vt 0.048193 0.000000
vt 0.638554 0.000000
vt 0.060241 0.000000
vt 0.626506 0.000000
vt 0.072289 0.000000
vt 0.614458 0.000000
vt 0.084337 0.000000
vt 0.602410 0.000000
vt 0.096386 0.000000
vt 0.590361 0.000000
vt 0.108434 0.000000
vt 0.578313 0.000000
vt 0.120482 0.000000
vt 0.566265 0.000000
vt 0.132530 0.000000
vt 0.554217 0.000000
vt 0.144578 0.000000
vt 0.542169 0.000000
vt 0.156627 0.000000
vt 0.530120 0.000000
vt 0.518072 0.000000
vt 0.168675 0.000000
vt 0.180723 0.000000
vt 0.506024 0.000000
vt 0.192771 0.000000
vt 0.493976 0.000000
vt 0.204819 0.000000
vt 0.481928 0.000000
vt 0.216867 0.000000
vt 0.469880 0.000000
vt 0.228916 0.000000
vt 0.457831 0.000000
vt 0.240964 0.000000
vt 0.445783 0.000000
vt 0.253012 0.000000
vt 0.433735 0.000000
vt 0.265060 0.000000
vt 0.421687 0.000000
vt 0.277108 0.000000
vt 0.409639 0.000000
vt 0.289157 0.000000
vt 0.397590 0.000000
vt 0.843373 0.000000
vt 0.831325 0.000000
vt 0.301205 0.000000
vt 0.385542 0.000000
vt 0.867470 0.000000
vt 0.855422 0.000000
vt 0.879518 0.000000
vt 0.819277 0.000000
vt 0.891566 0.000000
vt 0.807229 0.000000
vt 0.903614 0.000000
vt 0.795181 0.000000
vt 0.915663 0.000000
vt 0.783133 0.000000
vt 0.927711 0.000000
vt 0.771084 0.000000
vt 0.939759 0.000000
vt 0.759036 0.000000
vt 0.951807 0.000000
vt 0.746988 0.000000
vt 0.963855 0.000000
vt 0.734940 0.000000
vt 0.975904 0.000000
vt 0.722892 0.000000
vt 0.987952 0.000000
vt 0.710843 0.000000
vt 0.698795 0.000000
vt 0.373494 0.000000
vt 0.674699 0.000000
vt 0.686747 0.000000
vt 0.313253 0.000000
vt 0.349398 0.000000
vt 0.337349 0.000000
vt 0.361446 0.000000
vt 0.325301 0.000000
vt 0.655629 0.000000
vt 0.006623 0.000000
vt 0.013245 0.000000
vt 0.019868 0.000000
vt 0.649007 0.000000
vt 0.026490 0.000000
vt 0.642384 0.000000
vt 0.033113 0.000000
vt 0.635762 0.000000
vt 0.039735 0.000000
vt 0.629139 0.000000
vt 0.046358 0.000000
vt 0.622517 0.000000
vt 0.052980 0.000000
vt 0.615894 0.000000
vt 0.059603 0.000000
vt 0.609272 0.000000
vt 0.066225 0.000000
vt 0.602649 0.000000
vt 0.072848 0.000000
vt 0.596026 0.000000
vt 0.079470 0.000000
vt 0.589404 0.000000
vt 0.086093 0.000000
vt 0.582781 0.000000
vt 0.576159 0.000000
vt 0.092715 0.000000
vt 0.099338 0.000000
vt 0.569536 0.000000
vt 0.105960 0.000000
vt 0.562914 0.000000
vt 0.112583 0.000000
vt 0.556291 0.000000
vt 0.119205 0.000000
vt 0.549669 0.000000
vt 0.125828 0.000000
vt 0.543046 0.000000
vt 0.132450 0.000000
vt 0.536424 0.000000
vt 0.139073 0.000000
vt 0.529801 0.000000
vt 0.145695 0.000000
vt 0.523179 0.000000
vt 0.152318 0.000000
vt 0.516556 0.000000
vt 0.158940 0.000000
vt 0.509934 0.000000
vt 0.834437 0.000000
vt 0.165563 0.000000
vt 0.503311 0.000000
vt 0.847682 0.000000
vt 0.841060 0.000000
vt 0.827815 0.000000
vt 0.854305 0.000000
vt 0.821192 0.000000
vt 0.860927 0.000000
vt 0.814570 0.000000
vt 0.867550 0.000000
vt 0.807947 0.000000
vt 0.874172 0.000000
vt 0.801324 0.000000
vt 0.880795 0.000000
vt 0.794702 0.000000
vt 0.887417 0.000000
vt 0.788079 0.000000
vt 0.894040 0.000000
vt 0.781457 0.000000
vt 0.900662 0.000000
vt 0.774834 0.000000
vt 0.907285 0.000000
vt 0.768212 0.000000
vt 0.913907 0.000000
vt 0.761589 0.000000
vt 0.920530 0.000000
vt 0.754967 0.000000
vt 0.496689 0.000000
vt 0.927152 0.000000
vt 0.748344 0.000000
vt 0.172185 0.000000
vt 0.490066 0.000000
vt 0.933775 0.000000
vt 0.741722 0.000000
vt 0.178808 0.000000
vt 0.940397 0.000000
vt 0.735099 0.000000
vt 0.947020 0.000000
vt 0.728477 0.000000
vt 0.953642 0.000000
vt 0.721854 0.000000
vt 0.960265 0.000000
vt 0.715232 0.000000
vt 0.966887 0.000000
vt 0.708609 0.000000
vt 0.973510 0.000000
vt 0.701987 0.000000
vt 0.980132 0.000000
vt 0.695364 0.000000
vt 0.986755 0.000000
vt 0.688742 0.000000
vt 0.993378 0.000000
vt 0.682119 0.000000
vt 0.675497 0.000000
vt 0.662252 0.000000
vt 0.668874 0.000000
vt 0.185430 0.000000
vt 0.483444 0.000000
vt 0.192053 0.000000
vt 0.476821 0.000000
vt 0.198675 0.000000
vt 0.470199 0.000000
vt 0.205298 0.000000
vt 0.463576 0.000000
vt 0.211921 0.000000
vt 0.456954 0.000000
vt 0.218543 0.000000
vt 0.450331 0.000000
vt 0.225166 0.000000
vt 0.443709 0.000000
vt 0.231788 0.000000
vt 0.437086 0.000000
vt 0.238411 0.000000
vt 0.430464 0.000000
vt 0.245033 0.000000
vt 0.423841 0.000000
vt 0.251656 0.000000
vt 0.417219 0.000000
vt 0.410596 0.000000
vt 0.258278 0.000000
vt 0.403974 0.000000
vt 0.264901 0.000000
vt 0.397351 0.000000
vt 0.271523 0.000000
vt 0.278146 0.000000
vt 0.390728 0.000000
vt 0.284768 0.000000
vt 0.384106 0.000000
vt 0.291391 0.000000
vt 0.377483 0.000000
vt 0.298013 0.000000
vt 0.370861 0.000000
vt 0.304636 0.000000
vt 0.364238 0.000000
vt 0.311258 0.000000
vt 0.357616 0.000000
vt 0.317881 0.000000
vt 0.350993 0.000000
vt 0.324503 0.000000
vt 0.344371 0.000000
vt 0.331126 0.000000
vt 0.337748 0.000000
vt 0.625000 0.000000
vt 0.750000 0.000000
vt 0.875000 0.000000
vt 0.125000 0.000000
vt 0.250000 0.000000
vt 0.500000 0.000000
vt 0.375000 0.000000
vt 0.200000 0.000000
vt 0.400000 0.000000
vt 0.600000 0.000000
vt 0.800000 0.000000
vt 0.509434 0.000000
vt 0.745283 0.000000
vt 0.735849 0.000000
vt 0.726415 0.000000
vt 0.716981 0.000000
vt 0.707547 0.000000
vt 0.698113 0.000000
vt 0.688679 0.000000
vt 0.679245 0.000000
vt 0.009434 0.000000
vt 0.018868 0.000000
vt 0.028302 0.000000
vt 0.037736 0.000000
vt 0.047170 0.000000
vt 0.669811 0.000000
vt 0.056604 0.000000
vt 0.066038 0.000000
vt 0.075472 0.000000
vt 0.084906 0.000000
vt 0.094340 0.000000
vt 0.103774 0.000000
vt 0.113208 0.000000
vt 0.122642 0.000000
vt 0.132075 0.000000
vt 0.660377 0.000000
vt 0.141509 0.000000
vt 0.150943 0.000000
vt 0.160377 0.000000
vt 0.169811 0.000000
vt 0.179245 0.000000
vt 0.188679 0.000000
vt 0.198113 0.000000
vt 0.650943 0.000000
vt 0.207547 0.000000
vt 0.216981 0.000000
vt 0.226415 0.000000
vt 0.641509 0.000000
vt 0.632075 0.000000
vt 0.235849 0.000000
vt 0.622642 0.000000
vt 0.613208 0.000000
vt 0.603774 0.000000
vt 0.594340 0.000000
vt 0.584906 0.000000
vt 0.575472 0.000000
vt 0.566038 0.000000
vt 0.556604 0.000000
vt 0.547170 0.000000
vt 0.754717 0.000000
vt 0.537736 0.000000
vt 0.764151 0.000000
vt 0.528302 0.000000
vt 0.773585 0.000000
vt 0.518868 0.000000
vt 0.245283 0.000000
vt 0.783019 0.000000
vt 0.254717 0.000000
vt 0.792453 0.000000
vt 0.990566 0.000000
vt 0.801887 0.000000
vt 0.981132 0.000000
vt 0.811321 0.000000
vt 0.971698 0.000000
vt 0.820755 0.000000
vt 0.962264 0.000000
vt 0.830189 0.000000
vt 0.952830 0.000000
vt 0.839623 0.000000
vt 0.943396 0.000000
vt 0.849057 0.000000
vt 0.933962 0.000000
vt 0.858491 0.000000
vt 0.924528 0.000000
vt 0.867925 0.000000
vt 0.915094 0.000000
vt 0.877358 0.000000
vt 0.905660 0.000000
vt 0.886792 0.000000
vt 0.896226 0.000000
vt 0.490566 0.000000
vt 0.264151 0.000000
vt 0.273585 0.000000
vt 0.283019 0.000000
vt 0.292453 0.000000
vt 0.301887 0.000000
vt 0.311321 0.000000
vt 0.320755 0.000000
vt 0.330189 0.000000
vt 0.339623 0.000000
vt 0.349057 0.000000
vt 0.358491 0.000000
vt 0.367925 0.000000
vt 0.377358 0.000000
vt 0.386792 0.000000
vt 0.396226 0.000000
vt 0.405660 0.000000
vt 0.415094 0.000000
vt 0.424528 0.000000
vt 0.433962 0.000000
vt 0.443396 0.000000
vt 0.452830 0.000000
vt 0.462264 0.000000
vt 0.471698 0.000000
vt 0.481132 0.000000
s 0
usemtl Material.001
f 133/1/1 134/2/1 135/3/1
f 133/1/1 135/3/1 136/4/1
f 133/1/1 136/4/1 137/5/1
f 132/6/1 133/1/1 137/5/1
f 132/6/1 137/5/1 138/7/1
f 131/8/1 132/6/1 138/7/1
f 131/8/1 138/7/1 139/9/1
f 130/10/1 131/8/1 139/9/1
f 130/10/1 139/9/1 140/11/1
f 129/12/1 130/10/1 140/11/1
f 129/12/1 140/11/1 141/13/1
f 128/14/1 129/12/1 141/13/1
f 128/14/1 141/13/1 142/15/1
f 127/16/1 128/14/1 142/15/1
f 127/16/1 142/15/1 143/17/1
f 126/18/1 127/16/1 143/17/1
f 126/18/1 143/17/1 144/19/1
f 125/20/1 126/18/1 144/19/1
f 125/20/1 144/19/1 145/21/1
f 124/22/1 125/20/1 145/21/1
f 124/22/1 145/21/1 146/23/1
f 123/24/1 124/22/1 146/23/1
f 123/24/1 146/23/1 147/25/1
f 122/26/1 123/24/1 147/25/1
f 121/27/1 122/26/1 147/25/1
f 121/27/1 147/25/1 148/28/1
f 121/27/1 148/28/1 149/29/1
f 120/30/1 121/27/1 149/29/1
f 120/30/1 149/29/1 150/31/1
f 119/32/1 120/30/1 150/31/1
f 119/32/1 150/31/1 151/33/1
f 118/34/1 119/32/1 151/33/1
f 118/34/1 151/33/1 152/35/1
f 117/36/1 118/34/1 152/35/1
f 117/36/1 152/35/1 153/37/1
f 116/38/1 117/36/1 153/37/1
f 116/38/1 153/37/1 154/39/1
f 115/40/1 116/38/1 154/39/1
f 115/40/1 154/39/1 155/41/1
f 114/42/1 115/40/1 155/41/1
f 114/42/1 155/41/1 156/43/1
f 113/44/1 114/42/1 156/43/1
f 113/44/1 156/43/1 157/45/1
f 112/46/1 113/44/1 157/45/1
f 112/46/1 157/45/1 158/47/1
f 111/48/1 112/46/1 158/47/1
f 111/48/1 158/47/1 16/49/1
f 16/49/1 158/47/1 15/50/1
f 15/50/1 158/47/1 1/51/1
f 110/52/1 111/48/1 18/53/1
f 18/53/1 111/48/1 17/54/1
f 17/54/1 111/48/1 16/49/1
f 110/52/1 18/53/1 19/55/1
f 14/56/1 15/50/1 1/51/1
f 110/52/1 19/55/1 20/57/1
f 13/58/1 14/56/1 1/51/1
f 110/52/1 20/57/1 21/59/1
f 12/60/1 13/58/1 1/51/1
f 110/52/1 21/59/1 22/61/1
f 11/62/1 12/60/1 1/51/1
f 110/52/1 22/61/1 23/63/1
f 10/64/1 11/62/1 1/51/1
f 110/52/1 23/63/1 24/65/1
f 9/66/1 10/64/1 1/51/1
f 110/52/1 24/65/1 25/67/1
f 8/68/1 9/66/1 1/51/1
f 110/52/1 25/67/1 26/69/1
f 7/70/1 8/68/1 1/51/1
f 110/52/1 26/69/1 27/71/1
f 6/72/1 7/70/1 1/51/1
f 110/52/1 27/71/1 28/73/1
f 5/74/1 6/72/1 1/51/1
f 110/52/1 28/73/1 29/75/1
f 4/76/1 5/74/1 1/51/1
f 109/77/1 110/52/1 29/75/1
f 109/77/1 29/75/1 30/78/1
f 3/79/1 4/76/1 1/51/1
f 3/79/1 1/51/1 2/80/1
f 57/81/1 58/82/1 59/83/1
f 57/81/1 59/83/1 56/84/1
f 56/84/1 59/83/1 60/85/1
f 55/86/1 56/84/1 60/85/1
f 108/87/1 109/77/1 30/78/1
f 108/87/1 30/78/1 31/88/1
f 54/89/1 55/86/1 60/85/1
f 54/89/1 60/85/1 61/90/1
f 108/87/1 31/88/1 32/91/1
f 53/92/1 54/89/1 61/90/1
f 108/87/1 32/91/1 33/93/1
f 52/94/1 53/92/1 61/90/1
f 108/87/1 33/93/1 34/95/1
f 51/96/1 52/94/1 61/90/1
f 108/87/1 34/95/1 35/97/1
f 50/98/1 51/96/1 61/90/1
f 108/87/1 35/97/1 36/99/1
f 49/100/1 50/98/1 61/90/1
f 108/87/1 36/99/1 37/101/1
f 48/102/1 49/100/1 61/90/1
f 108/87/1 37/101/1 38/103/1
f 47/104/1 48/102/1 61/90/1
f 108/87/1 38/103/1 39/105/1
f 46/106/1 47/104/1 61/90/1
f 108/87/1 39/105/1 40/107/1
f 45/108/1 46/106/1 61/90/1
f 108/87/1 40/107/1 41/109/1
f 44/110/1 45/108/1 61/90/1
f 108/87/1 41/109/1 42/111/1
f 43/112/1 44/110/1 61/90/1
f 108/87/1 42/111/1 43/112/1
f 108/87/1 43/112/1 61/90/1
f 108/87/1 61/90/1 62/113/1
f 107/114/1 108/87/1 62/113/1
f 107/114/1 62/113/1 63/115/1
f 106/116/1 107/114/1 63/115/1
f 106/116/1 63/115/1 64/117/1
f 105/118/1 106/116/1 64/117/1
f 105/118/1 64/117/1 65/119/1
f 104/120/1 105/118/1 65/119/1
f 104/120/1 65/119/1 66/121/1
f 103/122/1 104/120/1 66/121/1
f 103/122/1 66/121/1 67/123/1
f 102/124/1 103/122/1 67/123/1
f 102/124/1 67/123/1 68/125/1
f 101/126/1 102/124/1 68/125/1
f 101/126/1 68/125/1 69/127/1
f 100/128/1 101/126/1 69/127/1
f 100/128/1 69/127/1 70/129/1
f 99/130/1 100/128/1 70/129/1
f 99/130/1 70/129/1 71/131/1
f 98/132/1 99/130/1 71/131/1
f 98/132/1 71/131/1 72/133/1
f 97/134/1 98/132/1 72/133/1
f 96/135/1 97/134/1 72/133/1
f 96/135/1 72/133/1 73/136/1
f 95/137/1 96/135/1 73/136/1
f 95/137/1 73/136/1 74/138/1
f 94/139/1 95/137/1 74/138/1
f 94/139/1 74/138/1 75/140/1
f 94/139/1 75/140/1 76/141/1
f 93/142/1 94/139/1 76/141/1
f 93/142/1 76/141/1 77/143/1
f 92/144/1 93/142/1 77/143/1
f 92/144/1 77/143/1 78/145/1
f 91/146/1 92/144/1 78/145/1
f 91/146/1 78/145/1 79/147/1
f 90/148/1 91/146/1 79/147/1
f 90/148/1 79/147/1 80/149/1
f 89/150/1 90/148/1 80/149/1
f 89/150/1 80/149/1 81/151/1
f 88/152/1 89/150/1 81/151/1
f 88/152/1 81/151/1 82/153/1
f 87/154/1 88/152/1 82/153/1
f 87/154/1 82/153/1 83/155/1
f 86/156/1 87/154/1 83/155/1
f 86/156/1 83/155/1 84/157/1
f 85/158/1 86/156/1 84/157/1
f 166/159/1 167/160/1 168/47/1
f 166/159/1 168/47/1 164/161/1
f 164/161/1 168/47/1 159/51/1
f 159/51/1 160/162/1 161/163/1
f 159/51/1 161/163/1 162/164/1
f 166/159/1 164/161/1 165/165/1
f 163/166/1 164/161/1 159/51/1
f 163/166/1 159/51/1 162/164/1
f 224/167/1 169/51/1 170/168/1
f 224/167/1 170/168/1 171/169/1
f 224/167/1 171/169/1 172/170/1
f 223/171/1 224/167/1 172/170/1
f 223/171/1 172/170/1 173/172/1
f 222/173/1 223/171/1 173/172/1
f 222/173/1 173/172/1 174/174/1
f 221/175/1 222/173/1 174/174/1
f 221/175/1 174/174/1 175/176/1
f 220/177/1 221/175/1 175/176/1
f 220/177/1 175/176/1 176/178/1
f 219/179/1 220/177/1 176/178/1
f 219/179/1 176/178/1 177/180/1
f 218/181/1 219/179/1 177/180/1
f 218/181/1 177/180/1 178/182/1
f 217/183/1 218/181/1 178/182/1
f 217/183/1 178/182/1 179/184/1
f 216/185/1 217/183/1 179/184/1
f 216/185/1 179/184/1 180/186/1
f 215/187/1 216/185/1 180/186/1
f 215/187/1 180/186/1 181/188/1
f 214/189/1 215/187/1 181/188/1
f 214/189/1 181/188/1 182/190/1
f 213/191/1 214/189/1 182/190/1
f 212/192/1 213/191/1 182/190/1
f 212/192/1 182/190/1 183/193/1
f 212/192/1 183/193/1 184/194/1
f 211/195/1 212/192/1 184/194/1
f 211/195/1 184/194/1 185/196/1
f 210/197/1 211/195/1 185/196/1
f 210/197/1 185/196/1 186/198/1
f 209/199/1 210/197/1 186/198/1
f 209/199/1 186/198/1 187/200/1
f 208/201/1 209/199/1 187/200/1
f 208/201/1 187/200/1 188/202/1
f 207/203/1 208/201/1 188/202/1
f 207/203/1 188/202/1 189/204/1
f 206/205/1 207/203/1 189/204/1
f 206/205/1 189/204/1 190/206/1
f 205/207/1 206/205/1 190/206/1
f 205/207/1 190/206/1 191/208/1
f 204/209/1 205/207/1 191/208/1
f 204/209/1 191/208/1 192/210/1
f 203/211/1 204/209/1 192/210/1
f 203/211/1 192/210/1 193/212/1
f 202/213/1 203/211/1 193/212/1
f 202/213/1 193/212/1 239/214/1
f 239/214/1 193/212/1 238/215/1
f 238/215/1 193/212/1 194/216/1
f 201/217/1 202/213/1 241/218/1
f 241/218/1 202/213/1 240/219/1
f 240/219/1 202/213/1 239/214/1
f 201/217/1 241/218/1 242/220/1
f 237/221/1 238/215/1 194/216/1
f 201/217/1 242/220/1 243/222/1
f 236/223/1 237/221/1 194/216/1
f 201/217/1 243/222/1 244/224/1
f 235/225/1 236/223/1 194/216/1
f 201/217/1 244/224/1 245/226/1
f 234/227/1 235/225/1 194/216/1
f 201/217/1 245/226/1 246/228/1
f 233/229/1 234/227/1 194/216/1
f 201/217/1 246/228/1 247/230/1
f 232/231/1 233/229/1 194/216/1
f 201/217/1 247/230/1 248/232/1
f 231/233/1 232/231/1 194/216/1
f 201/217/1 248/232/1 249/234/1
f 230/235/1 231/233/1 194/216/1
f 201/217/1 249/234/1 250/236/1
f 229/237/1 230/235/1 194/216/1
f 201/217/1 250/236/1 251/238/1
f 228/239/1 229/237/1 194/216/1
f 201/217/1 251/238/1 252/47/1
f 227/240/1 228/239/1 194/216/1
f 200/241/1 201/217/1 252/47/1
f 200/241/1 252/47/1 225/242/1
f 226/243/1 227/240/1 194/216/1
f 226/243/1 194/216/1 195/244/1
f 200/241/1 225/242/1 198/245/1
f 198/245/1 225/242/1 226/243/1
f 198/245/1 226/243/1 197/246/1
f 197/246/1 226/243/1 195/244/1
f 200/241/1 198/245/1 199/247/1
f 196/248/1 197/246/1 195/244/1
f 385/1/1 386/2/1 387/3/1
f 385/1/1 387/3/1 388/4/1
f 385/1/1 388/4/1 389/5/1
f 384/6/1 385/1/1 389/5/1
f 384/6/1 389/5/1 390/7/1
f 383/8/1 384/6/1 390/7/1
f 383/8/1 390/7/1 391/9/1
f 382/10/1 383/8/1 391/9/1
f 382/10/1 391/9/1 392/11/1
f 381/12/1 382/10/1 392/11/1
f 381/12/1 392/11/1 393/13/1
f 380/14/1 381/12/1 393/13/1
f 380/14/1 393/13/1 394/15/1
f 379/16/1 380/14/1 394/15/1
f 379/16/1 394/15/1 395/17/1
f 378/18/1 379/16/1 395/17/1
f 378/18/1 395/17/1 396/19/1
f 377/20/1 378/18/1 396/19/1
f 377/20/1 396/19/1 397/21/1
f 376/22/1 377/20/1 397/21/1
f 376/22/1 397/21/1 398/23/1
f 375/24/1 376/22/1 398/23/1
f 375/24/1 398/23/1 399/25/1
f 374/26/1 375/24/1 399/25/1
f 373/27/1 374/26/1 399/25/1
f 373/27/1 399/25/1 400/28/1
f 373/27/1 400/28/1 401/29/1
f 372/30/1 373/27/1 401/29/1
f 372/30/1 401/29/1 402/31/1
f 371/32/1 372/30/1 402/31/1
f 371/32/1 402/31/1 403/33/1
f 370/34/1 371/32/1 403/33/1
f 370/34/1 403/33/1 404/35/1
f 369/36/1 370/34/1 404/35/1
f 369/36/1 404/35/1 405/37/1
f 368/38/1 369/36/1 405/37/1
f 368/38/1 405/37/1 406/39/1
f 367/40/1 368/38/1 406/39/1
f 367/40/1 406/39/1 407/41/1
f 366/42/1 367/40/1 407/41/1
f 366/42/1 407/41/1 408/43/1
f 365/44/1 366/42/1 408/43/1
f 365/44/1 408/43/1 409/45/1
f 364/46/1 365/44/1 409/45/1
f 364/46/1 409/45/1 410/47/1
f 363/48/1 364/46/1 410/47/1
f 363/48/1 410/47/1 268/49/1
f 268/49/1 410/47/1 267/50/1
f 267/50/1 410/47/1 253/51/1
f 362/52/1 363/48/1 270/53/1
f 270/53/1 363/48/1 269/54/1
f 269/54/1 363/48/1 268/49/1
f 362/52/1 270/53/1 271/55/1
f 266/56/1 267/50/1 253/51/1
f 362/52/1 271/55/1 272/57/1
f 265/58/1 266/56/1 253/51/1
f 362/52/1 272/57/1 273/59/1
f 264/60/1 265/58/1 253/51/1
f 362/52/1 273/59/1 274/61/1
f 263/62/1 264/60/1 253/51/1
f 362/52/1 274/61/1 275/63/1
f 262/64/1 263/62/1 253/51/1
f 362/52/1 275/63/1 276/65/1
f 261/66/1 262/64/1 253/51/1
f 362/52/1 276/65/1 277/67/1
f 260/68/1 261/66/1 253/51/1
f 362/52/1 277/67/1 278/69/1
f 259/70/1 260/68/1 253/51/1
f 362/52/1 278/69/1 279/71/1
f 258/72/1 259/70/1 253/51/1
f 362/52/1 279/71/1 280/73/1
f 257/74/1 258/72/1 253/51/1
f 362/52/1 280/73/1 281/75/1
f 256/76/1 257/74/1 253/51/1
f 361/77/1 362/52/1 281/75/1
f 361/77/1 281/75/1 282/78/1
f 255/79/1 256/76/1 253/51/1
f 255/79/1 253/51/1 254/80/1
f 309/81/1 310/82/1 311/83/1
f 309/81/1 311/83/1 308/84/1
f 308/84/1 311/83/1 312/85/1
f 307/86/1 308/84/1 312/85/1
f 360/87/1 361/77/1 282/78/1
f 360/87/1 282/78/1 283/88/1
f 306/89/1 307/86/1 312/85/1
f 306/89/1 312/85/1 313/90/1
f 360/87/1 283/88/1 284/91/1
f 305/92/1 306/89/1 313/90/1
f 360/87/1 284/91/1 285/93/1
f 304/94/1 305/92/1 313/90/1
f 360/87/1 285/93/1 286/95/1
f 303/96/1 304/94/1 313/90/1
f 360/87/1 286/95/1 287/97/1
f 302/98/1 303/96/1 313/90/1
f 360/87/1 287/97/1 288/99/1
f 301/100/1 302/98/1 313/90/1
f 360/87/1 288/99/1 289/101/1
f 300/102/1 301/100/1 313/90/1
f 360/87/1 289/101/1 290/103/1
f 299/104/1 300/102/1 313/90/1
f 360/87/1 290/103/1 291/105/1
f 298/106/1 299/104/1 313/90/1
f 360/87/1 291/105/1 292/107/1
f 297/108/1 298/106/1 313/90/1
f 360/87/1 292/107/1 293/109/1
f 296/110/1 297/108/1 313/90/1
f 360/87/1 293/109/1 294/111/1
f 295/112/1 296/110/1 313/90/1
f 360/87/1 294/111/1 295/112/1
f 360/87/1 295/112/1 313/90/1
f 360/87/1 313/90/1 314/113/1
f 359/114/1 360/87/1 314/113/1
f 359/114/1 314/113/1 315/115/1
f 358/116/1 359/114/1 315/115/1
f 358/116/1 315/115/1 316/117/1
f 357/118/1 358/116/1 316/117/1
f 357/118/1 316/117/1 317/119/1
f 356/120/1 357/118/1 317/119/1
f 356/120/1 317/119/1 318/121/1
f 355/122/1 356/120/1 318/121/1
f 355/122/1 318/121/1 319/123/1
f 354/124/1 355/122/1 319/123/1
f 354/124/1 319/123/1 320/125/1
f 353/126/1 354/124/1 320/125/1
f 353/126/1 320/125/1 321/127/1
f 352/128/1 353/126/1 321/127/1
f 352/128/1 321/127/1 322/129/1
f 351/130/1 352/128/1 322/129/1
f 351/130/1 322/129/1 323/131/1
f 350/132/1 351/130/1 323/131/1
f 350/132/1 323/131/1 324/133/1
f 349/134/1 350/132/1 324/133/1
f 348/135/1 349/134/1 324/133/1
f 348/135/1 324/133/1 325/136/1
f 347/137/1 348/135/1 325/136/1
f 347/137/1 325/136/1 326/138/1
f 346/139/1 347/137/1 326/138/1
f 346/139/1 326/138/1 327/140/1
f 346/139/1 327/140/1 328/141/1
f 345/142/1 346/139/1 328/141/1
f 345/142/1 328/141/1 329/143/1
f 344/144/1 345/142/1 329/143/1
f 344/144/1 329/143/1 330/145/1
f 343/146/1 344/144/1 330/145/1
f 343/146/1 330/145/1 331/147/1
f 342/148/1 343/146/1 331/147/1
f 342/148/1 331/147/1 332/149/1
f 341/150/1 342/148/1 332/149/1
f 341/150/1 332/149/1 333/151/1
f 340/152/1 341/150/1 333/151/1
f 340/152/1 333/151/1 334/153/1
f 339/154/1 340/152/1 334/153/1
f 339/154/1 334/153/1 335/155/1
f 338/156/1 339/154/1 335/155/1
f 338/156/1 335/155/1 336/157/1
f 337/158/1 338/156/1 336/157/1
f 418/159/1 419/160/1 420/47/1
f 418/159/1 420/47/1 416/161/1
f 416/161/1 420/47/1 411/51/1
f 411/51/1 412/162/1 413/163/1
f 411/51/1 413/163/1 414/164/1
f 418/159/1 416/161/1 417/165/1
f 415/166/1 416/161/1 411/51/1
f 415/166/1 411/51/1 414/164/1
f 520/249/1 421/51/1 422/250/1
f 520/249/1 422/250/1 423/251/1
f 520/249/1 423/251/1 424/252/1
f 519/253/1 520/249/1 424/252/1
f 519/253/1 424/252/1 425/254/1
f 518/255/1 519/253/1 425/254/1
f 518/255/1 425/254/1 426/256/1
f 517/257/1 518/255/1 426/256/1
f 517/257/1 426/256/1 427/258/1
f 516/259/1 517/257/1 427/258/1
f 516/259/1 427/258/1 428/260/1
f 515/261/1 516/259/1 428/260/1
f 515/261/1 428/260/1 429/262/1
f 514/263/1 515/261/1 429/262/1
f 514/263/1 429/262/1 430/264/1
f 513/265/1 514/263/1 430/264/1
f 513/265/1 430/264/1 431/266/1
f 512/267/1 513/265/1 431/266/1
f 512/267/1 431/266/1 432/268/1
f 511/269/1 512/267/1 432/268/1
f 511/269/1 432/268/1 433/270/1
f 510/271/1 511/269/1 433/270/1
f 510/271/1 433/270/1 434/272/1
f 509/273/1 510/271/1 434/272/1
f 508/274/1 509/273/1 434/272/1
f 508/274/1 434/272/1 435/275/1
f 508/274/1 435/275/1 436/276/1
f 507/277/1 508/274/1 436/276/1
f 507/277/1 436/276/1 437/278/1
f 506/279/1 507/277/1 437/278/1
f 506/279/1 437/278/1 438/280/1
f 505/281/1 506/279/1 438/280/1
f 505/281/1 438/280/1 439/282/1
f 504/283/1 505/281/1 439/282/1
f 504/283/1 439/282/1 440/284/1
f 503/285/1 504/283/1 440/284/1
f 503/285/1 440/284/1 441/286/1
f 502/287/1 503/285/1 441/286/1
f 502/287/1 441/286/1 442/288/1
f 501/289/1 502/287/1 442/288/1
f 501/289/1 442/288/1 443/290/1
f 500/291/1 501/289/1 443/290/1
f 500/291/1 443/290/1 444/292/1
f 499/293/1 500/291/1 444/292/1
f 499/293/1 444/292/1 445/294/1
f 498/295/1 499/293/1 445/294/1
f 498/295/1 445/294/1 547/296/1
f 547/296/1 445/294/1 446/297/1
f 497/298/1 498/295/1 549/299/1
f 549/299/1 498/295/1 548/300/1
f 548/300/1 498/295/1 547/296/1
f 546/301/1 547/296/1 446/297/1
f 497/298/1 549/299/1 550/302/1
f 545/303/1 546/301/1 446/297/1
f 497/298/1 550/302/1 551/304/1
f 544/305/1 545/303/1 446/297/1
f 497/298/1 551/304/1 552/306/1
f 543/307/1 544/305/1 446/297/1
f 497/298/1 552/306/1 553/308/1
f 542/309/1 543/307/1 446/297/1
f 497/298/1 553/308/1 554/310/1
f 541/311/1 542/309/1 446/297/1
f 497/298/1 554/310/1 555/312/1
f 540/313/1 541/311/1 446/297/1
f 497/298/1 555/312/1 556/314/1
f 539/315/1 540/313/1 446/297/1
f 497/298/1 556/314/1 557/316/1
f 538/317/1 539/315/1 446/297/1
f 497/298/1 557/316/1 558/318/1
f 537/319/1 538/317/1 446/297/1
f 497/298/1 558/318/1 559/320/1
f 536/321/1 537/319/1 446/297/1
f 497/298/1 559/320/1 560/322/1
f 535/323/1 536/321/1 446/297/1
f 496/324/1 497/298/1 560/322/1
f 496/324/1 560/322/1 561/325/1
f 534/326/1 535/323/1 446/297/1
f 534/326/1 446/297/1 447/327/1
f 495/328/1 496/324/1 561/325/1
f 495/328/1 561/325/1 562/329/1
f 533/330/1 534/326/1 447/327/1
f 533/330/1 447/327/1 448/331/1
f 495/328/1 562/329/1 563/332/1
f 532/333/1 533/330/1 448/331/1
f 495/328/1 563/332/1 564/334/1
f 531/335/1 532/333/1 448/331/1
f 495/328/1 564/334/1 565/336/1
f 530/337/1 531/335/1 448/331/1
f 495/328/1 565/336/1 566/338/1
f 529/339/1 530/337/1 448/331/1
f 495/328/1 566/338/1 567/340/1
f 528/341/1 529/339/1 448/331/1
f 495/328/1 567/340/1 568/342/1
f 527/343/1 528/341/1 448/331/1
f 495/328/1 568/342/1 569/344/1
f 526/345/1 527/343/1 448/331/1
f 495/328/1 569/344/1 570/346/1
f 525/347/1 526/345/1 448/331/1
f 495/328/1 570/346/1 571/348/1
f 524/349/1 525/347/1 448/331/1
f 495/328/1 571/348/1 572/47/1
f 523/350/1 524/349/1 448/331/1
f 495/328/1 572/47/1 521/351/1
f 522/352/1 523/350/1 448/331/1
f 495/328/1 521/351/1 522/352/1
f 495/328/1 522/352/1 448/331/1
f 495/328/1 448/331/1 449/353/1
f 494/354/1 495/328/1 449/353/1
f 494/354/1 449/353/1 450/355/1
f 493/356/1 494/354/1 450/355/1
f 493/356/1 450/355/1 451/357/1
f 492/358/1 493/356/1 451/357/1
f 492/358/1 451/357/1 452/359/1
f 491/360/1 492/358/1 452/359/1
f 491/360/1 452/359/1 453/361/1
f 490/362/1 491/360/1 453/361/1
f 490/362/1 453/361/1 454/363/1
f 489/364/1 490/362/1 454/363/1
f 489/364/1 454/363/1 455/365/1
f 488/366/1 489/364/1 455/365/1
f 488/366/1 455/365/1 456/367/1
f 487/368/1 488/366/1 456/367/1
f 487/368/1 456/367/1 457/369/1
f 486/370/1 487/368/1 457/369/1
f 486/370/1 457/369/1 458/371/1
f 485/372/1 486/370/1 458/371/1
f 485/372/1 458/371/1 459/373/1
f 484/374/1 485/372/1 459/373/1
f 483/375/1 484/374/1 459/373/1
f 483/375/1 459/373/1 460/376/1
f 482/377/1 483/375/1 460/376/1
f 482/377/1 460/376/1 461/378/1
f 481/379/1 482/377/1 461/378/1
f 481/379/1 461/378/1 462/380/1
f 481/379/1 462/380/1 463/381/1
f 480/382/1 481/379/1 463/381/1
f 480/382/1 463/381/1 464/383/1
f 479/384/1 480/382/1 464/383/1
f 479/384/1 464/383/1 465/385/1
f 478/386/1 479/384/1 465/385/1
f 478/386/1 465/385/1 466/387/1
f 477/388/1 478/386/1 466/387/1
f 477/388/1 466/387/1 467/389/1
f 476/390/1 477/388/1 467/389/1
f 476/390/1 467/389/1 468/391/1
f 475/392/1 476/390/1 468/391/1
f 475/392/1 468/391/1 469/393/1
f 474/394/1 475/392/1 469/393/1
f 474/394/1 469/393/1 470/395/1
f 473/396/1 474/394/1 470/395/1
f 473/396/1 470/395/1 471/397/1
f 472/398/1 473/396/1 471/397/1
f 705/1/1 706/2/1 707/3/1
f 705/1/1 707/3/1 708/4/1
f 705/1/1 708/4/1 709/5/1
f 704/6/1 705/1/1 709/5/1
f 704/6/1 709/5/1 710/7/1
f 703/8/1 704/6/1 710/7/1
f 703/8/1 710/7/1 711/9/1
f 702/10/1 703/8/1 711/9/1
f 702/10/1 711/9/1 712/11/1
f 701/12/1 702/10/1 712/11/1
f 701/12/1 712/11/1 713/13/1
f 700/14/1 701/12/1 713/13/1
f 700/14/1 713/13/1 714/15/1
f 699/16/1 700/14/1 714/15/1
f 699/16/1 714/15/1 715/17/1
f 698/18/1 699/16/1 715/17/1
f 698/18/1 715/17/1 716/19/1
f 697/20/1 698/18/1 716/19/1
f 697/20/1 716/19/1 717/21/1
f 696/22/1 697/20/1 717/21/1
f 696/22/1 717/21/1 718/23/1
f 695/24/1 696/22/1 718/23/1
f 695/24/1 718/23/1 719/25/1
f 694/26/1 695/24/1 719/25/1
f 693/27/1 694/26/1 719/25/1
f 693/27/1 719/25/1 720/28/1
f 693/27/1 720/28/1 721/29/1
f 692/30/1 693/27/1 721/29/1
f 692/30/1 721/29/1 722/31/1
f 691/32/1 692/30/1 722/31/1
f 691/32/1 722/31/1 723/33/1
f 690/34/1 691/32/1 723/33/1
f 690/34/1 723/33/1 724/35/1
f 689/36/1 690/34/1 724/35/1
f 689/36/1 724/35/1 725/37/1
f 688/38/1 689/36/1 725/37/1
f 688/38/1 725/37/1 726/39/1
f 687/40/1 688/38/1 726/39/1
f 687/40/1 726/39/1 727/41/1
f 686/42/1 687/40/1 727/41/1
f 686/42/1 727/41/1 728/43/1
f 685/44/1 686/42/1 728/43/1
f 685/44/1 728/43/1 729/45/1
f 684/46/1 685/44/1 729/45/1
f 684/46/1 729/45/1 730/47/1
f 683/48/1 684/46/1 730/47/1
f 683/48/1 730/47/1 588/49/1
f 588/49/1 730/47/1 587/50/1
f 587/50/1 730/47/1 573/51/1
f 682/52/1 683/48/1 590/53/1
f 590/53/1 683/48/1 589/54/1
f 589/54/1 683/48/1 588/49/1
f 682/52/1 590/53/1 591/55/1
f 586/56/1 587/50/1 573/51/1
f 682/52/1 591/55/1 592/57/1
f 585/58/1 586/56/1 573/51/1
f 682/52/1 592/57/1 593/59/1
f 584/60/1 585/58/1 573/51/1
f 682/52/1 593/59/1 594/61/1
f 583/62/1 584/60/1 573/51/1
f 682/52/1 594/61/1 595/63/1
f 582/64/1 583/62/1 573/51/1
f 682/52/1 595/63/1 596/65/1
f 581/66/1 582/64/1 573/51/1
f 682/52/1 596/65/1 597/67/1
f 580/68/1 581/66/1 573/51/1
f 682/52/1 597/67/1 598/69/1
f 579/70/1 580/68/1 573/51/1
f 682/52/1 598/69/1 599/71/1
f 578/72/1 579/70/1 573/51/1
f 682/52/1 599/71/1 600/73/1
f 577/74/1 578/72/1 573/51/1
f 682/52/1 600/73/1 601/75/1
f 576/76/1 577/74/1 573/51/1
f 681/77/1 682/52/1 601/75/1
f 681/77/1 601/75/1 602/78/1
f 575/79/1 576/76/1 573/51/1
f 575/79/1 573/51/1 574/80/1
f 629/81/1 630/82/1 631/83/1
f 629/81/1 631/83/1 628/84/1
f 628/84/1 631/83/1 632/85/1
f 627/86/1 628/84/1 632/85/1
f 680/87/1 681/77/1 602/78/1
f 680/87/1 602/78/1 603/88/1
f 626/89/1 627/86/1 632/85/1
f 626/89/1 632/85/1 633/90/1
f 680/87/1 603/88/1 604/91/1
f 625/92/1 626/89/1 633/90/1
f 680/87/1 604/91/1 605/93/1
f 624/94/1 625/92/1 633/90/1
f 680/87/1 605/93/1 606/95/1
f 623/96/1 624/94/1 633/90/1
f 680/87/1 606/95/1 607/97/1
f 622/98/1 623/96/1 633/90/1
f 680/87/1 607/97/1 608/99/1
f 621/100/1 622/98/1 633/90/1
f 680/87/1 608/99/1 609/101/1
f 620/102/1 621/100/1 633/90/1
f 680/87/1 609/101/1 610/103/1
f 619/104/1 620/102/1 633/90/1
f 680/87/1 610/103/1 611/105/1
f 618/106/1 619/104/1 633/90/1
f 680/87/1 611/105/1 612/107/1
f 617/108/1 618/106/1 633/90/1
f 680/87/1 612/107/1 613/109/1
f 616/110/1 617/108/1 633/90/1
f 680/87/1 613/109/1 614/111/1
f 615/112/1 616/110/1 633/90/1
f 680/87/1 614/111/1 615/112/1
f 680/87/1 615/112/1 633/90/1
f 680/87/1 633/90/1 634/113/1
f 679/114/1 680/87/1 634/113/1
f 679/114/1 634/113/1 635/115/1
f 678/116/1 679/114/1 635/115/1
f 678/116/1 635/115/1 636/117/1
f 677/118/1 678/116/1 636/117/1
f 677/118/1 636/117/1 637/119/1
f 676/120/1 677/118/1 637/119/1
f 676/120/1 637/119/1 638/121/1
f 675/122/1 676/120/1 638/121/1
f 675/122/1 638/121/1 639/123/1
f 674/124/1 675/122/1 639/123/1
f 674/124/1 639/123/1 640/125/1
f 673/126/1 674/124/1 640/125/1
f 673/126/1 640/125/1 641/127/1
f 672/128/1 673/126/1 641/127/1
f 672/128/1 641/127/1 642/129/1
f 671/130/1 672/128/1 642/129/1
f 671/130/1 642/129/1 643/131/1
f 670/132/1 671/130/1 643/131/1
f 670/132/1 643/131/1 644/133/1
f 669/134/1 670/132/1 644/133/1
f 668/135/1 669/134/1 644/133/1
f 668/135/1 644/133/1 645/136/1
f 667/137/1 668/135/1 645/136/1
f 667/137/1 645/136/1 646/138/1
f 666/139/1 667/137/1 646/138/1
f 666/139/1 646/138/1 647/140/1
f 666/139/1 647/140/1 648/141/1
f 665/142/1 666/139/1 648/141/1
f 665/142/1 648/141/1 649/143/1
f 664/144/1 665/142/1 649/143/1
f 664/144/1 649/143/1 650/145/1
f 663/146/1 664/144/1 650/145/1
f 663/146/1 650/145/1 651/147/1
f 662/148/1 663/146/1 651/147/1
f 662/148/1 651/147/1 652/149/1
f 661/150/1 662/148/1 652/149/1
f 661/150/1 652/149/1 653/151/1
f 660/152/1 661/150/1 653/151/1
f 660/152/1 653/151/1 654/153/1
f 659/154/1 660/152/1 654/153/1
f 659/154/1 654/153/1 655/155/1
f 658/156/1 659/154/1 655/155/1
f 658/156/1 655/155/1 656/157/1
f 657/158/1 658/156/1 656/157/1
f 736/399/1 737/400/1 738/401/1
f 736/399/1 738/401/1 739/47/1
f 739/47/1 731/51/1 732/402/1
f 739/47/1 732/402/1 733/403/1
f 736/399/1 739/47/1 733/403/1
f 735/404/1 736/399/1 733/403/1
f 735/404/1 733/403/1 734/405/1
f 740/51/1 741/406/1 742/407/1
f 740/51/1 742/407/1 743/408/1
f 740/51/1 743/408/1 744/409/1
f 740/51/1 744/409/1 745/47/1
f 845/249/1 746/51/1 747/250/1
f 845/249/1 747/250/1 748/251/1
f 845/249/1 748/251/1 749/252/1
f 844/253/1 845/249/1 749/252/1
f 844/253/1 749/252/1 750/254/1
f 843/255/1 844/253/1 750/254/1
f 843/255/1 750/254/1 751/256/1
f 842/257/1 843/255/1 751/256/1
f 842/257/1 751/256/1 752/258/1
f 841/259/1 842/257/1 752/258/1
f 841/259/1 752/258/1 753/260/1
f 840/261/1 841/259/1 753/260/1
f 840/261/1 753/260/1 754/262/1
f 839/263/1 840/261/1 754/262/1
f 839/263/1 754/262/1 755/264/1
f 838/265/1 839/263/1 755/264/1
f 838/265/1 755/264/1 756/266/1
f 837/267/1 838/265/1 756/266/1
f 837/267/1 756/266/1 757/268/1
f 836/269/1 837/267/1 757/268/1
f 836/269/1 757/268/1 758/270/1
f 835/271/1 836/269/1 758/270/1
f 835/271/1 758/270/1 759/272/1
f 834/273/1 835/271/1 759/272/1
f 833/274/1 834/273/1 759/272/1
f 833/274/1 759/272/1 760/275/1
f 833/274/1 760/275/1 761/276/1
f 832/277/1 833/274/1 761/276/1
f 832/277/1 761/276/1 762/278/1
f 831/279/1 832/277/1 762/278/1
f 831/279/1 762/278/1 763/280/1
f 830/281/1 831/279/1 763/280/1
f 830/281/1 763/280/1 764/282/1
f 829/283/1 830/281/1 764/282/1
f 829/283/1 764/282/1 765/284/1
f 828/285/1 829/283/1 765/284/1
f 828/285/1 765/284/1 766/286/1
f 827/287/1 828/285/1 766/286/1
f 827/287/1 766/286/1 767/288/1
f 826/289/1 827/287/1 767/288/1
f 826/289/1 767/288/1 768/290/1
f 825/291/1 826/289/1 768/290/1
f 825/291/1 768/290/1 769/292/1
f 824/293/1 825/291/1 769/292/1
f 824/293/1 769/292/1 770/294/1
f 823/295/1 824/293/1 770/294/1
f 823/295/1 770/294/1 872/296/1
f 872/296/1 770/294/1 771/297/1
f 822/298/1 823/295/1 874/299/1
f 874/299/1 823/295/1 873/300/1
f 873/300/1 823/295/1 872/296/1
f 871/301/2 872/296/2 771/297/2
f 822/298/1 874/299/1 875/302/1
f 870/303/1 871/301/1 771/297/1
f 822/298/1 875/302/1 876/304/1
f 869/305/1 870/303/1 771/297/1
f 822/298/1 876/304/1 877/306/1
f 868/307/1 869/305/1 771/297/1
f 822/298/1 877/306/1 878/308/1
f 867/309/1 868/307/1 771/297/1
f 822/298/1 878/308/1 879/310/1
f 866/311/1 867/309/1 771/297/1
f 822/298/1 879/310/1 880/312/1
f 865/313/1 866/311/1 771/297/1
f 822/298/1 880/312/1 881/314/1
f 864/315/1 865/313/1 771/297/1
f 822/298/1 881/314/1 882/316/1
f 863/317/1 864/315/1 771/297/1
f 822/298/1 882/316/1 883/318/1
f 862/319/1 863/317/1 771/297/1
f 822/298/1 883/318/1 884/320/1
f 861/321/1 862/319/1 771/297/1
f 822/298/1 884/320/1 885/322/1
f 860/323/1 861/321/1 771/297/1
f 821/324/1 822/298/1 885/322/1
f 821/324/1 885/322/1 886/325/1
f 859/326/1 860/323/1 771/297/1
f 859/326/1 771/297/1 772/327/1
f 820/328/1 821/324/1 886/325/1
f 820/328/1 886/325/1 887/329/1
f 858/330/1 859/326/1 772/327/1
f 858/330/1 772/327/1 773/331/1
f 820/328/1 887/329/1 888/332/1
f 857/333/1 858/330/1 773/331/1
f 820/328/1 888/332/1 889/334/1
f 856/335/1 857/333/1 773/331/1
f 820/328/1 889/334/1 890/336/1
f 855/337/1 856/335/1 773/331/1
f 820/328/1 890/336/1 891/338/1
f 854/339/1 855/337/1 773/331/1
f 820/328/1 891/338/1 892/340/1
f 853/341/1 854/339/1 773/331/1
f 820/328/1 892/340/1 893/342/1
f 852/343/1 853/341/1 773/331/1
f 820/328/1 893/342/1 894/344/1
f 851/345/1 852/343/1 773/331/1
f 820/328/1 894/344/1 895/346/1
f 850/347/1 851/345/1 773/331/1
f 820/328/1 895/346/1 896/348/1
f 849/349/1 850/347/1 773/331/1
f 820/328/1 896/348/1 897/47/1
f 848/350/1 849/349/1 773/331/1
f 820/328/1 897/47/1 846/351/1
f 847/352/1 848/350/1 773/331/1
f 820/328/1 846/351/1 847/352/1
f 820/328/1 847/352/1 773/331/1
f 820/328/1 773/331/1 774/353/1
f 819/354/1 820/328/1 774/353/1
f 819/354/1 774/353/1 775/355/1
f 818/356/1 819/354/1 775/355/1
f 818/356/1 775/355/1 776/357/1
f 817/358/1 818/356/1 776/357/1
f 817/358/1 776/357/1 777/359/1
f 816/360/1 817/358/1 777/359/1
f 816/360/1 777/359/1 778/361/1
f 815/362/1 816/360/1 778/361/1
f 815/362/1 778/361/1 779/363/1
f 814/364/1 815/362/1 779/363/1
f 814/364/1 779/363/1 780/365/1
f 813/366/1 814/364/1 780/365/1
f 813/366/1 780/365/1 781/367/1
f 812/368/1 813/366/1 781/367/1
f 812/368/1 781/367/1 782/369/1
f 811/370/1 812/368/1 782/369/1
f 811/370/1 782/369/1 783/371/1
f 810/372/1 811/370/1 783/371/1
f 810/372/1 783/371/1 784/373/1
f 809/374/1 810/372/1 784/373/1
f 808/375/1 809/374/1 784/373/1
f 808/375/1 784/373/1 785/376/1
f 807/377/1 808/375/1 785/376/1
f 807/377/1 785/376/1 786/378/1
f 806/379/1 807/377/1 786/378/1
f 806/379/1 786/378/1 787/380/1
f 806/379/1 787/380/1 788/381/1
f 805/382/1 806/379/1 788/381/1
f 805/382/1 788/381/1 789/383/1
f 804/384/1 805/382/1 789/383/1
f 804/384/1 789/383/1 790/385/1
f 803/386/1 804/384/1 790/385/1
f 803/386/1 790/385/1 791/387/1
f 802/388/1 803/386/1 791/387/1
f 802/388/1 791/387/1 792/389/1
f 801/390/1 802/388/1 792/389/1
f 801/390/1 792/389/1 793/391/1
f 800/392/1 801/390/1 793/391/1
f 800/392/1 793/391/1 794/393/1
f 799/394/1 800/392/1 794/393/1
f 799/394/1 794/393/1 795/395/1
f 798/396/1 799/394/1 795/395/1
f 798/396/1 795/395/1 796/397/1
f 797/398/1 798/396/1 796/397/1
f 952/410/1 898/51/1 977/411/1
f 977/411/1 898/51/1 976/412/1
f 976/412/1 898/51/1 975/413/1
f 975/413/1 898/51/1 974/414/1
f 974/414/1 898/51/1 973/415/1
f 973/415/1 898/51/1 972/416/1
f 972/416/1 898/51/1 971/417/1
f 971/417/1 898/51/1 970/418/1
f 970/418/1 898/51/1 899/419/1
f 970/418/1 899/419/1 900/420/1
f 970/418/1 900/420/1 901/421/1
f 970/418/1 901/421/1 902/422/1
f 970/418/1 902/422/1 903/423/1
f 970/418/1 903/423/1 969/424/1
f 969/424/1 903/423/1 904/425/1
f 969/424/1 904/425/1 905/426/1
f 969/424/1 905/426/1 906/427/1
f 969/424/1 906/427/1 907/428/1
f 969/424/1 907/428/1 908/429/1
f 969/424/1 908/429/1 909/430/1
f 969/424/1 909/430/1 910/431/1
f 969/424/1 910/431/1 911/432/1
f 969/424/1 911/432/1 912/433/1
f 969/424/1 912/433/1 968/434/1
f 968/434/1 912/433/1 913/435/1
f 968/434/1 913/435/1 914/436/1
f 968/434/1 914/436/1 915/437/1
f 968/434/1 915/437/1 916/438/1
f 968/434/1 916/438/1 917/439/1
f 968/434/1 917/439/1 918/440/1
f 968/434/1 918/440/1 919/441/1
f 968/434/1 919/441/1 967/442/1
f 967/442/1 919/441/1 920/443/1
f 967/442/1 920/443/1 921/444/1
f 967/442/1 921/444/1 922/445/1
f 967/442/1 922/445/1 966/446/1
f 966/446/1 922/445/1 965/447/1
f 965/447/1 922/445/1 923/448/1
f 964/449/1 965/447/1 923/448/1
f 963/450/1 964/449/1 923/448/1
f 962/451/1 963/450/1 923/448/1
f 961/452/1 962/451/1 923/448/1
f 960/453/1 961/452/1 923/448/1
f 959/454/1 960/453/1 923/448/1
f 958/455/1 959/454/1 923/448/1
f 957/456/1 958/455/1 923/448/1
f 956/457/1 957/456/1 923/448/1
f 952/410/1 977/411/1 978/458/1
f 955/459/1 956/457/1 923/448/1
f 952/410/1 978/458/1 979/460/1
f 954/461/1 955/459/1 923/448/1
f 952/410/1 979/460/1 980/462/1
f 953/463/1 954/461/1 923/448/1
f 953/463/1 923/448/1 924/464/1
f 952/410/1 980/462/1 981/465/1
f 1004/47/1 953/463/1 924/464/1
f 1004/47/1 924/464/1 925/466/1
f 952/410/1 981/465/1 982/467/1
f 1003/468/1 1004/47/1 925/466/1
f 952/410/1 982/467/1 983/469/1
f 1002/470/1 1003/468/1 925/466/1
f 952/410/1 983/469/1 984/471/1
f 1001/472/1 1002/470/1 925/466/1
f 952/410/1 984/471/1 985/473/1
f 1000/474/1 1001/472/1 925/466/1
f 952/410/1 985/473/1 986/475/1
f 999/476/1 1000/474/1 925/466/1
f 952/410/1 986/475/1 987/477/1
f 998/478/1 999/476/1 925/466/1
f 952/410/1 987/477/1 988/479/1
f 997/480/1 998/478/1 925/466/1
f 952/410/1 988/479/1 989/481/1
f 996/482/1 997/480/1 925/466/1
f 952/410/1 989/481/1 990/483/1
f 995/484/1 996/482/1 925/466/1
f 952/410/1 990/483/1 991/485/1
f 994/486/1 995/484/1 925/466/1
f 952/410/1 991/485/1 992/487/1
f 993/488/1 994/486/1 925/466/1
f 952/410/1 992/487/1 950/489/1
f 950/489/1 992/487/1 993/488/1
f 950/489/1 993/488/1 925/466/1
f 950/489/1 925/466/1 926/490/1
f 950/489/1 926/490/1 927/491/1
f 950/489/1 927/491/1 928/492/1
f 950/489/1 928/492/1 929/493/1
f 950/489/1 929/493/1 930/494/1
f 950/489/1 930/494/1 931/495/1
f 950/489/1 931/495/1 932/496/1
f 950/489/1 932/496/1 933/497/1
f 950/489/1 933/497/1 934/498/1
f 950/489/1 934/498/1 935/499/1
f 950/489/1 935/499/1 936/500/1
f 950/489/1 936/500/1 937/501/1
f 950/489/1 937/501/1 938/502/1
f 950/489/1 938/502/1 939/503/1
f 950/489/1 939/503/1 940/504/1
f 950/489/1 940/504/1 941/505/1
f 950/489/1 941/505/1 942/506/1
f 950/489/1 942/506/1 943/507/1
f 950/489/1 943/507/1 944/508/1
f 950/489/1 944/508/1 945/509/1
f 950/489/1 945/509/1 946/510/1
f 950/489/1 946/510/1 947/511/1
f 950/489/1 947/511/1 948/512/1
f 952/410/1 950/489/1 951/404/1
f 949/513/1 950/489/1 948/512/1
f 1137/1/3 1139/3/3 1138/2/3
f 1137/1/3 1140/4/3 1139/3/3
f 1137/1/3 1141/5/3 1140/4/3
f 1136/6/3 1141/5/3 1137/1/3
f 1136/6/3 1142/7/3 1141/5/3
f 1135/8/3 1142/7/3 1136/6/3
f 1135/8/3 1143/9/3 1142/7/3
f 1134/10/3 1143/9/3 1135/8/3
f 1134/10/3 1144/11/3 1143/9/3
f 1133/12/3 1144/11/3 1134/10/3
f 1133/12/3 1145/13/3 1144/11/3
f 1132/14/3 1145/13/3 1133/12/3
f 1132/14/3 1146/15/3 1145/13/3
f 1131/16/3 1146/15/3 1132/14/3
f 1131/16/3 1147/17/3 1146/15/3
f 1130/18/3 1147/17/3 1131/16/3
f 1130/18/3 1148/19/3 1147/17/3
f 1129/20/3 1148/19/3 1130/18/3
f 1129/20/3 1149/21/3 1148/19/3
f 1128/22/3 1149/21/3 1129/20/3
f 1128/22/3 1150/23/3 1149/21/3
f 1127/24/3 1150/23/3 1128/22/3
f 1127/24/3 1151/25/3 1150/23/3
f 1126/26/3 1151/25/3 1127/24/3
f 1125/27/3 1151/25/3 1126/26/3
f 1125/27/3 1152/28/3 1151/25/3
f 1125/27/3 1153/29/3 1152/28/3
f 1124/30/3 1153/29/3 1125/27/3
f 1124/30/3 1154/31/3 1153/29/3
f 1123/32/3 1154/31/3 1124/30/3
f 1123/32/3 1155/33/3 1154/31/3
f 1122/34/3 1155/33/3 1123/32/3
f 1122/34/3 1156/35/3 1155/33/3
f 1121/36/3 1156/35/3 1122/34/3
f 1121/36/3 1157/37/3 1156/35/3
f 1120/38/3 1157/37/3 1121/36/3
f 1120/38/3 1158/39/3 1157/37/3
f 1119/40/3 1158/39/3 1120/38/3
f 1119/40/3 1159/41/3 1158/39/3
f 1118/42/3 1159/41/3 1119/40/3
f 1118/42/3 1160/43/3 1159/41/3
f 1117/44/3 1160/43/3 1118/42/3
f 1117/44/3 1161/45/3 1160/43/3
f 1116/46/3 1161/45/3 1117/44/3
f 1116/46/3 1162/47/3 1161/45/3
f 1115/48/3 1162/47/3 1116/46/3
f 1115/48/3 1020/49/3 1162/47/3
f 1020/49/3 1019/50/3 1162/47/3
f 1019/50/3 1005/51/3 1162/47/3
f 1114/52/3 1022/53/3 1115/48/3
f 1022/53/3 1021/54/3 1115/48/3
f 1021/54/3 1020/49/3 1115/48/3
f 1114/52/3 1023/55/3 1022/53/3
f 1018/56/3 1005/51/3 1019/50/3
f 1114/52/3 1024/57/3 1023/55/3
f 1017/58/3 1005/51/3 1018/56/3
f 1114/52/3 1025/59/3 1024/57/3
f 1016/60/3 1005/51/3 1017/58/3
f 1114/52/3 1026/61/3 1025/59/3
f 1015/62/3 1005/51/3 1016/60/3
f 1114/52/3 1027/63/3 1026/61/3
f 1014/64/3 1005/51/3 1015/62/3
f 1114/52/3 1028/65/3 1027/63/3
f 1013/66/3 1005/51/3 1014/64/3
f 1114/52/3 1029/67/3 1028/65/3
f 1012/68/3 1005/51/3 1013/66/3
f 1114/52/3 1030/69/3 1029/67/3
f 1011/70/3 1005/51/3 1012/68/3
f 1114/52/3 1031/71/3 1030/69/3
f 1010/72/3 1005/51/3 1011/70/3
f 1114/52/3 1032/73/3 1031/71/3
f 1009/74/3 1005/51/3 1010/72/3
f 1114/52/3 1033/75/3 1032/73/3
f 1008/76/3 1005/51/3 1009/74/3
f 1113/77/3 1033/75/3 1114/52/3
f 1113/77/3 1034/78/3 1033/75/3
f 1007/79/3 1005/51/3 1008/76/3
f 1007/79/3 1006/80/3 1005/51/3
f 1061/81/3 1063/83/3 1062/82/3
f 1061/81/3 1060/84/3 1063/83/3
f 1060/84/3 1064/85/3 1063/83/3
f 1059/86/3 1064/85/3 1060/84/3
f 1112/87/3 1034/78/3 1113/77/3
f 1112/87/3 1035/88/3 1034/78/3
f 1058/89/3 1064/85/3 1059/86/3
f 1058/89/3 1065/90/3 1064/85/3
f 1112/87/3 1036/91/3 1035/88/3
f 1057/92/3 1065/90/3 1058/89/3
f 1112/87/3 1037/93/3 1036/91/3
f 1056/94/3 1065/90/3 1057/92/3
f 1112/87/3 1038/95/3 1037/93/3
f 1055/96/3 1065/90/3 1056/94/3
f 1112/87/3 1039/97/3 1038/95/3
f 1054/98/3 1065/90/3 1055/96/3
f 1112/87/3 1040/99/3 1039/97/3
f 1053/100/3 1065/90/3 1054/98/3
f 1112/87/3 1041/101/3 1040/99/3
f 1052/102/3 1065/90/3 1053/100/3
f 1112/87/3 1042/103/3 1041/101/3
f 1051/104/3 1065/90/3 1052/102/3
f 1112/87/3 1043/105/3 1042/103/3
f 1050/106/3 1065/90/3 1051/104/3
f 1112/87/3 1044/107/3 1043/105/3
f 1049/108/3 1065/90/3 1050/106/3
f 1112/87/3 1045/109/3 1044/107/3
f 1048/110/3 1065/90/3 1049/108/3
f 1112/87/3 1046/111/3 1045/109/3
f 1047/112/3 1065/90/3 1048/110/3
f 1112/87/3 1047/112/3 1046/111/3
f 1112/87/3 1065/90/3 1047/112/3
f 1112/87/3 1066/113/3 1065/90/3
f 1111/114/3 1066/113/3 1112/87/3
f 1111/114/3 1067/115/3 1066/113/3
f 1110/116/3 1067/115/3 1111/114/3
f 1110/116/3 1068/117/3 1067/115/3
f 1109/118/3 1068/117/3 1110/116/3
f 1109/118/3 1069/119/3 1068/117/3
f 1108/120/3 1069/119/3 1109/118/3
f 1108/120/3 1070/121/3 1069/119/3
f 1107/122/3 1070/121/3 1108/120/3
f 1107/122/3 1071/123/3 1070/121/3
f 1106/124/3 1071/123/3 1107/122/3
f 1106/124/3 1072/125/3 1071/123/3
f 1105/126/3 1072/125/3 1106/124/3
f 1105/126/3 1073/127/3 1072/125/3
f 1104/128/3 1073/127/3 1105/126/3
f 1104/128/3 1074/129/3 1073/127/3
f 1103/130/3 1074/129/3 1104/128/3
f 1103/130/3 1075/131/3 1074/129/3
f 1102/132/3 1075/131/3 1103/130/3
f 1102/132/3 1076/133/3 1075/131/3
f 1101/134/3 1076/133/3 1102/132/3
f 1100/135/3 1076/133/3 1101/134/3
f 1100/135/3 1077/136/3 1076/133/3
f 1099/137/3 1077/136/3 1100/135/3
f 1099/137/3 1078/138/3 1077/136/3
f 1098/139/3 1078/138/3 1099/137/3
f 1098/139/3 1079/140/3 1078/138/3
f 1098/139/3 1080/141/3 1079/140/3
f 1097/142/3 1080/141/3 1098/139/3
f 1097/142/3 1081/143/3 1080/141/3
f 1096/144/3 1081/143/3 1097/142/3
f 1096/144/3 1082/145/3 1081/143/3
f 1095/146/3 1082/145/3 1096/144/3
f 1095/146/3 1083/147/3 1082/145/3
f 1094/148/3 1083/147/3 1095/146/3
f 1094/148/3 1084/149/3 1083/147/3
f 1093/150/3 1084/149/3 1094/148/3
f 1093/150/3 1085/151/3 1084/149/3
f 1092/152/3 1085/151/3 1093/150/3
f 1092/152/3 1086/153/3 1085/151/3
f 1091/154/3 1086/153/3 1092/152/3
f 1091/154/3 1087/155/3 1086/153/3
f 1090/156/3 1087/155/3 1091/154/3
f 1090/156/3 1088/157/3 1087/155/3
f 1089/158/3 1088/157/3 1090/156/3
f 1170/159/3 1172/47/3 1171/160/3
f 1170/159/3 1168/161/3 1172/47/3
f 1168/161/3 1163/51/3 1172/47/3
f 1163/51/3 1165/163/3 1164/162/3
f 1163/51/3 1166/164/3 1165/163/3
f 1170/159/3 1169/165/3 1168/161/3
f 1167/166/3 1163/51/3 1168/161/3
f 1167/166/3 1166/164/3 1163/51/3
f 1228/167/3 1174/168/3 1173/51/3
f 1228/167/3 1175/169/3 1174/168/3
f 1228/167/3 1176/170/3 1175/169/3
f 1227/171/3 1176/170/3 1228/167/3
f 1227/171/3 1177/172/3 1176/170/3
f 1226/173/3 1177/172/3 1227/171/3
f 1226/173/3 1178/174/3 1177/172/3
f 1225/175/3 1178/174/3 1226/173/3
f 1225/175/3 1179/176/3 1178/174/3
f 1224/177/3 1179/176/3 1225/175/3
f 1224/177/3 1180/178/3 1179/176/3
f 1223/179/3 1180/178/3 1224/177/3
f 1223/179/3 1181/180/3 1180/178/3
f 1222/181/3 1181/180/3 1223/179/3
f 1222/181/3 1182/182/3 1181/180/3
f 1221/183/3 1182/182/3 1222/181/3
f 1221/183/3 1183/184/3 1182/182/3
f 1220/185/3 1183/184/3 1221/183/3
f 1220/185/3 1184/186/3 1183/184/3
f 1219/187/3 1184/186/3 1220/185/3
f 1219/187/3 1185/188/3 1184/186/3
f 1218/189/3 1185/188/3 1219/187/3
f 1218/189/3 1186/190/3 1185/188/3
f 1217/191/3 1186/190/3 1218/189/3
f 1216/192/3 1186/190/3 1217/191/3
f 1216/192/3 1187/193/3 1186/190/3
f 1216/192/3 1188/194/3 1187/193/3
f 1215/195/3 1188/194/3 1216/192/3
f 1215/195/3 1189/196/3 1188/194/3
f 1214/197/3 1189/196/3 1215/195/3
f 1214/197/3 1190/198/3 1189/196/3
f 1213/199/3 1190/198/3 1214/197/3
f 1213/199/3 1191/200/3 1190/198/3
f 1212/201/3 1191/200/3 1213/199/3
f 1212/201/3 1192/202/3 1191/200/3
f 1211/203/3 1192/202/3 1212/201/3
f 1211/203/3 1193/204/3 1192/202/3
f 1210/205/3 1193/204/3 1211/203/3
f 1210/205/3 1194/206/3 1193/204/3
f 1209/207/3 1194/206/3 1210/205/3
f 1209/207/3 1195/208/3 1194/206/3
f 1208/209/3 1195/208/3 1209/207/3
f 1208/209/3 1196/210/3 1195/208/3
f 1207/211/3 1196/210/3 1208/209/3
f 1207/211/3 1197/212/3 1196/210/3
f 1206/213/3 1197/212/3 1207/211/3
f 1206/213/3 1243/214/3 1197/212/3
f 1243/214/3 1242/215/3 1197/212/3
f 1242/215/3 1198/216/3 1197/212/3
f 1205/217/3 1245/218/3 1206/213/3
f 1245/218/3 1244/219/3 1206/213/3
f 1244/219/3 1243/214/3 1206/213/3
f 1205/217/3 1246/220/3 1245/218/3
f 1241/221/3 1198/216/3 1242/215/3
f 1205/217/3 1247/222/3 1246/220/3
f 1240/223/3 1198/216/3 1241/221/3
f 1205/217/3 1248/224/3 1247/222/3
f 1239/225/3 1198/216/3 1240/223/3
f 1205/217/3 1249/226/3 1248/224/3
f 1238/227/3 1198/216/3 1239/225/3
f 1205/217/3 1250/228/3 1249/226/3
f 1237/229/3 1198/216/3 1238/227/3
f 1205/217/3 1251/230/3 1250/228/3
f 1236/231/3 1198/216/3 1237/229/3
f 1205/217/3 1252/232/3 1251/230/3
f 1235/233/3 1198/216/3 1236/231/3
f 1205/217/3 1253/234/3 1252/232/3
f 1234/235/3 1198/216/3 1235/233/3
f 1205/217/3 1254/236/3 1253/234/3
f 1233/237/3 1198/216/3 1234/235/3
f 1205/217/3 1255/238/3 1254/236/3
f 1232/239/3 1198/216/3 1233/237/3
f 1205/217/3 1256/47/3 1255/238/3
f 1231/240/3 1198/216/3 1232/239/3
f 1204/241/3 1256/47/3 1205/217/3
f 1204/241/3 1229/242/3 1256/47/3
f 1230/243/3 1198/216/3 1231/240/3
f 1230/243/3 1199/244/3 1198/216/3
f 1204/241/3 1202/245/3 1229/242/3
f 1202/245/3 1230/243/3 1229/242/3
f 1202/245/3 1201/246/3 1230/243/3
f 1201/246/3 1199/244/3 1230/243/3
f 1204/241/3 1203/247/3 1202/245/3
f 1200/248/3 1199/244/3 1201/246/3
f 1389/1/3 1391/3/3 1390/2/3
f 1389/1/3 1392/4/3 1391/3/3
f 1389/1/3 1393/5/3 1392/4/3
f 1388/6/3 1393/5/3 1389/1/3
f 1388/6/3 1394/7/3 1393/5/3
f 1387/8/3 1394/7/3 1388/6/3
f 1387/8/3 1395/9/3 1394/7/3
f 1386/10/3 1395/9/3 1387/8/3
f 1386/10/3 1396/11/3 1395/9/3
f 1385/12/3 1396/11/3 1386/10/3
f 1385/12/3 1397/13/3 1396/11/3
f 1384/14/3 1397/13/3 1385/12/3
f 1384/14/3 1398/15/3 1397/13/3
f 1383/16/3 1398/15/3 1384/14/3
f 1383/16/3 1399/17/3 1398/15/3
f 1382/18/3 1399/17/3 1383/16/3
f 1382/18/3 1400/19/3 1399/17/3
f 1381/20/3 1400/19/3 1382/18/3
f 1381/20/3 1401/21/3 1400/19/3
f 1380/22/3 1401/21/3 1381/20/3
f 1380/22/3 1402/23/3 1401/21/3
f 1379/24/3 1402/23/3 1380/22/3
f 1379/24/3 1403/25/3 1402/23/3
f 1378/26/3 1403/25/3 1379/24/3
f 1377/27/3 1403/25/3 1378/26/3
f 1377/27/3 1404/28/3 1403/25/3
f 1377/27/3 1405/29/3 1404/28/3
f 1376/30/3 1405/29/3 1377/27/3
f 1376/30/3 1406/31/3 1405/29/3
f 1375/32/3 1406/31/3 1376/30/3
f 1375/32/3 1407/33/3 1406/31/3
f 1374/34/3 1407/33/3 1375/32/3
f 1374/34/3 1408/35/3 1407/33/3
f 1373/36/3 1408/35/3 1374/34/3
f 1373/36/3 1409/37/3 1408/35/3
f 1372/38/3 1409/37/3 1373/36/3
f 1372/38/3 1410/39/3 1409/37/3
f 1371/40/3 1410/39/3 1372/38/3
f 1371/40/3 1411/41/3 1410/39/3
f 1370/42/3 1411/41/3 1371/40/3
f 1370/42/3 1412/43/3 1411/41/3
f 1369/44/3 1412/43/3 1370/42/3
f 1369/44/3 1413/45/3 1412/43/3
f 1368/46/3 1413/45/3 1369/44/3
f 1368/46/3 1414/47/3 1413/45/3
f 1367/48/3 1414/47/3 1368/46/3
f 1367/48/3 1272/49/3 1414/47/3
f 1272/49/3 1271/50/3 1414/47/3
f 1271/50/3 1257/51/3 1414/47/3
f 1366/52/3 1274/53/3 1367/48/3
f 1274/53/3 1273/54/3 1367/48/3
f 1273/54/3 1272/49/3 1367/48/3
f 1366/52/3 1275/55/3 1274/53/3
f 1270/56/3 1257/51/3 1271/50/3
f 1366/52/3 1276/57/3 1275/55/3
f 1269/58/3 1257/51/3 1270/56/3
f 1366/52/3 1277/59/3 1276/57/3
f 1268/60/3 1257/51/3 1269/58/3
f 1366/52/3 1278/61/3 1277/59/3
f 1267/62/3 1257/51/3 1268/60/3
f 1366/52/3 1279/63/3 1278/61/3
f 1266/64/3 1257/51/3 1267/62/3
f 1366/52/3 1280/65/3 1279/63/3
f 1265/66/3 1257/51/3 1266/64/3
f 1366/52/3 1281/67/3 1280/65/3
f 1264/68/3 1257/51/3 1265/66/3
f 1366/52/3 1282/69/3 1281/67/3
f 1263/70/3 1257/51/3 1264/68/3
f 1366/52/3 1283/71/3 1282/69/3
f 1262/72/3 1257/51/3 1263/70/3
f 1366/52/3 1284/73/3 1283/71/3
f 1261/74/3 1257/51/3 1262/72/3
f 1366/52/3 1285/75/3 1284/73/3
f 1260/76/3 1257/51/3 1261/74/3
f 1365/77/3 1285/75/3 1366/52/3
f 1365/77/3 1286/78/3 1285/75/3
f 1259/79/3 1257/51/3 1260/76/3
f 1259/79/3 1258/80/3 1257/51/3
f 1313/81/3 1315/83/3 1314/82/3
f 1313/81/3 1312/84/3 1315/83/3
f 1312/84/3 1316/85/3 1315/83/3
f 1311/86/3 1316/85/3 1312/84/3
f 1364/87/3 1286/78/3 1365/77/3
f 1364/87/3 1287/88/3 1286/78/3
f 1310/89/3 1316/85/3 1311/86/3
f 1310/89/3 1317/90/3 1316/85/3
f 1364/87/3 1288/91/3 1287/88/3
f 1309/92/3 1317/90/3 1310/89/3
f 1364/87/3 1289/93/3 1288/91/3
f 1308/94/3 1317/90/3 1309/92/3
f 1364/87/3 1290/95/3 1289/93/3
f 1307/96/3 1317/90/3 1308/94/3
f 1364/87/3 1291/97/3 1290/95/3
f 1306/98/3 1317/90/3 1307/96/3
f 1364/87/3 1292/99/3 1291/97/3
f 1305/100/3 1317/90/3 1306/98/3
f 1364/87/3 1293/101/3 1292/99/3
f 1304/102/3 1317/90/3 1305/100/3
f 1364/87/3 1294/103/3 1293/101/3
f 1303/104/3 1317/90/3 1304/102/3
f 1364/87/3 1295/105/3 1294/103/3
f 1302/106/3 1317/90/3 1303/104/3
f 1364/87/3 1296/107/3 1295/105/3
f 1301/108/3 1317/90/3 1302/106/3
f 1364/87/3 1297/109/3 1296/107/3
f 1300/110/3 1317/90/3 1301/108/3
f 1364/87/3 1298/111/3 1297/109/3
f 1299/112/3 1317/90/3 1300/110/3
f 1364/87/3 1299/112/3 1298/111/3
f 1364/87/3 1317/90/3 1299/112/3
f 1364/87/3 1318/113/3 1317/90/3
f 1363/114/3 1318/113/3 1364/87/3
f 1363/114/3 1319/115/3 1318/113/3
f 1362/116/3 1319/115/3 1363/114/3
f 1362/116/3 1320/117/3 1319/115/3
f 1361/118/3 1320/117/3 1362/116/3
f 1361/118/3 1321/119/3 1320/117/3
f 1360/120/3 1321/119/3 1361/118/3
f 1360/120/3 1322/121/3 1321/119/3
f 1359/122/3 1322/121/3 1360/120/3
f 1359/122/3 1323/123/3 1322/121/3
f 1358/124/3 1323/123/3 1359/122/3
f 1358/124/3 1324/125/3 1323/123/3
f 1357/126/3 1324/125/3 1358/124/3
f 1357/126/3 1325/127/3 1324/125/3
f 1356/128/3 1325/127/3 1357/126/3
f 1356/128/3 1326/129/3 1325/127/3
f 1355/130/3 1326/129/3 1356/128/3
f 1355/130/3 1327/131/3 1326/129/3
f 1354/132/3 1327/131/3 1355/130/3
f 1354/132/3 1328/133/3 1327/131/3
f 1353/134/3 1328/133/3 1354/132/3
f 1352/135/3 1328/133/3 1353/134/3
f 1352/135/3 1329/136/3 1328/133/3
f 1351/137/3 1329/136/3 1352/135/3
f 1351/137/3 1330/138/3 1329/136/3
f 1350/139/3 1330/138/3 1351/137/3
f 1350/139/3 1331/140/3 1330/138/3
f 1350/139/3 1332/141/3 1331/140/3
f 1349/142/3 1332/141/3 1350/139/3
f 1349/142/3 1333/143/3 1332/141/3
f 1348/144/3 1333/143/3 1349/142/3
f 1348/144/3 1334/145/3 1333/143/3
f 1347/146/3 1334/145/3 1348/144/3
f 1347/146/3 1335/147/3 1334/145/3
f 1346/148/3 1335/147/3 1347/146/3
f 1346/148/3 1336/149/3 1335/147/3
f 1345/150/3 1336/149/3 1346/148/3
f 1345/150/3 1337/151/3 1336/149/3
f 1344/152/3 1337/151/3 1345/150/3
f 1344/152/3 1338/153/3 1337/151/3
f 1343/154/3 1338/153/3 1344/152/3
f 1343/154/3 1339/155/3 1338/153/3
f 1342/156/3 1339/155/3 1343/154/3
f 1342/156/3 1340/157/3 1339/155/3
f 1341/158/3 1340/157/3 1342/156/3
f 1422/159/3 1424/47/3 1423/160/3
f 1422/159/3 1420/161/3 1424/47/3
f 1420/161/3 1415/51/3 1424/47/3
f 1415/51/3 1417/163/3 1416/162/3
f 1415/51/3 1418/164/3 1417/163/3
f 1422/159/3 1421/165/3 1420/161/3
f 1419/166/3 1415/51/3 1420/161/3
f 1419/166/3 1418/164/3 1415/51/3
f 1524/249/3 1426/250/3 1425/51/3
f 1524/249/3 1427/251/3 1426/250/3
f 1524/249/3 1428/252/3 1427/251/3
f 1523/253/3 1428/252/3 1524/249/3
f 1523/253/3 1429/254/3 1428/252/3
f 1522/255/3 1429/254/3 1523/253/3
f 1522/255/3 1430/256/3 1429/254/3
f 1521/257/3 1430/256/3 1522/255/3
f 1521/257/3 1431/258/3 1430/256/3
f 1520/259/3 1431/258/3 1521/257/3
f 1520/259/3 1432/260/3 1431/258/3
f 1519/261/3 1432/260/3 1520/259/3
f 1519/261/3 1433/262/3 1432/260/3
f 1518/263/3 1433/262/3 1519/261/3
f 1518/263/3 1434/264/3 1433/262/3
f 1517/265/3 1434/264/3 1518/263/3
f 1517/265/3 1435/266/3 1434/264/3
f 1516/267/3 1435/266/3 1517/265/3
f 1516/267/3 1436/268/3 1435/266/3
f 1515/269/3 1436/268/3 1516/267/3
f 1515/269/3 1437/270/3 1436/268/3
f 1514/271/3 1437/270/3 1515/269/3
f 1514/271/3 1438/272/3 1437/270/3
f 1513/273/3 1438/272/3 1514/271/3
f 1512/274/3 1438/272/3 1513/273/3
f 1512/274/3 1439/275/3 1438/272/3
f 1512/274/3 1440/276/3 1439/275/3
f 1511/277/3 1440/276/3 1512/274/3
f 1511/277/3 1441/278/3 1440/276/3
f 1510/279/3 1441/278/3 1511/277/3
f 1510/279/3 1442/280/3 1441/278/3
f 1509/281/3 1442/280/3 1510/279/3
f 1509/281/3 1443/282/3 1442/280/3
f 1508/283/3 1443/282/3 1509/281/3
f 1508/283/3 1444/284/3 1443/282/3
f 1507/285/3 1444/284/3 1508/283/3
f 1507/285/3 1445/286/3 1444/284/3
f 1506/287/3 1445/286/3 1507/285/3
f 1506/287/3 1446/288/3 1445/286/3
f 1505/289/3 1446/288/3 1506/287/3
f 1505/289/3 1447/290/3 1446/288/3
f 1504/291/3 1447/290/3 1505/289/3
f 1504/291/3 1448/292/3 1447/290/3
f 1503/293/3 1448/292/3 1504/291/3
f 1503/293/3 1449/294/3 1448/292/3
f 1502/295/3 1449/294/3 1503/293/3
f 1502/295/3 1551/296/3 1449/294/3
f 1551/296/3 1450/297/3 1449/294/3
f 1501/298/3 1553/299/3 1502/295/3
f 1553/299/3 1552/300/3 1502/295/3
f 1552/300/3 1551/296/3 1502/295/3
f 1550/301/3 1450/297/3 1551/296/3
f 1501/298/3 1554/302/3 1553/299/3
f 1549/303/3 1450/297/3 1550/301/3
f 1501/298/3 1555/304/3 1554/302/3
f 1548/305/3 1450/297/3 1549/303/3
f 1501/298/3 1556/306/3 1555/304/3
f 1547/307/3 1450/297/3 1548/305/3
f 1501/298/3 1557/308/3 1556/306/3
f 1546/309/3 1450/297/3 1547/307/3
f 1501/298/3 1558/310/3 1557/308/3
f 1545/311/3 1450/297/3 1546/309/3
f 1501/298/3 1559/312/3 1558/310/3
f 1544/313/3 1450/297/3 1545/311/3
f 1501/298/3 1560/314/3 1559/312/3
f 1543/315/3 1450/297/3 1544/313/3
f 1501/298/3 1561/316/3 1560/314/3
f 1542/317/3 1450/297/3 1543/315/3
f 1501/298/3 1562/318/3 1561/316/3
f 1541/319/3 1450/297/3 1542/317/3
f 1501/298/3 1563/320/3 1562/318/3
f 1540/321/3 1450/297/3 1541/319/3
f 1501/298/3 1564/322/3 1563/320/3
f 1539/323/3 1450/297/3 1540/321/3
f 1500/324/3 1564/322/3 1501/298/3
f 1500/324/3 1565/325/3 1564/322/3
f 1538/326/3 1450/297/3 1539/323/3
f 1538/326/3 1451/327/3 1450/297/3
f 1499/328/3 1565/325/3 1500/324/3
f 1499/328/3 1566/329/3 1565/325/3
f 1537/330/3 1451/327/3 1538/326/3
f 1537/330/3 1452/331/3 1451/327/3
f 1499/328/3 1567/332/3 1566/329/3
f 1536/333/3 1452/331/3 1537/330/3
f 1499/328/3 1568/334/3 1567/332/3
f 1535/335/3 1452/331/3 1536/333/3
f 1499/328/3 1569/336/3 1568/334/3
f 1534/337/3 1452/331/3 1535/335/3
f 1499/328/3 1570/338/3 1569/336/3
f 1533/339/3 1452/331/3 1534/337/3
f 1499/328/3 1571/340/3 1570/338/3
f 1532/341/3 1452/331/3 1533/339/3
f 1499/328/3 1572/342/3 1571/340/3
f 1531/343/3 1452/331/3 1532/341/3
f 1499/328/3 1573/344/3 1572/342/3
f 1530/345/3 1452/331/3 1531/343/3
f 1499/328/3 1574/346/3 1573/344/3
f 1529/347/3 1452/331/3 1530/345/3
f 1499/328/3 1575/348/3 1574/346/3
f 1528/349/3 1452/331/3 1529/347/3
f 1499/328/3 1576/47/3 1575/348/3
f 1527/350/3 1452/331/3 1528/349/3
f 1499/328/3 1525/351/3 1576/47/3
f 1526/352/3 1452/331/3 1527/350/3
f 1499/328/3 1526/352/3 1525/351/3
f 1499/328/3 1452/331/3 1526/352/3
f 1499/328/3 1453/353/3 1452/331/3
f 1498/354/3 1453/353/3 1499/328/3
f 1498/354/3 1454/355/3 1453/353/3
f 1497/356/3 1454/355/3 1498/354/3
f 1497/356/3 1455/357/3 1454/355/3
f 1496/358/3 1455/357/3 1497/356/3
f 1496/358/3 1456/359/3 1455/357/3
f 1495/360/3 1456/359/3 1496/358/3
f 1495/360/3 1457/361/3 1456/359/3
f 1494/362/3 1457/361/3 1495/360/3
f 1494/362/3 1458/363/3 1457/361/3
f 1493/364/3 1458/363/3 1494/362/3
f 1493/364/3 1459/365/3 1458/363/3
f 1492/366/3 1459/365/3 1493/364/3
f 1492/366/3 1460/367/3 1459/365/3
f 1491/368/3 1460/367/3 1492/366/3
f 1491/368/3 1461/369/3 1460/367/3
f 1490/370/3 1461/369/3 1491/368/3
f 1490/370/3 1462/371/3 1461/369/3
f 1489/372/3 1462/371/3 1490/370/3
f 1489/372/3 1463/373/3 1462/371/3
f 1488/374/3 1463/373/3 1489/372/3
f 1487/375/3 1463/373/3 1488/374/3
f 1487/375/3 1464/376/3 1463/373/3
f 1486/377/3 1464/376/3 1487/375/3
f 1486/377/3 1465/378/3 1464/376/3
f 1485/379/3 1465/378/3 1486/377/3
f 1485/379/3 1466/380/3 1465/378/3
f 1485/379/3 1467/381/3 1466/380/3
f 1484/382/3 1467/381/3 1485/379/3
f 1484/382/3 1468/383/3 1467/381/3
f 1483/384/3 1468/383/3 1484/382/3
f 1483/384/3 1469/385/3 1468/383/3
f 1482/386/3 1469/385/3 1483/384/3
f 1482/386/3 1470/387/3 1469/385/3
f 1481/388/3 1470/387/3 1482/386/3
f 1481/388/3 1471/389/3 1470/387/3
f 1480/390/3 1471/389/3 1481/388/3
f 1480/390/3 1472/391/3 1471/389/3
f 1479/392/3 1472/391/3 1480/390/3
f 1479/392/3 1473/393/3 1472/391/3
f 1478/394/3 1473/393/3 1479/392/3
f 1478/394/3 1474/395/3 1473/393/3
f 1477/396/3 1474/395/3 1478/394/3
f 1477/396/3 1475/397/3 1474/395/3
f 1476/398/3 1475/397/3 1477/396/3
f 1709/1/3 1711/3/3 1710/2/3
f 1709/1/3 1712/4/3 1711/3/3
f 1709/1/3 1713/5/3 1712/4/3
f 1708/6/3 1713/5/3 1709/1/3
f 1708/6/3 1714/7/3 1713/5/3
f 1707/8/3 1714/7/3 1708/6/3
f 1707/8/3 1715/9/3 1714/7/3
f 1706/10/3 1715/9/3 1707/8/3
f 1706/10/3 1716/11/3 1715/9/3
f 1705/12/3 1716/11/3 1706/10/3
f 1705/12/3 1717/13/3 1716/11/3
f 1704/14/3 1717/13/3 1705/12/3
f 1704/14/3 1718/15/3 1717/13/3
f 1703/16/3 1718/15/3 1704/14/3
f 1703/16/3 1719/17/3 1718/15/3
f 1702/18/3 1719/17/3 1703/16/3
f 1702/18/3 1720/19/3 1719/17/3
f 1701/20/3 1720/19/3 1702/18/3
f 1701/20/3 1721/21/3 1720/19/3
f 1700/22/3 1721/21/3 1701/20/3
f 1700/22/3 1722/23/3 1721/21/3
f 1699/24/3 1722/23/3 1700/22/3
f 1699/24/3 1723/25/3 1722/23/3
f 1698/26/3 1723/25/3 1699/24/3
f 1697/27/3 1723/25/3 1698/26/3
f 1697/27/3 1724/28/3 1723/25/3
f 1697/27/3 1725/29/3 1724/28/3
f 1696/30/3 1725/29/3 1697/27/3
f 1696/30/3 1726/31/3 1725/29/3
f 1695/32/3 1726/31/3 1696/30/3
f 1695/32/3 1727/33/3 1726/31/3
f 1694/34/3 1727/33/3 1695/32/3
f 1694/34/3 1728/35/3 1727/33/3
f 1693/36/3 1728/35/3 1694/34/3
f 1693/36/3 1729/37/3 1728/35/3
f 1692/38/3 1729/37/3 1693/36/3
f 1692/38/3 1730/39/3 1729/37/3
f 1691/40/3 1730/39/3 1692/38/3
f 1691/40/3 1731/41/3 1730/39/3
f 1690/42/3 1731/41/3 1691/40/3
f 1690/42/3 1732/43/3 1731/41/3
f 1689/44/3 1732/43/3 1690/42/3
f 1689/44/3 1733/45/3 1732/43/3
f 1688/46/3 1733/45/3 1689/44/3
f 1688/46/3 1734/47/3 1733/45/3
f 1687/48/3 1734/47/3 1688/46/3
f 1687/48/3 1592/49/3 1734/47/3
f 1592/49/3 1591/50/3 1734/47/3
f 1591/50/3 1577/51/3 1734/47/3
f 1686/52/3 1594/53/3 1687/48/3
f 1594/53/3 1593/54/3 1687/48/3
f 1593/54/3 1592/49/3 1687/48/3
f 1686/52/3 1595/55/3 1594/53/3
f 1590/56/3 1577/51/3 1591/50/3
f 1686/52/3 1596/57/3 1595/55/3
f 1589/58/3 1577/51/3 1590/56/3
f 1686/52/3 1597/59/3 1596/57/3
f 1588/60/3 1577/51/3 1589/58/3
f 1686/52/3 1598/61/3 1597/59/3
f 1587/62/3 1577/51/3 1588/60/3
f 1686/52/3 1599/63/3 1598/61/3
f 1586/64/3 1577/51/3 1587/62/3
f 1686/52/3 1600/65/3 1599/63/3
f 1585/66/3 1577/51/3 1586/64/3
f 1686/52/3 1601/67/3 1600/65/3
f 1584/68/3 1577/51/3 1585/66/3
f 1686/52/3 1602/69/3 1601/67/3
f 1583/70/3 1577/51/3 1584/68/3
f 1686/52/3 1603/71/3 1602/69/3
f 1582/72/3 1577/51/3 1583/70/3
f 1686/52/3 1604/73/3 1603/71/3
f 1581/74/3 1577/51/3 1582/72/3
f 1686/52/3 1605/75/3 1604/73/3
f 1580/76/3 1577/51/3 1581/74/3
f 1685/77/3 1605/75/3 1686/52/3
f 1685/77/3 1606/78/3 1605/75/3
f 1579/79/3 1577/51/3 1580/76/3
f 1579/79/3 1578/80/3 1577/51/3
f 1633/81/3 1635/83/3 1634/82/3
f 1633/81/3 1632/84/3 1635/83/3
f 1632/84/3 1636/85/3 1635/83/3
f 1631/86/3 1636/85/3 1632/84/3
f 1684/87/3 1606/78/3 1685/77/3
f 1684/87/3 1607/88/3 1606/78/3
f 1630/89/3 1636/85/3 1631/86/3
f 1630/89/3 1637/90/3 1636/85/3
f 1684/87/3 1608/91/3 1607/88/3
f 1629/92/3 1637/90/3 1630/89/3
f 1684/87/3 1609/93/3 1608/91/3
f 1628/94/3 1637/90/3 1629/92/3
f 1684/87/3 1610/95/3 1609/93/3
f 1627/96/3 1637/90/3 1628/94/3
f 1684/87/3 1611/97/3 1610/95/3
f 1626/98/3 1637/90/3 1627/96/3
f 1684/87/3 1612/99/3 1611/97/3
f 1625/100/3 1637/90/3 1626/98/3
f 1684/87/3 1613/101/3 1612/99/3
f 1624/102/3 1637/90/3 1625/100/3
f 1684/87/3 1614/103/3 1613/101/3
f 1623/104/3 1637/90/3 1624/102/3
f 1684/87/3 1615/105/3 1614/103/3
f 1622/106/3 1637/90/3 1623/104/3
f 1684/87/3 1616/107/3 1615/105/3
f 1621/108/3 1637/90/3 1622/106/3
f 1684/87/3 1617/109/3 1616/107/3
f 1620/110/3 1637/90/3 1621/108/3
f 1684/87/3 1618/111/3 1617/109/3
f 1619/112/3 1637/90/3 1620/110/3
f 1684/87/3 1619/112/3 1618/111/3
f 1684/87/3 1637/90/3 1619/112/3
f 1684/87/3 1638/113/3 1637/90/3
f 1683/114/3 1638/113/3 1684/87/3
f 1683/114/3 1639/115/3 1638/113/3
f 1682/116/3 1639/115/3 1683/114/3
f 1682/116/3 1640/117/3 1639/115/3
f 1681/118/3 1640/117/3 1682/116/3
f 1681/118/3 1641/119/3 1640/117/3
f 1680/120/3 1641/119/3 1681/118/3
f 1680/120/3 1642/121/3 1641/119/3
f 1679/122/3 1642/121/3 1680/120/3
f 1679/122/3 1643/123/3 1642/121/3
f 1678/124/3 1643/123/3 1679/122/3
f 1678/124/3 1644/125/3 1643/123/3
f 1677/126/3 1644/125/3 1678/124/3
f 1677/126/3 1645/127/3 1644/125/3
f 1676/128/3 1645/127/3 1677/126/3
f 1676/128/3 1646/129/3 1645/127/3
f 1675/130/3 1646/129/3 1676/128/3
f 1675/130/3 1647/131/3 1646/129/3
f 1674/132/3 1647/131/3 1675/130/3
f 1674/132/3 1648/133/3 1647/131/3
f 1673/134/3 1648/133/3 1674/132/3
f 1672/135/3 1648/133/3 1673/134/3
f 1672/135/3 1649/136/3 1648/133/3
f 1671/137/3 1649/136/3 1672/135/3
f 1671/137/3 1650/138/3 1649/136/3
f 1670/139/3 1650/138/3 1671/137/3
f 1670/139/3 1651/140/3 1650/138/3
f 1670/139/3 1652/141/3 1651/140/3
f 1669/142/3 1652/141/3 1670/139/3
f 1669/142/3 1653/143/3 1652/141/3
f 1668/144/3 1653/143/3 1669/142/3
f 1668/144/3 1654/145/3 1653/143/3
f 1667/146/3 1654/145/3 1668/144/3
f 1667/146/3 1655/147/3 1654/145/3
f 1666/148/3 1655/147/3 1667/146/3
f 1666/148/3 1656/149/3 1655/147/3
f 1665/150/3 1656/149/3 1666/148/3
f 1665/150/3 1657/151/3 1656/149/3
f 1664/152/3 1657/151/3 1665/150/3
f 1664/152/3 1658/153/3 1657/151/3
f 1663/154/3 1658/153/3 1664/152/3
f 1663/154/3 1659/155/3 1658/153/3
f 1662/156/3 1659/155/3 1663/154/3
f 1662/156/3 1660/157/3 1659/155/3
f 1661/158/3 1660/157/3 1662/156/3
f 1740/399/3 1742/401/3 1741/400/3
f 1740/399/3 1743/47/3 1742/401/3
f 1743/47/3 1736/402/3 1735/51/3
f 1743/47/3 1737/403/3 1736/402/3
f 1740/399/3 1737/403/3 1743/47/3
f 1739/404/3 1737/403/3 1740/399/3
f 1739/404/3 1738/405/3 1737/403/3
f 1744/51/3 1746/407/3 1745/406/3
f 1744/51/3 1747/408/3 1746/407/3
f 1744/51/3 1748/409/3 1747/408/3
f 1744/51/3 1749/47/3 1748/409/3
f 1849/249/3 1751/250/3 1750/51/3
f 1849/249/3 1752/251/3 1751/250/3
f 1849/249/3 1753/252/3 1752/251/3
f 1848/253/3 1753/252/3 1849/249/3
f 1848/253/3 1754/254/3 1753/252/3
f 1847/255/3 1754/254/3 1848/253/3
f 1847/255/3 1755/256/3 1754/254/3
f 1846/257/3 1755/256/3 1847/255/3
f 1846/257/3 1756/258/3 1755/256/3
f 1845/259/3 1756/258/3 1846/257/3
f 1845/259/3 1757/260/3 1756/258/3
f 1844/261/3 1757/260/3 1845/259/3
f 1844/261/3 1758/262/3 1757/260/3
f 1843/263/3 1758/262/3 1844/261/3
f 1843/263/3 1759/264/3 1758/262/3
f 1842/265/3 1759/264/3 1843/263/3
f 1842/265/3 1760/266/3 1759/264/3
f 1841/267/3 1760/266/3 1842/265/3
f 1841/267/3 1761/268/3 1760/266/3
f 1840/269/3 1761/268/3 1841/267/3
f 1840/269/3 1762/270/3 1761/268/3
f 1839/271/3 1762/270/3 1840/269/3
f 1839/271/3 1763/272/3 1762/270/3
f 1838/273/3 1763/272/3 1839/271/3
f 1837/274/3 1763/272/3 1838/273/3
f 1837/274/3 1764/275/3 1763/272/3
f 1837/274/3 1765/276/3 1764/275/3
f 1836/277/3 1765/276/3 1837/274/3
f 1836/277/3 1766/278/3 1765/276/3
f 1835/279/3 1766/278/3 1836/277/3
f 1835/279/3 1767/280/3 1766/278/3
f 1834/281/3 1767/280/3 1835/279/3
f 1834/281/3 1768/282/3 1767/280/3
f 1833/283/3 1768/282/3 1834/281/3
f 1833/283/3 1769/284/3 1768/282/3
f 1832/285/3 1769/284/3 1833/283/3
f 1832/285/3 1770/286/3 1769/284/3
f 1831/287/3 1770/286/3 1832/285/3
f 1831/287/3 1771/288/3 1770/286/3
f 1830/289/3 1771/288/3 1831/287/3
f 1830/289/3 1772/290/3 1771/288/3
f 1829/291/3 1772/290/3 1830/289/3
f 1829/291/3 1773/292/3 1772/290/3
f 1828/293/3 1773/292/3 1829/291/3
f 1828/293/3 1774/294/3 1773/292/3
f 1827/295/3 1774/294/3 1828/293/3
f 1827/295/3 1876/296/3 1774/294/3
f 1876/296/3 1775/297/3 1774/294/3
f 1826/298/3 1878/299/3 1827/295/3
f 1878/299/3 1877/300/3 1827/295/3
f 1877/300/3 1876/296/3 1827/295/3
f 1875/301/3 1775/297/3 1876/296/3
f 1826/298/3 1879/302/3 1878/299/3
f 1874/303/3 1775/297/3 1875/301/3
f 1826/298/3 1880/304/3 1879/302/3
f 1873/305/3 1775/297/3 1874/303/3
f 1826/298/3 1881/306/3 1880/304/3
f 1872/307/3 1775/297/3 1873/305/3
f 1826/298/3 1882/308/3 1881/306/3
f 1871/309/3 1775/297/3 1872/307/3
f 1826/298/3 1883/310/3 1882/308/3
f 1870/311/3 1775/297/3 1871/309/3
f 1826/298/3 1884/312/3 1883/310/3
f 1869/313/3 1775/297/3 1870/311/3
f 1826/298/3 1885/314/3 1884/312/3
f 1868/315/3 1775/297/3 1869/313/3
f 1826/298/3 1886/316/3 1885/314/3
f 1867/317/3 1775/297/3 1868/315/3
f 1826/298/3 1887/318/3 1886/316/3
f 1866/319/3 1775/297/3 1867/317/3
f 1826/298/3 1888/320/3 1887/318/3
f 1865/321/3 1775/297/3 1866/319/3
f 1826/298/3 1889/322/3 1888/320/3
f 1864/323/3 1775/297/3 1865/321/3
f 1825/324/3 1889/322/3 1826/298/3
f 1825/324/3 1890/325/3 1889/322/3
f 1863/326/3 1775/297/3 1864/323/3
f 1863/326/3 1776/327/3 1775/297/3
f 1824/328/3 1890/325/3 1825/324/3
f 1824/328/3 1891/329/3 1890/325/3
f 1862/330/3 1776/327/3 1863/326/3
f 1862/330/3 1777/331/3 1776/327/3
f 1824/328/3 1892/332/3 1891/329/3
f 1861/333/3 1777/331/3 1862/330/3
f 1824/328/3 1893/334/3 1892/332/3
f 1860/335/3 1777/331/3 1861/333/3
f 1824/328/3 1894/336/3 1893/334/3
f 1859/337/3 1777/331/3 1860/335/3
f 1824/328/3 1895/338/3 1894/336/3
f 1858/339/3 1777/331/3 1859/337/3
f 1824/328/3 1896/340/3 1895/338/3
f 1857/341/3 1777/331/3 1858/339/3
f 1824/328/3 1897/342/3 1896/340/3
f 1856/343/3 1777/331/3 1857/341/3
f 1824/328/3 1898/344/3 1897/342/3
f 1855/345/3 1777/331/3 1856/343/3
f 1824/328/3 1899/346/3 1898/344/3
f 1854/347/3 1777/331/3 1855/345/3
f 1824/328/3 1900/348/3 1899/346/3
f 1853/349/3 1777/331/3 1854/347/3
f 1824/328/3 1901/47/3 1900/348/3
f 1852/350/3 1777/331/3 1853/349/3
f 1824/328/3 1850/351/3 1901/47/3
f 1851/352/3 1777/331/3 1852/350/3
f 1824/328/3 1851/352/3 1850/351/3
f 1824/328/3 1777/331/3 1851/352/3
f 1824/328/3 1778/353/3 1777/331/3
f 1823/354/3 1778/353/3 1824/328/3
f 1823/354/3 1779/355/3 1778/353/3
f 1822/356/3 1779/355/3 1823/354/3
f 1822/356/3 1780/357/3 1779/355/3
f 1821/358/3 1780/357/3 1822/356/3
f 1821/358/3 1781/359/3 1780/357/3
f 1820/360/3 1781/359/3 1821/358/3
f 1820/360/3 1782/361/3 1781/359/3
f 1819/362/3 1782/361/3 1820/360/3
f 1819/362/3 1783/363/3 1782/361/3
f 1818/364/3 1783/363/3 1819/362/3
f 1818/364/3 1784/365/3 1783/363/3
f 1817/366/3 1784/365/3 1818/364/3
f 1817/366/3 1785/367/3 1784/365/3
f 1816/368/3 1785/367/3 1817/366/3
f 1816/368/3 1786/369/3 1785/367/3
f 1815/370/3 1786/369/3 1816/368/3
f 1815/370/3 1787/371/3 1786/369/3
f 1814/372/3 1787/371/3 1815/370/3
f 1814/372/3 1788/373/3 1787/371/3
f 1813/374/3 1788/373/3 1814/372/3
f 1812/375/3 1788/373/3 1813/374/3
f 1812/375/3 1789/376/3 1788/373/3
f 1811/377/3 1789/376/3 1812/375/3
f 1811/377/3 1790/378/3 1789/376/3
f 1810/379/3 1790/378/3 1811/377/3
f 1810/379/3 1791/380/3 1790/378/3
f 1810/379/3 1792/381/3 1791/380/3
f 1809/382/3 1792/381/3 1810/379/3
f 1809/382/3 1793/383/3 1792/381/3
f 1808/384/3 1793/383/3 1809/382/3
f 1808/384/3 1794/385/3 1793/383/3
f 1807/386/3 1794/385/3 1808/384/3
f 1807/386/3 1795/387/3 1794/385/3
f 1806/388/3 1795/387/3 1807/386/3
f 1806/388/3 1796/389/3 1795/387/3
f 1805/390/3 1796/389/3 1806/388/3
f 1805/390/3 1797/391/3 1796/389/3
f 1804/392/3 1797/391/3 1805/390/3
f 1804/392/3 1798/393/3 1797/391/3
f 1803/394/3 1798/393/3 1804/392/3
f 1803/394/3 1799/395/3 1798/393/3
f 1802/396/3 1799/395/3 1803/394/3
f 1802/396/3 1800/397/3 1799/395/3
f 1801/398/3 1800/397/3 1802/396/3
f 1956/410/3 1981/411/3 1902/51/3
f 1981/411/3 1980/412/3 1902/51/3
f 1980/412/3 1979/413/3 1902/51/3
f 1979/413/3 1978/414/3 1902/51/3
f 1978/414/3 1977/415/3 1902/51/3
f 1977/415/3 1976/416/3 1902/51/3
f 1976/416/3 1975/417/3 1902/51/3
f 1975/417/3 1974/418/3 1902/51/3
f 1974/418/3 1903/419/3 1902/51/3
f 1974/418/3 1904/420/3 1903/419/3
f 1974/418/3 1905/421/3 1904/420/3
f 1974/418/3 1906/422/3 1905/421/3
f 1974/418/3 1907/423/3 1906/422/3
f 1974/418/3 1973/424/3 1907/423/3
f 1973/424/3 1908/425/3 1907/423/3
f 1973/424/3 1909/426/3 1908/425/3
f 1973/424/3 1910/427/3 1909/426/3
f 1973/424/3 1911/428/3 1910/427/3
f 1973/424/3 1912/429/3 1911/428/3
f 1973/424/3 1913/430/3 1912/429/3
f 1973/424/3 1914/431/3 1913/430/3
f 1973/424/3 1915/432/3 1914/431/3
f 1973/424/3 1916/433/3 1915/432/3
f 1973/424/3 1972/434/3 1916/433/3
f 1972/434/3 1917/435/3 1916/433/3
f 1972/434/3 1918/436/3 1917/435/3
f 1972/434/3 1919/437/3 1918/436/3
f 1972/434/3 1920/438/3 1919/437/3
f 1972/434/3 1921/439/3 1920/438/3
f 1972/434/3 1922/440/3 1921/439/3
f 1972/434/3 1923/441/3 1922/440/3
f 1972/434/3 1971/442/3 1923/441/3
f 1971/442/3 1924/443/3 1923/441/3
f 1971/442/3 1925/444/3 1924/443/3
f 1971/442/3 1926/445/3 1925/444/3
f 1971/442/3 1970/446/3 1926/445/3
f 1970/446/3 1969/447/3 1926/445/3
f 1969/447/3 1927/448/3 1926/445/3
f 1968/449/3 1927/448/3 1969/447/3
f 1967/450/3 1927/448/3 1968/449/3
f 1966/451/3 1927/448/3 1967/450/3
f 1965/452/3 1927/448/3 1966/451/3
f 1964/453/3 1927/448/3 1965/452/3
f 1963/454/3 1927/448/3 1964/453/3
f 1962/455/3 1927/448/3 1963/454/3
f 1961/456/3 1927/448/3 1962/455/3
f 1960/457/3 1927/448/3 1961/456/3
f 1956/410/3 1982/458/3 1981/411/3
f 1959/459/3 1927/448/3 1960/457/3
f 1956/410/3 1983/460/3 1982/458/3
f 1958/461/3 1927/448/3 1959/459/3
f 1956/410/3 1984/462/3 1983/460/3
f 1957/463/3 1927/448/3 1958/461/3
f 1957/463/3 1928/464/3 1927/448/3
f 1956/410/3 1985/465/3 1984/462/3
f 2008/47/3 1928/464/3 1957/463/3
f 2008/47/3 1929/466/3 1928/464/3
f 1956/410/3 1986/467/3 1985/465/3
f 2007/468/3 1929/466/3 2008/47/3
f 1956/410/3 1987/469/3 1986/467/3
f 2006/470/3 1929/466/3 2007/468/3
f 1956/410/3 1988/471/3 1987/469/3
f 2005/472/3 1929/466/3 2006/470/3
f 1956/410/3 1989/473/3 1988/471/3
f 2004/474/3 1929/466/3 2005/472/3
f 1956/410/3 1990/475/3 1989/473/3
f 2003/476/3 1929/466/3 2004/474/3
f 1956/410/3 1991/477/3 1990/475/3
f 2002/478/3 1929/466/3 2003/476/3
f 1956/410/3 1992/479/3 1991/477/3
f 2001/480/3 1929/466/3 2002/478/3
f 1956/410/3 1993/481/3 1992/479/3
f 2000/482/3 1929/466/3 2001/480/3
f 1956/410/3 1994/483/3 1993/481/3
f 1999/484/3 1929/466/3 2000/482/3
f 1956/410/3 1995/485/3 1994/483/3
f 1998/486/3 1929/466/3 1999/484/3
f 1956/410/3 1996/487/3 1995/485/3
f 1997/488/3 1929/466/3 1998/486/3
f 1956/410/3 1954/489/3 1996/487/3
f 1954/489/3 1997/488/3 1996/487/3
f 1954/489/3 1929/466/3 1997/488/3
f 1954/489/3 1930/490/3 1929/466/3
f 1954/489/3 1931/491/3 1930/490/3
f 1954/489/3 1932/492/3 1931/491/3
f 1954/489/3 1933/493/3 1932/492/3
f 1954/489/3 1934/494/3 1933/493/3
f 1954/489/3 1935/495/3 1934/494/3
f 1954/489/3 1936/496/3 1935/495/3
f 1954/489/3 1937/497/3 1936/496/3
f 1954/489/3 1938/498/3 1937/497/3
f 1954/489/3 1939/499/3 1938/498/3
f 1954/489/3 1940/500/3 1939/499/3
f 1954/489/3 1941/501/3 1940/500/3
f 1954/489/3 1942/502/3 1941/501/3
f 1954/489/3 1943/503/3 1942/502/3
f 1954/489/3 1944/504/3 1943/503/3
f 1954/489/3 1945/505/3 1944/504/3
f 1954/489/3 1946/506/3 1945/505/3
f 1954/489/3 1947/507/3 1946/506/3
f 1954/489/3 1948/508/3 1947/507/3
f 1954/489/3 1949/509/3 1948/508/3
f 1954/489/3 1950/510/3 1949/509/3
f 1954/489/3 1951/511/3 1950/510/3
f 1954/489/3 1952/512/3 1951/511/3
f 1956/410/3 1955/404/3 1954/489/3
f 1953/513/3 1952/512/3 1954/489/3
f 516/259/4 515/261/4 1519/261/4 1520/259/4
f 143/17/5 142/15/5 1146/15/5 1147/17/5
f 597/67/6 596/65/6 1600/65/6 1601/67/6
f 237/221/7 236/223/7 1240/223/7 1241/221/7
f 926/490/8 925/466/8 1929/466/8 1930/490/8
f 127/16/9 126/18/9 1130/18/9 1131/16/9
f 581/66/10 580/68/10 1584/68/10 1585/66/10
f 927/491/11 926/490/11 1930/490/11 1931/491/11
f 429/262/12 428/260/12 1432/260/12 1433/262/12
f 244/224/13 243/222/13 1247/222/13 1248/224/13
f 515/261/14 514/263/14 1518/263/14 1519/261/14
f 144/19/15 143/17/15 1147/17/15 1148/19/15
f 598/69/16 597/67/16 1601/67/16 1602/69/16
f 236/223/17 235/225/17 1239/225/17 1240/223/17
f 928/492/18 927/491/18 1931/491/18 1932/492/18
f 126/18/19 125/20/19 1129/20/19 1130/18/19
f 580/68/20 579/70/20 1583/70/20 1584/68/20
f 929/493/21 928/492/21 1932/492/21 1933/493/21
f 430/264/22 429/262/22 1433/262/22 1434/264/22
f 245/226/23 244/224/23 1248/224/23 1249/226/23
f 514/263/9 513/265/9 1517/265/9 1518/263/9
f 145/21/24 144/19/24 1148/19/24 1149/21/24
f 599/71/25 598/69/25 1602/69/25 1603/71/25
f 235/225/26 234/227/26 1238/227/26 1239/225/26
f 930/494/27 929/493/27 1933/493/27 1934/494/27
f 125/20/28 124/22/28 1128/22/28 1129/20/28
f 579/70/29 578/72/29 1582/72/29 1583/70/29
f 931/495/30 930/494/30 1934/494/30 1935/495/30
f 431/266/31 430/264/31 1434/264/31 1435/266/31
f 246/228/32 245/226/32 1249/226/32 1250/228/32
f 513/265/33 512/267/33 1516/267/33 1517/265/33
f 146/23/34 145/21/34 1149/21/34 1150/23/34
f 600/73/35 599/71/35 1603/71/35 1604/73/35
f 234/227/36 233/229/36 1237/229/36 1238/227/36
f 932/496/37 931/495/37 1935/495/37 1936/496/37
f 124/22/38 123/24/38 1127/24/38 1128/22/38
f 578/72/39 577/74/39 1581/74/39 1582/72/39
f 933/497/40 932/496/40 1936/496/40 1937/497/40
f 432/268/41 431/266/41 1435/266/41 1436/268/41
f 247/230/42 246/228/42 1250/228/42 1251/230/42
f 512/267/28 511/269/28 1515/269/28 1516/267/28
f 147/25/43 146/23/43 1150/23/43 1151/25/43
f 601/75/44 600/73/44 1604/73/44 1605/75/44
f 233/229/45 232/231/45 1236/231/45 1237/229/45
f 934/498/46 933/497/46 1937/497/46 1938/498/46
f 123/24/47 122/26/47 1126/26/47 1127/24/47
f 577/74/48 576/76/48 1580/76/48 1581/74/48
f 935/499/49 934/498/49 1938/498/49 1939/499/49
f 433/270/50 432/268/50 1436/268/50 1437/270/50
f 122/26/51 121/27/51 1125/27/51 1126/26/51
f 682/52/52 681/77/52 1685/77/52 1686/52/52
f 248/232/53 247/230/53 1251/230/53 1252/232/53
f 511/269/38 510/271/38 1514/271/38 1515/269/38
f 232/231/54 231/233/54 1235/233/54 1236/231/54
f 936/500/55 935/499/55 1939/499/55 1940/500/55
f 148/28/56 147/25/56 1151/25/56 1152/28/56
f 602/78/57 601/75/57 1605/75/57 1606/78/57
f 937/501/58 936/500/58 1940/500/58 1941/501/58
f 434/272/59 433/270/59 1437/270/59 1438/272/59
f 576/76/52 575/79/52 1579/79/52 1580/76/52
f 249/234/60 248/232/60 1252/232/60 1253/234/60
f 510/271/47 509/273/47 1513/273/47 1514/271/47
f 149/29/61 148/28/61 1152/28/61 1153/29/61
f 231/233/62 230/235/62 1234/235/62 1235/233/62
f 938/502/63 937/501/63 1941/501/63 1942/502/63
f 121/27/64 120/30/64 1124/30/64 1125/27/64
f 575/79/65 574/80/65 1578/80/65 1579/79/65
f 509/273/51 508/274/51 1512/274/51 1513/273/51
f 574/80/57 573/51/57 1577/51/57 1578/80/57
f 939/503/66 938/502/66 1942/502/66 1943/503/66
f 630/82/52 629/81/52 1633/81/52 1634/82/52
f 250/236/67 249/234/67 1253/234/67 1254/236/67
f 150/31/68 149/29/68 1153/29/68 1154/31/68
f 230/235/29 229/237/29 1233/237/29 1234/235/29
f 940/504/69 939/503/69 1943/503/69 1944/504/69
f 435/275/56 434/272/56 1438/272/56 1439/275/56
f 120/30/70 119/32/70 1123/32/70 1124/30/70
f 631/83/71 630/82/71 1634/82/71 1635/83/71
f 629/81/65 628/84/65 1632/84/65 1633/81/65
f 941/505/72 940/504/72 1944/504/72 1945/505/72
f 436/276/73 435/275/73 1439/275/73 1440/276/73
f 251/238/74 250/236/74 1254/236/74 1255/238/74
f 508/274/75 507/277/75 1511/277/75 1512/274/75
f 151/33/76 150/31/76 1154/31/76 1155/33/76
f 229/237/77 228/239/77 1232/239/77 1233/237/77
f 942/506/78 941/505/78 1945/505/78 1946/506/78
f 119/32/79 118/34/79 1122/34/79 1123/32/79
f 632/85/57 631/83/57 1635/83/57 1636/85/57
f 628/84/52 627/86/52 1631/86/52 1632/84/52
f 943/507/80 942/506/80 1946/506/80 1947/507/80
f 437/278/68 436/276/68 1440/276/68 1441/278/68
f 252/47/81 251/238/81 1255/238/81 1256/47/81
f 507/277/82 506/279/82 1510/279/82 1511/277/82
f 152/35/83 151/33/83 1155/33/83 1156/35/83
f 681/77/84 680/87/84 1684/87/84 1685/77/84
f 228/239/85 227/240/85 1231/240/85 1232/239/85
f 944/508/86 943/507/86 1947/507/86 1948/508/86
f 118/34/87 117/36/87 1121/36/87 1122/34/87
f 201/217/52 200/241/52 1204/241/52 1205/217/52
f 945/509/88 944/508/88 1948/508/88 1949/509/88
f 438/280/89 437/278/89 1441/278/89 1442/280/89
f 603/88/90 602/78/90 1606/78/90 1607/88/90
f 506/279/91 505/281/91 1509/281/91 1510/279/91
f 153/37/92 152/35/92 1156/35/92 1157/37/92
f 627/86/93 626/89/93 1630/89/93 1631/86/93
f 946/510/94 945/509/94 1949/509/94 1950/510/94
f 117/36/95 116/38/95 1120/38/95 1121/36/95
f 225/242/57 252/47/57 1256/47/57 1229/242/57
f 227/240/52 226/243/52 1230/243/52 1231/240/52
f 947/511/96 946/510/96 1950/510/96 1951/511/96
f 439/282/97 438/280/97 1442/280/97 1443/282/97
f 633/90/98 632/85/98 1636/85/98 1637/90/98
f 505/281/87 504/283/87 1508/283/87 1509/281/87
f 154/39/99 153/37/99 1157/37/99 1158/39/99
f 948/512/100 947/511/100 1951/511/100 1952/512/100
f 116/38/101 115/40/101 1119/40/101 1120/38/101
f 604/91/102 603/88/102 1607/88/102 1608/91/102
f 195/244/57 194/216/57 1198/216/57 1199/244/57
f 952/410/65 951/404/65 1955/404/65 1956/410/65
f 626/89/103 625/92/103 1629/92/103 1630/89/103
f 951/404/57 950/489/57 1954/489/57 1955/404/57
f 440/284/92 439/282/92 1443/282/92 1444/284/92
f 950/489/104 949/513/104 1953/513/104 1954/489/104
f 504/283/95 503/285/95 1507/285/95 1508/283/95
f 155/41/105 154/39/105 1158/39/105 1159/41/105
f 949/513/106 948/512/106 1952/512/106 1953/513/106
f 115/40/107 114/42/107 1118/42/107 1119/40/107
f 605/93/108 604/91/108 1608/91/108 1609/93/108
f 226/243/71 225/242/71 1229/242/71 1230/243/71
f 625/92/109 624/94/109 1628/94/109 1629/92/109
f 198/245/65 197/246/65 1201/246/65 1202/245/65
f 441/286/99 440/284/99 1444/284/99 1445/286/99
f 503/285/101 502/287/101 1506/287/101 1507/285/101
f 156/43/110 155/41/110 1159/41/110 1160/43/110
f 114/42/111 113/44/111 1117/44/111 1118/42/111
f 606/95/112 605/93/112 1609/93/112 1610/95/112
f 200/241/65 199/247/65 1203/247/65 1204/241/65
f 624/94/113 623/96/113 1627/96/113 1628/94/113
f 199/247/57 198/245/57 1202/245/57 1203/247/57
f 442/288/114 441/286/114 1445/286/114 1446/288/114
f 197/246/52 196/248/52 1200/248/52 1201/246/52
f 502/287/115 501/289/115 1505/289/115 1506/287/115
f 157/45/116 156/43/116 1160/43/116 1161/45/116
f 196/248/65 195/244/65 1199/244/65 1200/248/65
f 113/44/117 112/46/117 1116/46/117 1117/44/117
f 607/97/118 606/95/118 1610/95/118 1611/97/118
f 386/2/119 385/1/119 1389/1/119 1390/2/119
f 623/96/120 622/98/120 1626/98/120 1627/96/120
f 443/290/110 442/288/110 1446/288/110 1447/290/110
f 387/3/71 386/2/71 1390/2/71 1391/3/71
f 501/289/111 500/291/111 1504/291/111 1505/289/111
f 158/47/121 157/45/121 1161/45/121 1162/47/121
f 112/46/122 111/48/122 1115/48/122 1116/46/122
f 608/99/123 607/97/123 1611/97/123 1612/99/123
f 388/4/124 387/3/124 1391/3/124 1392/4/124
f 622/98/125 621/100/125 1625/100/125 1626/98/125
f 444/292/116 443/290/116 1447/290/116 1448/292/116
f 389/5/126 388/4/126 1392/4/126 1393/5/126
f 500/291/127 499/293/127 1503/293/127 1504/291/127
f 385/1/128 384/6/128 1388/6/128 1389/1/128
f 16/49/129 15/50/129 1019/50/129 1020/49/129
f 609/101/130 608/99/130 1612/99/130 1613/101/130
f 621/100/131 620/102/131 1624/102/131 1625/100/131
f 445/294/121 444/292/121 1448/292/121 1449/294/121
f 390/7/132 389/5/132 1393/5/132 1394/7/132
f 499/293/122 498/295/122 1502/295/122 1503/293/122
f 1/51/133 158/47/133 1162/47/133 1005/51/133
f 384/6/134 383/8/134 1387/8/134 1388/6/134
f 111/48/135 110/52/135 1114/52/135 1115/48/135
f 610/103/136 609/101/136 1613/101/136 1614/103/136
f 620/102/137 619/104/137 1623/104/137 1624/102/137
f 391/9/138 390/7/138 1394/7/138 1395/9/138
f 18/53/139 17/54/139 1021/54/139 1022/53/139
f 383/8/140 382/10/140 1386/10/140 1387/8/140
f 446/297/133 445/294/133 1449/294/133 1450/297/133
f 611/105/141 610/103/141 1614/103/141 1615/105/141
f 498/295/142 497/298/142 1501/298/142 1502/295/142
f 17/54/65 16/49/65 1020/49/65 1021/54/65
f 619/104/143 618/106/143 1622/106/143 1623/104/143
f 392/11/144 391/9/144 1395/9/144 1396/11/144
f 19/55/145 18/53/145 1022/53/145 1023/55/145
f 382/10/146 381/12/146 1385/12/146 1386/10/146
f 549/299/139 548/300/139 1552/300/139 1553/299/139
f 15/50/147 14/56/147 1018/56/147 1019/50/147
f 612/107/148 611/105/148 1615/105/148 1616/107/148
f 618/106/149 617/108/149 1621/108/149 1622/106/149
f 548/300/65 547/296/65 1551/296/65 1552/300/65
f 393/13/150 392/11/150 1396/11/150 1397/13/150
f 547/296/151 546/301/151 1550/301/151 1551/296/151
f 20/57/152 19/55/152 1023/55/152 1024/57/152
f 381/12/4 380/14/4 1384/14/4 1385/12/4
f 14/56/153 13/58/153 1017/58/153 1018/56/153
f 613/109/154 612/107/154 1616/107/154 1617/109/154
f 617/108/155 616/110/155 1620/110/155 1621/108/155
f 550/302/145 549/299/145 1553/299/145 1554/302/145
f 394/15/156 393/13/156 1397/13/156 1398/15/156
f 546/301/157 545/303/157 1549/303/157 1550/301/157
f 21/59/158 20/57/158 1024/57/158 1025/59/158
f 380/14/14 379/16/14 1383/16/14 1384/14/14
f 13/58/159 12/60/159 1016/60/159 1017/58/159
f 614/111/160 613/109/160 1617/109/160 1618/111/160
f 616/110/161 615/112/161 1619/112/161 1620/110/161
f 551/304/162 550/302/162 1554/302/162 1555/304/162
f 395/17/5 394/15/5 1398/15/5 1399/17/5
f 545/303/163 544/305/163 1548/305/163 1549/303/163
f 22/61/23 21/59/23 1025/59/23 1026/61/23
f 379/16/9 378/18/9 1382/18/9 1383/16/9
f 12/60/164 11/62/164 1015/62/164 1016/60/164
f 615/112/71 614/111/71 1618/111/71 1619/112/71
f 552/306/158 551/304/158 1555/304/158 1556/306/158
f 396/19/15 395/17/15 1399/17/15 1400/19/15
f 544/305/165 543/307/165 1547/307/165 1548/305/165
f 23/63/32 22/61/32 1026/61/32 1027/63/32
f 634/113/166 633/90/166 1637/90/166 1638/113/166
f 378/18/33 377/20/33 1381/20/33 1382/18/33
f 11/62/36 10/64/36 1014/64/36 1015/62/36
f 680/87/167 679/114/167 1683/114/167 1684/87/167
f 553/308/168 552/306/168 1556/306/168 1557/308/168
f 397/21/24 396/19/24 1400/19/24 1401/21/24
f 543/307/169 542/309/169 1546/309/169 1547/307/169
f 24/65/42 23/63/42 1027/63/42 1028/65/42
f 635/115/170 634/113/170 1638/113/170 1639/115/170
f 377/20/28 376/22/28 1380/22/28 1381/20/28
f 10/64/171 9/66/171 1013/66/171 1014/64/171
f 679/114/172 678/116/172 1682/116/172 1683/114/172
f 554/310/173 553/308/173 1557/308/173 1558/310/173
f 398/23/34 397/21/34 1401/21/34 1402/23/34
f 542/309/174 541/311/174 1545/311/174 1546/309/174
f 25/67/175 24/65/175 1028/65/175 1029/67/175
f 636/117/176 635/115/176 1639/115/176 1640/117/176
f 376/22/177 375/24/177 1379/24/177 1380/22/177
f 9/66/178 8/68/178 1012/68/178 1013/66/178
f 678/116/179 677/118/179 1681/118/179 1682/116/179
f 555/312/42 554/310/42 1558/310/42 1559/312/42
f 399/25/43 398/23/43 1402/23/43 1403/25/43
f 541/311/180 540/313/180 1544/313/180 1545/311/180
f 26/69/181 25/67/181 1029/67/181 1030/69/181
f 637/119/182 636/117/182 1640/117/182 1641/119/182
f 375/24/47 374/26/47 1378/26/47 1379/24/47
f 8/68/183 7/70/183 1011/70/183 1012/68/183
f 677/118/184 676/120/184 1680/120/184 1681/118/184
f 374/26/51 373/27/51 1377/27/51 1378/26/51
f 556/314/6 555/312/6 1559/312/6 1560/314/6
f 540/313/185 539/315/185 1543/315/185 1544/313/185
f 27/71/186 26/69/186 1030/69/186 1031/71/186
f 638/121/187 637/119/187 1641/119/187 1642/121/187
f 7/70/188 6/72/188 1010/72/188 1011/70/188
f 676/120/189 675/122/189 1679/122/189 1680/120/189
f 400/28/56 399/25/56 1403/25/56 1404/28/56
f 557/316/16 556/314/16 1560/314/16 1561/316/16
f 401/29/73 400/28/73 1404/28/73 1405/29/73
f 539/315/190 538/317/190 1542/317/190 1543/315/190
f 28/73/35 27/71/35 1031/71/35 1032/73/35
f 889/334/108 888/332/108 1892/332/108 1893/334/108
f 639/123/191 638/121/191 1642/121/191 1643/123/191
f 373/27/64 372/30/64 1376/30/64 1377/27/64
f 6/72/192 5/74/192 1009/74/192 1010/72/192
f 857/333/193 856/335/193 1860/335/193 1861/333/193
f 675/122/194 674/124/194 1678/124/194 1679/122/194
f 558/318/25 557/316/25 1561/316/25 1562/318/25
f 402/31/195 401/29/195 1405/29/195 1406/31/195
f 538/317/196 537/319/196 1541/319/196 1542/317/196
f 29/75/197 28/73/197 1032/73/197 1033/75/197
f 890/336/198 889/334/198 1893/334/198 1894/336/198
f 640/125/199 639/123/199 1643/123/199 1644/125/199
f 372/30/70 371/32/70 1375/32/70 1376/30/70
f 5/74/200 4/76/200 1008/76/200 1009/74/200
f 856/335/201 855/337/201 1859/337/201 1860/335/201
f 674/124/202 673/126/202 1677/126/202 1678/124/202
f 559/320/203 558/318/203 1562/318/203 1563/320/203
f 110/52/52 109/77/52 1113/77/52 1114/52/52
f 403/33/76 402/31/76 1406/31/76 1407/33/76
f 537/319/204 536/321/204 1540/321/204 1541/319/204
f 891/338/118 890/336/118 1894/336/118 1895/338/118
f 641/127/205 640/125/205 1644/125/205 1645/127/205
f 371/32/79 370/34/79 1374/34/79 1375/32/79
f 855/337/206 854/339/206 1858/339/206 1859/337/206
f 673/126/207 672/128/207 1676/128/207 1677/126/207
f 30/78/57 29/75/57 1033/75/57 1034/78/57
f 560/322/44 559/320/44 1563/320/44 1564/322/44
f 4/76/52 3/79/52 1007/79/52 1008/76/52
f 404/35/97 403/33/97 1407/33/97 1408/35/97
f 536/321/208 535/323/208 1539/323/208 1540/321/208
f 892/340/209 891/338/209 1895/338/209 1896/340/209
f 642/129/210 641/127/210 1645/127/210 1646/129/210
f 370/34/87 369/36/87 1373/36/87 1374/34/87
f 3/79/65 2/80/65 1006/80/65 1007/79/65
f 854/339/211 853/341/211 1857/341/211 1858/339/211
f 672/128/212 671/130/212 1675/130/212 1676/128/212
f 497/298/52 496/324/52 1500/324/52 1501/298/52
f 2/80/57 1/51/57 1005/51/57 1006/80/57
f 58/82/52 57/81/52 1061/81/52 1062/82/52
f 405/37/92 404/35/92 1408/35/92 1409/37/92
f 893/342/213 892/340/213 1896/340/213 1897/342/213
f 643/131/214 642/129/214 1646/129/214 1647/131/214
f 369/36/95 368/38/95 1372/38/95 1373/36/95
f 561/325/57 560/322/57 1564/322/57 1565/325/57
f 59/83/71 58/82/71 1062/82/71 1063/83/71
f 853/341/215 852/343/215 1856/343/215 1857/341/215
f 671/130/216 670/132/216 1674/132/216 1675/130/216
f 535/323/52 534/326/52 1538/326/52 1539/323/52
f 57/81/65 56/84/65 1060/84/65 1061/81/65
f 406/39/99 405/37/99 1409/37/99 1410/39/99
f 894/344/217 893/342/217 1897/342/217 1898/344/217
f 644/133/218 643/131/218 1647/131/218 1648/133/218
f 368/38/101 367/40/101 1371/40/101 1372/38/101
f 447/327/57 446/297/57 1450/297/57 1451/327/57
f 60/85/57 59/83/57 1063/83/57 1064/85/57
f 852/343/219 851/345/219 1855/345/219 1856/343/219
f 670/132/220 669/134/220 1673/134/220 1674/132/220
f 496/324/221 495/328/221 1499/328/221 1500/324/221
f 56/84/52 55/86/52 1059/86/52 1060/84/52
f 669/134/222 668/135/222 1672/135/222 1673/134/222
f 407/41/105 406/39/105 1410/39/105 1411/41/105
f 109/77/84 108/87/84 1112/87/84 1113/77/84
f 895/346/223 894/344/223 1898/344/223 1899/346/223
f 367/40/115 366/42/115 1370/42/115 1371/40/115
f 562/329/90 561/325/90 1565/325/90 1566/329/90
f 851/345/224 850/347/224 1854/347/224 1855/345/224
f 534/326/225 533/330/225 1537/330/225 1538/326/225
f 645/136/226 644/133/226 1648/133/226 1649/136/226
f 31/88/227 30/78/227 1034/78/227 1035/88/227
f 668/135/228 667/137/228 1671/137/228 1672/135/228
f 408/43/110 407/41/110 1411/41/110 1412/43/110
f 55/86/229 54/89/229 1058/89/229 1059/86/229
f 896/348/230 895/346/230 1899/346/230 1900/348/230
f 366/42/111 365/44/111 1369/44/111 1370/42/111
f 448/331/98 447/327/98 1451/327/98 1452/331/98
f 850/347/231 849/349/231 1853/349/231 1854/347/231
f 646/138/232 645/136/232 1649/136/232 1650/138/232
f 563/332/233 562/329/233 1566/329/233 1567/332/233
f 61/90/98 60/85/98 1064/85/98 1065/90/98
f 667/137/234 666/139/234 1670/139/234 1671/137/234
f 409/45/116 408/43/116 1412/43/116 1413/45/116
f 533/330/235 532/333/235 1536/333/235 1537/330/235
f 897/47/236 896/348/236 1900/348/236 1901/47/236
f 365/44/127 364/46/127 1368/46/127 1369/44/127
f 32/91/102 31/88/102 1035/88/102 1036/91/102
f 849/349/237 848/350/237 1852/350/237 1853/349/237
f 54/89/238 53/92/238 1057/92/238 1058/89/238
f 647/140/239 646/138/239 1650/138/239 1651/140/239
f 564/334/108 563/332/108 1567/332/108 1568/334/108
f 410/47/121 409/45/121 1413/45/121 1414/47/121
f 532/333/240 531/335/240 1535/335/240 1536/333/240
f 846/351/160 897/47/160 1901/47/160 1850/351/160
f 648/141/241 647/140/241 1651/140/241 1652/141/241
f 364/46/122 363/48/122 1367/48/122 1368/46/122
f 33/93/242 32/91/242 1036/91/242 1037/93/242
f 848/350/243 847/352/243 1851/352/243 1852/350/243
f 666/139/244 665/142/244 1669/142/244 1670/139/244
f 53/92/109 52/94/109 1056/94/109 1057/92/109
f 565/336/112 564/334/112 1568/334/112 1569/336/112
f 531/335/245 530/337/245 1534/337/245 1535/335/245
f 847/352/71 846/351/71 1850/351/71 1851/352/71
f 649/143/246 648/141/246 1652/141/246 1653/143/246
f 268/49/129 267/50/129 1271/50/129 1272/49/129
f 34/95/247 33/93/247 1037/93/247 1038/95/247
f 665/142/248 664/144/248 1668/144/248 1669/142/248
f 52/94/249 51/96/249 1055/96/249 1056/94/249
f 566/338/118 565/336/118 1569/336/118 1570/338/118
f 774/353/166 773/331/166 1777/331/166 1778/353/166
f 253/51/133 410/47/133 1414/47/133 1257/51/133
f 530/337/250 529/339/250 1533/339/250 1534/337/250
f 820/328/167 819/354/167 1823/354/167 1824/328/167
f 650/145/251 649/143/251 1653/143/251 1654/145/251
f 363/48/135 362/52/135 1366/52/135 1367/48/135
f 35/97/252 34/95/252 1038/95/252 1039/97/252
f 664/144/253 663/146/253 1667/146/253 1668/144/253
f 51/96/254 50/98/254 1054/98/254 1055/96/254
f 567/340/123 566/338/123 1570/338/123 1571/340/123
f 775/355/170 774/353/170 1778/353/170 1779/355/170
f 270/53/255 269/54/255 1273/54/255 1274/53/255
f 529/339/256 528/341/256 1532/341/256 1533/339/256
f 819/354/172 818/356/172 1822/356/172 1823/354/172
f 651/147/257 650/145/257 1654/145/257 1655/147/257
f 36/99/123 35/97/123 1039/97/123 1040/99/123
f 663/146/258 662/148/258 1666/148/258 1667/146/258
f 269/54/65 268/49/65 1272/49/65 1273/54/65
f 50/98/125 49/100/125 1053/100/125 1054/98/125
f 568/342/130 567/340/130 1571/340/130 1572/342/130
f 776/357/176 775/355/176 1779/355/176 1780/357/176
f 271/55/145 270/53/145 1274/53/145 1275/55/145
f 528/341/259 527/343/259 1531/343/259 1532/341/259
f 818/356/260 817/358/260 1821/358/260 1822/356/260
f 652/149/261 651/147/261 1655/147/261 1656/149/261
f 267/50/262 266/56/262 1270/56/262 1271/50/262
f 37/101/130 36/99/130 1040/99/130 1041/101/130
f 662/148/263 661/150/263 1665/150/263 1666/148/263
f 49/100/264 48/102/264 1052/102/264 1053/100/264
f 569/344/265 568/342/265 1572/342/265 1573/344/265
f 777/359/182 776/357/182 1780/357/182 1781/359/182
f 272/57/152 271/55/152 1275/55/152 1276/57/152
f 527/343/266 526/345/266 1530/345/266 1531/343/266
f 817/358/184 816/360/184 1820/360/184 1821/358/184
f 653/151/267 652/149/267 1656/149/267 1657/151/267
f 266/56/7 265/58/7 1269/58/7 1270/56/7
f 38/103/268 37/101/268 1041/101/268 1042/103/268
f 661/150/269 660/152/269 1664/152/269 1665/150/269
f 48/102/137 47/104/137 1051/104/137 1052/102/137
f 570/346/141 569/344/141 1573/344/141 1574/346/141
f 778/361/187 777/359/187 1781/359/187 1782/361/187
f 273/59/158 272/57/158 1276/57/158 1277/59/158
f 526/345/270 525/347/270 1529/347/270 1530/345/270
f 816/360/189 815/362/189 1819/362/189 1820/360/189
f 654/153/271 653/151/271 1657/151/271 1658/153/271
f 265/58/159 264/60/159 1268/60/159 1269/58/159
f 39/105/141 38/103/141 1042/103/141 1043/105/141
f 660/152/272 659/154/272 1663/154/272 1664/152/272
f 47/104/143 46/106/143 1050/106/143 1051/104/143
f 571/348/230 570/346/230 1574/346/230 1575/348/230
f 779/363/191 778/361/191 1782/361/191 1783/363/191
f 274/61/23 273/59/23 1277/59/23 1278/61/23
f 525/347/273 524/349/273 1528/349/273 1529/347/273
f 815/362/194 814/364/194 1818/364/194 1819/362/194
f 655/155/274 654/153/274 1658/153/274 1659/155/274
f 264/60/164 263/62/164 1267/62/164 1268/60/164
f 40/107/230 39/105/230 1043/105/230 1044/107/230
f 659/154/275 658/156/275 1662/156/275 1663/154/275
f 46/106/276 45/108/276 1049/108/276 1050/106/276
f 572/47/154 571/348/154 1575/348/154 1576/47/154
f 780/365/199 779/363/199 1783/363/199 1784/365/199
f 275/63/32 274/61/32 1278/61/32 1279/63/32
f 524/349/237 523/350/237 1527/350/237 1528/349/237
f 814/364/202 813/366/202 1817/366/202 1818/364/202
f 656/157/277 655/155/277 1659/155/277 1660/157/277
f 263/62/36 262/64/36 1266/64/36 1267/62/36
f 41/109/236 40/107/236 1044/107/236 1045/109/236
f 658/156/278 657/158/278 1661/158/278 1662/156/278
f 45/108/155 44/110/155 1048/110/155 1049/108/155
f 657/158/65 656/157/65 1660/157/65 1661/158/65
f 521/351/160 572/47/160 1576/47/160 1525/351/160
f 781/367/279 780/365/279 1784/365/279 1785/367/279
f 737/400/280 736/399/280 1740/399/280 1741/400/280
f 276/65/42 275/63/42 1279/63/42 1280/65/42
f 523/350/281 522/352/281 1526/352/281 1527/350/281
f 813/366/282 812/368/282 1816/368/282 1817/366/282
f 262/64/45 261/66/45 1265/66/45 1266/64/45
f 42/111/160 41/109/160 1045/109/160 1046/111/160
f 738/401/71 737/400/71 1741/400/71 1742/401/71
f 44/110/161 43/112/161 1047/112/161 1048/110/161
f 522/352/71 521/351/71 1525/351/71 1526/352/71
f 782/369/210 781/367/210 1785/367/210 1786/369/210
f 739/47/283 738/401/283 1742/401/283 1743/47/283
f 277/67/175 276/65/175 1280/65/175 1281/67/175
f 812/368/212 811/370/212 1815/370/212 1816/368/212
f 731/51/284 739/47/284 1743/47/284 1735/51/284
f 261/66/54 260/68/54 1264/68/54 1265/66/54
f 43/112/71 42/111/71 1046/111/71 1047/112/71
f 449/353/166 448/331/166 1452/331/166 1453/353/166
f 732/402/71 731/51/71 1735/51/71 1736/402/71
f 495/328/167 494/354/167 1498/354/167 1499/328/167
f 783/371/285 782/369/285 1786/369/285 1787/371/285
f 278/69/181 277/67/181 1281/67/181 1282/69/181
f 62/113/166 61/90/166 1065/90/166 1066/113/166
f 811/370/216 810/372/216 1814/372/216 1815/370/216
f 733/403/286 732/402/286 1736/402/286 1737/403/286
f 260/68/183 259/70/183 1263/70/183 1264/68/183
f 108/87/287 107/114/287 1111/114/287 1112/87/287
f 450/355/170 449/353/170 1453/353/170 1454/355/170
f 736/399/52 735/404/52 1739/404/52 1740/399/52
f 494/354/172 493/356/172 1497/356/172 1498/354/172
f 784/373/218 783/371/218 1787/371/218 1788/373/218
f 279/71/67 278/69/67 1282/69/67 1283/71/67
f 63/115/170 62/113/170 1066/113/170 1067/115/170
f 810/372/220 809/374/220 1813/374/220 1814/372/220
f 735/404/65 734/405/65 1738/405/65 1739/404/65
f 259/70/188 258/72/188 1262/72/188 1263/70/188
f 107/114/172 106/116/172 1110/116/172 1111/114/172
f 734/405/57 733/403/57 1737/403/57 1738/405/57
f 451/357/176 450/355/176 1454/355/176 1455/357/176
f 809/374/288 808/375/288 1812/375/288 1813/374/288
f 741/406/52 740/51/52 1744/51/52 1745/406/52
f 493/356/179 492/358/179 1496/358/179 1497/356/179
f 280/73/74 279/71/74 1283/71/74 1284/73/74
f 64/117/176 63/115/176 1067/115/176 1068/117/176
f 742/407/71 741/406/71 1745/406/71 1746/407/71
f 258/72/192 257/74/192 1261/74/192 1262/72/192
f 106/116/179 105/118/179 1109/118/179 1110/116/179
f 785/376/289 784/373/289 1788/373/289 1789/376/289
f 452/359/182 451/357/182 1455/357/182 1456/359/182
f 808/375/290 807/377/290 1811/377/290 1812/375/290
f 743/408/57 742/407/57 1746/407/57 1747/408/57
f 492/358/184 491/360/184 1495/360/184 1496/358/184
f 281/75/197 280/73/197 1284/73/197 1285/75/197
f 65/119/291 64/117/291 1068/117/291 1069/119/291
f 744/409/71 743/408/71 1747/408/71 1748/409/71
f 257/74/200 256/76/200 1260/76/200 1261/74/200
f 105/118/184 104/120/184 1108/120/184 1109/118/184
f 786/378/292 785/376/292 1789/376/292 1790/378/292
f 740/51/65 745/47/65 1749/47/65 1744/51/65
f 453/361/293 452/359/293 1456/359/293 1457/361/293
f 807/377/294 806/379/294 1810/379/294 1811/377/294
f 745/47/57 744/409/57 1748/409/57 1749/47/57
f 362/52/52 361/77/52 1365/77/52 1366/52/52
f 491/360/189 490/362/189 1494/362/189 1495/360/189
f 746/51/119 845/249/119 1849/249/119 1750/51/119
f 66/121/293 65/119/293 1069/119/293 1070/121/293
f 104/120/295 103/122/295 1107/122/295 1108/120/295
f 787/380/296 786/378/296 1790/378/296 1791/380/296
f 747/250/71 746/51/71 1750/51/71 1751/250/71
f 282/78/57 281/75/57 1285/75/57 1286/78/57
f 454/363/191 453/361/191 1457/361/191 1458/363/191
f 256/76/52 255/79/52 1259/79/52 1260/76/52
f 490/362/194 489/364/194 1493/364/194 1494/362/194
f 788/381/297 787/380/297 1791/380/297 1792/381/297
f 748/251/298 747/250/298 1751/250/298 1752/251/298
f 67/123/191 66/121/191 1070/121/191 1071/123/191
f 806/379/244 805/382/244 1809/382/244 1810/379/244
f 255/79/65 254/80/65 1258/80/65 1259/79/65
f 103/122/194 102/124/194 1106/124/194 1107/122/194
f 749/252/299 748/251/299 1752/251/299 1753/252/299
f 254/80/57 253/51/57 1257/51/57 1258/80/57
f 455/365/199 454/363/199 1458/363/199 1459/365/199
f 845/249/128 844/253/128 1848/253/128 1849/249/128
f 310/82/52 309/81/52 1313/81/52 1314/82/52
f 489/364/202 488/366/202 1492/366/202 1493/364/202
f 789/383/300 788/381/300 1792/381/300 1793/383/300
f 68/125/301 67/123/301 1071/123/301 1072/125/301
f 805/382/248 804/384/248 1808/384/248 1809/382/248
f 311/83/71 310/82/71 1314/82/71 1315/83/71
f 102/124/202 101/126/202 1105/126/202 1106/124/202
f 750/254/302 749/252/302 1753/252/302 1754/254/302
f 309/81/65 308/84/65 1312/84/65 1313/81/65
f 456/367/205 455/365/205 1459/365/205 1460/367/205
f 844/253/134 843/255/134 1847/255/134 1848/253/134
f 488/366/207 487/368/207 1491/368/207 1492/366/207
f 790/385/303 789/383/303 1793/383/303 1794/385/303
f 69/127/279 68/125/279 1072/125/279 1073/127/279
f 804/384/253 803/386/253 1807/386/253 1808/384/253
f 312/85/57 311/83/57 1315/83/57 1316/85/57
f 101/126/282 100/128/282 1104/128/282 1105/126/282
f 751/256/304 750/254/304 1754/254/304 1755/256/304
f 308/84/52 307/86/52 1311/86/52 1312/84/52
f 457/369/210 456/367/210 1460/367/210 1461/369/210
f 843/255/140 842/257/140 1846/257/140 1847/255/140
f 487/368/212 486/370/212 1490/370/212 1491/368/212
f 791/387/305 790/385/305 1794/385/305 1795/387/305
f 361/77/84 360/87/84 1364/87/84 1365/77/84
f 70/129/210 69/127/210 1073/127/210 1074/129/210
f 803/386/258 802/388/258 1806/388/258 1807/386/258
f 100/128/306 99/130/306 1103/130/306 1104/128/306
f 752/258/307 751/256/307 1755/256/307 1756/258/307
f 458/371/214 457/369/214 1461/369/214 1462/371/214
f 842/257/146 841/259/146 1845/259/146 1846/257/146
f 283/88/227 282/78/227 1286/78/227 1287/88/227
f 486/370/216 485/372/216 1489/372/216 1490/370/216
f 792/389/86 791/387/86 1795/387/86 1796/389/86
f 307/86/229 306/89/229 1310/89/229 1311/86/229
f 71/131/285 70/129/285 1074/129/285 1075/131/285
f 802/388/263 801/390/263 1805/390/263 1806/388/263
f 99/130/308 98/132/308 1102/132/308 1103/130/308
f 753/260/309 752/258/309 1756/258/309 1757/260/309
f 459/373/218 458/371/218 1462/371/218 1463/373/218
f 841/259/4 840/261/4 1844/261/4 1845/259/4
f 313/90/98 312/85/98 1316/85/98 1317/90/98
f 485/372/220 484/374/220 1488/374/220 1489/372/220
f 793/391/310 792/389/310 1796/389/310 1797/391/310
f 72/133/218 71/131/218 1075/131/218 1076/133/218
f 801/390/269 800/392/269 1804/392/269 1805/390/269
f 284/91/102 283/88/102 1287/88/102 1288/91/102
f 484/374/288 483/375/288 1487/375/288 1488/374/288
f 98/132/311 97/134/311 1101/134/311 1102/132/311
f 754/262/12 753/260/12 1757/260/12 1758/262/12
f 306/89/312 305/92/312 1309/92/312 1310/89/312
f 840/261/14 839/263/14 1843/263/14 1844/261/14
f 97/134/288 96/135/288 1100/135/288 1101/134/288
f 794/393/313 793/391/313 1797/391/313 1798/393/313
f 460/376/289 459/373/289 1463/373/289 1464/376/289
f 800/392/272 799/394/272 1803/394/272 1804/392/272
f 285/93/242 284/91/242 1288/91/242 1289/93/242
f 483/375/228 482/377/228 1486/377/228 1487/375/228
f 755/264/22 754/262/22 1758/262/22 1759/264/22
f 305/92/314 304/94/314 1308/94/314 1309/92/314
f 73/136/315 72/133/315 1076/133/315 1077/136/315
f 839/263/9 838/265/9 1842/265/9 1843/263/9
f 96/135/228 95/137/228 1099/137/228 1100/135/228
f 795/395/316 794/393/316 1798/393/316 1799/395/316
f 461/378/292 460/376/292 1464/376/292 1465/378/292
f 799/394/275 798/396/275 1802/396/275 1803/394/275
f 286/95/247 285/93/247 1289/93/247 1290/95/247
f 482/377/234 481/379/234 1485/379/234 1486/377/234
f 756/266/31 755/264/31 1759/264/31 1760/266/31
f 304/94/249 303/96/249 1307/96/249 1308/94/249
f 74/138/232 73/136/232 1077/136/232 1078/138/232
f 838/265/33 837/267/33 1841/267/33 1842/265/33
f 95/137/234 94/139/234 1098/139/234 1099/137/234
f 796/397/317 795/395/317 1799/395/317 1800/397/317
f 462/380/296 461/378/296 1465/378/296 1466/380/296
f 798/396/278 797/398/278 1801/398/278 1802/396/278
f 287/97/252 286/95/252 1290/95/252 1291/97/252
f 797/398/65 796/397/65 1800/397/65 1801/398/65
f 757/268/41 756/266/41 1760/266/41 1761/268/41
f 303/96/254 302/98/254 1306/98/254 1307/96/254
f 463/381/297 462/380/297 1466/380/297 1467/381/297
f 75/140/239 74/138/239 1078/138/239 1079/140/239
f 898/51/52 952/410/52 1956/410/52 1902/51/52
f 837/267/318 836/269/318 1840/269/318 1841/267/318
f 481/379/319 480/382/319 1484/382/319 1485/379/319
f 76/141/241 75/140/241 1079/140/241 1080/141/241
f 288/99/123 287/97/123 1291/97/123 1292/99/123
f 94/139/319 93/142/319 1097/142/319 1098/139/319
f 977/411/320 976/412/320 1980/412/320 1981/411/320
f 758/270/50 757/268/50 1761/268/50 1762/270/50
f 302/98/125 301/100/125 1305/100/125 1306/98/125
f 464/383/300 463/381/300 1467/381/300 1468/383/300
f 836/269/177 835/271/177 1839/271/177 1840/269/177
f 480/382/248 479/384/248 1483/384/248 1484/382/248
f 976/412/321 975/413/321 1979/413/321 1980/412/321
f 77/143/246 76/141/246 1080/141/246 1081/143/246
f 289/101/322 288/99/322 1292/99/322 1293/101/322
f 93/142/248 92/144/248 1096/144/248 1097/142/248
f 975/413/323 974/414/323 1978/414/323 1979/413/323
f 759/272/59 758/270/59 1762/270/59 1763/272/59
f 301/100/264 300/102/264 1304/102/264 1305/100/264
f 465/385/303 464/383/303 1468/383/303 1469/385/303
f 835/271/47 834/273/47 1838/273/47 1839/271/47
f 479/384/253 478/386/253 1482/386/253 1483/384/253
f 974/414/324 973/415/324 1977/415/324 1978/414/324
f 78/145/251 77/143/251 1081/143/251 1082/145/251
f 834/273/51 833/274/51 1837/274/51 1838/273/51
f 290/103/136 289/101/136 1293/101/136 1294/103/136
f 92/144/253 91/146/253 1095/146/253 1096/144/253
f 973/415/173 972/416/173 1976/416/173 1977/415/173
f 300/102/137 299/104/137 1303/104/137 1304/102/137
f 466/387/305 465/385/305 1469/385/305 1470/387/305
f 478/386/258 477/388/258 1481/388/258 1482/386/258
f 972/416/23 971/417/23 1975/417/23 1976/416/23
f 760/275/56 759/272/56 1763/272/56 1764/275/56
f 79/147/325 78/145/325 1082/145/325 1083/147/325
f 291/105/141 290/103/141 1294/103/141 1295/105/141
f 91/146/258 90/148/258 1094/148/258 1095/146/258
f 971/417/158 970/418/158 1974/418/158 1975/417/158
f 761/276/73 760/275/73 1764/275/73 1765/276/73
f 299/104/143 298/106/143 1302/106/143 1303/104/143
f 467/389/86 466/387/86 1470/387/86 1471/389/86
f 833/274/75 832/277/75 1836/277/75 1837/274/75
f 477/388/263 476/390/263 1480/390/263 1481/388/263
f 80/149/261 79/147/261 1083/147/261 1084/149/261
f 899/419/71 898/51/71 1902/51/71 1903/419/71
f 292/107/326 291/105/326 1295/105/326 1296/107/326
f 90/148/263 89/150/263 1093/150/263 1094/148/263
f 762/278/68 761/276/68 1765/276/68 1766/278/68
f 298/106/276 297/108/276 1301/108/276 1302/106/276
f 468/391/310 467/389/310 1471/389/310 1472/391/310
f 900/420/327 899/419/327 1903/419/327 1904/420/327
f 832/277/82 831/279/82 1835/279/82 1836/277/82
f 476/390/269 475/392/269 1479/392/269 1480/390/269
f 81/151/267 80/149/267 1084/149/267 1085/151/267
f 901/421/328 900/420/328 1904/420/328 1905/421/328
f 293/109/154 292/107/154 1296/107/154 1297/109/154
f 89/150/269 88/152/269 1092/152/269 1093/150/269
f 763/280/76 762/278/76 1766/278/76 1767/280/76
f 297/108/155 296/110/155 1300/110/155 1301/108/155
f 469/393/313 468/391/313 1472/391/313 1473/393/313
f 902/422/329 901/421/329 1905/421/329 1906/422/329
f 831/279/91 830/281/91 1834/281/91 1835/279/91
f 475/392/272 474/394/272 1478/394/272 1479/392/272
f 82/153/271 81/151/271 1085/151/271 1086/153/271
f 903/423/330 902/422/330 1906/422/330 1907/423/330
f 294/111/160 293/109/160 1297/109/160 1298/111/160
f 88/152/272 87/154/272 1091/154/272 1092/152/272
f 970/418/162 969/424/162 1973/424/162 1974/418/162
f 764/282/97 763/280/97 1767/280/97 1768/282/97
f 296/110/161 295/112/161 1299/112/161 1300/110/161
f 470/395/316 469/393/316 1473/393/316 1474/395/316
f 830/281/87 829/283/87 1833/283/87 1834/281/87
f 474/394/275 473/396/275 1477/396/275 1478/394/275
f 83/155/274 82/153/274 1086/153/274 1087/155/274
f 904/425/307 903/423/307 1907/423/307 1908/425/307
f 295/112/71 294/111/71 1298/111/71 1299/112/71
f 87/154/275 86/156/275 1090/156/275 1091/154/275
f 765/284/92 764/282/92 1768/282/92 1769/284/92
f 471/397/317 470/395/317 1474/395/317 1475/397/317
f 905/426/331 904/425/331 1908/425/331 1909/426/331
f 829/283/95 828/285/95 1832/285/95 1833/283/95
f 473/396/278 472/398/278 1476/398/278 1477/396/278
f 314/113/166 313/90/166 1317/90/166 1318/113/166
f 472/398/65 471/397/65 1475/397/65 1476/398/65
f 84/157/277 83/155/277 1087/155/277 1088/157/277
f 906/427/332 905/426/332 1909/426/332 1910/427/332
f 360/87/167 359/114/167 1363/114/167 1364/87/167
f 706/2/119 705/1/119 1709/1/119 1710/2/119
f 86/156/278 85/158/278 1089/158/278 1090/156/278
f 766/286/333 765/284/333 1769/284/333 1770/286/333
f 85/158/65 84/157/65 1088/157/65 1089/158/65
f 907/428/334 906/427/334 1910/427/334 1911/428/334
f 828/285/101 827/287/101 1831/287/101 1832/285/101
f 707/3/71 706/2/71 1710/2/71 1711/3/71
f 167/160/52 166/159/52 1170/159/52 1171/160/52
f 315/115/170 314/113/170 1318/113/170 1319/115/170
f 908/429/335 907/428/335 1911/428/335 1912/429/335
f 359/114/336 358/116/336 1362/116/336 1363/114/336
f 708/4/124 707/3/124 1711/3/124 1712/4/124
f 168/47/71 167/160/71 1171/160/71 1172/47/71
f 767/288/114 766/286/114 1770/286/114 1771/288/114
f 909/430/337 908/429/337 1912/429/337 1913/430/337
f 827/287/115 826/289/115 1830/289/115 1831/287/115
f 709/5/126 708/4/126 1712/4/126 1713/5/126
f 316/117/176 315/115/176 1319/115/176 1320/117/176
f 705/1/128 704/6/128 1708/6/128 1709/1/128
f 910/431/338 909/430/338 1913/430/338 1914/431/338
f 358/116/179 357/118/179 1361/118/179 1362/116/179
f 159/51/339 168/47/339 1172/47/339 1163/51/339
f 768/290/110 767/288/110 1771/288/110 1772/290/110
f 160/162/52 159/51/52 1163/51/52 1164/162/52
f 911/432/340 910/431/340 1914/431/340 1915/432/340
f 826/289/111 825/291/111 1829/291/111 1830/289/111
f 710/7/132 709/5/132 1713/5/132 1714/7/132
f 317/119/291 316/117/291 1320/117/291 1321/119/291
f 704/6/134 703/8/134 1707/8/134 1708/6/134
f 161/163/71 160/162/71 1164/162/71 1165/163/71
f 912/433/341 911/432/341 1915/432/341 1916/433/341
f 357/118/342 356/120/342 1360/120/342 1361/118/342
f 969/424/343 968/434/343 1972/434/343 1973/424/343
f 769/292/344 768/290/344 1772/290/344 1773/292/344
f 162/164/57 161/163/57 1165/163/57 1166/164/57
f 825/291/127 824/293/127 1828/293/127 1829/291/127
f 711/9/138 710/7/138 1714/7/138 1715/9/138
f 166/159/65 165/165/65 1169/165/65 1170/159/65
f 318/121/293 317/119/293 1321/119/293 1322/121/293
f 703/8/140 702/10/140 1706/10/140 1707/8/140
f 165/165/57 164/161/57 1168/161/57 1169/165/57
f 913/435/345 912/433/345 1916/433/345 1917/435/345
f 356/120/189 355/122/189 1359/122/189 1360/120/189
f 164/161/346 163/166/346 1167/166/346 1168/161/346
f 770/294/347 769/292/347 1773/292/347 1774/294/347
f 914/436/348 913/435/348 1917/435/348 1918/436/348
f 824/293/122 823/295/122 1827/295/122 1828/293/122
f 712/11/144 711/9/144 1715/9/144 1716/11/144
f 163/166/65 162/164/65 1166/164/65 1167/166/65
f 319/123/191 318/121/191 1322/121/191 1323/123/191
f 702/10/146 701/12/146 1705/12/146 1706/10/146
f 169/51/119 224/167/119 1228/167/119 1173/51/119
f 915/437/349 914/436/349 1918/436/349 1919/437/349
f 355/122/194 354/124/194 1358/124/194 1359/122/194
f 170/168/71 169/51/71 1173/51/71 1174/168/71
f 916/438/350 915/437/350 1919/437/350 1920/438/350
f 713/13/150 712/11/150 1716/11/150 1717/13/150
f 771/297/133 770/294/133 1774/294/133 1775/297/133
f 320/125/199 319/123/199 1323/123/199 1324/125/199
f 701/12/4 700/14/4 1704/14/4 1705/12/4
f 171/169/124 170/168/124 1174/168/124 1175/169/124
f 917/439/351 916/438/351 1920/438/351 1921/439/351
f 823/295/142 822/298/142 1826/298/142 1827/295/142
f 354/124/202 353/126/202 1357/126/202 1358/124/202
f 172/170/126 171/169/126 1175/169/126 1176/170/126
f 918/440/352 917/439/352 1921/439/352 1922/440/352
f 714/15/353 713/13/353 1717/13/353 1718/15/353
f 224/167/128 223/171/128 1227/171/128 1228/167/128
f 874/299/139 873/300/139 1877/300/139 1878/299/139
f 321/127/279 320/125/279 1324/125/279 1325/127/279
f 700/14/14 699/16/14 1703/16/14 1704/14/14
f 919/441/354 918/440/354 1922/440/354 1923/441/354
f 353/126/282 352/128/282 1356/128/282 1357/126/282
f 968/434/139 967/442/139 1971/442/139 1972/434/139
f 873/300/65 872/296/65 1876/296/65 1877/300/65
f 173/172/132 172/170/132 1176/170/132 1177/172/132
f 872/296/151 871/301/151 1875/301/151 1876/296/151
f 715/17/5 714/15/5 1718/15/5 1719/17/5
f 223/171/134 222/173/134 1226/173/134 1227/171/134
f 322/129/355 321/127/355 1325/127/355 1326/129/355
f 699/16/9 698/18/9 1702/18/9 1703/16/9
f 920/443/356 919/441/356 1923/441/356 1924/443/356
f 352/128/306 351/130/306 1355/130/306 1356/128/306
f 875/302/357 874/299/357 1878/299/357 1879/302/357
f 174/174/138 173/172/138 1177/172/138 1178/174/138
f 921/444/358 920/443/358 1924/443/358 1925/444/358
f 871/301/157 870/303/157 1874/303/157 1875/301/157
f 716/19/15 715/17/15 1719/17/15 1720/19/15
f 222/173/140 221/175/140 1225/175/140 1226/173/140
f 323/131/214 322/129/214 1326/129/214 1327/131/214
f 698/18/33 697/20/33 1701/20/33 1702/18/33
f 922/445/359 921/444/359 1925/444/359 1926/445/359
f 351/130/308 350/132/308 1354/132/308 1355/130/308
f 967/442/65 966/446/65 1970/446/65 1971/442/65
f 876/304/162 875/302/162 1879/302/162 1880/304/162
f 175/176/144 174/174/144 1178/174/144 1179/176/144
f 870/303/360 869/305/360 1873/305/360 1874/303/360
f 717/21/24 716/19/24 1720/19/24 1721/21/24
f 221/175/146 220/177/146 1224/177/146 1225/175/146
f 966/446/129 965/447/129 1969/447/129 1970/446/129
f 324/133/218 323/131/218 1327/131/218 1328/133/218
f 697/20/28 696/22/28 1700/22/28 1701/20/28
f 350/132/311 349/134/311 1353/134/311 1354/132/311
f 877/306/361 876/304/361 1880/304/361 1881/306/361
f 176/178/362 175/176/362 1179/176/362 1180/178/362
f 923/448/363 922/445/363 1926/445/363 1927/448/363
f 869/305/364 868/307/364 1872/307/364 1873/305/364
f 349/134/288 348/135/288 1352/135/288 1353/134/288
f 718/23/34 717/21/34 1721/21/34 1722/23/34
f 220/177/4 219/179/4 1223/179/4 1224/177/4
f 965/447/365 964/449/365 1968/449/365 1969/447/365
f 696/22/38 695/24/38 1699/24/38 1700/22/38
f 964/449/7 963/450/7 1967/450/7 1968/449/7
f 878/308/366 877/306/366 1881/306/366 1882/308/366
f 325/136/315 324/133/315 1328/133/315 1329/136/315
f 177/180/353 176/178/353 1180/178/353 1181/180/353
f 868/307/367 867/309/367 1871/309/367 1872/307/367
f 348/135/290 347/137/290 1351/137/290 1352/135/290
f 719/25/368 718/23/368 1722/23/368 1723/25/368
f 219/179/14 218/181/14 1222/181/14 1223/179/14
f 963/450/159 962/451/159 1966/451/159 1967/450/159
f 695/24/47 694/26/47 1698/26/47 1699/24/47
f 962/451/26 961/452/26 1965/452/26 1966/451/26
f 879/310/369 878/308/369 1882/308/369 1883/310/369
f 326/138/232 325/136/232 1329/136/232 1330/138/232
f 694/26/51 693/27/51 1697/27/51 1698/26/51
f 178/182/5 177/180/5 1181/180/5 1182/182/5
f 867/309/370 866/311/370 1870/311/370 1871/309/370
f 347/137/234 346/139/234 1350/139/234 1351/137/234
f 218/181/9 217/183/9 1221/183/9 1222/181/9
f 961/452/36 960/453/36 1964/453/36 1965/452/36
f 720/28/56 719/25/56 1723/25/56 1724/28/56
f 960/453/371 959/454/371 1963/454/371 1964/453/371
f 880/312/42 879/310/42 1883/310/42 1884/312/42
f 327/140/239 326/138/239 1330/138/239 1331/140/239
f 179/184/15 178/182/15 1182/182/15 1183/184/15
f 866/311/372 865/313/372 1869/313/372 1870/311/372
f 721/29/73 720/28/73 1724/28/73 1725/29/73
f 217/183/33 216/185/33 1220/185/33 1221/183/33
f 959/454/373 958/455/373 1962/455/373 1963/454/373
f 328/141/241 327/140/241 1331/140/241 1332/141/241
f 693/27/75 692/30/75 1696/30/75 1697/27/75
f 346/139/244 345/142/244 1349/142/244 1350/139/244
f 958/455/374 957/456/374 1961/456/374 1962/455/374
f 881/314/375 880/312/375 1884/312/375 1885/314/375
f 180/186/24 179/184/24 1183/184/24 1184/186/24
f 865/313/376 864/315/376 1868/315/376 1869/313/376
f 722/31/68 721/29/68 1725/29/68 1726/31/68
f 216/185/28 215/187/28 1219/187/28 1220/185/28
f 957/456/377 956/457/377 1960/457/377 1961/456/377
f 329/143/246 328/141/246 1332/141/246 1333/143/246
f 692/30/70 691/32/70 1695/32/70 1696/30/70
f 345/142/248 344/144/248 1348/144/248 1349/142/248
f 882/316/378 881/314/378 1885/314/378 1886/316/378
f 181/188/34 180/186/34 1184/186/34 1185/188/34
f 978/458/203 977/411/203 1981/411/203 1982/458/203
f 864/315/379 863/317/379 1867/317/379 1868/315/379
f 723/33/76 722/31/76 1726/31/76 1727/33/76
f 215/187/177 214/189/177 1218/189/177 1219/187/177
f 956/457/380 955/459/380 1959/459/380 1960/457/380
f 330/145/251 329/143/251 1333/143/251 1334/145/251
f 691/32/79 690/34/79 1694/34/79 1695/32/79
f 344/144/253 343/146/253 1347/146/253 1348/144/253
f 883/318/25 882/316/25 1886/316/25 1887/318/25
f 182/190/43 181/188/43 1185/188/43 1186/190/43
f 979/460/381 978/458/381 1982/458/381 1983/460/381
f 863/317/382 862/319/382 1866/319/382 1867/317/382
f 724/35/97 723/33/97 1727/33/97 1728/35/97
f 214/189/47 213/191/47 1217/191/47 1218/189/47
f 955/459/48 954/461/48 1958/461/48 1959/459/48
f 331/147/325 330/145/325 1334/145/325 1335/147/325
f 690/34/87 689/36/87 1693/36/87 1694/34/87
f 343/146/258 342/148/258 1346/148/258 1347/146/258
f 213/191/51 212/192/51 1216/192/51 1217/191/51
f 884/320/383 883/318/383 1887/318/383 1888/320/383
f 980/462/57 979/460/57 1983/460/57 1984/462/57
f 862/319/384 861/321/384 1865/321/384 1866/319/384
f 725/37/92 724/35/92 1728/35/92 1729/37/92
f 954/461/52 953/463/52 1957/463/52 1958/461/52
f 332/149/261 331/147/261 1335/147/261 1336/149/261
f 689/36/95 688/38/95 1692/38/95 1693/36/95
f 183/193/56 182/190/56 1186/190/56 1187/193/56
f 342/148/263 341/150/263 1345/150/263 1346/148/263
f 885/322/381 884/320/381 1888/320/381 1889/322/381
f 184/194/73 183/193/73 1187/193/73 1188/194/73
f 924/464/57 923/448/57 1927/448/57 1928/464/57
f 861/321/208 860/323/208 1864/323/208 1865/321/208
f 726/39/333 725/37/333 1729/37/333 1730/39/333
f 212/192/75 211/195/75 1215/195/75 1216/192/75
f 333/151/267 332/149/267 1336/149/267 1337/151/267
f 688/38/101 687/40/101 1691/40/101 1692/38/101
f 981/465/385 980/462/385 1984/462/385 1985/465/385
f 822/298/52 821/324/52 1825/324/52 1826/298/52
f 341/150/269 340/152/269 1344/152/269 1345/150/269
f 953/463/93 1004/47/93 2008/47/93 1957/463/93
f 185/196/68 184/194/68 1188/194/68 1189/196/68
f 727/41/114 726/39/114 1730/39/114 1731/41/114
f 211/195/70 210/197/70 1214/197/70 1215/195/70
f 886/325/57 885/322/57 1889/322/57 1890/325/57
f 334/153/271 333/151/271 1337/151/271 1338/153/271
f 687/40/115 686/42/115 1690/42/115 1691/40/115
f 925/466/386 924/464/386 1928/464/386 1929/466/386
f 860/323/52 859/326/52 1863/326/52 1864/323/52
f 340/152/272 339/154/272 1343/154/272 1344/152/272
f 186/198/89 185/196/89 1189/196/89 1190/198/89
f 982/467/233 981/465/233 1985/465/233 1986/467/233
f 728/43/110 727/41/110 1731/41/110 1732/43/110
f 210/197/79 209/199/79 1213/199/79 1214/197/79
f 1004/47/387 1003/468/387 2007/468/387 2008/47/387
f 772/327/57 771/297/57 1775/297/57 1776/327/57
f 335/155/274 334/153/274 1338/153/274 1339/155/274
f 686/42/111 685/44/111 1689/44/111 1690/42/111
f 821/324/221 820/328/221 1824/328/221 1825/324/221
f 339/154/275 338/156/275 1342/156/275 1343/154/275
f 187/200/97 186/198/97 1190/198/97 1191/200/97
f 983/469/388 982/467/388 1986/467/388 1987/469/388
f 729/45/116 728/43/116 1732/43/116 1733/45/116
f 209/199/87 208/201/87 1212/201/87 1213/199/87
f 1003/468/389 1002/470/389 2006/470/389 2007/468/389
f 887/329/385 886/325/385 1890/325/385 1891/329/385
f 336/157/277 335/155/277 1339/155/277 1340/157/277
f 685/44/127 684/46/127 1688/46/127 1689/44/127
f 859/326/390 858/330/390 1862/330/390 1863/326/390
f 338/156/278 337/158/278 1341/158/278 1342/156/278
f 337/158/65 336/157/65 1340/157/65 1341/158/65
f 188/202/92 187/200/92 1191/200/92 1192/202/92
f 984/471/391 983/469/391 1987/469/391 1988/471/391
f 419/160/52 418/159/52 1422/159/52 1423/160/52
f 730/47/121 729/45/121 1733/45/121 1734/47/121
f 208/201/392 207/203/392 1211/203/392 1212/201/392
f 1002/470/393 1001/472/393 2005/472/393 2006/470/393
f 773/331/98 772/327/98 1776/327/98 1777/331/98
f 684/46/394 683/48/394 1687/48/394 1688/46/394
f 420/47/71 419/160/71 1423/160/71 1424/47/71
f 888/332/395 887/329/395 1891/329/395 1892/332/395
f 189/204/333 188/202/333 1192/202/333 1193/204/333
f 985/473/396 984/471/396 1988/471/396 1989/473/396
f 858/330/397 857/333/397 1861/333/397 1862/330/397
f 207/203/101 206/205/101 1210/205/101 1211/203/101
f 1001/472/398 1000/474/398 2004/474/398 2005/472/398
f 588/49/129 587/50/129 1591/50/129 1592/49/129
f 411/51/339 420/47/339 1424/47/339 1415/51/339
f 412/162/52 411/51/52 1415/51/52 1416/162/52
f 190/206/114 189/204/114 1193/204/114 1194/206/114
f 986/475/399 985/473/399 1989/473/399 1990/475/399
f 573/51/400 730/47/400 1734/47/400 1577/51/400
f 206/205/115 205/207/115 1209/207/115 1210/205/115
f 1000/474/401 999/476/401 2003/476/401 2004/474/401
f 413/163/71 412/162/71 1416/162/71 1417/163/71
f 683/48/135 682/52/135 1686/52/135 1687/48/135
f 134/2/119 133/1/119 1137/1/119 1138/2/119
f 414/164/57 413/163/57 1417/163/57 1418/164/57
f 191/208/110 190/206/110 1194/206/110 1195/208/110
f 987/477/130 986/475/130 1990/475/130 1991/477/130
f 418/159/65 417/165/65 1421/165/65 1422/159/65
f 135/3/71 134/2/71 1138/2/71 1139/3/71
f 590/53/139 589/54/139 1593/54/139 1594/53/139
f 205/207/402 204/209/402 1208/209/402 1209/207/402
f 999/476/131 998/478/131 2002/478/131 2003/476/131
f 417/165/57 416/161/57 1420/161/57 1421/165/57
f 416/161/346 415/166/346 1419/166/346 1420/161/346
f 136/4/124 135/3/124 1139/3/124 1140/4/124
f 589/54/65 588/49/65 1592/49/65 1593/54/65
f 192/210/344 191/208/344 1195/208/344 1196/210/344
f 988/479/136 987/477/136 1991/477/136 1992/479/136
f 415/166/65 414/164/65 1418/164/65 1419/166/65
f 137/5/126 136/4/126 1140/4/126 1141/5/126
f 591/55/145 590/53/145 1594/53/145 1595/55/145
f 204/209/127 203/211/127 1207/211/127 1208/209/127
f 998/478/137 997/480/137 2001/480/137 2002/478/137
f 421/51/119 520/249/119 1524/249/119 1425/51/119
f 133/1/128 132/6/128 1136/6/128 1137/1/128
f 587/50/147 586/56/147 1590/56/147 1591/50/147
f 422/250/71 421/51/71 1425/51/71 1426/250/71
f 193/212/121 192/210/121 1196/210/121 1197/212/121
f 989/481/141 988/479/141 1992/479/141 1993/481/141
f 138/7/132 137/5/132 1141/5/132 1142/7/132
f 592/57/403 591/55/403 1595/55/403 1596/57/403
f 203/211/122 202/213/122 1206/213/122 1207/211/122
f 997/480/143 996/482/143 2000/482/143 2001/480/143
f 423/251/298 422/250/298 1426/250/298 1427/251/298
f 132/6/134 131/8/134 1135/8/134 1136/6/134
f 586/56/404 585/58/404 1589/58/404 1590/56/404
f 424/252/299 423/251/299 1427/251/299 1428/252/299
f 990/483/230 989/481/230 1993/481/230 1994/483/230
f 520/249/128 519/253/128 1523/253/128 1524/249/128
f 139/9/138 138/7/138 1142/7/138 1143/9/138
f 593/59/158 592/57/158 1596/57/158 1597/59/158
f 239/214/129 238/215/129 1242/215/129 1243/214/129
f 996/482/405 995/484/405 1999/484/405 2000/482/405
f 131/8/140 130/10/140 1134/10/140 1135/8/140
f 585/58/159 584/60/159 1588/60/159 1589/58/159
f 425/254/302 424/252/302 1428/252/302 1429/254/302
f 194/216/400 193/212/400 1197/212/400 1198/216/400
f 991/485/406 990/483/406 1994/483/406 1995/485/406
f 519/253/134 518/255/134 1522/255/134 1523/253/134
f 140/11/144 139/9/144 1143/9/144 1144/11/144
f 594/61/23 593/59/23 1597/59/23 1598/61/23
f 202/213/142 201/217/142 1205/217/142 1206/213/142
f 995/484/407 994/486/407 1998/486/407 1999/484/407
f 130/10/146 129/12/146 1133/12/146 1134/10/146
f 584/60/26 583/62/26 1587/62/26 1588/60/26
f 426/256/304 425/254/304 1429/254/304 1430/256/304
f 241/218/139 240/219/139 1244/219/139 1245/218/139
f 992/487/160 991/485/160 1995/485/160 1996/487/160
f 518/255/140 517/257/140 1521/257/140 1522/255/140
f 141/13/362 140/11/362 1144/11/362 1145/13/362
f 595/63/173 594/61/173 1598/61/173 1599/63/173
f 994/486/161 993/488/161 1997/488/161 1998/486/161
f 129/12/4 128/14/4 1132/14/4 1133/12/4
f 583/62/36 582/64/36 1586/64/36 1587/62/36
f 240/219/65 239/214/65 1243/214/65 1244/219/65
f 427/258/307 426/256/307 1430/256/307 1431/258/307
f 242/220/408 241/218/408 1245/218/408 1246/220/408
f 517/257/146 516/259/146 1520/259/146 1521/257/146
f 142/15/156 141/13/156 1145/13/156 1146/15/156
f 596/65/42 595/63/42 1599/63/42 1600/65/42
f 238/215/262 237/221/262 1241/221/262 1242/215/262
f 128/14/14 127/16/14 1131/16/14 1132/14/14
f 582/64/171 581/66/171 1585/66/171 1586/64/171
f 993/488/71 992/487/71 1996/487/71 1997/488/71
f 428/260/309 427/258/309 1431/258/309 1432/260/309
f 243/222/409 242/220/409 1246/220/409 1247/222/409
