# Blender 4.4.3
# www.blender.org
mtllib POLYGONGANG.mtl
o Text
v -2.450475 0.409570 -0.060433
v -2.450475 0.387313 -0.060433
v -2.397615 0.387313 -0.060433
v -2.397615 0.409570 -0.060433
v -2.397596 0.410015 -0.060433
v -2.397537 0.410421 -0.060433
v -2.397441 0.410788 -0.060433
v -2.397306 0.411116 -0.060433
v -2.397132 0.411406 -0.060433
v -2.396919 0.411657 -0.060433
v -2.396668 0.411870 -0.060433
v -2.396379 0.412043 -0.060433
v -2.396050 0.412179 -0.060433
v -2.395684 0.412275 -0.060433
v -2.395278 0.412333 -0.060433
v -2.394833 0.412353 -0.060433
v -2.219558 0.412353 -0.060433
v -2.219114 0.412333 -0.060433
v -2.218708 0.412275 -0.060433
v -2.218341 0.412179 -0.060433
v -2.218013 0.412043 -0.060433
v -2.217723 0.411870 -0.060433
v -2.217472 0.411657 -0.060433
v -2.217259 0.411406 -0.060433
v -2.217086 0.411116 -0.060433
v -2.216950 0.410788 -0.060433
v -2.216854 0.410421 -0.060433
v -2.216796 0.410015 -0.060433
v -2.216776 0.409570 -0.060433
v -2.216776 0.233898 -0.060433
v -2.216795 0.233454 -0.060433
v -2.216853 0.233048 -0.060433
v -2.216950 0.232681 -0.060433
v -2.217085 0.232353 -0.060433
v -2.217259 0.232063 -0.060433
v -2.217471 0.231812 -0.060433
v -2.217722 0.231599 -0.060433
v -2.218012 0.231425 -0.060433
v -2.218340 0.231290 -0.060433
v -2.218707 0.231193 -0.060433
v -2.219113 0.231135 -0.060433
v -2.219558 0.231116 -0.060433
v -2.394833 0.231116 -0.060433
v -2.395277 0.231135 -0.060433
v -2.395683 0.231193 -0.060433
v -2.396050 0.231290 -0.060433
v -2.396378 0.231425 -0.060433
v -2.396668 0.231599 -0.060433
v -2.396919 0.231812 -0.060433
v -2.397131 0.232063 -0.060433
v -2.397305 0.232353 -0.060433
v -2.397440 0.232681 -0.060433
v -2.397537 0.233048 -0.060433
v -2.397595 0.233454 -0.060433
v -2.397615 0.233898 -0.060433
v -2.397615 0.287951 -0.060433
v -2.332831 0.287951 -0.060433
v -2.332831 0.340414 -0.060433
v -2.450475 0.340414 -0.060433
v -2.450475 0.233898 -0.060433
v -2.450362 0.230105 -0.060433
v -2.450023 0.226407 -0.060433
v -2.449457 0.222807 -0.060433
v -2.448665 0.219303 -0.060433
v -2.447646 0.215896 -0.060433
v -2.446401 0.212585 -0.060433
v -2.444930 0.209371 -0.060433
v -2.443233 0.206253 -0.060433
v -2.441309 0.203233 -0.060433
v -2.439159 0.200308 -0.060433
v -2.436783 0.197481 -0.060433
v -2.434180 0.194750 -0.060433
v -2.431417 0.192179 -0.060433
v -2.428561 0.189831 -0.060433
v -2.425610 0.187707 -0.060433
v -2.422566 0.185807 -0.060433
v -2.419428 0.184130 -0.060433
v -2.416196 0.182677 -0.060433
v -2.412871 0.181447 -0.060433
v -2.409451 0.180441 -0.060433
v -2.405937 0.179659 -0.060433
v -2.402330 0.179100 -0.060433
v -2.398629 0.178765 -0.060433
v -2.394833 0.178653 -0.060433
v -2.219558 0.178653 -0.060433
v -2.215764 0.178765 -0.060433
v -2.212067 0.179100 -0.060433
v -2.208467 0.179659 -0.060433
v -2.204962 0.180441 -0.060433
v -2.201555 0.181447 -0.060433
v -2.198245 0.182677 -0.060433
v -2.195030 0.184130 -0.060433
v -2.191913 0.185807 -0.060433
v -2.188893 0.187707 -0.060433
v -2.185968 0.189831 -0.060433
v -2.183141 0.192179 -0.060433
v -2.180409 0.194750 -0.060433
v -2.177838 0.197481 -0.060433
v -2.175491 0.200308 -0.060433
v -2.173367 0.203233 -0.060433
v -2.171467 0.206253 -0.060433
v -2.169790 0.209371 -0.060433
v -2.168337 0.212585 -0.060433
v -2.167107 0.215896 -0.060433
v -2.166101 0.219303 -0.060433
v -2.165319 0.222807 -0.060433
v -2.164760 0.226407 -0.060433
v -2.164424 0.230105 -0.060433
v -2.164313 0.233898 -0.060433
v -2.164313 0.409570 -0.060433
v -2.164425 0.413364 -0.060433
v -2.164760 0.417061 -0.060433
v -2.165319 0.420662 -0.060433
v -2.166101 0.424166 -0.060433
v -2.167107 0.427573 -0.060433
v -2.168337 0.430884 -0.060433
v -2.169790 0.434098 -0.060433
v -2.171467 0.437215 -0.060433
v -2.173367 0.440236 -0.060433
v -2.175491 0.443160 -0.060433
v -2.177839 0.445988 -0.060433
v -2.180409 0.448719 -0.060433
v -2.183141 0.451290 -0.060433
v -2.185968 0.453638 -0.060433
v -2.188893 0.455761 -0.060433
v -2.191913 0.457662 -0.060433
v -2.195030 0.459338 -0.060433
v -2.198245 0.460792 -0.060433
v -2.201555 0.462021 -0.060433
v -2.204962 0.463027 -0.060433
v -2.208467 0.463810 -0.060433
v -2.212067 0.464369 -0.060433
v -2.215764 0.464704 -0.060433
v -2.219558 0.464816 -0.060433
v -2.394833 0.464816 -0.060433
v -2.398628 0.464704 -0.060433
v -2.402329 0.464369 -0.060433
v -2.405936 0.463810 -0.060433
v -2.409450 0.463027 -0.060433
v -2.412869 0.462021 -0.060433
v -2.416195 0.460792 -0.060433
v -2.419427 0.459338 -0.060433
v -2.422565 0.457662 -0.060433
v -2.425609 0.455761 -0.060433
v -2.428560 0.453638 -0.060433
v -2.431416 0.451290 -0.060433
v -2.434180 0.448719 -0.060433
v -2.436783 0.445988 -0.060433
v -2.439159 0.443160 -0.060433
v -2.441309 0.440236 -0.060433
v -2.443233 0.437215 -0.060433
v -2.444930 0.434098 -0.060433
v -2.446401 0.430884 -0.060433
v -2.447646 0.427573 -0.060433
v -2.448665 0.424166 -0.060433
v -2.449457 0.420662 -0.060433
v -2.450023 0.417061 -0.060433
v -2.450362 0.413364 -0.060433
v -2.066938 0.254963 -0.060433
v -2.066938 0.464816 -0.060433
v -2.119798 0.464816 -0.060433
v -2.119798 0.178653 -0.060433
v -2.062566 0.178653 -0.060433
v -1.886099 0.388506 -0.060433
v -1.886099 0.178653 -0.060433
v -1.833636 0.178653 -0.060433
v -1.833636 0.464816 -0.060433
v -1.890868 0.464816 -0.060433
v -1.557409 0.464816 -0.060433
v -1.732684 0.464816 -0.060433
v -1.736479 0.464704 -0.060433
v -1.740180 0.464369 -0.060433
v -1.743788 0.463810 -0.060433
v -1.747301 0.463027 -0.060433
v -1.750720 0.462021 -0.060433
v -1.754046 0.460792 -0.060433
v -1.757278 0.459338 -0.060433
v -1.760416 0.457662 -0.060433
v -1.763460 0.455761 -0.060433
v -1.766411 0.453638 -0.060433
v -1.769267 0.451290 -0.060433
v -1.772031 0.448719 -0.060433
v -1.774634 0.445988 -0.060433
v -1.777010 0.443160 -0.060433
v -1.779160 0.440236 -0.060433
v -1.781084 0.437215 -0.060433
v -1.782781 0.434098 -0.060433
v -1.784252 0.430884 -0.060433
v -1.785497 0.427573 -0.060433
v -1.786516 0.424166 -0.060433
v -1.787308 0.420662 -0.060433
v -1.787874 0.417061 -0.060433
v -1.788213 0.413364 -0.060433
v -1.788327 0.409570 -0.060433
v -1.788327 0.178653 -0.060433
v -1.735466 0.178653 -0.060433
v -1.735466 0.274835 -0.060433
v -1.554627 0.274835 -0.060433
v -1.554627 0.178653 -0.060433
v -1.502164 0.178653 -0.060433
v -1.502164 0.409570 -0.060433
v -1.502276 0.413364 -0.060433
v -1.502611 0.417061 -0.060433
v -1.503170 0.420662 -0.060433
v -1.503953 0.424166 -0.060433
v -1.504958 0.427573 -0.060433
v -1.506188 0.430884 -0.060433
v -1.507641 0.434098 -0.060433
v -1.509318 0.437215 -0.060433
v -1.511218 0.440236 -0.060433
v -1.513342 0.443160 -0.060433
v -1.515690 0.445988 -0.060433
v -1.518260 0.448719 -0.060433
v -1.520992 0.451290 -0.060433
v -1.523819 0.453638 -0.060433
v -1.526744 0.455761 -0.060433
v -1.529764 0.457662 -0.060433
v -1.532881 0.459338 -0.060433
v -1.536096 0.460792 -0.060433
v -1.539407 0.462021 -0.060433
v -1.542814 0.463027 -0.060433
v -1.546318 0.463810 -0.060433
v -1.549918 0.464369 -0.060433
v -1.553615 0.464704 -0.060433
v -1.554627 0.327299 -0.060433
v -1.735466 0.327299 -0.060433
v -1.735466 0.409570 -0.060433
v -1.735447 0.410015 -0.060433
v -1.735389 0.410421 -0.060433
v -1.735292 0.410788 -0.060433
v -1.735157 0.411116 -0.060433
v -1.734983 0.411406 -0.060433
v -1.734771 0.411657 -0.060433
v -1.734519 0.411870 -0.060433
v -1.734230 0.412043 -0.060433
v -1.733901 0.412179 -0.060433
v -1.733535 0.412275 -0.060433
v -1.733129 0.412333 -0.060433
v -1.732684 0.412353 -0.060433
v -1.557409 0.412353 -0.060433
v -1.556965 0.412333 -0.060433
v -1.556559 0.412275 -0.060433
v -1.556192 0.412179 -0.060433
v -1.555863 0.412043 -0.060433
v -1.555574 0.411870 -0.060433
v -1.555322 0.411657 -0.060433
v -1.555110 0.411406 -0.060433
v -1.554936 0.411116 -0.060433
v -1.554801 0.410788 -0.060433
v -1.554704 0.410421 -0.060433
v -1.554646 0.410015 -0.060433
v -1.554627 0.409570 -0.060433
v -1.457649 0.409570 -0.060433
v -1.457649 0.387313 -0.060433
v -1.404789 0.387313 -0.060433
v -1.404789 0.409570 -0.060433
v -1.404770 0.410015 -0.060433
v -1.404711 0.410421 -0.060433
v -1.404615 0.410788 -0.060433
v -1.404480 0.411116 -0.060433
v -1.404306 0.411406 -0.060433
v -1.404094 0.411657 -0.060433
v -1.403842 0.411870 -0.060433
v -1.403553 0.412043 -0.060433
v -1.403224 0.412179 -0.060433
v -1.402858 0.412275 -0.060433
v -1.402452 0.412333 -0.060433
v -1.402007 0.412353 -0.060433
v -1.226732 0.412353 -0.060433
v -1.226288 0.412333 -0.060433
v -1.225882 0.412275 -0.060433
v -1.225515 0.412179 -0.060433
v -1.225187 0.412043 -0.060433
v -1.224897 0.411870 -0.060433
v -1.224646 0.411657 -0.060433
v -1.224434 0.411406 -0.060433
v -1.224260 0.411116 -0.060433
v -1.224124 0.410788 -0.060433
v -1.224028 0.410421 -0.060433
v -1.223970 0.410015 -0.060433
v -1.223950 0.409570 -0.060433
v -1.223950 0.233898 -0.060433
v -1.223969 0.233454 -0.060433
v -1.224027 0.233048 -0.060433
v -1.224124 0.232681 -0.060433
v -1.224259 0.232353 -0.060433
v -1.224433 0.232063 -0.060433
v -1.224645 0.231812 -0.060433
v -1.224896 0.231599 -0.060433
v -1.225186 0.231425 -0.060433
v -1.225514 0.231290 -0.060433
v -1.225881 0.231193 -0.060433
v -1.226287 0.231135 -0.060433
v -1.226732 0.231116 -0.060433
v -1.402007 0.231116 -0.060433
v -1.402451 0.231135 -0.060433
v -1.402857 0.231193 -0.060433
v -1.403224 0.231290 -0.060433
v -1.403552 0.231425 -0.060433
v -1.403842 0.231599 -0.060433
v -1.404093 0.231812 -0.060433
v -1.404305 0.232063 -0.060433
v -1.404479 0.232353 -0.060433
v -1.404614 0.232681 -0.060433
v -1.404711 0.233048 -0.060433
v -1.404769 0.233454 -0.060433
v -1.404789 0.233898 -0.060433
v -1.404789 0.287951 -0.060433
v -1.340005 0.287951 -0.060433
v -1.340005 0.340414 -0.060433
v -1.457649 0.340414 -0.060433
v -1.457649 0.233898 -0.060433
v -1.457536 0.230105 -0.060433
v -1.457197 0.226407 -0.060433
v -1.456631 0.222807 -0.060433
v -1.455839 0.219303 -0.060433
v -1.454820 0.215896 -0.060433
v -1.453575 0.212585 -0.060433
v -1.452104 0.209371 -0.060433
v -1.450407 0.206253 -0.060433
v -1.448483 0.203233 -0.060433
v -1.446333 0.200308 -0.060433
v -1.443957 0.197481 -0.060433
v -1.441354 0.194750 -0.060433
v -1.438591 0.192179 -0.060433
v -1.435735 0.189831 -0.060433
v -1.432784 0.187707 -0.060433
v -1.429740 0.185807 -0.060433
v -1.426602 0.184130 -0.060433
v -1.423370 0.182677 -0.060433
v -1.420045 0.181447 -0.060433
v -1.416625 0.180441 -0.060433
v -1.413111 0.179659 -0.060433
v -1.409504 0.179100 -0.060433
v -1.405803 0.178765 -0.060433
v -1.402007 0.178653 -0.060433
v -1.226732 0.178653 -0.060433
v -1.222938 0.178765 -0.060433
v -1.219241 0.179100 -0.060433
v -1.215641 0.179659 -0.060433
v -1.212137 0.180441 -0.060433
v -1.208730 0.181447 -0.060433
v -1.205418 0.182677 -0.060433
v -1.202204 0.184130 -0.060433
v -1.199087 0.185807 -0.060433
v -1.196067 0.187707 -0.060433
v -1.193142 0.189831 -0.060433
v -1.190315 0.192179 -0.060433
v -1.187583 0.194750 -0.060433
v -1.185012 0.197481 -0.060433
v -1.182665 0.200308 -0.060433
v -1.180541 0.203233 -0.060433
v -1.178641 0.206253 -0.060433
v -1.176964 0.209371 -0.060433
v -1.175511 0.212585 -0.060433
v -1.174281 0.215896 -0.060433
v -1.173275 0.219303 -0.060433
v -1.172493 0.222807 -0.060433
v -1.171934 0.226407 -0.060433
v -1.171598 0.230105 -0.060433
v -1.171487 0.233898 -0.060433
v -1.171487 0.409570 -0.060433
v -1.171599 0.413364 -0.060433
v -1.171934 0.417061 -0.060433
v -1.172493 0.420662 -0.060433
v -1.173275 0.424166 -0.060433
v -1.174281 0.427573 -0.060433
v -1.175511 0.430884 -0.060433
v -1.176964 0.434098 -0.060433
v -1.178641 0.437215 -0.060433
v -1.180541 0.440236 -0.060433
v -1.182665 0.443160 -0.060433
v -1.185013 0.445988 -0.060433
v -1.187583 0.448719 -0.060433
v -1.190315 0.451290 -0.060433
v -1.193142 0.453638 -0.060433
v -1.196067 0.455761 -0.060433
v -1.199087 0.457662 -0.060433
v -1.202204 0.459338 -0.060433
v -1.205418 0.460792 -0.060433
v -1.208730 0.462021 -0.060433
v -1.212137 0.463027 -0.060433
v -1.215641 0.463810 -0.060433
v -1.219241 0.464369 -0.060433
v -1.222938 0.464704 -0.060433
v -1.226732 0.464816 -0.060433
v -1.402007 0.464816 -0.060433
v -1.405802 0.464704 -0.060433
v -1.409503 0.464369 -0.060433
v -1.413110 0.463810 -0.060433
v -1.416624 0.463027 -0.060433
v -1.420043 0.462021 -0.060433
v -1.423369 0.460792 -0.060433
v -1.426601 0.459338 -0.060433
v -1.429739 0.457662 -0.060433
v -1.432783 0.455761 -0.060433
v -1.435734 0.453638 -0.060433
v -1.438590 0.451290 -0.060433
v -1.441354 0.448719 -0.060433
v -1.443957 0.445988 -0.060433
v -1.446333 0.443160 -0.060433
v -1.448483 0.440236 -0.060433
v -1.450407 0.437215 -0.060433
v -1.452104 0.434098 -0.060433
v -1.453575 0.430884 -0.060433
v -1.454820 0.427573 -0.060433
v -1.455839 0.424166 -0.060433
v -1.456631 0.420662 -0.060433
v -1.457197 0.417061 -0.060433
v -1.457536 0.413364 -0.060433
v -0.881716 0.160133 0.000001
v -0.881716 0.600500 0.000001
v -0.992642 0.600500 0.000002
v -0.992642 0.000000 0.000002
v -0.872542 0.000000 0.000001
v -0.502234 0.440367 0.000001
v -0.502234 0.000000 0.000001
v -0.392142 0.000000 0.000001
v -0.392142 0.600500 0.000001
v -0.512242 0.600500 0.000001
v 0.184172 0.600500 0.000001
v -0.184469 0.600500 0.000001
v -0.192299 0.600266 0.000001
v -0.199944 0.599562 0.000001
v -0.207404 0.598389 0.000001
v -0.214679 0.596747 0.000001
v -0.221768 0.594636 0.000001
v -0.228672 0.592056 0.000001
v -0.235391 0.589006 0.000001
v -0.241924 0.585488 0.000001
v -0.248272 0.581500 0.000001
v -0.254434 0.577043 0.000001
v -0.260412 0.572117 0.000001
v -0.266204 0.566722 0.000001
v -0.271665 0.560991 0.000001
v -0.276652 0.555057 0.000001
v -0.281164 0.548921 0.000001
v -0.285201 0.542582 0.000001
v -0.288763 0.536040 0.000001
v -0.291850 0.529295 0.000001
v -0.294462 0.522348 0.000001
v -0.296599 0.515198 0.000001
v -0.298261 0.507845 0.000001
v -0.299449 0.500290 0.000001
v -0.300161 0.492531 0.000001
v -0.300399 0.484570 0.000001
v -0.300399 0.115930 0.000001
v -0.300161 0.107969 0.000001
v -0.299449 0.100211 0.000001
v -0.298261 0.092655 0.000001
v -0.296599 0.085303 0.000001
v -0.294462 0.078153 0.000001
v -0.291850 0.071205 0.000001
v -0.288763 0.064461 0.000001
v -0.285201 0.057919 0.000001
v -0.281164 0.051579 0.000001
v -0.276652 0.045443 0.000001
v -0.271665 0.039509 0.000001
v -0.266204 0.033778 0.000001
v -0.260412 0.028383 0.000001
v -0.254435 0.023457 0.000001
v -0.248272 0.019000 0.000001
v -0.241924 0.015013 0.000001
v -0.235391 0.011494 0.000001
v -0.228672 0.008445 0.000001
v -0.221768 0.005864 0.000001
v -0.214679 0.003753 0.000001
v -0.207405 0.002111 0.000001
v -0.199945 0.000938 0.000001
v -0.192300 0.000235 0.000001
v -0.184469 0.000000 0.000001
v 0.184172 0.000000 0.000001
v 0.192133 0.000235 0.000001
v 0.199891 0.000938 0.000001
v 0.207446 0.002111 0.000001
v 0.214799 0.003753 0.000001
v 0.221949 0.005864 0.000001
v 0.228896 0.008445 0.000001
v 0.235641 0.011494 0.000001
v 0.242183 0.015013 0.000001
v 0.248522 0.019000 0.000001
v 0.254658 0.023457 0.000001
v 0.260592 0.028383 0.000001
v 0.266324 0.033778 0.000001
v 0.271719 0.039509 0.000001
v 0.276645 0.045443 0.000001
v 0.281101 0.051579 0.000001
v 0.285089 0.057919 0.000001
v 0.288608 0.064461 0.000001
v 0.291657 0.071205 0.000001
v 0.294237 0.078153 0.000001
v 0.296349 0.085303 0.000001
v 0.297991 0.092655 0.000001
v 0.299163 0.100211 0.000001
v 0.299867 0.107969 0.000001
v 0.300102 0.115930 0.000001
v 0.300102 0.484570 0.000001
v 0.299867 0.492531 0.000001
v 0.299163 0.500290 0.000001
v 0.297991 0.507845 0.000001
v 0.296349 0.515198 0.000001
v 0.294237 0.522348 0.000001
v 0.291657 0.529295 0.000001
v 0.288608 0.536040 0.000001
v 0.285089 0.542582 0.000001
v 0.281101 0.548921 0.000001
v 0.276645 0.555057 0.000001
v 0.271719 0.560991 0.000001
v 0.266324 0.566722 0.000001
v 0.260592 0.572117 0.000001
v 0.254659 0.577043 0.000001
v 0.248522 0.581500 0.000001
v 0.242183 0.585488 0.000001
v 0.235641 0.589006 0.000001
v 0.228897 0.592056 0.000001
v 0.221949 0.594636 0.000001
v 0.214799 0.596747 0.000001
v 0.207447 0.598389 0.000001
v 0.199891 0.599562 0.000001
v 0.192133 0.600266 0.000001
v 0.184172 0.110092 0.000001
v -0.184469 0.110092 0.000001
v -0.185268 0.110132 0.000001
v -0.185998 0.110254 0.000001
v -0.186658 0.110457 0.000001
v -0.187249 0.110740 0.000001
v -0.187770 0.111105 0.000001
v -0.188222 0.111551 0.000001
v -0.188604 0.112078 0.000001
v -0.188917 0.112686 0.000001
v -0.189160 0.113376 0.000001
v -0.189334 0.114146 0.000001
v -0.189438 0.114997 0.000001
v -0.189473 0.115930 0.000001
v -0.189473 0.484570 0.000001
v -0.189438 0.485503 0.000001
v -0.189334 0.486354 0.000001
v -0.189160 0.487125 0.000001
v -0.188917 0.487814 0.000001
v -0.188604 0.488422 0.000001
v -0.188222 0.488949 0.000001
v -0.187770 0.489395 0.000001
v -0.187249 0.489760 0.000001
v -0.186658 0.490044 0.000001
v -0.185998 0.490247 0.000001
v -0.185268 0.490368 0.000001
v -0.184469 0.490409 0.000001
v 0.184172 0.490409 0.000001
v 0.185104 0.490368 0.000001
v 0.185956 0.490247 0.000001
v 0.186726 0.490044 0.000001
v 0.187415 0.489760 0.000001
v 0.188024 0.489395 0.000001
v 0.188551 0.488949 0.000001
v 0.188997 0.488422 0.000001
v 0.189362 0.487814 0.000001
v 0.189645 0.487125 0.000001
v 0.189848 0.486354 0.000001
v 0.189970 0.485503 0.000001
v 0.190010 0.484570 0.000001
v 0.190010 0.115930 0.000001
v 0.189970 0.114997 0.000001
v 0.189848 0.114146 0.000001
v 0.189645 0.113376 0.000001
v 0.189362 0.112686 0.000001
v 0.188997 0.112078 0.000001
v 0.188551 0.111551 0.000001
v 0.188024 0.111105 0.000001
v 0.187415 0.110740 0.000001
v 0.186726 0.110457 0.000001
v 0.185956 0.110254 0.000001
v 0.185104 0.110132 0.000001
v 0.390177 0.484570 0.000001
v 0.390177 0.437865 0.000001
v 0.501103 0.437865 0.000001
v 0.501103 0.484570 0.000001
v 0.501143 0.485503 0.000001
v 0.501265 0.486354 0.000001
v 0.501467 0.487125 0.000001
v 0.501751 0.487814 0.000001
v 0.502116 0.488422 0.000001
v 0.502562 0.488949 0.000001
v 0.503089 0.489395 0.000001
v 0.503697 0.489760 0.000001
v 0.504387 0.490044 0.000001
v 0.505157 0.490247 0.000001
v 0.506008 0.490368 0.000001
v 0.506941 0.490409 0.000001
v 0.874747 0.490409 0.000001
v 0.875680 0.490368 0.000001
v 0.876531 0.490247 0.000001
v 0.877301 0.490044 0.000001
v 0.877991 0.489760 0.000001
v 0.878599 0.489395 0.000001
v 0.879126 0.488949 0.000001
v 0.879572 0.488422 0.000001
v 0.879937 0.487814 0.000001
v 0.880221 0.487125 0.000001
v 0.880423 0.486354 0.000001
v 0.880545 0.485503 0.000001
v 0.880585 0.484570 0.000001
v 0.880585 0.115930 0.000001
v 0.880545 0.114997 0.000001
v 0.880423 0.114146 0.000001
v 0.880221 0.113376 0.000001
v 0.879937 0.112686 0.000001
v 0.879572 0.112078 0.000001
v 0.879126 0.111551 0.000001
v 0.878599 0.111105 0.000001
v 0.877991 0.110740 0.000001
v 0.877301 0.110457 0.000001
v 0.876531 0.110254 0.000001
v 0.875680 0.110132 0.000001
v 0.874747 0.110092 0.000001
v 0.506941 0.110092 0.000001
v 0.506008 0.110132 0.000001
v 0.505157 0.110254 0.000001
v 0.504387 0.110457 0.000001
v 0.503697 0.110740 0.000001
v 0.503089 0.111105 0.000001
v 0.502562 0.111551 0.000001
v 0.502116 0.112078 0.000001
v 0.501751 0.112686 0.000001
v 0.501467 0.113376 0.000001
v 0.501265 0.114146 0.000001
v 0.501143 0.114997 0.000001
v 0.501103 0.115930 0.000001
v 0.501103 0.229358 0.000001
v 0.637049 0.229358 0.000001
v 0.637049 0.339450 0.000001
v 0.390177 0.339450 0.000001
v 0.390177 0.115930 0.000001
v 0.390414 0.107969 0.000001
v 0.391127 0.100211 0.000001
v 0.392314 0.092655 0.000001
v 0.393976 0.085303 0.000001
v 0.396113 0.078153 0.000001
v 0.398726 0.071205 0.000001
v 0.401813 0.064461 0.000001
v 0.405375 0.057919 0.000001
v 0.409411 0.051579 0.000001
v 0.413923 0.045443 0.000001
v 0.418910 0.039509 0.000001
v 0.424372 0.033778 0.000001
v 0.430170 0.028383 0.000001
v 0.436164 0.023457 0.000001
v 0.442356 0.019000 0.000001
v 0.448744 0.015013 0.000001
v 0.455329 0.011494 0.000001
v 0.462112 0.008445 0.000001
v 0.469091 0.005864 0.000001
v 0.476267 0.003753 0.000001
v 0.483640 0.002111 0.000001
v 0.491210 0.000938 0.000001
v 0.498977 0.000235 0.000001
v 0.506941 0.000000 0.000001
v 0.874747 0.000000 0.000001
v 0.882708 0.000235 0.000001
v 0.890466 0.000938 0.000001
v 0.898022 0.002111 0.000001
v 0.905375 0.003753 0.000001
v 0.912525 0.005864 0.000001
v 0.919472 0.008445 0.000001
v 0.926217 0.011494 0.000001
v 0.932759 0.015013 0.000001
v 0.939098 0.019000 0.000001
v 0.945235 0.023457 0.000001
v 0.951168 0.028383 0.000001
v 0.956899 0.033778 0.000001
v 0.962294 0.039509 0.000001
v 0.967220 0.045443 0.000001
v 0.971677 0.051579 0.000001
v 0.975665 0.057919 0.000001
v 0.979183 0.064461 0.000001
v 0.982233 0.071205 0.000001
v 0.984813 0.078153 0.000001
v 0.986924 0.085303 0.000001
v 0.988566 0.092655 0.000001
v 0.989739 0.100211 0.000001
v 0.990443 0.107969 0.000001
v 0.990677 0.115930 0.000001
v 0.990677 0.484570 0.000001
v 0.990443 0.492531 0.000001
v 0.989739 0.500290 0.000001
v 0.988566 0.507845 0.000001
v 0.986924 0.515198 0.000001
v 0.984813 0.522348 0.000001
v 0.982233 0.529295 0.000001
v 0.979183 0.536040 0.000001
v 0.975665 0.542582 0.000001
v 0.971677 0.548921 0.000001
v 0.967220 0.555057 0.000001
v 0.962294 0.560991 0.000001
v 0.956899 0.566722 0.000001
v 0.951168 0.572117 0.000001
v 0.945234 0.577043 0.000001
v 0.939098 0.581500 0.000001
v 0.932759 0.585488 0.000001
v 0.926217 0.589006 0.000001
v 0.919472 0.592056 0.000001
v 0.912525 0.594636 0.000001
v 0.905375 0.596747 0.000001
v 0.898022 0.598389 0.000001
v 0.890466 0.599562 0.000001
v 0.882708 0.600266 0.000001
v 0.874747 0.600500 0.000001
v 0.506941 0.600500 0.000001
v 0.498977 0.600266 0.000001
v 0.491210 0.599562 0.000001
v 0.483640 0.598389 0.000001
v 0.476267 0.596747 0.000001
v 0.469091 0.594636 0.000001
v 0.462111 0.592056 0.000001
v 0.455329 0.589006 0.000001
v 0.448744 0.585488 0.000001
v 0.442355 0.581500 0.000001
v 0.436164 0.577043 0.000001
v 0.430169 0.572117 0.000001
v 0.424372 0.566722 0.000001
v 0.418910 0.560991 0.000001
v 0.413924 0.555057 0.000001
v 0.409412 0.548921 0.000001
v 0.405375 0.542582 0.000001
v 0.401813 0.536040 0.000001
v 0.398726 0.529295 0.000001
v 0.396114 0.522348 0.000001
v 0.393976 0.515198 0.000001
v 0.392314 0.507845 0.000001
v 0.391127 0.500290 0.000001
v 0.390414 0.492531 0.000001
v 1.161653 0.600500 0.000001
v 1.029877 0.600500 0.000001
v 1.307608 0.224354 0.000001
v 1.307608 0.000000 0.000001
v 1.417700 0.000000 0.000001
v 1.417700 0.224354 0.000001
v 1.695431 0.600500 0.000001
v 1.564489 0.600500 0.000001
v 1.362654 0.345288 0.000001
v 2.311778 0.000000 0.000000
v 2.311778 0.601334 0.000000
v 2.201686 0.601334 0.000000
v 2.201686 0.110092 0.000000
v 1.711278 0.110092 0.000001
v 1.711278 0.000000 0.000001
v 2.888926 0.600500 0.000000
v 2.520285 0.600500 0.000000
v 2.512455 0.600266 0.000000
v 2.504809 0.599562 0.000000
v 2.497350 0.598389 0.000000
v 2.490075 0.596747 0.000000
v 2.482986 0.594636 0.000000
v 2.476082 0.592056 0.000000
v 2.469363 0.589006 0.000000
v 2.462830 0.585488 0.000000
v 2.456482 0.581500 0.000000
v 2.450320 0.577043 0.000000
v 2.444342 0.572117 0.000000
v 2.438550 0.566722 0.000000
v 2.433089 0.560991 0.000000
v 2.428102 0.555057 0.000000
v 2.423590 0.548921 0.000000
v 2.419553 0.542582 0.000000
v 2.415991 0.536040 0.000000
v 2.412904 0.529295 0.000000
v 2.410292 0.522348 0.000000
v 2.408155 0.515198 0.000000
v 2.406493 0.507845 0.000000
v 2.405305 0.500290 0.000000
v 2.404593 0.492531 0.000000
v 2.404355 0.484570 0.000000
v 2.404355 0.115930 0.000000
v 2.404593 0.107969 0.000000
v 2.405305 0.100211 0.000000
v 2.406492 0.092655 0.000000
v 2.408155 0.085303 0.000000
v 2.410292 0.078153 0.000000
v 2.412904 0.071205 0.000000
v 2.415991 0.064461 0.000000
v 2.419553 0.057919 0.000000
v 2.423590 0.051579 0.000000
v 2.428102 0.045443 0.000000
v 2.433089 0.039509 0.000000
v 2.438550 0.033778 0.000000
v 2.444342 0.028383 0.000000
v 2.450320 0.023457 0.000000
v 2.456482 0.019000 0.000000
v 2.462830 0.015013 0.000000
v 2.469363 0.011494 0.000000
v 2.476082 0.008445 0.000000
v 2.482986 0.005864 0.000000
v 2.490075 0.003753 0.000000
v 2.497350 0.002111 0.000000
v 2.504809 0.000938 0.000000
v 2.512455 0.000235 0.000000
v 2.520285 0.000000 0.000000
v 2.888926 0.000000 0.000000
v 2.896887 0.000235 0.000000
v 2.904645 0.000938 0.000000
v 2.912200 0.002111 0.000000
v 2.919553 0.003753 0.000000
v 2.926703 0.005864 0.000000
v 2.933650 0.008445 0.000000
v 2.940395 0.011494 0.000000
v 2.946937 0.015013 0.000000
v 2.953276 0.019000 0.000000
v 2.959413 0.023457 0.000000
v 2.965347 0.028383 0.000000
v 2.971078 0.033778 0.000000
v 2.976473 0.039509 0.000000
v 2.981399 0.045443 0.000000
v 2.985856 0.051579 0.000000
v 2.989843 0.057919 0.000000
v 2.993362 0.064461 0.000000
v 2.996411 0.071205 0.000000
v 2.998991 0.078153 0.000000
v 3.001103 0.085303 0.000000
v 3.002745 0.092655 0.000000
v 3.003917 0.100211 0.000000
v 3.004621 0.107969 0.000000
v 3.004856 0.115930 0.000000
v 3.004856 0.484570 0.000000
v 3.004621 0.492531 0.000000
v 3.003918 0.500290 0.000000
v 3.002745 0.507845 0.000000
v 3.001103 0.515198 0.000000
v 2.998991 0.522348 0.000000
v 2.996411 0.529295 0.000000
v 2.993362 0.536040 0.000000
v 2.989843 0.542582 0.000000
v 2.985856 0.548921 0.000000
v 2.981399 0.555057 0.000000
v 2.976473 0.560991 0.000000
v 2.971078 0.566722 0.000000
v 2.965347 0.572117 0.000000
v 2.959413 0.577043 0.000000
v 2.953276 0.581500 0.000000
v 2.946937 0.585488 0.000000
v 2.940395 0.589006 0.000000
v 2.933650 0.592056 0.000000
v 2.926703 0.594636 0.000000
v 2.919553 0.596747 0.000000
v 2.912200 0.598389 0.000000
v 2.904645 0.599562 0.000000
v 2.896887 0.600266 0.000000
v 2.888926 0.110092 0.000000
v 2.520285 0.110092 0.000000
v 2.519486 0.110132 0.000000
v 2.518756 0.110254 0.000000
v 2.518096 0.110457 0.000000
v 2.517505 0.110740 0.000000
v 2.516984 0.111105 0.000000
v 2.516532 0.111551 0.000000
v 2.516150 0.112078 0.000000
v 2.515837 0.112686 0.000000
v 2.515594 0.113376 0.000000
v 2.515420 0.114146 0.000000
v 2.515316 0.114997 0.000000
v 2.515281 0.115930 0.000000
v 2.515281 0.484570 0.000000
v 2.515316 0.485503 0.000000
v 2.515420 0.486354 0.000000
v 2.515594 0.487125 0.000000
v 2.515837 0.487814 0.000000
v 2.516150 0.488422 0.000000
v 2.516532 0.488949 0.000000
v 2.516984 0.489395 0.000000
v 2.517506 0.489760 0.000000
v 2.518096 0.490044 0.000000
v 2.518757 0.490247 0.000000
v 2.519486 0.490368 0.000000
v 2.520285 0.490409 0.000000
v 2.888926 0.490409 0.000000
v 2.889858 0.490368 0.000000
v 2.890710 0.490247 0.000000
v 2.891480 0.490044 0.000000
v 2.892169 0.489760 0.000000
v 2.892777 0.489395 0.000000
v 2.893305 0.488949 0.000000
v 2.893750 0.488422 0.000000
v 2.894115 0.487814 0.000000
v 2.894399 0.487125 0.000000
v 2.894602 0.486354 0.000000
v 2.894723 0.485503 0.000000
v 2.894764 0.484570 0.000000
v 2.894764 0.115930 0.000000
v 2.894723 0.114997 0.000000
v 2.894602 0.114146 0.000000
v 2.894399 0.113376 0.000000
v 2.894115 0.112686 0.000000
v 2.893750 0.112078 0.000000
v 2.893305 0.111551 0.000000
v 2.892777 0.111105 0.000000
v 2.892169 0.110740 0.000000
v 2.891480 0.110457 0.000000
v 2.890710 0.110254 0.000000
v 2.889858 0.110132 0.000000
v 3.662904 0.599666 -0.000000
v 3.179168 0.599666 0.000000
v 3.171204 0.599429 0.000000
v 3.163437 0.598716 0.000000
v 3.155867 0.597529 0.000000
v 3.148494 0.595867 0.000000
v 3.141318 0.593730 0.000000
v 3.134339 0.591118 0.000000
v 3.127556 0.588031 0.000000
v 3.120971 0.584469 0.000000
v 3.114583 0.580432 0.000000
v 3.108391 0.575920 0.000000
v 3.102396 0.570933 0.000000
v 3.096599 0.565471 0.000000
v 3.091137 0.559679 0.000000
v 3.086150 0.553702 0.000000
v 3.081639 0.547540 0.000000
v 3.077602 0.541192 0.000000
v 3.074040 0.534659 0.000000
v 3.070953 0.527940 0.000000
v 3.068341 0.521036 0.000000
v 3.066203 0.513947 0.000000
v 3.064541 0.506672 0.000000
v 3.063354 0.499212 0.000000
v 3.062641 0.491567 0.000000
v 3.062404 0.483736 0.000000
v 3.062404 0.321935 0.000000
v 3.062641 0.314104 0.000000
v 3.063354 0.306459 0.000000
v 3.064541 0.298999 0.000000
v 3.066203 0.291725 0.000000
v 3.068340 0.284635 0.000000
v 3.070952 0.277731 0.000000
v 3.074039 0.271013 0.000000
v 3.077601 0.264480 0.000000
v 3.081638 0.258132 0.000000
v 3.086150 0.251969 0.000000
v 3.091137 0.245992 0.000000
v 3.096599 0.240200 0.000000
v 3.102396 0.234738 0.000000
v 3.108391 0.229752 0.000000
v 3.114583 0.225240 0.000000
v 3.120971 0.221203 0.000000
v 3.127556 0.217641 0.000000
v 3.134339 0.214554 0.000000
v 3.141318 0.211942 0.000000
v 3.148494 0.209804 0.000000
v 3.155867 0.208142 0.000000
v 3.163437 0.206955 0.000000
v 3.171204 0.206242 0.000000
v 3.179168 0.206005 0.000000
v 3.550310 0.205171 0.000000
v 3.552812 0.206005 0.000000
v 3.552812 0.000000 0.000000
v 3.662904 0.000000 0.000000
v 3.173330 0.321935 0.000000
v 3.173330 0.483736 0.000000
v 3.173370 0.484669 0.000000
v 3.173492 0.485520 0.000000
v 3.173694 0.486291 0.000000
v 3.173978 0.486980 0.000000
v 3.174343 0.487588 0.000000
v 3.174789 0.488115 0.000000
v 3.175316 0.488561 0.000000
v 3.175924 0.488926 0.000000
v 3.176614 0.489210 0.000000
v 3.177384 0.489412 0.000000
v 3.178235 0.489534 0.000000
v 3.179168 0.489575 0.000000
v 3.546974 0.489575 0.000000
v 3.547907 0.489534 0.000000
v 3.548758 0.489412 0.000000
v 3.549528 0.489210 0.000000
v 3.550218 0.488926 0.000000
v 3.550826 0.488561 0.000000
v 3.551353 0.488115 0.000000
v 3.551799 0.487588 0.000000
v 3.552164 0.486980 0.000000
v 3.552448 0.486291 0.000000
v 3.552650 0.485520 0.000000
v 3.552772 0.484669 0.000000
v 3.552812 0.483736 0.000000
v 3.552812 0.321935 0.000000
v 3.552772 0.321002 0.000000
v 3.552650 0.320151 0.000000
v 3.552448 0.319381 0.000000
v 3.552164 0.318691 0.000000
v 3.551799 0.318083 0.000000
v 3.551353 0.317556 0.000000
v 3.550826 0.317110 0.000000
v 3.550218 0.316745 0.000000
v 3.549528 0.316462 0.000000
v 3.548758 0.316259 0.000000
v 3.547907 0.316137 0.000000
v 3.546974 0.316097 0.000000
v 3.179168 0.316097 0.000000
v 3.178235 0.316137 0.000000
v 3.177384 0.316259 0.000000
v 3.176613 0.316462 0.000000
v 3.175924 0.316745 0.000000
v 3.175316 0.317110 0.000000
v 3.174789 0.317556 0.000000
v 3.174343 0.318083 0.000000
v 3.173978 0.318691 0.000000
v 3.173694 0.319381 0.000000
v 3.173492 0.320151 0.000000
v 3.173370 0.321002 0.000000
v -2.450475 0.409570 -0.170468
v -2.450475 0.387313 -0.170468
v -2.397615 0.387313 -0.170468
v -2.397615 0.409570 -0.170468
v -2.397596 0.410015 -0.170468
v -2.397537 0.410421 -0.170468
v -2.397441 0.410788 -0.170468
v -2.397306 0.411116 -0.170468
v -2.397132 0.411406 -0.170468
v -2.396919 0.411657 -0.170468
v -2.396668 0.411870 -0.170468
v -2.396379 0.412043 -0.170468
v -2.396050 0.412179 -0.170468
v -2.395684 0.412275 -0.170468
v -2.395278 0.412333 -0.170468
v -2.394833 0.412353 -0.170468
v -2.219558 0.412353 -0.170468
v -2.219114 0.412333 -0.170468
v -2.218708 0.412275 -0.170468
v -2.218341 0.412179 -0.170468
v -2.218013 0.412043 -0.170468
v -2.217723 0.411870 -0.170468
v -2.217472 0.411657 -0.170468
v -2.217259 0.411406 -0.170468
v -2.217086 0.411116 -0.170468
v -2.216950 0.410788 -0.170468
v -2.216854 0.410421 -0.170468
v -2.216796 0.410015 -0.170468
v -2.216776 0.409570 -0.170468
v -2.216776 0.233898 -0.170468
v -2.216795 0.233454 -0.170468
v -2.216853 0.233048 -0.170468
v -2.216950 0.232681 -0.170468
v -2.217085 0.232353 -0.170468
v -2.217259 0.232063 -0.170468
v -2.217471 0.231812 -0.170468
v -2.217722 0.231599 -0.170468
v -2.218012 0.231425 -0.170468
v -2.218340 0.231290 -0.170468
v -2.218707 0.231193 -0.170468
v -2.219113 0.231135 -0.170468
v -2.219558 0.231116 -0.170468
v -2.394833 0.231116 -0.170468
v -2.395277 0.231135 -0.170468
v -2.395683 0.231193 -0.170468
v -2.396050 0.231290 -0.170468
v -2.396378 0.231425 -0.170468
v -2.396668 0.231599 -0.170468
v -2.396919 0.231812 -0.170468
v -2.397131 0.232063 -0.170468
v -2.397305 0.232353 -0.170468
v -2.397440 0.232681 -0.170468
v -2.397537 0.233048 -0.170468
v -2.397595 0.233454 -0.170468
v -2.397615 0.233898 -0.170468
v -2.397615 0.287951 -0.170468
v -2.332831 0.287951 -0.170468
v -2.332831 0.340414 -0.170468
v -2.450475 0.340414 -0.170468
v -2.450475 0.233898 -0.170468
v -2.450362 0.230105 -0.170468
v -2.450023 0.226407 -0.170468
v -2.449457 0.222807 -0.170468
v -2.448665 0.219303 -0.170468
v -2.447646 0.215896 -0.170468
v -2.446401 0.212585 -0.170468
v -2.444930 0.209371 -0.170468
v -2.443233 0.206253 -0.170468
v -2.441309 0.203233 -0.170468
v -2.439159 0.200308 -0.170468
v -2.436783 0.197481 -0.170468
v -2.434180 0.194750 -0.170468
v -2.431417 0.192179 -0.170468
v -2.428561 0.189831 -0.170468
v -2.425610 0.187707 -0.170468
v -2.422566 0.185807 -0.170468
v -2.419428 0.184130 -0.170468
v -2.416196 0.182677 -0.170468
v -2.412871 0.181447 -0.170468
v -2.409451 0.180441 -0.170468
v -2.405937 0.179659 -0.170468
v -2.402330 0.179100 -0.170468
v -2.398629 0.178765 -0.170468
v -2.394833 0.178653 -0.170468
v -2.219558 0.178653 -0.170468
v -2.215764 0.178765 -0.170468
v -2.212067 0.179100 -0.170468
v -2.208467 0.179659 -0.170468
v -2.204962 0.180441 -0.170468
v -2.201555 0.181447 -0.170468
v -2.198245 0.182677 -0.170468
v -2.195030 0.184130 -0.170468
v -2.191913 0.185807 -0.170468
v -2.188893 0.187707 -0.170468
v -2.185968 0.189831 -0.170468
v -2.183141 0.192179 -0.170468
v -2.180409 0.194750 -0.170468
v -2.177838 0.197481 -0.170468
v -2.175491 0.200308 -0.170468
v -2.173367 0.203233 -0.170468
v -2.171467 0.206253 -0.170468
v -2.169790 0.209371 -0.170468
v -2.168337 0.212585 -0.170468
v -2.167107 0.215896 -0.170468
v -2.166101 0.219303 -0.170468
v -2.165319 0.222807 -0.170468
v -2.164760 0.226407 -0.170468
v -2.164424 0.230105 -0.170468
v -2.164313 0.233898 -0.170468
v -2.164313 0.409570 -0.170468
v -2.164425 0.413364 -0.170468
v -2.164760 0.417061 -0.170468
v -2.165319 0.420662 -0.170468
v -2.166101 0.424166 -0.170468
v -2.167107 0.427573 -0.170468
v -2.168337 0.430884 -0.170468
v -2.169790 0.434098 -0.170468
v -2.171467 0.437215 -0.170468
v -2.173367 0.440236 -0.170468
v -2.175491 0.443160 -0.170468
v -2.177839 0.445988 -0.170468
v -2.180409 0.448719 -0.170468
v -2.183141 0.451290 -0.170468
v -2.185968 0.453638 -0.170468
v -2.188893 0.455761 -0.170468
v -2.191913 0.457662 -0.170468
v -2.195030 0.459338 -0.170468
v -2.198245 0.460792 -0.170468
v -2.201555 0.462021 -0.170468
v -2.204962 0.463027 -0.170468
v -2.208467 0.463810 -0.170468
v -2.212067 0.464369 -0.170468
v -2.215764 0.464704 -0.170468
v -2.219558 0.464816 -0.170468
v -2.394833 0.464816 -0.170468
v -2.398628 0.464704 -0.170468
v -2.402329 0.464369 -0.170468
v -2.405936 0.463810 -0.170468
v -2.409450 0.463027 -0.170468
v -2.412869 0.462021 -0.170468
v -2.416195 0.460792 -0.170468
v -2.419427 0.459338 -0.170468
v -2.422565 0.457662 -0.170468
v -2.425609 0.455761 -0.170468
v -2.428560 0.453638 -0.170468
v -2.431416 0.451290 -0.170468
v -2.434180 0.448719 -0.170468
v -2.436783 0.445988 -0.170468
v -2.439159 0.443160 -0.170468
v -2.441309 0.440236 -0.170468
v -2.443233 0.437215 -0.170468
v -2.444930 0.434098 -0.170468
v -2.446401 0.430884 -0.170468
v -2.447646 0.427573 -0.170468
v -2.448665 0.424166 -0.170468
v -2.449457 0.420662 -0.170468
v -2.450023 0.417061 -0.170468
v -2.450362 0.413364 -0.170468
v -2.066938 0.254963 -0.170468
v -2.066938 0.464816 -0.170468
v -2.119798 0.464816 -0.170468
v -2.119798 0.178653 -0.170468
v -2.062566 0.178653 -0.170468
v -1.886099 0.388506 -0.170468
v -1.886099 0.178653 -0.170468
v -1.833636 0.178653 -0.170468
v -1.833636 0.464816 -0.170468
v -1.890868 0.464816 -0.170468
v -1.557409 0.464816 -0.170468
v -1.732684 0.464816 -0.170468
v -1.736479 0.464704 -0.170468
v -1.740180 0.464369 -0.170468
v -1.743788 0.463810 -0.170468
v -1.747301 0.463027 -0.170468
v -1.750720 0.462021 -0.170468
v -1.754046 0.460792 -0.170468
v -1.757278 0.459338 -0.170468
v -1.760416 0.457662 -0.170468
v -1.763460 0.455761 -0.170468
v -1.766411 0.453638 -0.170468
v -1.769267 0.451290 -0.170468
v -1.772031 0.448719 -0.170468
v -1.774634 0.445988 -0.170468
v -1.777010 0.443160 -0.170468
v -1.779160 0.440236 -0.170468
v -1.781084 0.437215 -0.170468
v -1.782781 0.434098 -0.170468
v -1.784252 0.430884 -0.170468
v -1.785497 0.427573 -0.170468
v -1.786516 0.424166 -0.170468
v -1.787308 0.420662 -0.170468
v -1.787874 0.417061 -0.170468
v -1.788213 0.413364 -0.170468
v -1.788327 0.409570 -0.170468
v -1.788327 0.178653 -0.170468
v -1.735466 0.178653 -0.170468
v -1.735466 0.274835 -0.170468
v -1.554627 0.274835 -0.170468
v -1.554627 0.178653 -0.170468
v -1.502164 0.178653 -0.170468
v -1.502164 0.409570 -0.170468
v -1.502276 0.413364 -0.170468
v -1.502611 0.417061 -0.170468
v -1.503170 0.420662 -0.170468
v -1.503953 0.424166 -0.170468
v -1.504958 0.427573 -0.170468
v -1.506188 0.430884 -0.170468
v -1.507641 0.434098 -0.170468
v -1.509318 0.437215 -0.170468
v -1.511218 0.440236 -0.170468
v -1.513342 0.443160 -0.170468
v -1.515690 0.445988 -0.170468
v -1.518260 0.448719 -0.170468
v -1.520992 0.451290 -0.170468
v -1.523819 0.453638 -0.170468
v -1.526744 0.455761 -0.170468
v -1.529764 0.457662 -0.170468
v -1.532881 0.459338 -0.170468
v -1.536096 0.460792 -0.170468
v -1.539407 0.462021 -0.170468
v -1.542814 0.463027 -0.170468
v -1.546318 0.463810 -0.170468
v -1.549918 0.464369 -0.170468
v -1.553615 0.464704 -0.170468
v -1.554627 0.327299 -0.170468
v -1.735466 0.327299 -0.170468
v -1.735466 0.409570 -0.170468
v -1.735447 0.410015 -0.170468
v -1.735389 0.410421 -0.170468
v -1.735292 0.410788 -0.170468
v -1.735157 0.411116 -0.170468
v -1.734983 0.411406 -0.170468
v -1.734771 0.411657 -0.170468
v -1.734519 0.411870 -0.170468
v -1.734230 0.412043 -0.170468
v -1.733901 0.412179 -0.170468
v -1.733535 0.412275 -0.170468
v -1.733129 0.412333 -0.170468
v -1.732684 0.412353 -0.170468
v -1.557409 0.412353 -0.170468
v -1.556965 0.412333 -0.170468
v -1.556559 0.412275 -0.170468
v -1.556192 0.412179 -0.170468
v -1.555863 0.412043 -0.170468
v -1.555574 0.411870 -0.170468
v -1.555322 0.411657 -0.170468
v -1.555110 0.411406 -0.170468
v -1.554936 0.411116 -0.170468
v -1.554801 0.410788 -0.170468
v -1.554704 0.410421 -0.170468
v -1.554646 0.410015 -0.170468
v -1.554627 0.409570 -0.170468
v -1.457649 0.409570 -0.170468
v -1.457649 0.387313 -0.170468
v -1.404789 0.387313 -0.170468
v -1.404789 0.409570 -0.170468
v -1.404770 0.410015 -0.170468
v -1.404711 0.410421 -0.170468
v -1.404615 0.410788 -0.170468
v -1.404480 0.411116 -0.170468
v -1.404306 0.411406 -0.170468
v -1.404094 0.411657 -0.170468
v -1.403842 0.411870 -0.170468
v -1.403553 0.412043 -0.170468
v -1.403224 0.412179 -0.170468
v -1.402858 0.412275 -0.170468
v -1.402452 0.412333 -0.170468
v -1.402007 0.412353 -0.170468
v -1.226732 0.412353 -0.170468
v -1.226288 0.412333 -0.170468
v -1.225882 0.412275 -0.170468
v -1.225515 0.412179 -0.170468
v -1.225187 0.412043 -0.170468
v -1.224897 0.411870 -0.170468
v -1.224646 0.411657 -0.170468
v -1.224434 0.411406 -0.170468
v -1.224260 0.411116 -0.170468
v -1.224124 0.410788 -0.170468
v -1.224028 0.410421 -0.170468
v -1.223970 0.410015 -0.170468
v -1.223950 0.409570 -0.170468
v -1.223950 0.233898 -0.170468
v -1.223969 0.233454 -0.170468
v -1.224027 0.233048 -0.170468
v -1.224124 0.232681 -0.170468
v -1.224259 0.232353 -0.170468
v -1.224433 0.232063 -0.170468
v -1.224645 0.231812 -0.170468
v -1.224896 0.231599 -0.170468
v -1.225186 0.231425 -0.170468
v -1.225514 0.231290 -0.170468
v -1.225881 0.231193 -0.170468
v -1.226287 0.231135 -0.170468
v -1.226732 0.231116 -0.170468
v -1.402007 0.231116 -0.170468
v -1.402451 0.231135 -0.170468
v -1.402857 0.231193 -0.170468
v -1.403224 0.231290 -0.170468
v -1.403552 0.231425 -0.170468
v -1.403842 0.231599 -0.170468
v -1.404093 0.231812 -0.170468
v -1.404305 0.232063 -0.170468
v -1.404479 0.232353 -0.170468
v -1.404614 0.232681 -0.170468
v -1.404711 0.233048 -0.170468
v -1.404769 0.233454 -0.170468
v -1.404789 0.233898 -0.170468
v -1.404789 0.287951 -0.170468
v -1.340005 0.287951 -0.170468
v -1.340005 0.340414 -0.170468
v -1.457649 0.340414 -0.170468
v -1.457649 0.233898 -0.170468
v -1.457536 0.230105 -0.170468
v -1.457197 0.226407 -0.170468
v -1.456631 0.222807 -0.170468
v -1.455839 0.219303 -0.170468
v -1.454820 0.215896 -0.170468
v -1.453575 0.212585 -0.170468
v -1.452104 0.209371 -0.170468
v -1.450407 0.206253 -0.170468
v -1.448483 0.203233 -0.170468
v -1.446333 0.200308 -0.170468
v -1.443957 0.197481 -0.170468
v -1.441354 0.194750 -0.170468
v -1.438591 0.192179 -0.170468
v -1.435735 0.189831 -0.170468
v -1.432784 0.187707 -0.170468
v -1.429740 0.185807 -0.170468
v -1.426602 0.184130 -0.170468
v -1.423370 0.182677 -0.170468
v -1.420045 0.181447 -0.170468
v -1.416625 0.180441 -0.170468
v -1.413111 0.179659 -0.170468
v -1.409504 0.179100 -0.170468
v -1.405803 0.178765 -0.170468
v -1.402007 0.178653 -0.170468
v -1.226732 0.178653 -0.170468
v -1.222938 0.178765 -0.170468
v -1.219241 0.179100 -0.170468
v -1.215641 0.179659 -0.170468
v -1.212137 0.180441 -0.170468
v -1.208730 0.181447 -0.170468
v -1.205418 0.182677 -0.170468
v -1.202204 0.184130 -0.170468
v -1.199087 0.185807 -0.170468
v -1.196067 0.187707 -0.170468
v -1.193142 0.189831 -0.170468
v -1.190315 0.192179 -0.170468
v -1.187583 0.194750 -0.170468
v -1.185012 0.197481 -0.170468
v -1.182665 0.200308 -0.170468
v -1.180541 0.203233 -0.170468
v -1.178641 0.206253 -0.170468
v -1.176964 0.209371 -0.170468
v -1.175511 0.212585 -0.170468
v -1.174281 0.215896 -0.170468
v -1.173275 0.219303 -0.170468
v -1.172493 0.222807 -0.170468
v -1.171934 0.226407 -0.170468
v -1.171598 0.230105 -0.170468
v -1.171487 0.233898 -0.170468
v -1.171487 0.409570 -0.170468
v -1.171599 0.413364 -0.170468
v -1.171934 0.417061 -0.170468
v -1.172493 0.420662 -0.170468
v -1.173275 0.424166 -0.170468
v -1.174281 0.427573 -0.170468
v -1.175511 0.430884 -0.170468
v -1.176964 0.434098 -0.170468
v -1.178641 0.437215 -0.170468
v -1.180541 0.440236 -0.170468
v -1.182665 0.443160 -0.170468
v -1.185013 0.445988 -0.170468
v -1.187583 0.448719 -0.170468
v -1.190315 0.451290 -0.170468
v -1.193142 0.453638 -0.170468
v -1.196067 0.455761 -0.170468
v -1.199087 0.457662 -0.170468
v -1.202204 0.459338 -0.170468
v -1.205418 0.460792 -0.170468
v -1.208730 0.462021 -0.170468
v -1.212137 0.463027 -0.170468
v -1.215641 0.463810 -0.170468
v -1.219241 0.464369 -0.170468
v -1.222938 0.464704 -0.170468
v -1.226732 0.464816 -0.170468
v -1.402007 0.464816 -0.170468
v -1.405802 0.464704 -0.170468
v -1.409503 0.464369 -0.170468
v -1.413110 0.463810 -0.170468
v -1.416624 0.463027 -0.170468
v -1.420043 0.462021 -0.170468
v -1.423369 0.460792 -0.170468
v -1.426601 0.459338 -0.170468
v -1.429739 0.457662 -0.170468
v -1.432783 0.455761 -0.170468
v -1.435734 0.453638 -0.170468
v -1.438590 0.451290 -0.170468
v -1.441354 0.448719 -0.170468
v -1.443957 0.445988 -0.170468
v -1.446333 0.443160 -0.170468
v -1.448483 0.440236 -0.170468
v -1.450407 0.437215 -0.170468
v -1.452104 0.434098 -0.170468
v -1.453575 0.430884 -0.170468
v -1.454820 0.427573 -0.170468
v -1.455839 0.424166 -0.170468
v -1.456631 0.420662 -0.170468
v -1.457197 0.417061 -0.170468
v -1.457536 0.413364 -0.170468
v -0.881716 0.160133 -0.230903
v -0.881716 0.600500 -0.230903
v -0.992642 0.600500 -0.230903
v -0.992642 -0.000000 -0.230903
v -0.872542 -0.000000 -0.230903
v -0.502234 0.440367 -0.230903
v -0.502234 -0.000000 -0.230903
v -0.392142 -0.000000 -0.230903
v -0.392142 0.600500 -0.230903
v -0.512242 0.600500 -0.230903
v 0.184172 0.600500 -0.230903
v -0.184469 0.600500 -0.230903
v -0.192299 0.600266 -0.230903
v -0.199944 0.599562 -0.230903
v -0.207404 0.598389 -0.230903
v -0.214679 0.596747 -0.230903
v -0.221768 0.594636 -0.230903
v -0.228672 0.592056 -0.230903
v -0.235391 0.589006 -0.230903
v -0.241924 0.585488 -0.230903
v -0.248272 0.581500 -0.230903
v -0.254434 0.577043 -0.230903
v -0.260412 0.572117 -0.230903
v -0.266204 0.566722 -0.230903
v -0.271665 0.560991 -0.230903
v -0.276652 0.555057 -0.230903
v -0.281164 0.548921 -0.230903
v -0.285201 0.542582 -0.230903
v -0.288763 0.536040 -0.230903
v -0.291850 0.529295 -0.230903
v -0.294462 0.522348 -0.230903
v -0.296599 0.515198 -0.230903
v -0.298261 0.507845 -0.230903
v -0.299449 0.500290 -0.230903
v -0.300161 0.492531 -0.230903
v -0.300399 0.484570 -0.230903
v -0.300399 0.115930 -0.230903
v -0.300161 0.107969 -0.230903
v -0.299449 0.100211 -0.230903
v -0.298261 0.092655 -0.230903
v -0.296599 0.085303 -0.230903
v -0.294462 0.078153 -0.230903
v -0.291850 0.071205 -0.230903
v -0.288763 0.064461 -0.230903
v -0.285201 0.057919 -0.230903
v -0.281164 0.051579 -0.230903
v -0.276652 0.045443 -0.230903
v -0.271665 0.039509 -0.230903
v -0.266204 0.033778 -0.230903
v -0.260412 0.028383 -0.230903
v -0.254435 0.023457 -0.230903
v -0.248272 0.019000 -0.230903
v -0.241924 0.015013 -0.230903
v -0.235391 0.011494 -0.230903
v -0.228672 0.008445 -0.230903
v -0.221768 0.005864 -0.230903
v -0.214679 0.003753 -0.230903
v -0.207405 0.002111 -0.230903
v -0.199945 0.000938 -0.230903
v -0.192300 0.000235 -0.230903
v -0.184469 -0.000000 -0.230903
v 0.184172 -0.000000 -0.230903
v 0.192133 0.000235 -0.230903
v 0.199891 0.000938 -0.230903
v 0.207446 0.002111 -0.230903
v 0.214799 0.003753 -0.230903
v 0.221949 0.005864 -0.230903
v 0.228896 0.008445 -0.230903
v 0.235641 0.011494 -0.230903
v 0.242183 0.015013 -0.230903
v 0.248522 0.019000 -0.230903
v 0.254658 0.023457 -0.230903
v 0.260592 0.028383 -0.230903
v 0.266324 0.033778 -0.230903
v 0.271719 0.039509 -0.230903
v 0.276645 0.045443 -0.230903
v 0.281101 0.051579 -0.230903
v 0.285089 0.057919 -0.230903
v 0.288608 0.064461 -0.230903
v 0.291657 0.071205 -0.230903
v 0.294237 0.078152 -0.230903
v 0.296349 0.085303 -0.230903
v 0.297991 0.092655 -0.230903
v 0.299163 0.100211 -0.230903
v 0.299867 0.107969 -0.230903
v 0.300102 0.115930 -0.230903
v 0.300102 0.484570 -0.230903
v 0.299867 0.492531 -0.230903
v 0.299163 0.500290 -0.230903
v 0.297991 0.507845 -0.230903
v 0.296349 0.515198 -0.230903
v 0.294237 0.522348 -0.230903
v 0.291657 0.529295 -0.230903
v 0.288608 0.536040 -0.230903
v 0.285089 0.542582 -0.230903
v 0.281101 0.548921 -0.230903
v 0.276645 0.555057 -0.230903
v 0.271719 0.560991 -0.230903
v 0.266324 0.566722 -0.230903
v 0.260592 0.572117 -0.230903
v 0.254659 0.577043 -0.230903
v 0.248522 0.581500 -0.230903
v 0.242183 0.585488 -0.230903
v 0.235641 0.589006 -0.230903
v 0.228897 0.592056 -0.230903
v 0.221949 0.594636 -0.230903
v 0.214799 0.596747 -0.230903
v 0.207447 0.598389 -0.230903
v 0.199891 0.599562 -0.230903
v 0.192133 0.600266 -0.230903
v 0.184172 0.110092 -0.230903
v -0.184469 0.110092 -0.230903
v -0.185268 0.110132 -0.230903
v -0.185998 0.110254 -0.230903
v -0.186658 0.110457 -0.230903
v -0.187249 0.110740 -0.230903
v -0.187770 0.111105 -0.230903
v -0.188222 0.111551 -0.230903
v -0.188604 0.112078 -0.230903
v -0.188917 0.112686 -0.230903
v -0.189160 0.113376 -0.230903
v -0.189334 0.114146 -0.230903
v -0.189438 0.114997 -0.230903
v -0.189473 0.115930 -0.230903
v -0.189473 0.484570 -0.230903
v -0.189438 0.485503 -0.230903
v -0.189334 0.486354 -0.230903
v -0.189160 0.487125 -0.230903
v -0.188917 0.487814 -0.230903
v -0.188604 0.488422 -0.230903
v -0.188222 0.488949 -0.230903
v -0.187770 0.489395 -0.230903
v -0.187249 0.489760 -0.230903
v -0.186658 0.490044 -0.230903
v -0.185998 0.490247 -0.230903
v -0.185268 0.490368 -0.230903
v -0.184469 0.490409 -0.230903
v 0.184172 0.490409 -0.230903
v 0.185104 0.490368 -0.230903
v 0.185956 0.490247 -0.230903
v 0.186726 0.490044 -0.230903
v 0.187415 0.489760 -0.230903
v 0.188024 0.489395 -0.230903
v 0.188551 0.488949 -0.230903
v 0.188997 0.488422 -0.230903
v 0.189362 0.487814 -0.230903
v 0.189645 0.487125 -0.230903
v 0.189848 0.486354 -0.230903
v 0.189970 0.485503 -0.230903
v 0.190010 0.484570 -0.230903
v 0.190010 0.115930 -0.230903
v 0.189970 0.114997 -0.230903
v 0.189848 0.114146 -0.230903
v 0.189645 0.113376 -0.230903
v 0.189362 0.112686 -0.230903
v 0.188997 0.112078 -0.230903
v 0.188551 0.111551 -0.230903
v 0.188024 0.111105 -0.230903
v 0.187415 0.110740 -0.230903
v 0.186726 0.110457 -0.230903
v 0.185956 0.110254 -0.230903
v 0.185104 0.110132 -0.230903
v 0.390177 0.484570 -0.230903
v 0.390177 0.437865 -0.230903
v 0.501103 0.437865 -0.230903
v 0.501103 0.484570 -0.230903
v 0.501143 0.485503 -0.230903
v 0.501265 0.486354 -0.230903
v 0.501467 0.487125 -0.230903
v 0.501751 0.487814 -0.230903
v 0.502116 0.488422 -0.230903
v 0.502562 0.488949 -0.230903
v 0.503089 0.489395 -0.230903
v 0.503697 0.489760 -0.230903
v 0.504387 0.490044 -0.230903
v 0.505157 0.490247 -0.230903
v 0.506008 0.490368 -0.230903
v 0.506941 0.490409 -0.230903
v 0.874747 0.490409 -0.230904
v 0.875680 0.490368 -0.230904
v 0.876531 0.490247 -0.230904
v 0.877301 0.490044 -0.230904
v 0.877991 0.489760 -0.230904
v 0.878599 0.489395 -0.230904
v 0.879126 0.488949 -0.230904
v 0.879572 0.488422 -0.230904
v 0.879937 0.487814 -0.230904
v 0.880221 0.487125 -0.230904
v 0.880423 0.486354 -0.230904
v 0.880545 0.485503 -0.230904
v 0.880585 0.484570 -0.230904
v 0.880585 0.115930 -0.230904
v 0.880545 0.114997 -0.230904
v 0.880423 0.114146 -0.230904
v 0.880221 0.113376 -0.230904
v 0.879937 0.112686 -0.230904
v 0.879572 0.112078 -0.230904
v 0.879126 0.111551 -0.230904
v 0.878599 0.111105 -0.230904
v 0.877991 0.110740 -0.230904
v 0.877301 0.110457 -0.230904
v 0.876531 0.110254 -0.230904
v 0.875680 0.110132 -0.230904
v 0.874747 0.110092 -0.230904
v 0.506941 0.110092 -0.230903
v 0.506008 0.110132 -0.230903
v 0.505157 0.110254 -0.230903
v 0.504387 0.110457 -0.230903
v 0.503697 0.110740 -0.230903
v 0.503089 0.111105 -0.230903
v 0.502562 0.111551 -0.230903
v 0.502116 0.112078 -0.230903
v 0.501751 0.112686 -0.230903
v 0.501467 0.113376 -0.230903
v 0.501265 0.114146 -0.230903
v 0.501143 0.114997 -0.230903
v 0.501103 0.115930 -0.230903
v 0.501103 0.229358 -0.230903
v 0.637049 0.229358 -0.230903
v 0.637049 0.339450 -0.230903
v 0.390177 0.339450 -0.230903
v 0.390177 0.115930 -0.230903
v 0.390414 0.107969 -0.230903
v 0.391127 0.100211 -0.230903
v 0.392314 0.092655 -0.230903
v 0.393976 0.085303 -0.230903
v 0.396113 0.078153 -0.230903
v 0.398726 0.071205 -0.230903
v 0.401813 0.064461 -0.230903
v 0.405375 0.057919 -0.230903
v 0.409411 0.051579 -0.230903
v 0.413923 0.045443 -0.230903
v 0.418910 0.039509 -0.230903
v 0.424372 0.033778 -0.230903
v 0.430170 0.028383 -0.230903
v 0.436164 0.023457 -0.230903
v 0.442356 0.019000 -0.230903
v 0.448744 0.015013 -0.230903
v 0.455329 0.011494 -0.230903
v 0.462112 0.008445 -0.230903
v 0.469091 0.005864 -0.230903
v 0.476267 0.003753 -0.230903
v 0.483640 0.002111 -0.230903
v 0.491210 0.000938 -0.230903
v 0.498977 0.000235 -0.230903
v 0.506941 -0.000000 -0.230903
v 0.874747 -0.000000 -0.230904
v 0.882708 0.000235 -0.230904
v 0.890466 0.000938 -0.230904
v 0.898022 0.002111 -0.230904
v 0.905375 0.003753 -0.230904
v 0.912525 0.005864 -0.230904
v 0.919472 0.008445 -0.230904
v 0.926217 0.011494 -0.230904
v 0.932759 0.015013 -0.230904
v 0.939098 0.019000 -0.230904
v 0.945235 0.023457 -0.230904
v 0.951168 0.028383 -0.230904
v 0.956899 0.033778 -0.230904
v 0.962294 0.039509 -0.230904
v 0.967220 0.045443 -0.230904
v 0.971677 0.051579 -0.230904
v 0.975665 0.057919 -0.230904
v 0.979183 0.064461 -0.230904
v 0.982233 0.071205 -0.230904
v 0.984813 0.078152 -0.230904
v 0.986924 0.085303 -0.230904
v 0.988566 0.092655 -0.230904
v 0.989739 0.100211 -0.230904
v 0.990443 0.107969 -0.230904
v 0.990677 0.115930 -0.230904
v 0.990677 0.484570 -0.230904
v 0.990443 0.492531 -0.230904
v 0.989739 0.500290 -0.230904
v 0.988566 0.507845 -0.230904
v 0.986924 0.515198 -0.230904
v 0.984813 0.522348 -0.230904
v 0.982233 0.529295 -0.230904
v 0.979183 0.536040 -0.230904
v 0.975665 0.542582 -0.230904
v 0.971677 0.548921 -0.230904
v 0.967220 0.555057 -0.230904
v 0.962294 0.560991 -0.230904
v 0.956899 0.566722 -0.230904
v 0.951168 0.572117 -0.230904
v 0.945234 0.577043 -0.230904
v 0.939098 0.581500 -0.230904
v 0.932759 0.585488 -0.230904
v 0.926217 0.589006 -0.230904
v 0.919472 0.592056 -0.230904
v 0.912525 0.594636 -0.230904
v 0.905375 0.596747 -0.230904
v 0.898022 0.598389 -0.230904
v 0.890466 0.599562 -0.230904
v 0.882708 0.600266 -0.230904
v 0.874747 0.600500 -0.230904
v 0.506941 0.600500 -0.230903
v 0.498977 0.600266 -0.230903
v 0.491210 0.599562 -0.230903
v 0.483640 0.598389 -0.230903
v 0.476267 0.596747 -0.230903
v 0.469091 0.594636 -0.230903
v 0.462111 0.592056 -0.230903
v 0.455329 0.589006 -0.230903
v 0.448744 0.585488 -0.230903
v 0.442355 0.581500 -0.230903
v 0.436164 0.577043 -0.230903
v 0.430169 0.572117 -0.230903
v 0.424372 0.566722 -0.230903
v 0.418910 0.560991 -0.230903
v 0.413924 0.555057 -0.230903
v 0.409412 0.548921 -0.230903
v 0.405375 0.542582 -0.230903
v 0.401813 0.536040 -0.230903
v 0.398726 0.529295 -0.230903
v 0.396114 0.522348 -0.230903
v 0.393976 0.515198 -0.230903
v 0.392314 0.507845 -0.230903
v 0.391127 0.500290 -0.230903
v 0.390414 0.492531 -0.230903
v 1.161653 0.600500 -0.230904
v 1.029877 0.600500 -0.230904
v 1.307608 0.224354 -0.230904
v 1.307608 -0.000000 -0.230904
v 1.417700 -0.000000 -0.230904
v 1.417700 0.224354 -0.230904
v 1.695431 0.600500 -0.230904
v 1.564489 0.600500 -0.230904
v 1.362654 0.345288 -0.230904
v 2.311778 -0.000000 -0.230904
v 2.311778 0.601334 -0.230904
v 2.201686 0.601334 -0.230904
v 2.201686 0.110092 -0.230904
v 1.711278 0.110092 -0.230904
v 1.711278 -0.000000 -0.230904
v 2.888926 0.600500 -0.230904
v 2.520285 0.600500 -0.230904
v 2.512455 0.600266 -0.230904
v 2.504809 0.599562 -0.230904
v 2.497350 0.598389 -0.230904
v 2.490075 0.596747 -0.230904
v 2.482985 0.594636 -0.230904
v 2.476082 0.592056 -0.230904
v 2.469363 0.589006 -0.230904
v 2.462830 0.585488 -0.230904
v 2.456482 0.581500 -0.230904
v 2.450320 0.577043 -0.230904
v 2.444342 0.572117 -0.230904
v 2.438550 0.566722 -0.230904
v 2.433089 0.560991 -0.230904
v 2.428102 0.555057 -0.230904
v 2.423590 0.548921 -0.230904
v 2.419553 0.542582 -0.230904
v 2.415991 0.536040 -0.230904
v 2.412904 0.529295 -0.230904
v 2.410292 0.522348 -0.230904
v 2.408155 0.515198 -0.230904
v 2.406493 0.507845 -0.230904
v 2.405305 0.500290 -0.230904
v 2.404593 0.492531 -0.230904
v 2.404355 0.484570 -0.230904
v 2.404355 0.115930 -0.230904
v 2.404593 0.107969 -0.230904
v 2.405305 0.100211 -0.230904
v 2.406492 0.092655 -0.230904
v 2.408154 0.085303 -0.230904
v 2.410292 0.078153 -0.230904
v 2.412904 0.071205 -0.230904
v 2.415991 0.064461 -0.230904
v 2.419553 0.057919 -0.230904
v 2.423590 0.051579 -0.230904
v 2.428102 0.045443 -0.230904
v 2.433088 0.039509 -0.230904
v 2.438550 0.033778 -0.230904
v 2.444342 0.028383 -0.230904
v 2.450320 0.023457 -0.230904
v 2.456482 0.019000 -0.230904
v 2.462830 0.015013 -0.230904
v 2.469363 0.011494 -0.230904
v 2.476082 0.008445 -0.230904
v 2.482985 0.005864 -0.230904
v 2.490075 0.003753 -0.230904
v 2.497350 0.002111 -0.230904
v 2.504809 0.000938 -0.230904
v 2.512455 0.000235 -0.230904
v 2.520285 -0.000000 -0.230904
v 2.888926 -0.000000 -0.230904
v 2.896887 0.000235 -0.230904
v 2.904645 0.000938 -0.230904
v 2.912200 0.002111 -0.230904
v 2.919553 0.003753 -0.230904
v 2.926703 0.005864 -0.230904
v 2.933650 0.008445 -0.230904
v 2.940395 0.011494 -0.230904
v 2.946937 0.015013 -0.230904
v 2.953276 0.019000 -0.230904
v 2.959413 0.023457 -0.230904
v 2.965347 0.028383 -0.230904
v 2.971077 0.033778 -0.230904
v 2.976473 0.039509 -0.230904
v 2.981399 0.045443 -0.230904
v 2.985856 0.051579 -0.230904
v 2.989843 0.057919 -0.230904
v 2.993362 0.064461 -0.230904
v 2.996411 0.071205 -0.230904
v 2.998991 0.078152 -0.230904
v 3.001103 0.085303 -0.230904
v 3.002745 0.092655 -0.230904
v 3.003917 0.100211 -0.230904
v 3.004621 0.107969 -0.230904
v 3.004856 0.115930 -0.230904
v 3.004856 0.484570 -0.230904
v 3.004621 0.492531 -0.230904
v 3.003917 0.500290 -0.230904
v 3.002745 0.507845 -0.230904
v 3.001103 0.515198 -0.230904
v 2.998991 0.522348 -0.230904
v 2.996411 0.529295 -0.230904
v 2.993362 0.536040 -0.230904
v 2.989843 0.542582 -0.230904
v 2.985856 0.548921 -0.230904
v 2.981399 0.555057 -0.230904
v 2.976473 0.560991 -0.230904
v 2.971077 0.566722 -0.230904
v 2.965347 0.572117 -0.230904
v 2.959413 0.577043 -0.230904
v 2.953276 0.581500 -0.230904
v 2.946937 0.585488 -0.230904
v 2.940395 0.589006 -0.230904
v 2.933650 0.592056 -0.230904
v 2.926703 0.594636 -0.230904
v 2.919553 0.596747 -0.230904
v 2.912200 0.598389 -0.230904
v 2.904645 0.599562 -0.230904
v 2.896887 0.600266 -0.230904
v 2.888926 0.110092 -0.230904
v 2.520285 0.110092 -0.230904
v 2.519486 0.110132 -0.230904
v 2.518756 0.110254 -0.230904
v 2.518096 0.110457 -0.230904
v 2.517505 0.110740 -0.230904
v 2.516984 0.111105 -0.230904
v 2.516532 0.111551 -0.230904
v 2.516150 0.112078 -0.230904
v 2.515837 0.112686 -0.230904
v 2.515594 0.113376 -0.230904
v 2.515420 0.114146 -0.230904
v 2.515316 0.114997 -0.230904
v 2.515281 0.115930 -0.230904
v 2.515281 0.484570 -0.230904
v 2.515316 0.485503 -0.230904
v 2.515420 0.486354 -0.230904
v 2.515594 0.487125 -0.230904
v 2.515837 0.487814 -0.230904
v 2.516150 0.488422 -0.230904
v 2.516532 0.488949 -0.230904
v 2.516984 0.489395 -0.230904
v 2.517506 0.489760 -0.230904
v 2.518096 0.490044 -0.230904
v 2.518757 0.490247 -0.230904
v 2.519486 0.490368 -0.230904
v 2.520285 0.490409 -0.230904
v 2.888926 0.490409 -0.230904
v 2.889858 0.490368 -0.230904
v 2.890710 0.490247 -0.230904
v 2.891480 0.490044 -0.230904
v 2.892169 0.489760 -0.230904
v 2.892777 0.489395 -0.230904
v 2.893304 0.488949 -0.230904
v 2.893750 0.488422 -0.230904
v 2.894115 0.487814 -0.230904
v 2.894399 0.487125 -0.230904
v 2.894602 0.486354 -0.230904
v 2.894723 0.485503 -0.230904
v 2.894764 0.484570 -0.230904
v 2.894764 0.115930 -0.230904
v 2.894723 0.114997 -0.230904
v 2.894602 0.114146 -0.230904
v 2.894399 0.113376 -0.230904
v 2.894115 0.112686 -0.230904
v 2.893750 0.112078 -0.230904
v 2.893304 0.111551 -0.230904
v 2.892777 0.111105 -0.230904
v 2.892169 0.110740 -0.230904
v 2.891480 0.110457 -0.230904
v 2.890710 0.110254 -0.230904
v 2.889858 0.110132 -0.230904
v 3.662904 0.599666 -0.230904
v 3.179168 0.599666 -0.230904
v 3.171204 0.599429 -0.230904
v 3.163437 0.598716 -0.230904
v 3.155867 0.597529 -0.230904
v 3.148494 0.595867 -0.230904
v 3.141318 0.593730 -0.230904
v 3.134339 0.591118 -0.230904
v 3.127556 0.588031 -0.230904
v 3.120971 0.584469 -0.230904
v 3.114583 0.580432 -0.230904
v 3.108391 0.575920 -0.230904
v 3.102396 0.570933 -0.230904
v 3.096599 0.565471 -0.230904
v 3.091137 0.559679 -0.230904
v 3.086150 0.553702 -0.230904
v 3.081639 0.547540 -0.230904
v 3.077602 0.541192 -0.230904
v 3.074040 0.534659 -0.230904
v 3.070953 0.527940 -0.230904
v 3.068341 0.521036 -0.230904
v 3.066203 0.513947 -0.230904
v 3.064541 0.506672 -0.230904
v 3.063354 0.499212 -0.230904
v 3.062641 0.491567 -0.230904
v 3.062404 0.483736 -0.230904
v 3.062404 0.321935 -0.230904
v 3.062641 0.314104 -0.230904
v 3.063354 0.306459 -0.230904
v 3.064541 0.298999 -0.230904
v 3.066203 0.291725 -0.230904
v 3.068340 0.284635 -0.230904
v 3.070952 0.277731 -0.230904
v 3.074039 0.271013 -0.230904
v 3.077601 0.264480 -0.230904
v 3.081638 0.258132 -0.230904
v 3.086150 0.251969 -0.230904
v 3.091137 0.245992 -0.230904
v 3.096599 0.240200 -0.230904
v 3.102396 0.234738 -0.230904
v 3.108391 0.229752 -0.230904
v 3.114583 0.225240 -0.230904
v 3.120971 0.221203 -0.230904
v 3.127556 0.217641 -0.230904
v 3.134339 0.214554 -0.230904
v 3.141318 0.211942 -0.230904
v 3.148494 0.209804 -0.230904
v 3.155867 0.208142 -0.230904
v 3.163437 0.206955 -0.230904
v 3.171204 0.206242 -0.230904
v 3.179168 0.206005 -0.230904
v 3.550310 0.205171 -0.230904
v 3.552812 0.206005 -0.230904
v 3.552812 -0.000000 -0.230904
v 3.662904 -0.000000 -0.230904
v 3.173329 0.321935 -0.230904
v 3.173329 0.483736 -0.230904
v 3.173370 0.484669 -0.230904
v 3.173492 0.485520 -0.230904
v 3.173694 0.486291 -0.230904
v 3.173978 0.486980 -0.230904
v 3.174343 0.487588 -0.230904
v 3.174789 0.488115 -0.230904
v 3.175316 0.488561 -0.230904
v 3.175924 0.488926 -0.230904
v 3.176613 0.489210 -0.230904
v 3.177384 0.489412 -0.230904
v 3.178235 0.489534 -0.230904
v 3.179168 0.489575 -0.230904
v 3.546974 0.489575 -0.230904
v 3.547907 0.489534 -0.230904
v 3.548758 0.489412 -0.230904
v 3.549528 0.489210 -0.230904
v 3.550218 0.488926 -0.230904
v 3.550826 0.488561 -0.230904
v 3.551353 0.488115 -0.230904
v 3.551799 0.487588 -0.230904
v 3.552164 0.486980 -0.230904
v 3.552448 0.486291 -0.230904
v 3.552650 0.485520 -0.230904
v 3.552772 0.484669 -0.230904
v 3.552812 0.483736 -0.230904
v 3.552812 0.321935 -0.230904
v 3.552772 0.321002 -0.230904
v 3.552650 0.320151 -0.230904
v 3.552448 0.319381 -0.230904
v 3.552164 0.318691 -0.230904
v 3.551799 0.318083 -0.230904
v 3.551353 0.317556 -0.230904
v 3.550826 0.317110 -0.230904
v 3.550218 0.316745 -0.230904
v 3.549528 0.316462 -0.230904
v 3.548758 0.316259 -0.230904
v 3.547907 0.316137 -0.230904
v 3.546974 0.316097 -0.230904
v 3.179168 0.316097 -0.230904
v 3.178235 0.316137 -0.230904
v 3.177384 0.316259 -0.230904
v 3.176613 0.316462 -0.230904
v 3.175924 0.316745 -0.230904
v 3.175316 0.317110 -0.230904
v 3.174789 0.317556 -0.230904
v 3.174343 0.318083 -0.230904
v 3.173978 0.318691 -0.230904
v 3.173694 0.319381 -0.230904
v 3.173491 0.320151 -0.230904
v 3.173370 0.321002 -0.230904
vn -0.0000 -0.0000 1.0000
vn -0.0000 -0.0000 -1.0000
vn 0.3482 0.9374 -0.0000
vn -0.4713 0.8820 -0.0000
vn -0.8576 -0.5143 -0.0000
vn 0.2548 -0.9670 -0.0000
vn -0.9957 -0.0928 -0.0000
vn 0.4738 0.8807 -0.0000
vn 0.8576 -0.5143 -0.0000
vn -0.9876 -0.1572 -0.0000
vn -0.4133 0.9106 -0.0000
vn -0.3809 -0.9246 -0.0000
vn 0.4120 0.9112 -0.0000
vn -0.5295 0.8483 -0.0000
vn -0.9247 -0.3806 -0.0000
vn 0.3809 -0.9246 -0.0000
vn -0.9749 -0.2228 -0.0000
vn 0.5324 0.8465 -0.0000
vn 0.9247 -0.3806 -0.0000
vn -0.9574 -0.2886 -0.0000
vn -0.4742 0.8804 -0.0000
vn -0.5145 -0.8575 -0.0000
vn 0.4737 0.8807 -0.0000
vn -0.5843 0.8116 -0.0000
vn -0.9671 -0.2544 -0.0000
vn 0.5152 -0.8570 -0.0000
vn -0.9353 -0.3539 -0.0000
vn 0.5876 0.8091 -0.0000
vn 0.9670 -0.2547 -0.0000
vn -0.9087 -0.4175 -0.0000
vn -0.5319 0.8468 -0.0000
vn -0.6456 -0.7637 -0.0000
vn 0.5325 0.8465 -0.0000
vn -0.6349 0.7726 -0.0000
vn -0.9899 -0.1417 -0.0000
vn 0.6456 -0.7637 -0.0000
vn -0.8780 -0.4787 -0.0000
vn 0.6388 0.7694 -0.0000
vn 0.9900 -0.1414 -0.0000
vn -0.8438 -0.5366 -0.0000
vn -0.5860 0.8103 -0.0000
vn -0.7645 -0.6446 -0.0000
vn 0.5877 0.8091 -0.0000
vn -0.6811 0.7322 -0.0000
vn -0.9991 -0.0434 -0.0000
vn 0.7629 -0.6466 -0.0000
vn -0.8069 -0.5907 -0.0000
vn 0.6854 0.7281 -0.0000
vn 0.9991 -0.0434 -0.0000
vn -0.7679 -0.6406 -0.0000
vn -0.6360 0.7717 -0.0000
vn 0.7281 0.6854 -0.0000
vn 1.0000 -0.0000 -0.0000
vn -0.8568 -0.5157 -0.0000
vn 0.6387 0.7694 -0.0000
vn 0.8582 -0.5133 -0.0000
vn -0.7275 -0.6861 -0.0000
vn -0.7240 0.6898 -0.0000
vn -1.0000 -0.0000 -0.0000
vn -0.6857 -0.7279 -0.0000
vn -0.6816 0.7317 -0.0000
vn -0.9245 -0.3811 -0.0000
vn -0.7655 0.6435 -0.0000
vn 0.9245 -0.3811 -0.0000
vn -0.6395 -0.7688 -0.0000
vn 0.7695 0.6387 -0.0000
vn -0.0000 -1.0000 -0.0000
vn -0.5889 -0.8082 -0.0000
vn -0.9675 -0.2527 -0.0000
vn -0.8057 0.5923 -0.0000
vn 0.9672 -0.2541 -0.0000
vn -0.5342 -0.8454 -0.0000
vn -0.7239 0.6899 -0.0000
vn 0.8090 0.5878 -0.0000
vn -0.0000 1.0000 -0.0000
vn -0.4758 -0.8796 -0.0000
vn -0.7656 0.6434 -0.0000
vn -0.9898 -0.1427 -0.0000
vn 0.7694 0.6387 -0.0000
vn -0.8434 0.5372 -0.0000
vn 0.9898 -0.1427 -0.0000
vn -0.4143 -0.9102 -0.0000
vn 0.8465 0.5325 -0.0000
vn -0.3505 -0.9366 -0.0000
vn -0.8057 0.5924 -0.0000
vn -0.9990 -0.0438 -0.0000
vn 0.8091 0.5876 -0.0000
vn -0.8783 0.4781 -0.0000
vn 0.9996 -0.0294 -0.0000
vn 0.9991 -0.0426 -0.0000
vn -0.2854 -0.9584 -0.0000
vn 0.8807 0.4736 -0.0000
vn -0.2199 -0.9755 -0.0000
vn -0.8435 0.5372 -0.0000
vn -0.9991 0.0434 -0.0000
vn 0.8464 0.5325 -0.0000
vn -0.9093 0.4162 -0.0000
vn 0.9991 0.0434 -0.0000
vn -0.1550 -0.9879 -0.0000
vn 0.9112 0.4120 -0.0000
vn -0.0913 -0.9958 -0.0000
vn -0.8783 0.4782 -0.0000
vn -0.9996 -0.0298 -0.0000
vn 0.8807 0.4737 -0.0000
vn -0.9360 0.3519 -0.0000
vn -0.0298 -0.9996 -0.0000
vn 0.9375 0.3480 -0.0000
vn -0.9899 0.1417 -0.0000
vn 0.9900 0.1414 -0.0000
vn 0.3162 -0.9487 -0.0000
vn -0.9581 0.2864 -0.0000
vn -0.0022 -1.0000 -0.0000
vn 0.9590 0.2833 -0.0000
vn -0.9671 0.2544 -0.0000
vn 0.9670 0.2547 -0.0000
vn -0.9360 0.3520 -0.0000
vn 0.9374 0.3482 -0.0000
vn -0.9754 0.2205 -0.0000
vn 0.9760 0.2179 -0.0000
vn -0.9247 0.3806 -0.0000
vn 0.9247 0.3806 -0.0000
vn 0.9591 0.2832 -0.0000
vn -0.9879 0.1553 -0.0000
vn 0.9882 0.1534 -0.0000
vn -0.8576 0.5143 -0.0000
vn 0.0295 0.9996 -0.0000
vn 0.8576 0.5143 -0.0000
vn -0.9958 0.0913 -0.0000
vn 0.9959 0.0903 -0.0000
vn -0.7633 0.6460 -0.0000
vn -0.0294 0.9996 -0.0000
vn 0.7633 0.6460 -0.0000
vn -0.0902 0.9959 -0.0000
vn 0.0903 0.9959 -0.0000
vn 0.0434 -0.9991 -0.0000
vn -0.6459 0.7634 -0.0000
vn 0.6459 0.7634 -0.0000
vn -0.9958 0.0914 -0.0000
vn -0.1531 0.9882 -0.0000
vn -0.9996 0.0300 -0.0000
vn 0.1534 0.9882 -0.0000
vn 0.9996 0.0295 -0.0000
vn -0.5145 0.8575 -0.0000
vn 0.5145 0.8575 -0.0000
vn -0.2174 0.9761 -0.0000
vn -0.0434 -0.9991 -0.0000
vn 0.2179 0.9760 -0.0000
vn -0.9996 0.0298 -0.0000
vn -0.3808 0.9247 -0.0000
vn 0.3808 0.9247 -0.0000
vn -0.2823 0.9593 -0.0000
vn -0.1412 -0.9900 -0.0000
vn 0.2832 0.9591 -0.0000
vn 0.1414 -0.9899 -0.0000
vn -0.2544 0.9671 -0.0000
vn 0.2544 0.9671 -0.0000
vn -0.3468 0.9380 -0.0000
vn 0.0506 -0.9987 -0.0000
vn -0.2551 -0.9669 -0.0000
vn 0.3481 0.9375 -0.0000
vn -0.1414 0.9899 -0.0000
vn 0.1414 0.9899 -0.0000
vn -0.1414 -0.9899 -0.0000
vn -0.4100 0.9121 -0.0000
vn 0.1644 -0.9864 -0.0000
vn -0.3804 -0.9248 -0.0000
vn -0.0434 0.9991 -0.0000
vn 0.0434 0.9991 -0.0000
vn -0.2545 -0.9671 -0.0000
vn 0.2935 -0.9560 -0.0000
vn -0.5152 -0.8570 -0.0000
vn 0.5145 -0.8575 -0.0000
vn -0.3808 -0.9247 -0.0000
vn 0.4331 -0.9013 -0.0000
vn -0.9958 -0.0914 -0.0000
vn 0.9959 -0.0903 -0.0000
vn -0.5143 -0.8576 -0.0000
vn 0.5735 -0.8192 -0.0000
vn -0.7629 -0.6466 -0.0000
vn -0.9879 -0.1553 -0.0000
vn 0.7645 -0.6446 -0.0000
vn 0.9882 -0.1534 -0.0000
vn -0.6459 -0.7634 -0.0000
vn 0.7023 -0.7118 -0.0000
vn -0.8582 -0.5133 -0.0000
vn -0.9754 -0.2205 -0.0000
vn 0.8568 -0.5157 -0.0000
vn 0.9760 -0.2179 -0.0000
vn -0.7633 -0.6460 -0.0000
vn 0.8097 -0.5869 -0.0000
vn -0.9581 -0.2864 -0.0000
vn 0.9591 -0.2832 -0.0000
vn 0.8892 -0.4575 -0.0000
vn -0.9672 -0.2541 -0.0000
vn -0.9360 -0.3519 -0.0000
vn 0.9374 -0.3482 -0.0000
vn 0.9430 -0.3327 -0.0000
vn -0.9899 -0.1414 -0.0000
vn -0.9671 0.2545 -0.0000
vn -0.9093 -0.4162 -0.0000
vn 0.9899 -0.1414 -0.0000
vn 0.9755 0.2202 -0.0000
vn 0.9112 -0.4120 -0.0000
vn 0.9755 -0.2200 -0.0000
vn -0.9990 -0.0451 -0.0000
vn -0.9247 0.3807 -0.0000
vn -0.8783 -0.4782 -0.0000
vn 0.9430 0.3329 -0.0000
vn 0.8807 -0.4737 -0.0000
vn -0.9900 -0.1414 -0.0000
vn 0.9926 -0.1216 -0.0000
vn -0.8575 0.5145 -0.0000
vn -0.8435 -0.5372 -0.0000
vn 0.8892 0.4575 -0.0000
vn 0.8464 -0.5325 -0.0000
vn 0.9993 -0.0373 -0.0000
vn -0.7634 0.6459 -0.0000
vn -0.8057 -0.5924 -0.0000
vn 0.8095 0.5871 -0.0000
vn 0.8091 -0.5876 -0.0000
vn -0.7656 -0.6434 -0.0000
vn 0.7025 0.7116 -0.0000
vn 0.7694 -0.6387 -0.0000
vn -0.7239 -0.6899 -0.0000
vn 0.5734 0.8193 -0.0000
vn 0.7281 -0.6854 -0.0000
vn 0.9996 -0.0295 -0.0000
vn 0.6855 -0.7281 -0.0000
vn 0.4330 0.9014 -0.0000
vn 0.9993 0.0376 -0.0000
vn -0.6812 -0.7321 -0.0000
vn -0.9990 0.0438 -0.0000
vn 0.6387 -0.7694 -0.0000
vn 0.9990 0.0451 -0.0000
vn -0.2545 0.9671 -0.0000
vn 0.2935 0.9559 -0.0000
vn -0.6349 -0.7726 -0.0000
vn -0.9900 0.1414 -0.0000
vn -0.9996 -0.0300 -0.0000
vn 0.5877 -0.8091 -0.0000
vn 0.9926 0.1216 -0.0000
vn -0.9901 0.1401 -0.0000
vn 0.1644 0.9864 -0.0000
vn 0.9901 0.1401 -0.0000
vn -0.5842 -0.8116 -0.0000
vn -0.9958 0.0915 -0.0000
vn 0.9755 0.2200 -0.0000
vn -0.5295 -0.8483 -0.0000
vn -0.9668 0.2554 -0.0000
vn 0.0507 0.9987 -0.0000
vn 0.5325 -0.8465 -0.0000
vn 0.9668 0.2554 -0.0000
vn 0.9430 0.3327 -0.0000
vn -0.4713 -0.8820 -0.0000
vn -0.9250 0.3799 -0.0000
vn 0.4737 -0.8807 -0.0000
vn 0.9250 0.3799 -0.0000
vn -0.4101 -0.9121 -0.0000
vn 0.4120 -0.9112 -0.0000
vn 0.8575 0.5145 -0.0000
vn -0.9879 -0.1552 -0.0000
vn 0.8097 0.5869 -0.0000
vn -0.3468 -0.9380 -0.0000
vn -0.7629 0.6466 -0.0000
vn 0.3482 -0.9374 -0.0000
vn 0.7637 0.6456 -0.0000
vn 0.7023 0.7118 -0.0000
vn -0.2822 -0.9593 -0.0000
vn -0.6465 0.7629 -0.0000
vn 0.2832 -0.9591 -0.0000
vn 0.6457 0.7636 -0.0000
vn -0.5143 0.8576 -0.0000
vn -0.2548 -0.9670 -0.0000
vn 0.5735 0.8192 -0.0000
vn -0.2174 -0.9761 -0.0000
vn 0.2179 -0.9760 -0.0000
vn 0.4331 0.9013 -0.0000
vn -0.1531 -0.9882 -0.0000
vn 0.3804 -0.9248 -0.0000
vn -0.3809 0.9246 -0.0000
vn 0.1534 -0.9882 -0.0000
vn 0.3809 0.9246 -0.0000
vn 0.2935 0.9560 -0.0000
vn -0.0902 -0.9959 -0.0000
vn 0.0903 -0.9959 -0.0000
vn -0.0294 -0.9996 -0.0000
vn 0.0295 -0.9996 -0.0000
vn -0.8435 -0.5371 -0.0000
vn 0.8045 -0.5940 -0.0000
vn -0.7637 -0.6456 -0.0000
vn 0.8465 -0.5325 -0.0000
vn 0.7637 -0.6456 -0.0000
vn 0.0435 0.9991 -0.0000
vn -0.7844 0.6203 -0.0000
vn -0.8575 -0.5145 -0.0000
vn 0.7856 0.6187 -0.0000
vn 0.8575 -0.5145 -0.0000
vn -0.9958 -0.0913 -0.0000
vn -0.8045 -0.5940 -0.0000
vn 0.9959 -0.0905 -0.0000
vn 0.6854 -0.7281 -0.0000
vn -0.6816 -0.7317 -0.0000
vn 0.9591 -0.2831 -0.0000
vn -0.6360 -0.7717 -0.0000
vn -0.9360 -0.3520 -0.0000
vn -0.5860 -0.8103 -0.0000
vn -0.5319 -0.8468 -0.0000
vn -0.0299 0.9996 -0.0000
vn 0.9112 -0.4119 -0.0000
vn -0.0917 0.9958 -0.0000
vn -0.4742 -0.8804 -0.0000
vn -0.8783 -0.4781 -0.0000
vn 0.8807 -0.4738 -0.0000
vn -0.1553 0.9879 -0.0000
vn -0.4133 -0.9106 -0.0000
vn -0.8434 -0.5372 -0.0000
vn -0.2202 0.9755 -0.0000
vn -0.3501 -0.9367 -0.0000
vn -0.8057 -0.5923 -0.0000
vn 0.8091 -0.5877 -0.0000
vn -0.2854 0.9584 -0.0000
vn -0.7655 -0.6435 -0.0000
vn 0.7695 -0.6387 -0.0000
vn -0.3501 0.9367 -0.0000
vn -0.2202 -0.9755 -0.0000
vn -0.7240 -0.6898 -0.0000
vn 0.7281 -0.6855 -0.0000
vn -0.1553 -0.9879 -0.0000
vn -0.6813 -0.7320 -0.0000
vn 0.6388 -0.7694 -0.0000
vn -0.0917 -0.9958 -0.0000
vn -0.9245 0.3812 -0.0000
vn 0.5876 -0.8091 -0.0000
vn -0.0299 -0.9996 -0.0000
vn -0.8582 0.5133 -0.0000
vn -0.5841 -0.8117 -0.0000
vn 0.5325 -0.8464 -0.0000
vn -0.5296 -0.8483 -0.0000
vn -0.9671 -0.2545 -0.0000
vn 0.7629 0.6466 -0.0000
vn -0.9247 -0.3807 -0.0000
vn 0.4738 -0.8807 -0.0000
vn 0.6465 0.7629 -0.0000
vn -0.7634 -0.6459 -0.0000
vn -0.4100 -0.9121 -0.0000
vn 0.4119 -0.9112 -0.0000
vn -0.3468 -0.9379 -0.0000
vn -0.0298 0.9996 -0.0000
vn -0.0913 0.9958 -0.0000
vn -0.8435 0.5371 -0.0000
vn 0.1416 0.9899 -0.0000
vn -0.1550 0.9879 -0.0000
vn -0.2199 0.9755 -0.0000
vn 0.0904 -0.9959 -0.0000
vn -0.3505 0.9366 -0.0000
vn -0.9958 -0.0915 -0.0000
vn -0.4143 0.9102 -0.0000
vn -0.4758 0.8796 -0.0000
vn -0.5342 0.8454 -0.0000
vn -0.5889 0.8082 -0.0000
vn -0.6395 0.7688 -0.0000
vn 0.9760 -0.2177 -0.0000
vn -0.7661 0.6427 -0.0000
vn -0.6857 0.7279 -0.0000
vn -0.7275 0.6861 -0.0000
vn 0.9590 -0.2833 -0.0000
vn -0.1414 -0.9900 -0.0000
vn -0.9879 0.1552 -0.0000
vn -0.7679 0.6406 -0.0000
vn 0.7654 -0.6436 -0.0000
vn -0.8069 0.5907 -0.0000
vn -0.2822 0.9593 -0.0000
vn -0.8438 0.5366 -0.0000
vn -0.8780 0.4787 -0.0000
vn -0.9087 0.4175 -0.0000
vn 0.9996 0.0294 -0.0000
vn -0.9353 0.3539 -0.0000
vn -0.4101 0.9121 -0.0000
vn -0.9574 0.2886 -0.0000
vn 0.0507 -0.9987 -0.0000
vn -0.9749 0.2228 -0.0000
vn -0.9876 0.1572 -0.0000
vn 0.2180 0.9760 -0.0000
vn -0.9957 0.0928 -0.0000
vn 0.7694 -0.6388 -0.0000
vn -0.5842 0.8116 -0.0000
vn 0.2831 0.9591 -0.0000
vn -0.9995 0.0303 -0.0000
vn 0.4330 -0.9014 -0.0000
vn 0.1414 -0.9900 -0.0000
vn 0.2545 -0.9671 -0.0000
vn -0.4101 0.9120 -0.0000
vn 0.5734 -0.8192 -0.0000
vn -0.6813 0.7320 -0.0000
vn 0.4119 0.9112 -0.0000
vn 0.3808 -0.9247 -0.0000
vn -0.4712 0.8820 -0.0000
vn 0.7024 -0.7117 -0.0000
vn 0.6459 -0.7634 -0.0000
vn 0.7634 -0.6459 -0.0000
vn -0.5296 0.8483 -0.0000
vn 0.8095 -0.5872 -0.0000
vn 0.5325 0.8464 -0.0000
vn 0.9247 -0.3807 -0.0000
vn 0.8893 -0.4573 -0.0000
vn 0.9671 -0.2545 -0.0000
vn 0.8091 0.5877 -0.0000
vn 0.9430 -0.3329 -0.0000
vn -0.9991 -0.0435 -0.0000
vn 0.9755 -0.2202 -0.0000
vn 0.3481 -0.9375 -0.0000
vn 0.7694 0.6388 -0.0000
vn -0.9991 0.0435 -0.0000
vn -0.8056 0.5924 -0.0000
vn -0.9995 -0.0303 -0.0000
vn 0.8465 0.5323 -0.0000
vn 0.9899 0.1414 -0.0000
vn -0.8784 0.4780 -0.0000
vn 0.8807 0.4738 -0.0000
vn 0.9671 0.2545 -0.0000
vn 0.9993 0.0368 -0.0000
vn 0.9247 0.3807 -0.0000
vn 0.9959 0.0904 -0.0000
vn -0.9899 0.1414 -0.0000
vn -0.9360 0.3521 -0.0000
vn -0.9996 0.0299 -0.0000
vn 0.9591 0.2830 -0.0000
vn 0.7634 0.6459 -0.0000
vn 0.9759 0.2182 -0.0000
vn 0.9882 0.1533 -0.0000
vn -0.2544 -0.9671 -0.0000
vn 0.2544 -0.9671 -0.0000
vn 0.2545 0.9671 -0.0000
vn -0.9996 0.0297 -0.0000
vn -0.1414 0.9900 -0.0000
vn 0.1414 0.9900 -0.0000
vn 0.1412 -0.9900 -0.0000
vn 0.7633 -0.6460 -0.0000
vt 0.840764 0.000000
vt 0.847134 0.000000
vt 0.853503 0.000000
vt 0.859873 0.000000
vt 0.866242 0.000000
vt 0.834395 0.000000
vt 0.872611 0.000000
vt 0.828025 0.000000
vt 0.878981 0.000000
vt 0.821656 0.000000
vt 0.885350 0.000000
vt 0.815287 0.000000
vt 0.891720 0.000000
vt 0.808917 0.000000
vt 0.898089 0.000000
vt 0.802548 0.000000
vt 0.904459 0.000000
vt 0.796178 0.000000
vt 0.910828 0.000000
vt 0.789809 0.000000
vt 0.917197 0.000000
vt 0.783440 0.000000
vt 0.923567 0.000000
vt 0.777070 0.000000
vt 0.929936 0.000000
vt 0.770701 0.000000
vt 0.764331 0.000000
vt 0.936306 0.000000
vt 0.942675 0.000000
vt 0.757962 0.000000
vt 0.949045 0.000000
vt 0.751592 0.000000
vt 0.955414 0.000000
vt 0.745223 0.000000
vt 0.961783 0.000000
vt 0.738854 0.000000
vt 0.968153 0.000000
vt 0.732484 0.000000
vt 0.974522 0.000000
vt 0.726115 0.000000
vt 0.980892 0.000000
vt 0.719745 0.000000
vt 0.987261 0.000000
vt 0.713376 0.000000
vt 0.993631 0.000000
vt 0.707006 0.000000
vt 1.000000 0.000000
vt 0.700637 0.000000
vt 0.095541 0.000000
vt 0.089172 0.000000
vt 0.000000 0.000000
vt 0.694268 0.000000
vt 0.108280 0.000000
vt 0.101911 0.000000
vt 0.114650 0.000000
vt 0.082803 0.000000
vt 0.121019 0.000000
vt 0.076433 0.000000
vt 0.127389 0.000000
vt 0.070064 0.000000
vt 0.133758 0.000000
vt 0.063694 0.000000
vt 0.140127 0.000000
vt 0.057325 0.000000
vt 0.146497 0.000000
vt 0.050955 0.000000
vt 0.152866 0.000000
vt 0.044586 0.000000
vt 0.159236 0.000000
vt 0.038217 0.000000
vt 0.165605 0.000000
vt 0.031847 0.000000
vt 0.171975 0.000000
vt 0.025478 0.000000
vt 0.178344 0.000000
vt 0.019108 0.000000
vt 0.687898 0.000000
vt 0.184713 0.000000
vt 0.012739 0.000000
vt 0.006369 0.000000
vt 0.356688 0.000000
vt 0.363057 0.000000
vt 0.369427 0.000000
vt 0.350318 0.000000
vt 0.375796 0.000000
vt 0.343949 0.000000
vt 0.681529 0.000000
vt 0.191083 0.000000
vt 0.337580 0.000000
vt 0.382166 0.000000
vt 0.197452 0.000000
vt 0.331210 0.000000
vt 0.203822 0.000000
vt 0.324841 0.000000
vt 0.210191 0.000000
vt 0.318471 0.000000
vt 0.216561 0.000000
vt 0.312102 0.000000
vt 0.222930 0.000000
vt 0.305732 0.000000
vt 0.229299 0.000000
vt 0.299363 0.000000
vt 0.235669 0.000000
vt 0.292994 0.000000
vt 0.242038 0.000000
vt 0.286624 0.000000
vt 0.248408 0.000000
vt 0.280255 0.000000
vt 0.254777 0.000000
vt 0.273885 0.000000
vt 0.261146 0.000000
vt 0.267516 0.000000
vt 0.388535 0.000000
vt 0.675159 0.000000
vt 0.394904 0.000000
vt 0.668790 0.000000
vt 0.401274 0.000000
vt 0.662420 0.000000
vt 0.407643 0.000000
vt 0.656051 0.000000
vt 0.414013 0.000000
vt 0.649682 0.000000
vt 0.420382 0.000000
vt 0.643312 0.000000
vt 0.426752 0.000000
vt 0.636943 0.000000
vt 0.433121 0.000000
vt 0.630573 0.000000
vt 0.439490 0.000000
vt 0.624204 0.000000
vt 0.445860 0.000000
vt 0.617834 0.000000
vt 0.452229 0.000000
vt 0.611465 0.000000
vt 0.605096 0.000000
vt 0.458599 0.000000
vt 0.598726 0.000000
vt 0.464968 0.000000
vt 0.592357 0.000000
vt 0.471338 0.000000
vt 0.477707 0.000000
vt 0.585987 0.000000
vt 0.484076 0.000000
vt 0.579618 0.000000
vt 0.490446 0.000000
vt 0.573248 0.000000
vt 0.496815 0.000000
vt 0.566879 0.000000
vt 0.503185 0.000000
vt 0.560510 0.000000
vt 0.509554 0.000000
vt 0.554140 0.000000
vt 0.515924 0.000000
vt 0.547771 0.000000
vt 0.522293 0.000000
vt 0.541401 0.000000
vt 0.528662 0.000000
vt 0.535032 0.000000
vt 0.777778 0.000000
vt 0.888889 0.000000
vt 0.555556 0.000000
vt 0.111111 0.000000
vt 0.222222 0.000000
vt 0.333333 0.000000
vt 0.666667 0.000000
vt 0.444444 0.000000
vt 0.662651 0.000000
vt 0.012048 0.000000
vt 0.024096 0.000000
vt 0.036145 0.000000
vt 0.650602 0.000000
vt 0.048193 0.000000
vt 0.638554 0.000000
vt 0.060241 0.000000
vt 0.626506 0.000000
vt 0.072289 0.000000
vt 0.614458 0.000000
vt 0.084337 0.000000
vt 0.602410 0.000000
vt 0.096386 0.000000
vt 0.590361 0.000000
vt 0.108434 0.000000
vt 0.578313 0.000000
vt 0.120482 0.000000
vt 0.566265 0.000000
vt 0.132530 0.000000
vt 0.554217 0.000000
vt 0.144578 0.000000
vt 0.542169 0.000000
vt 0.156627 0.000000
vt 0.530120 0.000000
vt 0.518072 0.000000
vt 0.168675 0.000000
vt 0.180723 0.000000
vt 0.506024 0.000000
vt 0.192771 0.000000
vt 0.493976 0.000000
vt 0.204819 0.000000
vt 0.481928 0.000000
vt 0.216867 0.000000
vt 0.469880 0.000000
vt 0.228916 0.000000
vt 0.457831 0.000000
vt 0.240964 0.000000
vt 0.445783 0.000000
vt 0.253012 0.000000
vt 0.433735 0.000000
vt 0.265060 0.000000
vt 0.421687 0.000000
vt 0.277108 0.000000
vt 0.409639 0.000000
vt 0.289157 0.000000
vt 0.397590 0.000000
vt 0.843373 0.000000
vt 0.831325 0.000000
vt 0.301205 0.000000
vt 0.385542 0.000000
vt 0.867470 0.000000
vt 0.855422 0.000000
vt 0.879518 0.000000
vt 0.819277 0.000000
vt 0.891566 0.000000
vt 0.807229 0.000000
vt 0.903614 0.000000
vt 0.795181 0.000000
vt 0.915663 0.000000
vt 0.783133 0.000000
vt 0.927711 0.000000
vt 0.771084 0.000000
vt 0.939759 0.000000
vt 0.759036 0.000000
vt 0.951807 0.000000
vt 0.746988 0.000000
vt 0.963855 0.000000
vt 0.734940 0.000000
vt 0.975904 0.000000
vt 0.722892 0.000000
vt 0.987952 0.000000
vt 0.710843 0.000000
vt 0.698795 0.000000
vt 0.373494 0.000000
vt 0.674699 0.000000
vt 0.686747 0.000000
vt 0.313253 0.000000
vt 0.349398 0.000000
vt 0.337349 0.000000
vt 0.361446 0.000000
vt 0.325301 0.000000
vt 0.655629 0.000000
vt 0.006623 0.000000
vt 0.013245 0.000000
vt 0.019868 0.000000
vt 0.649007 0.000000
vt 0.026490 0.000000
vt 0.642384 0.000000
vt 0.033113 0.000000
vt 0.635762 0.000000
vt 0.039735 0.000000
vt 0.629139 0.000000
vt 0.046358 0.000000
vt 0.622517 0.000000
vt 0.052980 0.000000
vt 0.615894 0.000000
vt 0.059603 0.000000
vt 0.609272 0.000000
vt 0.066225 0.000000
vt 0.602649 0.000000
vt 0.072848 0.000000
vt 0.596026 0.000000
vt 0.079470 0.000000
vt 0.589404 0.000000
vt 0.086093 0.000000
vt 0.582781 0.000000
vt 0.576159 0.000000
vt 0.092715 0.000000
vt 0.099338 0.000000
vt 0.569536 0.000000
vt 0.105960 0.000000
vt 0.562914 0.000000
vt 0.112583 0.000000
vt 0.556291 0.000000
vt 0.119205 0.000000
vt 0.549669 0.000000
vt 0.125828 0.000000
vt 0.543046 0.000000
vt 0.132450 0.000000
vt 0.536424 0.000000
vt 0.139073 0.000000
vt 0.529801 0.000000
vt 0.145695 0.000000
vt 0.523179 0.000000
vt 0.152318 0.000000
vt 0.516556 0.000000
vt 0.158940 0.000000
vt 0.509934 0.000000
vt 0.834437 0.000000
vt 0.165563 0.000000
vt 0.503311 0.000000
vt 0.847682 0.000000
vt 0.841060 0.000000
vt 0.827815 0.000000
vt 0.854305 0.000000
vt 0.821192 0.000000
vt 0.860927 0.000000
vt 0.814570 0.000000
vt 0.867550 0.000000
vt 0.807947 0.000000
vt 0.874172 0.000000
vt 0.801324 0.000000
vt 0.880795 0.000000
vt 0.794702 0.000000
vt 0.887417 0.000000
vt 0.788079 0.000000
vt 0.894040 0.000000
vt 0.781457 0.000000
vt 0.900662 0.000000
vt 0.774834 0.000000
vt 0.907285 0.000000
vt 0.768212 0.000000
vt 0.913907 0.000000
vt 0.761589 0.000000
vt 0.920530 0.000000
vt 0.754967 0.000000
vt 0.496689 0.000000
vt 0.927152 0.000000
vt 0.748344 0.000000
vt 0.172185 0.000000
vt 0.490066 0.000000
vt 0.933775 0.000000
vt 0.741722 0.000000
vt 0.178808 0.000000
vt 0.940397 0.000000
vt 0.735099 0.000000
vt 0.947020 0.000000
vt 0.728477 0.000000
vt 0.953642 0.000000
vt 0.721854 0.000000
vt 0.960265 0.000000
vt 0.715232 0.000000
vt 0.966887 0.000000
vt 0.708609 0.000000
vt 0.973510 0.000000
vt 0.701987 0.000000
vt 0.980132 0.000000
vt 0.695364 0.000000
vt 0.986755 0.000000
vt 0.688742 0.000000
vt 0.993378 0.000000
vt 0.682119 0.000000
vt 0.675497 0.000000
vt 0.662252 0.000000
vt 0.668874 0.000000
vt 0.185430 0.000000
vt 0.483444 0.000000
vt 0.192053 0.000000
vt 0.476821 0.000000
vt 0.198675 0.000000
vt 0.470199 0.000000
vt 0.205298 0.000000
vt 0.463576 0.000000
vt 0.211921 0.000000
vt 0.456954 0.000000
vt 0.218543 0.000000
vt 0.450331 0.000000
vt 0.225166 0.000000
vt 0.443709 0.000000
vt 0.231788 0.000000
vt 0.437086 0.000000
vt 0.238411 0.000000
vt 0.430464 0.000000
vt 0.245033 0.000000
vt 0.423841 0.000000
vt 0.251656 0.000000
vt 0.417219 0.000000
vt 0.410596 0.000000
vt 0.258278 0.000000
vt 0.403974 0.000000
vt 0.264901 0.000000
vt 0.397351 0.000000
vt 0.271523 0.000000
vt 0.278146 0.000000
vt 0.390728 0.000000
vt 0.284768 0.000000
vt 0.384106 0.000000
vt 0.291391 0.000000
vt 0.377483 0.000000
vt 0.298013 0.000000
vt 0.370861 0.000000
vt 0.304636 0.000000
vt 0.364238 0.000000
vt 0.311258 0.000000
vt 0.357616 0.000000
vt 0.317881 0.000000
vt 0.350993 0.000000
vt 0.324503 0.000000
vt 0.344371 0.000000
vt 0.331126 0.000000
vt 0.337748 0.000000
vt 0.625000 0.000000
vt 0.750000 0.000000
vt 0.875000 0.000000
vt 0.125000 0.000000
vt 0.250000 0.000000
vt 0.500000 0.000000
vt 0.375000 0.000000
vt 0.200000 0.000000
vt 0.400000 0.000000
vt 0.600000 0.000000
vt 0.800000 0.000000
vt 0.509434 0.000000
vt 0.745283 0.000000
vt 0.735849 0.000000
vt 0.726415 0.000000
vt 0.716981 0.000000
vt 0.707547 0.000000
vt 0.698113 0.000000
vt 0.688679 0.000000
vt 0.679245 0.000000
vt 0.009434 0.000000
vt 0.018868 0.000000
vt 0.028302 0.000000
vt 0.037736 0.000000
vt 0.047170 0.000000
vt 0.669811 0.000000
vt 0.056604 0.000000
vt 0.066038 0.000000
vt 0.075472 0.000000
vt 0.084906 0.000000
vt 0.094340 0.000000
vt 0.103774 0.000000
vt 0.113208 0.000000
vt 0.122642 0.000000
vt 0.132075 0.000000
vt 0.660377 0.000000
vt 0.141509 0.000000
vt 0.150943 0.000000
vt 0.160377 0.000000
vt 0.169811 0.000000
vt 0.179245 0.000000
vt 0.188679 0.000000
vt 0.198113 0.000000
vt 0.650943 0.000000
vt 0.207547 0.000000
vt 0.216981 0.000000
vt 0.226415 0.000000
vt 0.641509 0.000000
vt 0.632075 0.000000
vt 0.235849 0.000000
vt 0.622642 0.000000
vt 0.613208 0.000000
vt 0.603774 0.000000
vt 0.594340 0.000000
vt 0.584906 0.000000
vt 0.575472 0.000000
vt 0.566038 0.000000
vt 0.556604 0.000000
vt 0.547170 0.000000
vt 0.754717 0.000000
vt 0.537736 0.000000
vt 0.764151 0.000000
vt 0.528302 0.000000
vt 0.773585 0.000000
vt 0.518868 0.000000
vt 0.245283 0.000000
vt 0.783019 0.000000
vt 0.254717 0.000000
vt 0.792453 0.000000
vt 0.990566 0.000000
vt 0.801887 0.000000
vt 0.981132 0.000000
vt 0.811321 0.000000
vt 0.971698 0.000000
vt 0.820755 0.000000
vt 0.962264 0.000000
vt 0.830189 0.000000
vt 0.952830 0.000000
vt 0.839623 0.000000
vt 0.943396 0.000000
vt 0.849057 0.000000
vt 0.933962 0.000000
vt 0.858491 0.000000
vt 0.924528 0.000000
vt 0.867925 0.000000
vt 0.915094 0.000000
vt 0.877358 0.000000
vt 0.905660 0.000000
vt 0.886792 0.000000
vt 0.896226 0.000000
vt 0.490566 0.000000
vt 0.264151 0.000000
vt 0.273585 0.000000
vt 0.283019 0.000000
vt 0.292453 0.000000
vt 0.301887 0.000000
vt 0.311321 0.000000
vt 0.320755 0.000000
vt 0.330189 0.000000
vt 0.339623 0.000000
vt 0.349057 0.000000
vt 0.358491 0.000000
vt 0.367925 0.000000
vt 0.377358 0.000000
vt 0.386792 0.000000
vt 0.396226 0.000000
vt 0.405660 0.000000
vt 0.415094 0.000000
vt 0.424528 0.000000
vt 0.433962 0.000000
vt 0.443396 0.000000
vt 0.452830 0.000000
vt 0.462264 0.000000
vt 0.471698 0.000000
vt 0.481132 0.000000
s 0
usemtl Material.001
f 133/1/1 134/2/1 135/3/1
f 133/1/1 135/3/1 136/4/1
f 133/1/1 136/4/1 137/5/1
f 132/6/1 133/1/1 137/5/1
f 132/6/1 137/5/1 138/7/1
f 131/8/1 132/6/1 138/7/1
f 131/8/1 138/7/1 139/9/1
f 130/10/1 131/8/1 139/9/1
f 130/10/1 139/9/1 140/11/1
f 129/12/1 130/10/1 140/11/1
f 129/12/1 140/11/1 141/13/1
f 128/14/1 129/12/1 141/13/1
f 128/14/1 141/13/1 142/15/1
f 127/16/1 128/14/1 142/15/1
f 127/16/1 142/15/1 143/17/1
f 126/18/1 127/16/1 143/17/1
f 126/18/1 143/17/1 144/19/1
f 125/20/1 126/18/1 144/19/1
f 125/20/1 144/19/1 145/21/1
f 124/22/1 125/20/1 145/21/1
f 124/22/1 145/21/1 146/23/1
f 123/24/1 124/22/1 146/23/1
f 123/24/1 146/23/1 147/25/1
f 122/26/1 123/24/1 147/25/1
f 121/27/1 122/26/1 147/25/1
f 121/27/1 147/25/1 148/28/1
f 121/27/1 148/28/1 149/29/1
f 120/30/1 121/27/1 149/29/1
f 120/30/1 149/29/1 150/31/1
f 119/32/1 120/30/1 150/31/1
f 119/32/1 150/31/1 151/33/1
f 118/34/1 119/32/1 151/33/1
f 118/34/1 151/33/1 152/35/1
f 117/36/1 118/34/1 152/35/1
f 117/36/1 152/35/1 153/37/1
f 116/38/1 117/36/1 153/37/1
f 116/38/1 153/37/1 154/39/1
f 115/40/1 116/38/1 154/39/1
f 115/40/1 154/39/1 155/41/1
f 114/42/1 115/40/1 155/41/1
f 114/42/1 155/41/1 156/43/1
f 113/44/1 114/42/1 156/43/1
f 113/44/1 156/43/1 157/45/1
f 112/46/1 113/44/1 157/45/1
f 112/46/1 157/45/1 158/47/1
f 111/48/1 112/46/1 158/47/1
f 111/48/1 158/47/1 16/49/1
f 16/49/1 158/47/1 15/50/1
f 15/50/1 158/47/1 1/51/1
f 110/52/1 111/48/1 18/53/1
f 18/53/1 111/48/1 17/54/1
f 17/54/1 111/48/1 16/49/1
f 110/52/1 18/53/1 19/55/1
f 14/56/1 15/50/1 1/51/1
f 110/52/1 19/55/1 20/57/1
f 13/58/1 14/56/1 1/51/1
f 110/52/1 20/57/1 21/59/1
f 12/60/1 13/58/1 1/51/1
f 110/52/1 21/59/1 22/61/1
f 11/62/1 12/60/1 1/51/1
f 110/52/1 22/61/1 23/63/1
f 10/64/1 11/62/1 1/51/1
f 110/52/1 23/63/1 24/65/1
f 9/66/1 10/64/1 1/51/1
f 110/52/1 24/65/1 25/67/1
f 8/68/1 9/66/1 1/51/1
f 110/52/1 25/67/1 26/69/1
f 7/70/1 8/68/1 1/51/1
f 110/52/1 26/69/1 27/71/1
f 6/72/1 7/70/1 1/51/1
f 110/52/1 27/71/1 28/73/1
f 5/74/1 6/72/1 1/51/1
f 110/52/1 28/73/1 29/75/1
f 4/76/1 5/74/1 1/51/1
f 109/77/1 110/52/1 29/75/1
f 109/77/1 29/75/1 30/78/1
f 3/79/1 4/76/1 1/51/1
f 3/79/1 1/51/1 2/80/1
f 57/81/1 58/82/1 59/83/1
f 57/81/1 59/83/1 56/84/1
f 56/84/1 59/83/1 60/85/1
f 55/86/1 56/84/1 60/85/1
f 108/87/1 109/77/1 30/78/1
f 108/87/1 30/78/1 31/88/1
f 54/89/1 55/86/1 60/85/1
f 54/89/1 60/85/1 61/90/1
f 108/87/1 31/88/1 32/91/1
f 53/92/1 54/89/1 61/90/1
f 108/87/1 32/91/1 33/93/1
f 52/94/1 53/92/1 61/90/1
f 108/87/1 33/93/1 34/95/1
f 51/96/1 52/94/1 61/90/1
f 108/87/1 34/95/1 35/97/1
f 50/98/1 51/96/1 61/90/1
f 108/87/1 35/97/1 36/99/1
f 49/100/1 50/98/1 61/90/1
f 108/87/1 36/99/1 37/101/1
f 48/102/1 49/100/1 61/90/1
f 108/87/1 37/101/1 38/103/1
f 47/104/1 48/102/1 61/90/1
f 108/87/1 38/103/1 39/105/1
f 46/106/1 47/104/1 61/90/1
f 108/87/1 39/105/1 40/107/1
f 45/108/1 46/106/1 61/90/1
f 108/87/1 40/107/1 41/109/1
f 44/110/1 45/108/1 61/90/1
f 108/87/1 41/109/1 42/111/1
f 43/112/1 44/110/1 61/90/1
f 108/87/1 42/111/1 43/112/1
f 108/87/1 43/112/1 61/90/1
f 108/87/1 61/90/1 62/113/1
f 107/114/1 108/87/1 62/113/1
f 107/114/1 62/113/1 63/115/1
f 106/116/1 107/114/1 63/115/1
f 106/116/1 63/115/1 64/117/1
f 105/118/1 106/116/1 64/117/1
f 105/118/1 64/117/1 65/119/1
f 104/120/1 105/118/1 65/119/1
f 104/120/1 65/119/1 66/121/1
f 103/122/1 104/120/1 66/121/1
f 103/122/1 66/121/1 67/123/1
f 102/124/1 103/122/1 67/123/1
f 102/124/1 67/123/1 68/125/1
f 101/126/1 102/124/1 68/125/1
f 101/126/1 68/125/1 69/127/1
f 100/128/1 101/126/1 69/127/1
f 100/128/1 69/127/1 70/129/1
f 99/130/1 100/128/1 70/129/1
f 99/130/1 70/129/1 71/131/1
f 98/132/1 99/130/1 71/131/1
f 98/132/1 71/131/1 72/133/1
f 97/134/1 98/132/1 72/133/1
f 96/135/1 97/134/1 72/133/1
f 96/135/1 72/133/1 73/136/1
f 95/137/1 96/135/1 73/136/1
f 95/137/1 73/136/1 74/138/1
f 94/139/1 95/137/1 74/138/1
f 94/139/1 74/138/1 75/140/1
f 94/139/1 75/140/1 76/141/1
f 93/142/1 94/139/1 76/141/1
f 93/142/1 76/141/1 77/143/1
f 92/144/1 93/142/1 77/143/1
f 92/144/1 77/143/1 78/145/1
f 91/146/1 92/144/1 78/145/1
f 91/146/1 78/145/1 79/147/1
f 90/148/1 91/146/1 79/147/1
f 90/148/1 79/147/1 80/149/1
f 89/150/1 90/148/1 80/149/1
f 89/150/1 80/149/1 81/151/1
f 88/152/1 89/150/1 81/151/1
f 88/152/1 81/151/1 82/153/1
f 87/154/1 88/152/1 82/153/1
f 87/154/1 82/153/1 83/155/1
f 86/156/1 87/154/1 83/155/1
f 86/156/1 83/155/1 84/157/1
f 85/158/1 86/156/1 84/157/1
f 166/159/1 167/160/1 168/47/1
f 166/159/1 168/47/1 164/161/1
f 164/161/1 168/47/1 159/51/1
f 159/51/1 160/162/1 161/163/1
f 159/51/1 161/163/1 162/164/1
f 166/159/1 164/161/1 165/165/1
f 163/166/1 164/161/1 159/51/1
f 163/166/1 159/51/1 162/164/1
f 224/167/1 169/51/1 170/168/1
f 224/167/1 170/168/1 171/169/1
f 224/167/1 171/169/1 172/170/1
f 223/171/1 224/167/1 172/170/1
f 223/171/1 172/170/1 173/172/1
f 222/173/1 223/171/1 173/172/1
f 222/173/1 173/172/1 174/174/1
f 221/175/1 222/173/1 174/174/1
f 221/175/1 174/174/1 175/176/1
f 220/177/1 221/175/1 175/176/1
f 220/177/1 175/176/1 176/178/1
f 219/179/1 220/177/1 176/178/1
f 219/179/1 176/178/1 177/180/1
f 218/181/1 219/179/1 177/180/1
f 218/181/1 177/180/1 178/182/1
f 217/183/1 218/181/1 178/182/1
f 217/183/1 178/182/1 179/184/1
f 216/185/1 217/183/1 179/184/1
f 216/185/1 179/184/1 180/186/1
f 215/187/1 216/185/1 180/186/1
f 215/187/1 180/186/1 181/188/1
f 214/189/1 215/187/1 181/188/1
f 214/189/1 181/188/1 182/190/1
f 213/191/1 214/189/1 182/190/1
f 212/192/1 213/191/1 182/190/1
f 212/192/1 182/190/1 183/193/1
f 212/192/1 183/193/1 184/194/1
f 211/195/1 212/192/1 184/194/1
f 211/195/1 184/194/1 185/196/1
f 210/197/1 211/195/1 185/196/1
f 210/197/1 185/196/1 186/198/1
f 209/199/1 210/197/1 186/198/1
f 209/199/1 186/198/1 187/200/1
f 208/201/1 209/199/1 187/200/1
f 208/201/1 187/200/1 188/202/1
f 207/203/1 208/201/1 188/202/1
f 207/203/1 188/202/1 189/204/1
f 206/205/1 207/203/1 189/204/1
f 206/205/1 189/204/1 190/206/1
f 205/207/1 206/205/1 190/206/1
f 205/207/1 190/206/1 191/208/1
f 204/209/1 205/207/1 191/208/1
f 204/209/1 191/208/1 192/210/1
f 203/211/1 204/209/1 192/210/1
f 203/211/1 192/210/1 193/212/1
f 202/213/1 203/211/1 193/212/1
f 202/213/1 193/212/1 239/214/1
f 239/214/1 193/212/1 238/215/1
f 238/215/1 193/212/1 194/216/1
f 201/217/1 202/213/1 241/218/1
f 241/218/1 202/213/1 240/219/1
f 240/219/1 202/213/1 239/214/1
f 201/217/1 241/218/1 242/220/1
f 237/221/1 238/215/1 194/216/1
f 201/217/1 242/220/1 243/222/1
f 236/223/1 237/221/1 194/216/1
f 201/217/1 243/222/1 244/224/1
f 235/225/1 236/223/1 194/216/1
f 201/217/1 244/224/1 245/226/1
f 234/227/1 235/225/1 194/216/1
f 201/217/1 245/226/1 246/228/1
f 233/229/1 234/227/1 194/216/1
f 201/217/1 246/228/1 247/230/1
f 232/231/1 233/229/1 194/216/1
f 201/217/1 247/230/1 248/232/1
f 231/233/1 232/231/1 194/216/1
f 201/217/1 248/232/1 249/234/1
f 230/235/1 231/233/1 194/216/1
f 201/217/1 249/234/1 250/236/1
f 229/237/1 230/235/1 194/216/1
f 201/217/1 250/236/1 251/238/1
f 228/239/1 229/237/1 194/216/1
f 201/217/1 251/238/1 252/47/1
f 227/240/1 228/239/1 194/216/1
f 200/241/1 201/217/1 252/47/1
f 200/241/1 252/47/1 225/242/1
f 226/243/1 227/240/1 194/216/1
f 226/243/1 194/216/1 195/244/1
f 200/241/1 225/242/1 198/245/1
f 198/245/1 225/242/1 226/243/1
f 198/245/1 226/243/1 197/246/1
f 197/246/1 226/243/1 195/244/1
f 200/241/1 198/245/1 199/247/1
f 196/248/1 197/246/1 195/244/1
f 385/1/1 386/2/1 387/3/1
f 385/1/1 387/3/1 388/4/1
f 385/1/1 388/4/1 389/5/1
f 384/6/1 385/1/1 389/5/1
f 384/6/1 389/5/1 390/7/1
f 383/8/1 384/6/1 390/7/1
f 383/8/1 390/7/1 391/9/1
f 382/10/1 383/8/1 391/9/1
f 382/10/1 391/9/1 392/11/1
f 381/12/1 382/10/1 392/11/1
f 381/12/1 392/11/1 393/13/1
f 380/14/1 381/12/1 393/13/1
f 380/14/1 393/13/1 394/15/1
f 379/16/1 380/14/1 394/15/1
f 379/16/1 394/15/1 395/17/1
f 378/18/1 379/16/1 395/17/1
f 378/18/1 395/17/1 396/19/1
f 377/20/1 378/18/1 396/19/1
f 377/20/1 396/19/1 397/21/1
f 376/22/1 377/20/1 397/21/1
f 376/22/1 397/21/1 398/23/1
f 375/24/1 376/22/1 398/23/1
f 375/24/1 398/23/1 399/25/1
f 374/26/1 375/24/1 399/25/1
f 373/27/1 374/26/1 399/25/1
f 373/27/1 399/25/1 400/28/1
f 373/27/1 400/28/1 401/29/1
f 372/30/1 373/27/1 401/29/1
f 372/30/1 401/29/1 402/31/1
f 371/32/1 372/30/1 402/31/1
f 371/32/1 402/31/1 403/33/1
f 370/34/1 371/32/1 403/33/1
f 370/34/1 403/33/1 404/35/1
f 369/36/1 370/34/1 404/35/1
f 369/36/1 404/35/1 405/37/1
f 368/38/1 369/36/1 405/37/1
f 368/38/1 405/37/1 406/39/1
f 367/40/1 368/38/1 406/39/1
f 367/40/1 406/39/1 407/41/1
f 366/42/1 367/40/1 407/41/1
f 366/42/1 407/41/1 408/43/1
f 365/44/1 366/42/1 408/43/1
f 365/44/1 408/43/1 409/45/1
f 364/46/1 365/44/1 409/45/1
f 364/46/1 409/45/1 410/47/1
f 363/48/1 364/46/1 410/47/1
f 363/48/1 410/47/1 268/49/1
f 268/49/1 410/47/1 267/50/1
f 267/50/1 410/47/1 253/51/1
f 362/52/1 363/48/1 270/53/1
f 270/53/1 363/48/1 269/54/1
f 269/54/1 363/48/1 268/49/1
f 362/52/1 270/53/1 271/55/1
f 266/56/1 267/50/1 253/51/1
f 362/52/1 271/55/1 272/57/1
f 265/58/1 266/56/1 253/51/1
f 362/52/1 272/57/1 273/59/1
f 264/60/1 265/58/1 253/51/1
f 362/52/1 273/59/1 274/61/1
f 263/62/1 264/60/1 253/51/1
f 362/52/1 274/61/1 275/63/1
f 262/64/1 263/62/1 253/51/1
f 362/52/1 275/63/1 276/65/1
f 261/66/1 262/64/1 253/51/1
f 362/52/1 276/65/1 277/67/1
f 260/68/1 261/66/1 253/51/1
f 362/52/1 277/67/1 278/69/1
f 259/70/1 260/68/1 253/51/1
f 362/52/1 278/69/1 279/71/1
f 258/72/1 259/70/1 253/51/1
f 362/52/1 279/71/1 280/73/1
f 257/74/1 258/72/1 253/51/1
f 362/52/1 280/73/1 281/75/1
f 256/76/1 257/74/1 253/51/1
f 361/77/1 362/52/1 281/75/1
f 361/77/1 281/75/1 282/78/1
f 255/79/1 256/76/1 253/51/1
f 255/79/1 253/51/1 254/80/1
f 309/81/1 310/82/1 311/83/1
f 309/81/1 311/83/1 308/84/1
f 308/84/1 311/83/1 312/85/1
f 307/86/1 308/84/1 312/85/1
f 360/87/1 361/77/1 282/78/1
f 360/87/1 282/78/1 283/88/1
f 306/89/1 307/86/1 312/85/1
f 306/89/1 312/85/1 313/90/1
f 360/87/1 283/88/1 284/91/1
f 305/92/1 306/89/1 313/90/1
f 360/87/1 284/91/1 285/93/1
f 304/94/1 305/92/1 313/90/1
f 360/87/1 285/93/1 286/95/1
f 303/96/1 304/94/1 313/90/1
f 360/87/1 286/95/1 287/97/1
f 302/98/1 303/96/1 313/90/1
f 360/87/1 287/97/1 288/99/1
f 301/100/1 302/98/1 313/90/1
f 360/87/1 288/99/1 289/101/1
f 300/102/1 301/100/1 313/90/1
f 360/87/1 289/101/1 290/103/1
f 299/104/1 300/102/1 313/90/1
f 360/87/1 290/103/1 291/105/1
f 298/106/1 299/104/1 313/90/1
f 360/87/1 291/105/1 292/107/1
f 297/108/1 298/106/1 313/90/1
f 360/87/1 292/107/1 293/109/1
f 296/110/1 297/108/1 313/90/1
f 360/87/1 293/109/1 294/111/1
f 295/112/1 296/110/1 313/90/1
f 360/87/1 294/111/1 295/112/1
f 360/87/1 295/112/1 313/90/1
f 360/87/1 313/90/1 314/113/1
f 359/114/1 360/87/1 314/113/1
f 359/114/1 314/113/1 315/115/1
f 358/116/1 359/114/1 315/115/1
f 358/116/1 315/115/1 316/117/1
f 357/118/1 358/116/1 316/117/1
f 357/118/1 316/117/1 317/119/1
f 356/120/1 357/118/1 317/119/1
f 356/120/1 317/119/1 318/121/1
f 355/122/1 356/120/1 318/121/1
f 355/122/1 318/121/1 319/123/1
f 354/124/1 355/122/1 319/123/1
f 354/124/1 319/123/1 320/125/1
f 353/126/1 354/124/1 320/125/1
f 353/126/1 320/125/1 321/127/1
f 352/128/1 353/126/1 321/127/1
f 352/128/1 321/127/1 322/129/1
f 351/130/1 352/128/1 322/129/1
f 351/130/1 322/129/1 323/131/1
f 350/132/1 351/130/1 323/131/1
f 350/132/1 323/131/1 324/133/1
f 349/134/1 350/132/1 324/133/1
f 348/135/1 349/134/1 324/133/1
f 348/135/1 324/133/1 325/136/1
f 347/137/1 348/135/1 325/136/1
f 347/137/1 325/136/1 326/138/1
f 346/139/1 347/137/1 326/138/1
f 346/139/1 326/138/1 327/140/1
f 346/139/1 327/140/1 328/141/1
f 345/142/1 346/139/1 328/141/1
f 345/142/1 328/141/1 329/143/1
f 344/144/1 345/142/1 329/143/1
f 344/144/1 329/143/1 330/145/1
f 343/146/1 344/144/1 330/145/1
f 343/146/1 330/145/1 331/147/1
f 342/148/1 343/146/1 331/147/1
f 342/148/1 331/147/1 332/149/1
f 341/150/1 342/148/1 332/149/1
f 341/150/1 332/149/1 333/151/1
f 340/152/1 341/150/1 333/151/1
f 340/152/1 333/151/1 334/153/1
f 339/154/1 340/152/1 334/153/1
f 339/154/1 334/153/1 335/155/1
f 338/156/1 339/154/1 335/155/1
f 338/156/1 335/155/1 336/157/1
f 337/158/1 338/156/1 336/157/1
f 418/159/1 419/160/1 420/47/1
f 418/159/1 420/47/1 416/161/1
f 416/161/1 420/47/1 411/51/1
f 411/51/1 412/162/1 413/163/1
f 411/51/1 413/163/1 414/164/1
f 418/159/1 416/161/1 417/165/1
f 415/166/1 416/161/1 411/51/1
f 415/166/1 411/51/1 414/164/1
f 520/249/1 421/51/1 422/250/1
f 520/249/1 422/250/1 423/251/1
f 520/249/1 423/251/1 424/252/1
f 519/253/1 520/249/1 424/252/1
f 519/253/1 424/252/1 425/254/1
f 518/255/1 519/253/1 425/254/1
f 518/255/1 425/254/1 426/256/1
f 517/257/1 518/255/1 426/256/1
f 517/257/1 426/256/1 427/258/1
f 516/259/1 517/257/1 427/258/1
f 516/259/1 427/258/1 428/260/1
f 515/261/1 516/259/1 428/260/1
f 515/261/1 428/260/1 429/262/1
f 514/263/1 515/261/1 429/262/1
f 514/263/1 429/262/1 430/264/1
f 513/265/1 514/263/1 430/264/1
f 513/265/1 430/264/1 431/266/1
f 512/267/1 513/265/1 431/266/1
f 512/267/1 431/266/1 432/268/1
f 511/269/1 512/267/1 432/268/1
f 511/269/1 432/268/1 433/270/1
f 510/271/1 511/269/1 433/270/1
f 510/271/1 433/270/1 434/272/1
f 509/273/1 510/271/1 434/272/1
f 508/274/1 509/273/1 434/272/1
f 508/274/1 434/272/1 435/275/1
f 508/274/1 435/275/1 436/276/1
f 507/277/1 508/274/1 436/276/1
f 507/277/1 436/276/1 437/278/1
f 506/279/1 507/277/1 437/278/1
f 506/279/1 437/278/1 438/280/1
f 505/281/1 506/279/1 438/280/1
f 505/281/1 438/280/1 439/282/1
f 504/283/1 505/281/1 439/282/1
f 504/283/1 439/282/1 440/284/1
f 503/285/1 504/283/1 440/284/1
f 503/285/1 440/284/1 441/286/1
f 502/287/1 503/285/1 441/286/1
f 502/287/1 441/286/1 442/288/1
f 501/289/1 502/287/1 442/288/1
f 501/289/1 442/288/1 443/290/1
f 500/291/1 501/289/1 443/290/1
f 500/291/1 443/290/1 444/292/1
f 499/293/1 500/291/1 444/292/1
f 499/293/1 444/292/1 445/294/1
f 498/295/1 499/293/1 445/294/1
f 498/295/1 445/294/1 547/296/1
f 547/296/1 445/294/1 446/297/1
f 497/298/1 498/295/1 549/299/1
f 549/299/1 498/295/1 548/300/1
f 548/300/1 498/295/1 547/296/1
f 546/301/1 547/296/1 446/297/1
f 497/298/1 549/299/1 550/302/1
f 545/303/1 546/301/1 446/297/1
f 497/298/1 550/302/1 551/304/1
f 544/305/1 545/303/1 446/297/1
f 497/298/1 551/304/1 552/306/1
f 543/307/1 544/305/1 446/297/1
f 497/298/1 552/306/1 553/308/1
f 542/309/1 543/307/1 446/297/1
f 497/298/1 553/308/1 554/310/1
f 541/311/1 542/309/1 446/297/1
f 497/298/1 554/310/1 555/312/1
f 540/313/1 541/311/1 446/297/1
f 497/298/1 555/312/1 556/314/1
f 539/315/1 540/313/1 446/297/1
f 497/298/1 556/314/1 557/316/1
f 538/317/1 539/315/1 446/297/1
f 497/298/1 557/316/1 558/318/1
f 537/319/1 538/317/1 446/297/1
f 497/298/1 558/318/1 559/320/1
f 536/321/1 537/319/1 446/297/1
f 497/298/1 559/320/1 560/322/1
f 535/323/1 536/321/1 446/297/1
f 496/324/1 497/298/1 560/322/1
f 496/324/1 560/322/1 561/325/1
f 534/326/1 535/323/1 446/297/1
f 534/326/1 446/297/1 447/327/1
f 495/328/1 496/324/1 561/325/1
f 495/328/1 561/325/1 562/329/1
f 533/330/1 534/326/1 447/327/1
f 533/330/1 447/327/1 448/331/1
f 495/328/1 562/329/1 563/332/1
f 532/333/1 533/330/1 448/331/1
f 495/328/1 563/332/1 564/334/1
f 531/335/1 532/333/1 448/331/1
f 495/328/1 564/334/1 565/336/1
f 530/337/1 531/335/1 448/331/1
f 495/328/1 565/336/1 566/338/1
f 529/339/1 530/337/1 448/331/1
f 495/328/1 566/338/1 567/340/1
f 528/341/1 529/339/1 448/331/1
f 495/328/1 567/340/1 568/342/1
f 527/343/1 528/341/1 448/331/1
f 495/328/1 568/342/1 569/344/1
f 526/345/1 527/343/1 448/331/1
f 495/328/1 569/344/1 570/346/1
f 525/347/1 526/345/1 448/331/1
f 495/328/1 570/346/1 571/348/1
f 524/349/1 525/347/1 448/331/1
f 495/328/1 571/348/1 572/47/1
f 523/350/1 524/349/1 448/331/1
f 495/328/1 572/47/1 521/351/1
f 522/352/1 523/350/1 448/331/1
f 495/328/1 521/351/1 522/352/1
f 495/328/1 522/352/1 448/331/1
f 495/328/1 448/331/1 449/353/1
f 494/354/1 495/328/1 449/353/1
f 494/354/1 449/353/1 450/355/1
f 493/356/1 494/354/1 450/355/1
f 493/356/1 450/355/1 451/357/1
f 492/358/1 493/356/1 451/357/1
f 492/358/1 451/357/1 452/359/1
f 491/360/1 492/358/1 452/359/1
f 491/360/1 452/359/1 453/361/1
f 490/362/1 491/360/1 453/361/1
f 490/362/1 453/361/1 454/363/1
f 489/364/1 490/362/1 454/363/1
f 489/364/1 454/363/1 455/365/1
f 488/366/1 489/364/1 455/365/1
f 488/366/1 455/365/1 456/367/1
f 487/368/1 488/366/1 456/367/1
f 487/368/1 456/367/1 457/369/1
f 486/370/1 487/368/1 457/369/1
f 486/370/1 457/369/1 458/371/1
f 485/372/1 486/370/1 458/371/1
f 485/372/1 458/371/1 459/373/1
f 484/374/1 485/372/1 459/373/1
f 483/375/1 484/374/1 459/373/1
f 483/375/1 459/373/1 460/376/1
f 482/377/1 483/375/1 460/376/1
f 482/377/1 460/376/1 461/378/1
f 481/379/1 482/377/1 461/378/1
f 481/379/1 461/378/1 462/380/1
f 481/379/1 462/380/1 463/381/1
f 480/382/1 481/379/1 463/381/1
f 480/382/1 463/381/1 464/383/1
f 479/384/1 480/382/1 464/383/1
f 479/384/1 464/383/1 465/385/1
f 478/386/1 479/384/1 465/385/1
f 478/386/1 465/385/1 466/387/1
f 477/388/1 478/386/1 466/387/1
f 477/388/1 466/387/1 467/389/1
f 476/390/1 477/388/1 467/389/1
f 476/390/1 467/389/1 468/391/1
f 475/392/1 476/390/1 468/391/1
f 475/392/1 468/391/1 469/393/1
f 474/394/1 475/392/1 469/393/1
f 474/394/1 469/393/1 470/395/1
f 473/396/1 474/394/1 470/395/1
f 473/396/1 470/395/1 471/397/1
f 472/398/1 473/396/1 471/397/1
f 705/1/1 706/2/1 707/3/1
f 705/1/1 707/3/1 708/4/1
f 705/1/1 708/4/1 709/5/1
f 704/6/1 705/1/1 709/5/1
f 704/6/1 709/5/1 710/7/1
f 703/8/1 704/6/1 710/7/1
f 703/8/1 710/7/1 711/9/1
f 702/10/1 703/8/1 711/9/1
f 702/10/1 711/9/1 712/11/1
f 701/12/1 702/10/1 712/11/1
f 701/12/1 712/11/1 713/13/1
f 700/14/1 701/12/1 713/13/1
f 700/14/1 713/13/1 714/15/1
f 699/16/1 700/14/1 714/15/1
f 699/16/1 714/15/1 715/17/1
f 698/18/1 699/16/1 715/17/1
f 698/18/1 715/17/1 716/19/1
f 697/20/1 698/18/1 716/19/1
f 697/20/1 716/19/1 717/21/1
f 696/22/1 697/20/1 717/21/1
f 696/22/1 717/21/1 718/23/1
f 695/24/1 696/22/1 718/23/1
f 695/24/1 718/23/1 719/25/1
f 694/26/1 695/24/1 719/25/1
f 693/27/1 694/26/1 719/25/1
f 693/27/1 719/25/1 720/28/1
f 693/27/1 720/28/1 721/29/1
f 692/30/1 693/27/1 721/29/1
f 692/30/1 721/29/1 722/31/1
f 691/32/1 692/30/1 722/31/1
f 691/32/1 722/31/1 723/33/1
f 690/34/1 691/32/1 723/33/1
f 690/34/1 723/33/1 724/35/1
f 689/36/1 690/34/1 724/35/1
f 689/36/1 724/35/1 725/37/1
f 688/38/1 689/36/1 725/37/1
f 688/38/1 725/37/1 726/39/1
f 687/40/1 688/38/1 726/39/1
f 687/40/1 726/39/1 727/41/1
f 686/42/1 687/40/1 727/41/1
f 686/42/1 727/41/1 728/43/1
f 685/44/1 686/42/1 728/43/1
f 685/44/1 728/43/1 729/45/1
f 684/46/1 685/44/1 729/45/1
f 684/46/1 729/45/1 730/47/1
f 683/48/1 684/46/1 730/47/1
f 683/48/1 730/47/1 588/49/1
f 588/49/1 730/47/1 587/50/1
f 587/50/1 730/47/1 573/51/1
f 682/52/1 683/48/1 590/53/1
f 590/53/1 683/48/1 589/54/1
f 589/54/1 683/48/1 588/49/1
f 682/52/1 590/53/1 591/55/1
f 586/56/1 587/50/1 573/51/1
f 682/52/1 591/55/1 592/57/1
f 585/58/1 586/56/1 573/51/1
f 682/52/1 592/57/1 593/59/1
f 584/60/1 585/58/1 573/51/1
f 682/52/1 593/59/1 594/61/1
f 583/62/1 584/60/1 573/51/1
f 682/52/1 594/61/1 595/63/1
f 582/64/1 583/62/1 573/51/1
f 682/52/1 595/63/1 596/65/1
f 581/66/1 582/64/1 573/51/1
f 682/52/1 596/65/1 597/67/1
f 580/68/1 581/66/1 573/51/1
f 682/52/1 597/67/1 598/69/1
f 579/70/1 580/68/1 573/51/1
f 682/52/1 598/69/1 599/71/1
f 578/72/1 579/70/1 573/51/1
f 682/52/1 599/71/1 600/73/1
f 577/74/1 578/72/1 573/51/1
f 682/52/1 600/73/1 601/75/1
f 576/76/1 577/74/1 573/51/1
f 681/77/1 682/52/1 601/75/1
f 681/77/1 601/75/1 602/78/1
f 575/79/1 576/76/1 573/51/1
f 575/79/1 573/51/1 574/80/1
f 629/81/1 630/82/1 631/83/1
f 629/81/1 631/83/1 628/84/1
f 628/84/1 631/83/1 632/85/1
f 627/86/1 628/84/1 632/85/1
f 680/87/1 681/77/1 602/78/1
f 680/87/1 602/78/1 603/88/1
f 626/89/1 627/86/1 632/85/1
f 626/89/1 632/85/1 633/90/1
f 680/87/1 603/88/1 604/91/1
f 625/92/1 626/89/1 633/90/1
f 680/87/1 604/91/1 605/93/1
f 624/94/1 625/92/1 633/90/1
f 680/87/1 605/93/1 606/95/1
f 623/96/1 624/94/1 633/90/1
f 680/87/1 606/95/1 607/97/1
f 622/98/1 623/96/1 633/90/1
f 680/87/1 607/97/1 608/99/1
f 621/100/1 622/98/1 633/90/1
f 680/87/1 608/99/1 609/101/1
f 620/102/1 621/100/1 633/90/1
f 680/87/1 609/101/1 610/103/1
f 619/104/1 620/102/1 633/90/1
f 680/87/1 610/103/1 611/105/1
f 618/106/1 619/104/1 633/90/1
f 680/87/1 611/105/1 612/107/1
f 617/108/1 618/106/1 633/90/1
f 680/87/1 612/107/1 613/109/1
f 616/110/1 617/108/1 633/90/1
f 680/87/1 613/109/1 614/111/1
f 615/112/1 616/110/1 633/90/1
f 680/87/1 614/111/1 615/112/1
f 680/87/1 615/112/1 633/90/1
f 680/87/1 633/90/1 634/113/1
f 679/114/1 680/87/1 634/113/1
f 679/114/1 634/113/1 635/115/1
f 678/116/1 679/114/1 635/115/1
f 678/116/1 635/115/1 636/117/1
f 677/118/1 678/116/1 636/117/1
f 677/118/1 636/117/1 637/119/1
f 676/120/1 677/118/1 637/119/1
f 676/120/1 637/119/1 638/121/1
f 675/122/1 676/120/1 638/121/1
f 675/122/1 638/121/1 639/123/1
f 674/124/1 675/122/1 639/123/1
f 674/124/1 639/123/1 640/125/1
f 673/126/1 674/124/1 640/125/1
f 673/126/1 640/125/1 641/127/1
f 672/128/1 673/126/1 641/127/1
f 672/128/1 641/127/1 642/129/1
f 671/130/1 672/128/1 642/129/1
f 671/130/1 642/129/1 643/131/1
f 670/132/1 671/130/1 643/131/1
f 670/132/1 643/131/1 644/133/1
f 669/134/1 670/132/1 644/133/1
f 668/135/1 669/134/1 644/133/1
f 668/135/1 644/133/1 645/136/1
f 667/137/1 668/135/1 645/136/1
f 667/137/1 645/136/1 646/138/1
f 666/139/1 667/137/1 646/138/1
f 666/139/1 646/138/1 647/140/1
f 666/139/1 647/140/1 648/141/1
f 665/142/1 666/139/1 648/141/1
f 665/142/1 648/141/1 649/143/1
f 664/144/1 665/142/1 649/143/1
f 664/144/1 649/143/1 650/145/1
f 663/146/1 664/144/1 650/145/1
f 663/146/1 650/145/1 651/147/1
f 662/148/1 663/146/1 651/147/1
f 662/148/1 651/147/1 652/149/1
f 661/150/1 662/148/1 652/149/1
f 661/150/1 652/149/1 653/151/1
f 660/152/1 661/150/1 653/151/1
f 660/152/1 653/151/1 654/153/1
f 659/154/1 660/152/1 654/153/1
f 659/154/1 654/153/1 655/155/1
f 658/156/1 659/154/1 655/155/1
f 658/156/1 655/155/1 656/157/1
f 657/158/1 658/156/1 656/157/1
f 736/399/1 737/400/1 738/401/1
f 736/399/1 738/401/1 739/47/1
f 739/47/1 731/51/1 732/402/1
f 739/47/1 732/402/1 733/403/1
f 736/399/1 739/47/1 733/403/1
f 735/404/1 736/399/1 733/403/1
f 735/404/1 733/403/1 734/405/1
f 740/51/1 741/406/1 742/407/1
f 740/51/1 742/407/1 743/408/1
f 740/51/1 743/408/1 744/409/1
f 740/51/1 744/409/1 745/47/1
f 845/249/1 746/51/1 747/250/1
f 845/249/1 747/250/1 748/251/1
f 845/249/1 748/251/1 749/252/1
f 844/253/1 845/249/1 749/252/1
f 844/253/1 749/252/1 750/254/1
f 843/255/1 844/253/1 750/254/1
f 843/255/1 750/254/1 751/256/1
f 842/257/1 843/255/1 751/256/1
f 842/257/1 751/256/1 752/258/1
f 841/259/1 842/257/1 752/258/1
f 841/259/1 752/258/1 753/260/1
f 840/261/1 841/259/1 753/260/1
f 840/261/1 753/260/1 754/262/1
f 839/263/1 840/261/1 754/262/1
f 839/263/1 754/262/1 755/264/1
f 838/265/1 839/263/1 755/264/1
f 838/265/1 755/264/1 756/266/1
f 837/267/1 838/265/1 756/266/1
f 837/267/1 756/266/1 757/268/1
f 836/269/1 837/267/1 757/268/1
f 836/269/1 757/268/1 758/270/1
f 835/271/1 836/269/1 758/270/1
f 835/271/1 758/270/1 759/272/1
f 834/273/1 835/271/1 759/272/1
f 833/274/1 834/273/1 759/272/1
f 833/274/1 759/272/1 760/275/1
f 833/274/1 760/275/1 761/276/1
f 832/277/1 833/274/1 761/276/1
f 832/277/1 761/276/1 762/278/1
f 831/279/1 832/277/1 762/278/1
f 831/279/1 762/278/1 763/280/1
f 830/281/1 831/279/1 763/280/1
f 830/281/1 763/280/1 764/282/1
f 829/283/1 830/281/1 764/282/1
f 829/283/1 764/282/1 765/284/1
f 828/285/1 829/283/1 765/284/1
f 828/285/1 765/284/1 766/286/1
f 827/287/1 828/285/1 766/286/1
f 827/287/1 766/286/1 767/288/1
f 826/289/1 827/287/1 767/288/1
f 826/289/1 767/288/1 768/290/1
f 825/291/1 826/289/1 768/290/1
f 825/291/1 768/290/1 769/292/1
f 824/293/1 825/291/1 769/292/1
f 824/293/1 769/292/1 770/294/1
f 823/295/1 824/293/1 770/294/1
f 823/295/1 770/294/1 872/296/1
f 872/296/1 770/294/1 771/297/1
f 822/298/1 823/295/1 874/299/1
f 874/299/1 823/295/1 873/300/1
f 873/300/1 823/295/1 872/296/1
f 871/301/1 872/296/1 771/297/1
f 822/298/1 874/299/1 875/302/1
f 870/303/1 871/301/1 771/297/1
f 822/298/1 875/302/1 876/304/1
f 869/305/1 870/303/1 771/297/1
f 822/298/1 876/304/1 877/306/1
f 868/307/1 869/305/1 771/297/1
f 822/298/1 877/306/1 878/308/1
f 867/309/1 868/307/1 771/297/1
f 822/298/1 878/308/1 879/310/1
f 866/311/1 867/309/1 771/297/1
f 822/298/1 879/310/1 880/312/1
f 865/313/1 866/311/1 771/297/1
f 822/298/1 880/312/1 881/314/1
f 864/315/1 865/313/1 771/297/1
f 822/298/1 881/314/1 882/316/1
f 863/317/1 864/315/1 771/297/1
f 822/298/1 882/316/1 883/318/1
f 862/319/1 863/317/1 771/297/1
f 822/298/1 883/318/1 884/320/1
f 861/321/1 862/319/1 771/297/1
f 822/298/1 884/320/1 885/322/1
f 860/323/1 861/321/1 771/297/1
f 821/324/1 822/298/1 885/322/1
f 821/324/1 885/322/1 886/325/1
f 859/326/1 860/323/1 771/297/1
f 859/326/1 771/297/1 772/327/1
f 820/328/1 821/324/1 886/325/1
f 820/328/1 886/325/1 887/329/1
f 858/330/1 859/326/1 772/327/1
f 858/330/1 772/327/1 773/331/1
f 820/328/1 887/329/1 888/332/1
f 857/333/1 858/330/1 773/331/1
f 820/328/1 888/332/1 889/334/1
f 856/335/1 857/333/1 773/331/1
f 820/328/1 889/334/1 890/336/1
f 855/337/1 856/335/1 773/331/1
f 820/328/1 890/336/1 891/338/1
f 854/339/1 855/337/1 773/331/1
f 820/328/1 891/338/1 892/340/1
f 853/341/1 854/339/1 773/331/1
f 820/328/1 892/340/1 893/342/1
f 852/343/1 853/341/1 773/331/1
f 820/328/1 893/342/1 894/344/1
f 851/345/1 852/343/1 773/331/1
f 820/328/1 894/344/1 895/346/1
f 850/347/1 851/345/1 773/331/1
f 820/328/1 895/346/1 896/348/1
f 849/349/1 850/347/1 773/331/1
f 820/328/1 896/348/1 897/47/1
f 848/350/1 849/349/1 773/331/1
f 820/328/1 897/47/1 846/351/1
f 847/352/1 848/350/1 773/331/1
f 820/328/1 846/351/1 847/352/1
f 820/328/1 847/352/1 773/331/1
f 820/328/1 773/331/1 774/353/1
f 819/354/1 820/328/1 774/353/1
f 819/354/1 774/353/1 775/355/1
f 818/356/1 819/354/1 775/355/1
f 818/356/1 775/355/1 776/357/1
f 817/358/1 818/356/1 776/357/1
f 817/358/1 776/357/1 777/359/1
f 816/360/1 817/358/1 777/359/1
f 816/360/1 777/359/1 778/361/1
f 815/362/1 816/360/1 778/361/1
f 815/362/1 778/361/1 779/363/1
f 814/364/1 815/362/1 779/363/1
f 814/364/1 779/363/1 780/365/1
f 813/366/1 814/364/1 780/365/1
f 813/366/1 780/365/1 781/367/1
f 812/368/1 813/366/1 781/367/1
f 812/368/1 781/367/1 782/369/1
f 811/370/1 812/368/1 782/369/1
f 811/370/1 782/369/1 783/371/1
f 810/372/1 811/370/1 783/371/1
f 810/372/1 783/371/1 784/373/1
f 809/374/1 810/372/1 784/373/1
f 808/375/1 809/374/1 784/373/1
f 808/375/1 784/373/1 785/376/1
f 807/377/1 808/375/1 785/376/1
f 807/377/1 785/376/1 786/378/1
f 806/379/1 807/377/1 786/378/1
f 806/379/1 786/378/1 787/380/1
f 806/379/1 787/380/1 788/381/1
f 805/382/1 806/379/1 788/381/1
f 805/382/1 788/381/1 789/383/1
f 804/384/1 805/382/1 789/383/1
f 804/384/1 789/383/1 790/385/1
f 803/386/1 804/384/1 790/385/1
f 803/386/1 790/385/1 791/387/1
f 802/388/1 803/386/1 791/387/1
f 802/388/1 791/387/1 792/389/1
f 801/390/1 802/388/1 792/389/1
f 801/390/1 792/389/1 793/391/1
f 800/392/1 801/390/1 793/391/1
f 800/392/1 793/391/1 794/393/1
f 799/394/1 800/392/1 794/393/1
f 799/394/1 794/393/1 795/395/1
f 798/396/1 799/394/1 795/395/1
f 798/396/1 795/395/1 796/397/1
f 797/398/1 798/396/1 796/397/1
f 952/410/1 898/51/1 977/411/1
f 977/411/1 898/51/1 976/412/1
f 976/412/1 898/51/1 975/413/1
f 975/413/1 898/51/1 974/414/1
f 974/414/1 898/51/1 973/415/1
f 973/415/1 898/51/1 972/416/1
f 972/416/1 898/51/1 971/417/1
f 971/417/1 898/51/1 970/418/1
f 970/418/1 898/51/1 899/419/1
f 970/418/1 899/419/1 900/420/1
f 970/418/1 900/420/1 901/421/1
f 970/418/1 901/421/1 902/422/1
f 970/418/1 902/422/1 903/423/1
f 970/418/1 903/423/1 969/424/1
f 969/424/1 903/423/1 904/425/1
f 969/424/1 904/425/1 905/426/1
f 969/424/1 905/426/1 906/427/1
f 969/424/1 906/427/1 907/428/1
f 969/424/1 907/428/1 908/429/1
f 969/424/1 908/429/1 909/430/1
f 969/424/1 909/430/1 910/431/1
f 969/424/1 910/431/1 911/432/1
f 969/424/1 911/432/1 912/433/1
f 969/424/1 912/433/1 968/434/1
f 968/434/1 912/433/1 913/435/1
f 968/434/1 913/435/1 914/436/1
f 968/434/1 914/436/1 915/437/1
f 968/434/1 915/437/1 916/438/1
f 968/434/1 916/438/1 917/439/1
f 968/434/1 917/439/1 918/440/1
f 968/434/1 918/440/1 919/441/1
f 968/434/1 919/441/1 967/442/1
f 967/442/1 919/441/1 920/443/1
f 967/442/1 920/443/1 921/444/1
f 967/442/1 921/444/1 922/445/1
f 967/442/1 922/445/1 966/446/1
f 966/446/1 922/445/1 965/447/1
f 965/447/1 922/445/1 923/448/1
f 964/449/1 965/447/1 923/448/1
f 963/450/1 964/449/1 923/448/1
f 962/451/1 963/450/1 923/448/1
f 961/452/1 962/451/1 923/448/1
f 960/453/1 961/452/1 923/448/1
f 959/454/1 960/453/1 923/448/1
f 958/455/1 959/454/1 923/448/1
f 957/456/1 958/455/1 923/448/1
f 956/457/1 957/456/1 923/448/1
f 952/410/1 977/411/1 978/458/1
f 955/459/1 956/457/1 923/448/1
f 952/410/1 978/458/1 979/460/1
f 954/461/1 955/459/1 923/448/1
f 952/410/1 979/460/1 980/462/1
f 953/463/1 954/461/1 923/448/1
f 953/463/1 923/448/1 924/464/1
f 952/410/1 980/462/1 981/465/1
f 1004/47/1 953/463/1 924/464/1
f 1004/47/1 924/464/1 925/466/1
f 952/410/1 981/465/1 982/467/1
f 1003/468/1 1004/47/1 925/466/1
f 952/410/1 982/467/1 983/469/1
f 1002/470/1 1003/468/1 925/466/1
f 952/410/1 983/469/1 984/471/1
f 1001/472/1 1002/470/1 925/466/1
f 952/410/1 984/471/1 985/473/1
f 1000/474/1 1001/472/1 925/466/1
f 952/410/1 985/473/1 986/475/1
f 999/476/1 1000/474/1 925/466/1
f 952/410/1 986/475/1 987/477/1
f 998/478/1 999/476/1 925/466/1
f 952/410/1 987/477/1 988/479/1
f 997/480/1 998/478/1 925/466/1
f 952/410/1 988/479/1 989/481/1
f 996/482/1 997/480/1 925/466/1
f 952/410/1 989/481/1 990/483/1
f 995/484/1 996/482/1 925/466/1
f 952/410/1 990/483/1 991/485/1
f 994/486/1 995/484/1 925/466/1
f 952/410/1 991/485/1 992/487/1
f 993/488/1 994/486/1 925/466/1
f 952/410/1 992/487/1 950/489/1
f 950/489/1 992/487/1 993/488/1
f 950/489/1 993/488/1 925/466/1
f 950/489/1 925/466/1 926/490/1
f 950/489/1 926/490/1 927/491/1
f 950/489/1 927/491/1 928/492/1
f 950/489/1 928/492/1 929/493/1
f 950/489/1 929/493/1 930/494/1
f 950/489/1 930/494/1 931/495/1
f 950/489/1 931/495/1 932/496/1
f 950/489/1 932/496/1 933/497/1
f 950/489/1 933/497/1 934/498/1
f 950/489/1 934/498/1 935/499/1
f 950/489/1 935/499/1 936/500/1
f 950/489/1 936/500/1 937/501/1
f 950/489/1 937/501/1 938/502/1
f 950/489/1 938/502/1 939/503/1
f 950/489/1 939/503/1 940/504/1
f 950/489/1 940/504/1 941/505/1
f 950/489/1 941/505/1 942/506/1
f 950/489/1 942/506/1 943/507/1
f 950/489/1 943/507/1 944/508/1
f 950/489/1 944/508/1 945/509/1
f 950/489/1 945/509/1 946/510/1
f 950/489/1 946/510/1 947/511/1
f 950/489/1 947/511/1 948/512/1
f 952/410/1 950/489/1 951/404/1
f 949/513/1 950/489/1 948/512/1
f 1137/1/2 1139/3/2 1138/2/2
f 1137/1/2 1140/4/2 1139/3/2
f 1137/1/2 1141/5/2 1140/4/2
f 1136/6/2 1141/5/2 1137/1/2
f 1136/6/2 1142/7/2 1141/5/2
f 1135/8/2 1142/7/2 1136/6/2
f 1135/8/2 1143/9/2 1142/7/2
f 1134/10/2 1143/9/2 1135/8/2
f 1134/10/2 1144/11/2 1143/9/2
f 1133/12/2 1144/11/2 1134/10/2
f 1133/12/2 1145/13/2 1144/11/2
f 1132/14/2 1145/13/2 1133/12/2
f 1132/14/2 1146/15/2 1145/13/2
f 1131/16/2 1146/15/2 1132/14/2
f 1131/16/2 1147/17/2 1146/15/2
f 1130/18/2 1147/17/2 1131/16/2
f 1130/18/2 1148/19/2 1147/17/2
f 1129/20/2 1148/19/2 1130/18/2
f 1129/20/2 1149/21/2 1148/19/2
f 1128/22/2 1149/21/2 1129/20/2
f 1128/22/2 1150/23/2 1149/21/2
f 1127/24/2 1150/23/2 1128/22/2
f 1127/24/2 1151/25/2 1150/23/2
f 1126/26/2 1151/25/2 1127/24/2
f 1125/27/2 1151/25/2 1126/26/2
f 1125/27/2 1152/28/2 1151/25/2
f 1125/27/2 1153/29/2 1152/28/2
f 1124/30/2 1153/29/2 1125/27/2
f 1124/30/2 1154/31/2 1153/29/2
f 1123/32/2 1154/31/2 1124/30/2
f 1123/32/2 1155/33/2 1154/31/2
f 1122/34/2 1155/33/2 1123/32/2
f 1122/34/2 1156/35/2 1155/33/2
f 1121/36/2 1156/35/2 1122/34/2
f 1121/36/2 1157/37/2 1156/35/2
f 1120/38/2 1157/37/2 1121/36/2
f 1120/38/2 1158/39/2 1157/37/2
f 1119/40/2 1158/39/2 1120/38/2
f 1119/40/2 1159/41/2 1158/39/2
f 1118/42/2 1159/41/2 1119/40/2
f 1118/42/2 1160/43/2 1159/41/2
f 1117/44/2 1160/43/2 1118/42/2
f 1117/44/2 1161/45/2 1160/43/2
f 1116/46/2 1161/45/2 1117/44/2
f 1116/46/2 1162/47/2 1161/45/2
f 1115/48/2 1162/47/2 1116/46/2
f 1115/48/2 1020/49/2 1162/47/2
f 1020/49/2 1019/50/2 1162/47/2
f 1019/50/2 1005/51/2 1162/47/2
f 1114/52/2 1022/53/2 1115/48/2
f 1022/53/2 1021/54/2 1115/48/2
f 1021/54/2 1020/49/2 1115/48/2
f 1114/52/2 1023/55/2 1022/53/2
f 1018/56/2 1005/51/2 1019/50/2
f 1114/52/2 1024/57/2 1023/55/2
f 1017/58/2 1005/51/2 1018/56/2
f 1114/52/2 1025/59/2 1024/57/2
f 1016/60/2 1005/51/2 1017/58/2
f 1114/52/2 1026/61/2 1025/59/2
f 1015/62/2 1005/51/2 1016/60/2
f 1114/52/2 1027/63/2 1026/61/2
f 1014/64/2 1005/51/2 1015/62/2
f 1114/52/2 1028/65/2 1027/63/2
f 1013/66/2 1005/51/2 1014/64/2
f 1114/52/2 1029/67/2 1028/65/2
f 1012/68/2 1005/51/2 1013/66/2
f 1114/52/2 1030/69/2 1029/67/2
f 1011/70/2 1005/51/2 1012/68/2
f 1114/52/2 1031/71/2 1030/69/2
f 1010/72/2 1005/51/2 1011/70/2
f 1114/52/2 1032/73/2 1031/71/2
f 1009/74/2 1005/51/2 1010/72/2
f 1114/52/2 1033/75/2 1032/73/2
f 1008/76/2 1005/51/2 1009/74/2
f 1113/77/2 1033/75/2 1114/52/2
f 1113/77/2 1034/78/2 1033/75/2
f 1007/79/2 1005/51/2 1008/76/2
f 1007/79/2 1006/80/2 1005/51/2
f 1061/81/2 1063/83/2 1062/82/2
f 1061/81/2 1060/84/2 1063/83/2
f 1060/84/2 1064/85/2 1063/83/2
f 1059/86/2 1064/85/2 1060/84/2
f 1112/87/2 1034/78/2 1113/77/2
f 1112/87/2 1035/88/2 1034/78/2
f 1058/89/2 1064/85/2 1059/86/2
f 1058/89/2 1065/90/2 1064/85/2
f 1112/87/2 1036/91/2 1035/88/2
f 1057/92/2 1065/90/2 1058/89/2
f 1112/87/2 1037/93/2 1036/91/2
f 1056/94/2 1065/90/2 1057/92/2
f 1112/87/2 1038/95/2 1037/93/2
f 1055/96/2 1065/90/2 1056/94/2
f 1112/87/2 1039/97/2 1038/95/2
f 1054/98/2 1065/90/2 1055/96/2
f 1112/87/2 1040/99/2 1039/97/2
f 1053/100/2 1065/90/2 1054/98/2
f 1112/87/2 1041/101/2 1040/99/2
f 1052/102/2 1065/90/2 1053/100/2
f 1112/87/2 1042/103/2 1041/101/2
f 1051/104/2 1065/90/2 1052/102/2
f 1112/87/2 1043/105/2 1042/103/2
f 1050/106/2 1065/90/2 1051/104/2
f 1112/87/2 1044/107/2 1043/105/2
f 1049/108/2 1065/90/2 1050/106/2
f 1112/87/2 1045/109/2 1044/107/2
f 1048/110/2 1065/90/2 1049/108/2
f 1112/87/2 1046/111/2 1045/109/2
f 1047/112/2 1065/90/2 1048/110/2
f 1112/87/2 1047/112/2 1046/111/2
f 1112/87/2 1065/90/2 1047/112/2
f 1112/87/2 1066/113/2 1065/90/2
f 1111/114/2 1066/113/2 1112/87/2
f 1111/114/2 1067/115/2 1066/113/2
f 1110/116/2 1067/115/2 1111/114/2
f 1110/116/2 1068/117/2 1067/115/2
f 1109/118/2 1068/117/2 1110/116/2
f 1109/118/2 1069/119/2 1068/117/2
f 1108/120/2 1069/119/2 1109/118/2
f 1108/120/2 1070/121/2 1069/119/2
f 1107/122/2 1070/121/2 1108/120/2
f 1107/122/2 1071/123/2 1070/121/2
f 1106/124/2 1071/123/2 1107/122/2
f 1106/124/2 1072/125/2 1071/123/2
f 1105/126/2 1072/125/2 1106/124/2
f 1105/126/2 1073/127/2 1072/125/2
f 1104/128/2 1073/127/2 1105/126/2
f 1104/128/2 1074/129/2 1073/127/2
f 1103/130/2 1074/129/2 1104/128/2
f 1103/130/2 1075/131/2 1074/129/2
f 1102/132/2 1075/131/2 1103/130/2
f 1102/132/2 1076/133/2 1075/131/2
f 1101/134/2 1076/133/2 1102/132/2
f 1100/135/2 1076/133/2 1101/134/2
f 1100/135/2 1077/136/2 1076/133/2
f 1099/137/2 1077/136/2 1100/135/2
f 1099/137/2 1078/138/2 1077/136/2
f 1098/139/2 1078/138/2 1099/137/2
f 1098/139/2 1079/140/2 1078/138/2
f 1098/139/2 1080/141/2 1079/140/2
f 1097/142/2 1080/141/2 1098/139/2
f 1097/142/2 1081/143/2 1080/141/2
f 1096/144/2 1081/143/2 1097/142/2
f 1096/144/2 1082/145/2 1081/143/2
f 1095/146/2 1082/145/2 1096/144/2
f 1095/146/2 1083/147/2 1082/145/2
f 1094/148/2 1083/147/2 1095/146/2
f 1094/148/2 1084/149/2 1083/147/2
f 1093/150/2 1084/149/2 1094/148/2
f 1093/150/2 1085/151/2 1084/149/2
f 1092/152/2 1085/151/2 1093/150/2
f 1092/152/2 1086/153/2 1085/151/2
f 1091/154/2 1086/153/2 1092/152/2
f 1091/154/2 1087/155/2 1086/153/2
f 1090/156/2 1087/155/2 1091/154/2
f 1090/156/2 1088/157/2 1087/155/2
f 1089/158/2 1088/157/2 1090/156/2
f 1170/159/2 1172/47/2 1171/160/2
f 1170/159/2 1168/161/2 1172/47/2
f 1168/161/2 1163/51/2 1172/47/2
f 1163/51/2 1165/163/2 1164/162/2
f 1163/51/2 1166/164/2 1165/163/2
f 1170/159/2 1169/165/2 1168/161/2
f 1167/166/2 1163/51/2 1168/161/2
f 1167/166/2 1166/164/2 1163/51/2
f 1228/167/2 1174/168/2 1173/51/2
f 1228/167/2 1175/169/2 1174/168/2
f 1228/167/2 1176/170/2 1175/169/2
f 1227/171/2 1176/170/2 1228/167/2
f 1227/171/2 1177/172/2 1176/170/2
f 1226/173/2 1177/172/2 1227/171/2
f 1226/173/2 1178/174/2 1177/172/2
f 1225/175/2 1178/174/2 1226/173/2
f 1225/175/2 1179/176/2 1178/174/2
f 1224/177/2 1179/176/2 1225/175/2
f 1224/177/2 1180/178/2 1179/176/2
f 1223/179/2 1180/178/2 1224/177/2
f 1223/179/2 1181/180/2 1180/178/2
f 1222/181/2 1181/180/2 1223/179/2
f 1222/181/2 1182/182/2 1181/180/2
f 1221/183/2 1182/182/2 1222/181/2
f 1221/183/2 1183/184/2 1182/182/2
f 1220/185/2 1183/184/2 1221/183/2
f 1220/185/2 1184/186/2 1183/184/2
f 1219/187/2 1184/186/2 1220/185/2
f 1219/187/2 1185/188/2 1184/186/2
f 1218/189/2 1185/188/2 1219/187/2
f 1218/189/2 1186/190/2 1185/188/2
f 1217/191/2 1186/190/2 1218/189/2
f 1216/192/2 1186/190/2 1217/191/2
f 1216/192/2 1187/193/2 1186/190/2
f 1216/192/2 1188/194/2 1187/193/2
f 1215/195/2 1188/194/2 1216/192/2
f 1215/195/2 1189/196/2 1188/194/2
f 1214/197/2 1189/196/2 1215/195/2
f 1214/197/2 1190/198/2 1189/196/2
f 1213/199/2 1190/198/2 1214/197/2
f 1213/199/2 1191/200/2 1190/198/2
f 1212/201/2 1191/200/2 1213/199/2
f 1212/201/2 1192/202/2 1191/200/2
f 1211/203/2 1192/202/2 1212/201/2
f 1211/203/2 1193/204/2 1192/202/2
f 1210/205/2 1193/204/2 1211/203/2
f 1210/205/2 1194/206/2 1193/204/2
f 1209/207/2 1194/206/2 1210/205/2
f 1209/207/2 1195/208/2 1194/206/2
f 1208/209/2 1195/208/2 1209/207/2
f 1208/209/2 1196/210/2 1195/208/2
f 1207/211/2 1196/210/2 1208/209/2
f 1207/211/2 1197/212/2 1196/210/2
f 1206/213/2 1197/212/2 1207/211/2
f 1206/213/2 1243/214/2 1197/212/2
f 1243/214/2 1242/215/2 1197/212/2
f 1242/215/2 1198/216/2 1197/212/2
f 1205/217/2 1245/218/2 1206/213/2
f 1245/218/2 1244/219/2 1206/213/2
f 1244/219/2 1243/214/2 1206/213/2
f 1205/217/2 1246/220/2 1245/218/2
f 1241/221/2 1198/216/2 1242/215/2
f 1205/217/2 1247/222/2 1246/220/2
f 1240/223/2 1198/216/2 1241/221/2
f 1205/217/2 1248/224/2 1247/222/2
f 1239/225/2 1198/216/2 1240/223/2
f 1205/217/2 1249/226/2 1248/224/2
f 1238/227/2 1198/216/2 1239/225/2
f 1205/217/2 1250/228/2 1249/226/2
f 1237/229/2 1198/216/2 1238/227/2
f 1205/217/2 1251/230/2 1250/228/2
f 1236/231/2 1198/216/2 1237/229/2
f 1205/217/2 1252/232/2 1251/230/2
f 1235/233/2 1198/216/2 1236/231/2
f 1205/217/2 1253/234/2 1252/232/2
f 1234/235/2 1198/216/2 1235/233/2
f 1205/217/2 1254/236/2 1253/234/2
f 1233/237/2 1198/216/2 1234/235/2
f 1205/217/2 1255/238/2 1254/236/2
f 1232/239/2 1198/216/2 1233/237/2
f 1205/217/2 1256/47/2 1255/238/2
f 1231/240/2 1198/216/2 1232/239/2
f 1204/241/2 1256/47/2 1205/217/2
f 1204/241/2 1229/242/2 1256/47/2
f 1230/243/2 1198/216/2 1231/240/2
f 1230/243/2 1199/244/2 1198/216/2
f 1204/241/2 1202/245/2 1229/242/2
f 1202/245/2 1230/243/2 1229/242/2
f 1202/245/2 1201/246/2 1230/243/2
f 1201/246/2 1199/244/2 1230/243/2
f 1204/241/2 1203/247/2 1202/245/2
f 1200/248/2 1199/244/2 1201/246/2
f 1389/1/2 1391/3/2 1390/2/2
f 1389/1/2 1392/4/2 1391/3/2
f 1389/1/2 1393/5/2 1392/4/2
f 1388/6/2 1393/5/2 1389/1/2
f 1388/6/2 1394/7/2 1393/5/2
f 1387/8/2 1394/7/2 1388/6/2
f 1387/8/2 1395/9/2 1394/7/2
f 1386/10/2 1395/9/2 1387/8/2
f 1386/10/2 1396/11/2 1395/9/2
f 1385/12/2 1396/11/2 1386/10/2
f 1385/12/2 1397/13/2 1396/11/2
f 1384/14/2 1397/13/2 1385/12/2
f 1384/14/2 1398/15/2 1397/13/2
f 1383/16/2 1398/15/2 1384/14/2
f 1383/16/2 1399/17/2 1398/15/2
f 1382/18/2 1399/17/2 1383/16/2
f 1382/18/2 1400/19/2 1399/17/2
f 1381/20/2 1400/19/2 1382/18/2
f 1381/20/2 1401/21/2 1400/19/2
f 1380/22/2 1401/21/2 1381/20/2
f 1380/22/2 1402/23/2 1401/21/2
f 1379/24/2 1402/23/2 1380/22/2
f 1379/24/2 1403/25/2 1402/23/2
f 1378/26/2 1403/25/2 1379/24/2
f 1377/27/2 1403/25/2 1378/26/2
f 1377/27/2 1404/28/2 1403/25/2
f 1377/27/2 1405/29/2 1404/28/2
f 1376/30/2 1405/29/2 1377/27/2
f 1376/30/2 1406/31/2 1405/29/2
f 1375/32/2 1406/31/2 1376/30/2
f 1375/32/2 1407/33/2 1406/31/2
f 1374/34/2 1407/33/2 1375/32/2
f 1374/34/2 1408/35/2 1407/33/2
f 1373/36/2 1408/35/2 1374/34/2
f 1373/36/2 1409/37/2 1408/35/2
f 1372/38/2 1409/37/2 1373/36/2
f 1372/38/2 1410/39/2 1409/37/2
f 1371/40/2 1410/39/2 1372/38/2
f 1371/40/2 1411/41/2 1410/39/2
f 1370/42/2 1411/41/2 1371/40/2
f 1370/42/2 1412/43/2 1411/41/2
f 1369/44/2 1412/43/2 1370/42/2
f 1369/44/2 1413/45/2 1412/43/2
f 1368/46/2 1413/45/2 1369/44/2
f 1368/46/2 1414/47/2 1413/45/2
f 1367/48/2 1414/47/2 1368/46/2
f 1367/48/2 1272/49/2 1414/47/2
f 1272/49/2 1271/50/2 1414/47/2
f 1271/50/2 1257/51/2 1414/47/2
f 1366/52/2 1274/53/2 1367/48/2
f 1274/53/2 1273/54/2 1367/48/2
f 1273/54/2 1272/49/2 1367/48/2
f 1366/52/2 1275/55/2 1274/53/2
f 1270/56/2 1257/51/2 1271/50/2
f 1366/52/2 1276/57/2 1275/55/2
f 1269/58/2 1257/51/2 1270/56/2
f 1366/52/2 1277/59/2 1276/57/2
f 1268/60/2 1257/51/2 1269/58/2
f 1366/52/2 1278/61/2 1277/59/2
f 1267/62/2 1257/51/2 1268/60/2
f 1366/52/2 1279/63/2 1278/61/2
f 1266/64/2 1257/51/2 1267/62/2
f 1366/52/2 1280/65/2 1279/63/2
f 1265/66/2 1257/51/2 1266/64/2
f 1366/52/2 1281/67/2 1280/65/2
f 1264/68/2 1257/51/2 1265/66/2
f 1366/52/2 1282/69/2 1281/67/2
f 1263/70/2 1257/51/2 1264/68/2
f 1366/52/2 1283/71/2 1282/69/2
f 1262/72/2 1257/51/2 1263/70/2
f 1366/52/2 1284/73/2 1283/71/2
f 1261/74/2 1257/51/2 1262/72/2
f 1366/52/2 1285/75/2 1284/73/2
f 1260/76/2 1257/51/2 1261/74/2
f 1365/77/2 1285/75/2 1366/52/2
f 1365/77/2 1286/78/2 1285/75/2
f 1259/79/2 1257/51/2 1260/76/2
f 1259/79/2 1258/80/2 1257/51/2
f 1313/81/2 1315/83/2 1314/82/2
f 1313/81/2 1312/84/2 1315/83/2
f 1312/84/2 1316/85/2 1315/83/2
f 1311/86/2 1316/85/2 1312/84/2
f 1364/87/2 1286/78/2 1365/77/2
f 1364/87/2 1287/88/2 1286/78/2
f 1310/89/2 1316/85/2 1311/86/2
f 1310/89/2 1317/90/2 1316/85/2
f 1364/87/2 1288/91/2 1287/88/2
f 1309/92/2 1317/90/2 1310/89/2
f 1364/87/2 1289/93/2 1288/91/2
f 1308/94/2 1317/90/2 1309/92/2
f 1364/87/2 1290/95/2 1289/93/2
f 1307/96/2 1317/90/2 1308/94/2
f 1364/87/2 1291/97/2 1290/95/2
f 1306/98/2 1317/90/2 1307/96/2
f 1364/87/2 1292/99/2 1291/97/2
f 1305/100/2 1317/90/2 1306/98/2
f 1364/87/2 1293/101/2 1292/99/2
f 1304/102/2 1317/90/2 1305/100/2
f 1364/87/2 1294/103/2 1293/101/2
f 1303/104/2 1317/90/2 1304/102/2
f 1364/87/2 1295/105/2 1294/103/2
f 1302/106/2 1317/90/2 1303/104/2
f 1364/87/2 1296/107/2 1295/105/2
f 1301/108/2 1317/90/2 1302/106/2
f 1364/87/2 1297/109/2 1296/107/2
f 1300/110/2 1317/90/2 1301/108/2
f 1364/87/2 1298/111/2 1297/109/2
f 1299/112/2 1317/90/2 1300/110/2
f 1364/87/2 1299/112/2 1298/111/2
f 1364/87/2 1317/90/2 1299/112/2
f 1364/87/2 1318/113/2 1317/90/2
f 1363/114/2 1318/113/2 1364/87/2
f 1363/114/2 1319/115/2 1318/113/2
f 1362/116/2 1319/115/2 1363/114/2
f 1362/116/2 1320/117/2 1319/115/2
f 1361/118/2 1320/117/2 1362/116/2
f 1361/118/2 1321/119/2 1320/117/2
f 1360/120/2 1321/119/2 1361/118/2
f 1360/120/2 1322/121/2 1321/119/2
f 1359/122/2 1322/121/2 1360/120/2
f 1359/122/2 1323/123/2 1322/121/2
f 1358/124/2 1323/123/2 1359/122/2
f 1358/124/2 1324/125/2 1323/123/2
f 1357/126/2 1324/125/2 1358/124/2
f 1357/126/2 1325/127/2 1324/125/2
f 1356/128/2 1325/127/2 1357/126/2
f 1356/128/2 1326/129/2 1325/127/2
f 1355/130/2 1326/129/2 1356/128/2
f 1355/130/2 1327/131/2 1326/129/2
f 1354/132/2 1327/131/2 1355/130/2
f 1354/132/2 1328/133/2 1327/131/2
f 1353/134/2 1328/133/2 1354/132/2
f 1352/135/2 1328/133/2 1353/134/2
f 1352/135/2 1329/136/2 1328/133/2
f 1351/137/2 1329/136/2 1352/135/2
f 1351/137/2 1330/138/2 1329/136/2
f 1350/139/2 1330/138/2 1351/137/2
f 1350/139/2 1331/140/2 1330/138/2
f 1350/139/2 1332/141/2 1331/140/2
f 1349/142/2 1332/141/2 1350/139/2
f 1349/142/2 1333/143/2 1332/141/2
f 1348/144/2 1333/143/2 1349/142/2
f 1348/144/2 1334/145/2 1333/143/2
f 1347/146/2 1334/145/2 1348/144/2
f 1347/146/2 1335/147/2 1334/145/2
f 1346/148/2 1335/147/2 1347/146/2
f 1346/148/2 1336/149/2 1335/147/2
f 1345/150/2 1336/149/2 1346/148/2
f 1345/150/2 1337/151/2 1336/149/2
f 1344/152/2 1337/151/2 1345/150/2
f 1344/152/2 1338/153/2 1337/151/2
f 1343/154/2 1338/153/2 1344/152/2
f 1343/154/2 1339/155/2 1338/153/2
f 1342/156/2 1339/155/2 1343/154/2
f 1342/156/2 1340/157/2 1339/155/2
f 1341/158/2 1340/157/2 1342/156/2
f 1422/159/2 1424/47/2 1423/160/2
f 1422/159/2 1420/161/2 1424/47/2
f 1420/161/2 1415/51/2 1424/47/2
f 1415/51/2 1417/163/2 1416/162/2
f 1415/51/2 1418/164/2 1417/163/2
f 1422/159/2 1421/165/2 1420/161/2
f 1419/166/2 1415/51/2 1420/161/2
f 1419/166/2 1418/164/2 1415/51/2
f 1524/249/2 1426/250/2 1425/51/2
f 1524/249/2 1427/251/2 1426/250/2
f 1524/249/2 1428/252/2 1427/251/2
f 1523/253/2 1428/252/2 1524/249/2
f 1523/253/2 1429/254/2 1428/252/2
f 1522/255/2 1429/254/2 1523/253/2
f 1522/255/2 1430/256/2 1429/254/2
f 1521/257/2 1430/256/2 1522/255/2
f 1521/257/2 1431/258/2 1430/256/2
f 1520/259/2 1431/258/2 1521/257/2
f 1520/259/2 1432/260/2 1431/258/2
f 1519/261/2 1432/260/2 1520/259/2
f 1519/261/2 1433/262/2 1432/260/2
f 1518/263/2 1433/262/2 1519/261/2
f 1518/263/2 1434/264/2 1433/262/2
f 1517/265/2 1434/264/2 1518/263/2
f 1517/265/2 1435/266/2 1434/264/2
f 1516/267/2 1435/266/2 1517/265/2
f 1516/267/2 1436/268/2 1435/266/2
f 1515/269/2 1436/268/2 1516/267/2
f 1515/269/2 1437/270/2 1436/268/2
f 1514/271/2 1437/270/2 1515/269/2
f 1514/271/2 1438/272/2 1437/270/2
f 1513/273/2 1438/272/2 1514/271/2
f 1512/274/2 1438/272/2 1513/273/2
f 1512/274/2 1439/275/2 1438/272/2
f 1512/274/2 1440/276/2 1439/275/2
f 1511/277/2 1440/276/2 1512/274/2
f 1511/277/2 1441/278/2 1440/276/2
f 1510/279/2 1441/278/2 1511/277/2
f 1510/279/2 1442/280/2 1441/278/2
f 1509/281/2 1442/280/2 1510/279/2
f 1509/281/2 1443/282/2 1442/280/2
f 1508/283/2 1443/282/2 1509/281/2
f 1508/283/2 1444/284/2 1443/282/2
f 1507/285/2 1444/284/2 1508/283/2
f 1507/285/2 1445/286/2 1444/284/2
f 1506/287/2 1445/286/2 1507/285/2
f 1506/287/2 1446/288/2 1445/286/2
f 1505/289/2 1446/288/2 1506/287/2
f 1505/289/2 1447/290/2 1446/288/2
f 1504/291/2 1447/290/2 1505/289/2
f 1504/291/2 1448/292/2 1447/290/2
f 1503/293/2 1448/292/2 1504/291/2
f 1503/293/2 1449/294/2 1448/292/2
f 1502/295/2 1449/294/2 1503/293/2
f 1502/295/2 1551/296/2 1449/294/2
f 1551/296/2 1450/297/2 1449/294/2
f 1501/298/2 1553/299/2 1502/295/2
f 1553/299/2 1552/300/2 1502/295/2
f 1552/300/2 1551/296/2 1502/295/2
f 1550/301/2 1450/297/2 1551/296/2
f 1501/298/2 1554/302/2 1553/299/2
f 1549/303/2 1450/297/2 1550/301/2
f 1501/298/2 1555/304/2 1554/302/2
f 1548/305/2 1450/297/2 1549/303/2
f 1501/298/2 1556/306/2 1555/304/2
f 1547/307/2 1450/297/2 1548/305/2
f 1501/298/2 1557/308/2 1556/306/2
f 1546/309/2 1450/297/2 1547/307/2
f 1501/298/2 1558/310/2 1557/308/2
f 1545/311/2 1450/297/2 1546/309/2
f 1501/298/2 1559/312/2 1558/310/2
f 1544/313/2 1450/297/2 1545/311/2
f 1501/298/2 1560/314/2 1559/312/2
f 1543/315/2 1450/297/2 1544/313/2
f 1501/298/2 1561/316/2 1560/314/2
f 1542/317/2 1450/297/2 1543/315/2
f 1501/298/2 1562/318/2 1561/316/2
f 1541/319/2 1450/297/2 1542/317/2
f 1501/298/2 1563/320/2 1562/318/2
f 1540/321/2 1450/297/2 1541/319/2
f 1501/298/2 1564/322/2 1563/320/2
f 1539/323/2 1450/297/2 1540/321/2
f 1500/324/2 1564/322/2 1501/298/2
f 1500/324/2 1565/325/2 1564/322/2
f 1538/326/2 1450/297/2 1539/323/2
f 1538/326/2 1451/327/2 1450/297/2
f 1499/328/2 1565/325/2 1500/324/2
f 1499/328/2 1566/329/2 1565/325/2
f 1537/330/2 1451/327/2 1538/326/2
f 1537/330/2 1452/331/2 1451/327/2
f 1499/328/2 1567/332/2 1566/329/2
f 1536/333/2 1452/331/2 1537/330/2
f 1499/328/2 1568/334/2 1567/332/2
f 1535/335/2 1452/331/2 1536/333/2
f 1499/328/2 1569/336/2 1568/334/2
f 1534/337/2 1452/331/2 1535/335/2
f 1499/328/2 1570/338/2 1569/336/2
f 1533/339/2 1452/331/2 1534/337/2
f 1499/328/2 1571/340/2 1570/338/2
f 1532/341/2 1452/331/2 1533/339/2
f 1499/328/2 1572/342/2 1571/340/2
f 1531/343/2 1452/331/2 1532/341/2
f 1499/328/2 1573/344/2 1572/342/2
f 1530/345/2 1452/331/2 1531/343/2
f 1499/328/2 1574/346/2 1573/344/2
f 1529/347/2 1452/331/2 1530/345/2
f 1499/328/2 1575/348/2 1574/346/2
f 1528/349/2 1452/331/2 1529/347/2
f 1499/328/2 1576/47/2 1575/348/2
f 1527/350/2 1452/331/2 1528/349/2
f 1499/328/2 1525/351/2 1576/47/2
f 1526/352/2 1452/331/2 1527/350/2
f 1499/328/2 1526/352/2 1525/351/2
f 1499/328/2 1452/331/2 1526/352/2
f 1499/328/2 1453/353/2 1452/331/2
f 1498/354/2 1453/353/2 1499/328/2
f 1498/354/2 1454/355/2 1453/353/2
f 1497/356/2 1454/355/2 1498/354/2
f 1497/356/2 1455/357/2 1454/355/2
f 1496/358/2 1455/357/2 1497/356/2
f 1496/358/2 1456/359/2 1455/357/2
f 1495/360/2 1456/359/2 1496/358/2
f 1495/360/2 1457/361/2 1456/359/2
f 1494/362/2 1457/361/2 1495/360/2
f 1494/362/2 1458/363/2 1457/361/2
f 1493/364/2 1458/363/2 1494/362/2
f 1493/364/2 1459/365/2 1458/363/2
f 1492/366/2 1459/365/2 1493/364/2
f 1492/366/2 1460/367/2 1459/365/2
f 1491/368/2 1460/367/2 1492/366/2
f 1491/368/2 1461/369/2 1460/367/2
f 1490/370/2 1461/369/2 1491/368/2
f 1490/370/2 1462/371/2 1461/369/2
f 1489/372/2 1462/371/2 1490/370/2
f 1489/372/2 1463/373/2 1462/371/2
f 1488/374/2 1463/373/2 1489/372/2
f 1487/375/2 1463/373/2 1488/374/2
f 1487/375/2 1464/376/2 1463/373/2
f 1486/377/2 1464/376/2 1487/375/2
f 1486/377/2 1465/378/2 1464/376/2
f 1485/379/2 1465/378/2 1486/377/2
f 1485/379/2 1466/380/2 1465/378/2
f 1485/379/2 1467/381/2 1466/380/2
f 1484/382/2 1467/381/2 1485/379/2
f 1484/382/2 1468/383/2 1467/381/2
f 1483/384/2 1468/383/2 1484/382/2
f 1483/384/2 1469/385/2 1468/383/2
f 1482/386/2 1469/385/2 1483/384/2
f 1482/386/2 1470/387/2 1469/385/2
f 1481/388/2 1470/387/2 1482/386/2
f 1481/388/2 1471/389/2 1470/387/2
f 1480/390/2 1471/389/2 1481/388/2
f 1480/390/2 1472/391/2 1471/389/2
f 1479/392/2 1472/391/2 1480/390/2
f 1479/392/2 1473/393/2 1472/391/2
f 1478/394/2 1473/393/2 1479/392/2
f 1478/394/2 1474/395/2 1473/393/2
f 1477/396/2 1474/395/2 1478/394/2
f 1477/396/2 1475/397/2 1474/395/2
f 1476/398/2 1475/397/2 1477/396/2
f 1709/1/2 1711/3/2 1710/2/2
f 1709/1/2 1712/4/2 1711/3/2
f 1709/1/2 1713/5/2 1712/4/2
f 1708/6/2 1713/5/2 1709/1/2
f 1708/6/2 1714/7/2 1713/5/2
f 1707/8/2 1714/7/2 1708/6/2
f 1707/8/2 1715/9/2 1714/7/2
f 1706/10/2 1715/9/2 1707/8/2
f 1706/10/2 1716/11/2 1715/9/2
f 1705/12/2 1716/11/2 1706/10/2
f 1705/12/2 1717/13/2 1716/11/2
f 1704/14/2 1717/13/2 1705/12/2
f 1704/14/2 1718/15/2 1717/13/2
f 1703/16/2 1718/15/2 1704/14/2
f 1703/16/2 1719/17/2 1718/15/2
f 1702/18/2 1719/17/2 1703/16/2
f 1702/18/2 1720/19/2 1719/17/2
f 1701/20/2 1720/19/2 1702/18/2
f 1701/20/2 1721/21/2 1720/19/2
f 1700/22/2 1721/21/2 1701/20/2
f 1700/22/2 1722/23/2 1721/21/2
f 1699/24/2 1722/23/2 1700/22/2
f 1699/24/2 1723/25/2 1722/23/2
f 1698/26/2 1723/25/2 1699/24/2
f 1697/27/2 1723/25/2 1698/26/2
f 1697/27/2 1724/28/2 1723/25/2
f 1697/27/2 1725/29/2 1724/28/2
f 1696/30/2 1725/29/2 1697/27/2
f 1696/30/2 1726/31/2 1725/29/2
f 1695/32/2 1726/31/2 1696/30/2
f 1695/32/2 1727/33/2 1726/31/2
f 1694/34/2 1727/33/2 1695/32/2
f 1694/34/2 1728/35/2 1727/33/2
f 1693/36/2 1728/35/2 1694/34/2
f 1693/36/2 1729/37/2 1728/35/2
f 1692/38/2 1729/37/2 1693/36/2
f 1692/38/2 1730/39/2 1729/37/2
f 1691/40/2 1730/39/2 1692/38/2
f 1691/40/2 1731/41/2 1730/39/2
f 1690/42/2 1731/41/2 1691/40/2
f 1690/42/2 1732/43/2 1731/41/2
f 1689/44/2 1732/43/2 1690/42/2
f 1689/44/2 1733/45/2 1732/43/2
f 1688/46/2 1733/45/2 1689/44/2
f 1688/46/2 1734/47/2 1733/45/2
f 1687/48/2 1734/47/2 1688/46/2
f 1687/48/2 1592/49/2 1734/47/2
f 1592/49/2 1591/50/2 1734/47/2
f 1591/50/2 1577/51/2 1734/47/2
f 1686/52/2 1594/53/2 1687/48/2
f 1594/53/2 1593/54/2 1687/48/2
f 1593/54/2 1592/49/2 1687/48/2
f 1686/52/2 1595/55/2 1594/53/2
f 1590/56/2 1577/51/2 1591/50/2
f 1686/52/2 1596/57/2 1595/55/2
f 1589/58/2 1577/51/2 1590/56/2
f 1686/52/2 1597/59/2 1596/57/2
f 1588/60/2 1577/51/2 1589/58/2
f 1686/52/2 1598/61/2 1597/59/2
f 1587/62/2 1577/51/2 1588/60/2
f 1686/52/2 1599/63/2 1598/61/2
f 1586/64/2 1577/51/2 1587/62/2
f 1686/52/2 1600/65/2 1599/63/2
f 1585/66/2 1577/51/2 1586/64/2
f 1686/52/2 1601/67/2 1600/65/2
f 1584/68/2 1577/51/2 1585/66/2
f 1686/52/2 1602/69/2 1601/67/2
f 1583/70/2 1577/51/2 1584/68/2
f 1686/52/2 1603/71/2 1602/69/2
f 1582/72/2 1577/51/2 1583/70/2
f 1686/52/2 1604/73/2 1603/71/2
f 1581/74/2 1577/51/2 1582/72/2
f 1686/52/2 1605/75/2 1604/73/2
f 1580/76/2 1577/51/2 1581/74/2
f 1685/77/2 1605/75/2 1686/52/2
f 1685/77/2 1606/78/2 1605/75/2
f 1579/79/2 1577/51/2 1580/76/2
f 1579/79/2 1578/80/2 1577/51/2
f 1633/81/2 1635/83/2 1634/82/2
f 1633/81/2 1632/84/2 1635/83/2
f 1632/84/2 1636/85/2 1635/83/2
f 1631/86/2 1636/85/2 1632/84/2
f 1684/87/2 1606/78/2 1685/77/2
f 1684/87/2 1607/88/2 1606/78/2
f 1630/89/2 1636/85/2 1631/86/2
f 1630/89/2 1637/90/2 1636/85/2
f 1684/87/2 1608/91/2 1607/88/2
f 1629/92/2 1637/90/2 1630/89/2
f 1684/87/2 1609/93/2 1608/91/2
f 1628/94/2 1637/90/2 1629/92/2
f 1684/87/2 1610/95/2 1609/93/2
f 1627/96/2 1637/90/2 1628/94/2
f 1684/87/2 1611/97/2 1610/95/2
f 1626/98/2 1637/90/2 1627/96/2
f 1684/87/2 1612/99/2 1611/97/2
f 1625/100/2 1637/90/2 1626/98/2
f 1684/87/2 1613/101/2 1612/99/2
f 1624/102/2 1637/90/2 1625/100/2
f 1684/87/2 1614/103/2 1613/101/2
f 1623/104/2 1637/90/2 1624/102/2
f 1684/87/2 1615/105/2 1614/103/2
f 1622/106/2 1637/90/2 1623/104/2
f 1684/87/2 1616/107/2 1615/105/2
f 1621/108/2 1637/90/2 1622/106/2
f 1684/87/2 1617/109/2 1616/107/2
f 1620/110/2 1637/90/2 1621/108/2
f 1684/87/2 1618/111/2 1617/109/2
f 1619/112/2 1637/90/2 1620/110/2
f 1684/87/2 1619/112/2 1618/111/2
f 1684/87/2 1637/90/2 1619/112/2
f 1684/87/2 1638/113/2 1637/90/2
f 1683/114/2 1638/113/2 1684/87/2
f 1683/114/2 1639/115/2 1638/113/2
f 1682/116/2 1639/115/2 1683/114/2
f 1682/116/2 1640/117/2 1639/115/2
f 1681/118/2 1640/117/2 1682/116/2
f 1681/118/2 1641/119/2 1640/117/2
f 1680/120/2 1641/119/2 1681/118/2
f 1680/120/2 1642/121/2 1641/119/2
f 1679/122/2 1642/121/2 1680/120/2
f 1679/122/2 1643/123/2 1642/121/2
f 1678/124/2 1643/123/2 1679/122/2
f 1678/124/2 1644/125/2 1643/123/2
f 1677/126/2 1644/125/2 1678/124/2
f 1677/126/2 1645/127/2 1644/125/2
f 1676/128/2 1645/127/2 1677/126/2
f 1676/128/2 1646/129/2 1645/127/2
f 1675/130/2 1646/129/2 1676/128/2
f 1675/130/2 1647/131/2 1646/129/2
f 1674/132/2 1647/131/2 1675/130/2
f 1674/132/2 1648/133/2 1647/131/2
f 1673/134/2 1648/133/2 1674/132/2
f 1672/135/2 1648/133/2 1673/134/2
f 1672/135/2 1649/136/2 1648/133/2
f 1671/137/2 1649/136/2 1672/135/2
f 1671/137/2 1650/138/2 1649/136/2
f 1670/139/2 1650/138/2 1671/137/2
f 1670/139/2 1651/140/2 1650/138/2
f 1670/139/2 1652/141/2 1651/140/2
f 1669/142/2 1652/141/2 1670/139/2
f 1669/142/2 1653/143/2 1652/141/2
f 1668/144/2 1653/143/2 1669/142/2
f 1668/144/2 1654/145/2 1653/143/2
f 1667/146/2 1654/145/2 1668/144/2
f 1667/146/2 1655/147/2 1654/145/2
f 1666/148/2 1655/147/2 1667/146/2
f 1666/148/2 1656/149/2 1655/147/2
f 1665/150/2 1656/149/2 1666/148/2
f 1665/150/2 1657/151/2 1656/149/2
f 1664/152/2 1657/151/2 1665/150/2
f 1664/152/2 1658/153/2 1657/151/2
f 1663/154/2 1658/153/2 1664/152/2
f 1663/154/2 1659/155/2 1658/153/2
f 1662/156/2 1659/155/2 1663/154/2
f 1662/156/2 1660/157/2 1659/155/2
f 1661/158/2 1660/157/2 1662/156/2
f 1740/399/2 1742/401/2 1741/400/2
f 1740/399/2 1743/47/2 1742/401/2
f 1743/47/2 1736/402/2 1735/51/2
f 1743/47/2 1737/403/2 1736/402/2
f 1740/399/2 1737/403/2 1743/47/2
f 1739/404/2 1737/403/2 1740/399/2
f 1739/404/2 1738/405/2 1737/403/2
f 1744/51/2 1746/407/2 1745/406/2
f 1744/51/2 1747/408/2 1746/407/2
f 1744/51/2 1748/409/2 1747/408/2
f 1744/51/2 1749/47/2 1748/409/2
f 1849/249/2 1751/250/2 1750/51/2
f 1849/249/2 1752/251/2 1751/250/2
f 1849/249/2 1753/252/2 1752/251/2
f 1848/253/2 1753/252/2 1849/249/2
f 1848/253/2 1754/254/2 1753/252/2
f 1847/255/2 1754/254/2 1848/253/2
f 1847/255/2 1755/256/2 1754/254/2
f 1846/257/2 1755/256/2 1847/255/2
f 1846/257/2 1756/258/2 1755/256/2
f 1845/259/2 1756/258/2 1846/257/2
f 1845/259/2 1757/260/2 1756/258/2
f 1844/261/2 1757/260/2 1845/259/2
f 1844/261/2 1758/262/2 1757/260/2
f 1843/263/2 1758/262/2 1844/261/2
f 1843/263/2 1759/264/2 1758/262/2
f 1842/265/2 1759/264/2 1843/263/2
f 1842/265/2 1760/266/2 1759/264/2
f 1841/267/2 1760/266/2 1842/265/2
f 1841/267/2 1761/268/2 1760/266/2
f 1840/269/2 1761/268/2 1841/267/2
f 1840/269/2 1762/270/2 1761/268/2
f 1839/271/2 1762/270/2 1840/269/2
f 1839/271/2 1763/272/2 1762/270/2
f 1838/273/2 1763/272/2 1839/271/2
f 1837/274/2 1763/272/2 1838/273/2
f 1837/274/2 1764/275/2 1763/272/2
f 1837/274/2 1765/276/2 1764/275/2
f 1836/277/2 1765/276/2 1837/274/2
f 1836/277/2 1766/278/2 1765/276/2
f 1835/279/2 1766/278/2 1836/277/2
f 1835/279/2 1767/280/2 1766/278/2
f 1834/281/2 1767/280/2 1835/279/2
f 1834/281/2 1768/282/2 1767/280/2
f 1833/283/2 1768/282/2 1834/281/2
f 1833/283/2 1769/284/2 1768/282/2
f 1832/285/2 1769/284/2 1833/283/2
f 1832/285/2 1770/286/2 1769/284/2
f 1831/287/2 1770/286/2 1832/285/2
f 1831/287/2 1771/288/2 1770/286/2
f 1830/289/2 1771/288/2 1831/287/2
f 1830/289/2 1772/290/2 1771/288/2
f 1829/291/2 1772/290/2 1830/289/2
f 1829/291/2 1773/292/2 1772/290/2
f 1828/293/2 1773/292/2 1829/291/2
f 1828/293/2 1774/294/2 1773/292/2
f 1827/295/2 1774/294/2 1828/293/2
f 1827/295/2 1876/296/2 1774/294/2
f 1876/296/2 1775/297/2 1774/294/2
f 1826/298/2 1878/299/2 1827/295/2
f 1878/299/2 1877/300/2 1827/295/2
f 1877/300/2 1876/296/2 1827/295/2
f 1875/301/2 1775/297/2 1876/296/2
f 1826/298/2 1879/302/2 1878/299/2
f 1874/303/2 1775/297/2 1875/301/2
f 1826/298/2 1880/304/2 1879/302/2
f 1873/305/2 1775/297/2 1874/303/2
f 1826/298/2 1881/306/2 1880/304/2
f 1872/307/2 1775/297/2 1873/305/2
f 1826/298/2 1882/308/2 1881/306/2
f 1871/309/2 1775/297/2 1872/307/2
f 1826/298/2 1883/310/2 1882/308/2
f 1870/311/2 1775/297/2 1871/309/2
f 1826/298/2 1884/312/2 1883/310/2
f 1869/313/2 1775/297/2 1870/311/2
f 1826/298/2 1885/314/2 1884/312/2
f 1868/315/2 1775/297/2 1869/313/2
f 1826/298/2 1886/316/2 1885/314/2
f 1867/317/2 1775/297/2 1868/315/2
f 1826/298/2 1887/318/2 1886/316/2
f 1866/319/2 1775/297/2 1867/317/2
f 1826/298/2 1888/320/2 1887/318/2
f 1865/321/2 1775/297/2 1866/319/2
f 1826/298/2 1889/322/2 1888/320/2
f 1864/323/2 1775/297/2 1865/321/2
f 1825/324/2 1889/322/2 1826/298/2
f 1825/324/2 1890/325/2 1889/322/2
f 1863/326/2 1775/297/2 1864/323/2
f 1863/326/2 1776/327/2 1775/297/2
f 1824/328/2 1890/325/2 1825/324/2
f 1824/328/2 1891/329/2 1890/325/2
f 1862/330/2 1776/327/2 1863/326/2
f 1862/330/2 1777/331/2 1776/327/2
f 1824/328/2 1892/332/2 1891/329/2
f 1861/333/2 1777/331/2 1862/330/2
f 1824/328/2 1893/334/2 1892/332/2
f 1860/335/2 1777/331/2 1861/333/2
f 1824/328/2 1894/336/2 1893/334/2
f 1859/337/2 1777/331/2 1860/335/2
f 1824/328/2 1895/338/2 1894/336/2
f 1858/339/2 1777/331/2 1859/337/2
f 1824/328/2 1896/340/2 1895/338/2
f 1857/341/2 1777/331/2 1858/339/2
f 1824/328/2 1897/342/2 1896/340/2
f 1856/343/2 1777/331/2 1857/341/2
f 1824/328/2 1898/344/2 1897/342/2
f 1855/345/2 1777/331/2 1856/343/2
f 1824/328/2 1899/346/2 1898/344/2
f 1854/347/2 1777/331/2 1855/345/2
f 1824/328/2 1900/348/2 1899/346/2
f 1853/349/2 1777/331/2 1854/347/2
f 1824/328/2 1901/47/2 1900/348/2
f 1852/350/2 1777/331/2 1853/349/2
f 1824/328/2 1850/351/2 1901/47/2
f 1851/352/2 1777/331/2 1852/350/2
f 1824/328/2 1851/352/2 1850/351/2
f 1824/328/2 1777/331/2 1851/352/2
f 1824/328/2 1778/353/2 1777/331/2
f 1823/354/2 1778/353/2 1824/328/2
f 1823/354/2 1779/355/2 1778/353/2
f 1822/356/2 1779/355/2 1823/354/2
f 1822/356/2 1780/357/2 1779/355/2
f 1821/358/2 1780/357/2 1822/356/2
f 1821/358/2 1781/359/2 1780/357/2
f 1820/360/2 1781/359/2 1821/358/2
f 1820/360/2 1782/361/2 1781/359/2
f 1819/362/2 1782/361/2 1820/360/2
f 1819/362/2 1783/363/2 1782/361/2
f 1818/364/2 1783/363/2 1819/362/2
f 1818/364/2 1784/365/2 1783/363/2
f 1817/366/2 1784/365/2 1818/364/2
f 1817/366/2 1785/367/2 1784/365/2
f 1816/368/2 1785/367/2 1817/366/2
f 1816/368/2 1786/369/2 1785/367/2
f 1815/370/2 1786/369/2 1816/368/2
f 1815/370/2 1787/371/2 1786/369/2
f 1814/372/2 1787/371/2 1815/370/2
f 1814/372/2 1788/373/2 1787/371/2
f 1813/374/2 1788/373/2 1814/372/2
f 1812/375/2 1788/373/2 1813/374/2
f 1812/375/2 1789/376/2 1788/373/2
f 1811/377/2 1789/376/2 1812/375/2
f 1811/377/2 1790/378/2 1789/376/2
f 1810/379/2 1790/378/2 1811/377/2
f 1810/379/2 1791/380/2 1790/378/2
f 1810/379/2 1792/381/2 1791/380/2
f 1809/382/2 1792/381/2 1810/379/2
f 1809/382/2 1793/383/2 1792/381/2
f 1808/384/2 1793/383/2 1809/382/2
f 1808/384/2 1794/385/2 1793/383/2
f 1807/386/2 1794/385/2 1808/384/2
f 1807/386/2 1795/387/2 1794/385/2
f 1806/388/2 1795/387/2 1807/386/2
f 1806/388/2 1796/389/2 1795/387/2
f 1805/390/2 1796/389/2 1806/388/2
f 1805/390/2 1797/391/2 1796/389/2
f 1804/392/2 1797/391/2 1805/390/2
f 1804/392/2 1798/393/2 1797/391/2
f 1803/394/2 1798/393/2 1804/392/2
f 1803/394/2 1799/395/2 1798/393/2
f 1802/396/2 1799/395/2 1803/394/2
f 1802/396/2 1800/397/2 1799/395/2
f 1801/398/2 1800/397/2 1802/396/2
f 1956/410/2 1981/411/2 1902/51/2
f 1981/411/2 1980/412/2 1902/51/2
f 1980/412/2 1979/413/2 1902/51/2
f 1979/413/2 1978/414/2 1902/51/2
f 1978/414/2 1977/415/2 1902/51/2
f 1977/415/2 1976/416/2 1902/51/2
f 1976/416/2 1975/417/2 1902/51/2
f 1975/417/2 1974/418/2 1902/51/2
f 1974/418/2 1903/419/2 1902/51/2
f 1974/418/2 1904/420/2 1903/419/2
f 1974/418/2 1905/421/2 1904/420/2
f 1974/418/2 1906/422/2 1905/421/2
f 1974/418/2 1907/423/2 1906/422/2
f 1974/418/2 1973/424/2 1907/423/2
f 1973/424/2 1908/425/2 1907/423/2
f 1973/424/2 1909/426/2 1908/425/2
f 1973/424/2 1910/427/2 1909/426/2
f 1973/424/2 1911/428/2 1910/427/2
f 1973/424/2 1912/429/2 1911/428/2
f 1973/424/2 1913/430/2 1912/429/2
f 1973/424/2 1914/431/2 1913/430/2
f 1973/424/2 1915/432/2 1914/431/2
f 1973/424/2 1916/433/2 1915/432/2
f 1973/424/2 1972/434/2 1916/433/2
f 1972/434/2 1917/435/2 1916/433/2
f 1972/434/2 1918/436/2 1917/435/2
f 1972/434/2 1919/437/2 1918/436/2
f 1972/434/2 1920/438/2 1919/437/2
f 1972/434/2 1921/439/2 1920/438/2
f 1972/434/2 1922/440/2 1921/439/2
f 1972/434/2 1923/441/2 1922/440/2
f 1972/434/2 1971/442/2 1923/441/2
f 1971/442/2 1924/443/2 1923/441/2
f 1971/442/2 1925/444/2 1924/443/2
f 1971/442/2 1926/445/2 1925/444/2
f 1971/442/2 1970/446/2 1926/445/2
f 1970/446/2 1969/447/2 1926/445/2
f 1969/447/2 1927/448/2 1926/445/2
f 1968/449/2 1927/448/2 1969/447/2
f 1967/450/2 1927/448/2 1968/449/2
f 1966/451/2 1927/448/2 1967/450/2
f 1965/452/2 1927/448/2 1966/451/2
f 1964/453/2 1927/448/2 1965/452/2
f 1963/454/2 1927/448/2 1964/453/2
f 1962/455/2 1927/448/2 1963/454/2
f 1961/456/2 1927/448/2 1962/455/2
f 1960/457/2 1927/448/2 1961/456/2
f 1956/410/2 1982/458/2 1981/411/2
f 1959/459/2 1927/448/2 1960/457/2
f 1956/410/2 1983/460/2 1982/458/2
f 1958/461/2 1927/448/2 1959/459/2
f 1956/410/2 1984/462/2 1983/460/2
f 1957/463/2 1927/448/2 1958/461/2
f 1957/463/2 1928/464/2 1927/448/2
f 1956/410/2 1985/465/2 1984/462/2
f 2008/47/2 1928/464/2 1957/463/2
f 2008/47/2 1929/466/2 1928/464/2
f 1956/410/2 1986/467/2 1985/465/2
f 2007/468/2 1929/466/2 2008/47/2
f 1956/410/2 1987/469/2 1986/467/2
f 2006/470/2 1929/466/2 2007/468/2
f 1956/410/2 1988/471/2 1987/469/2
f 2005/472/2 1929/466/2 2006/470/2
f 1956/410/2 1989/473/2 1988/471/2
f 2004/474/2 1929/466/2 2005/472/2
f 1956/410/2 1990/475/2 1989/473/2
f 2003/476/2 1929/466/2 2004/474/2
f 1956/410/2 1991/477/2 1990/475/2
f 2002/478/2 1929/466/2 2003/476/2
f 1956/410/2 1992/479/2 1991/477/2
f 2001/480/2 1929/466/2 2002/478/2
f 1956/410/2 1993/481/2 1992/479/2
f 2000/482/2 1929/466/2 2001/480/2
f 1956/410/2 1994/483/2 1993/481/2
f 1999/484/2 1929/466/2 2000/482/2
f 1956/410/2 1995/485/2 1994/483/2
f 1998/486/2 1929/466/2 1999/484/2
f 1956/410/2 1996/487/2 1995/485/2
f 1997/488/2 1929/466/2 1998/486/2
f 1956/410/2 1954/489/2 1996/487/2
f 1954/489/2 1997/488/2 1996/487/2
f 1954/489/2 1929/466/2 1997/488/2
f 1954/489/2 1930/490/2 1929/466/2
f 1954/489/2 1931/491/2 1930/490/2
f 1954/489/2 1932/492/2 1931/491/2
f 1954/489/2 1933/493/2 1932/492/2
f 1954/489/2 1934/494/2 1933/493/2
f 1954/489/2 1935/495/2 1934/494/2
f 1954/489/2 1936/496/2 1935/495/2
f 1954/489/2 1937/497/2 1936/496/2
f 1954/489/2 1938/498/2 1937/497/2
f 1954/489/2 1939/499/2 1938/498/2
f 1954/489/2 1940/500/2 1939/499/2
f 1954/489/2 1941/501/2 1940/500/2
f 1954/489/2 1942/502/2 1941/501/2
f 1954/489/2 1943/503/2 1942/502/2
f 1954/489/2 1944/504/2 1943/503/2
f 1954/489/2 1945/505/2 1944/504/2
f 1954/489/2 1946/506/2 1945/505/2
f 1954/489/2 1947/507/2 1946/506/2
f 1954/489/2 1948/508/2 1947/507/2
f 1954/489/2 1949/509/2 1948/508/2
f 1954/489/2 1950/510/2 1949/509/2
f 1954/489/2 1951/511/2 1950/510/2
f 1954/489/2 1952/512/2 1951/511/2
f 1956/410/2 1955/404/2 1954/489/2
f 1953/513/2 1952/512/2 1954/489/2
f 516/259/3 515/261/3 1519/261/3 1520/259/3
f 143/17/4 142/15/4 1146/15/4 1147/17/4
f 597/67/5 596/65/5 1600/65/5 1601/67/5
f 237/221/6 236/223/6 1240/223/6 1241/221/6
f 926/490/7 925/466/7 1929/466/7 1930/490/7
f 127/16/8 126/18/8 1130/18/8 1131/16/8
f 581/66/9 580/68/9 1584/68/9 1585/66/9
f 927/491/10 926/490/10 1930/490/10 1931/491/10
f 429/262/11 428/260/11 1432/260/11 1433/262/11
f 244/224/12 243/222/12 1247/222/12 1248/224/12
f 515/261/13 514/263/13 1518/263/13 1519/261/13
f 144/19/14 143/17/14 1147/17/14 1148/19/14
f 598/69/15 597/67/15 1601/67/15 1602/69/15
f 236/223/16 235/225/16 1239/225/16 1240/223/16
f 928/492/17 927/491/17 1931/491/17 1932/492/17
f 126/18/18 125/20/18 1129/20/18 1130/18/18
f 580/68/19 579/70/19 1583/70/19 1584/68/19
f 929/493/20 928/492/20 1932/492/20 1933/493/20
f 430/264/21 429/262/21 1433/262/21 1434/264/21
f 245/226/22 244/224/22 1248/224/22 1249/226/22
f 514/263/23 513/265/23 1517/265/23 1518/263/23
f 145/21/24 144/19/24 1148/19/24 1149/21/24
f 599/71/25 598/69/25 1602/69/25 1603/71/25
f 235/225/26 234/227/26 1238/227/26 1239/225/26
f 930/494/27 929/493/27 1933/493/27 1934/494/27
f 125/20/28 124/22/28 1128/22/28 1129/20/28
f 579/70/29 578/72/29 1582/72/29 1583/70/29
f 931/495/30 930/494/30 1934/494/30 1935/495/30
f 431/266/31 430/264/31 1434/264/31 1435/266/31
f 246/228/32 245/226/32 1249/226/32 1250/228/32
f 513/265/33 512/267/33 1516/267/33 1517/265/33
f 146/23/34 145/21/34 1149/21/34 1150/23/34
f 600/73/35 599/71/35 1603/71/35 1604/73/35
f 234/227/36 233/229/36 1237/229/36 1238/227/36
f 932/496/37 931/495/37 1935/495/37 1936/496/37
f 124/22/38 123/24/38 1127/24/38 1128/22/38
f 578/72/39 577/74/39 1581/74/39 1582/72/39
f 933/497/40 932/496/40 1936/496/40 1937/497/40
f 432/268/41 431/266/41 1435/266/41 1436/268/41
f 247/230/42 246/228/42 1250/228/42 1251/230/42
f 512/267/43 511/269/43 1515/269/43 1516/267/43
f 147/25/44 146/23/44 1150/23/44 1151/25/44
f 601/75/45 600/73/45 1604/73/45 1605/75/45
f 233/229/46 232/231/46 1236/231/46 1237/229/46
f 934/498/47 933/497/47 1937/497/47 1938/498/47
f 123/24/48 122/26/48 1126/26/48 1127/24/48
f 577/74/49 576/76/49 1580/76/49 1581/74/49
f 935/499/50 934/498/50 1938/498/50 1939/499/50
f 433/270/51 432/268/51 1436/268/51 1437/270/51
f 122/26/52 121/27/52 1125/27/52 1126/26/52
f 682/52/53 681/77/53 1685/77/53 1686/52/53
f 248/232/54 247/230/54 1251/230/54 1252/232/54
f 511/269/55 510/271/55 1514/271/55 1515/269/55
f 232/231/56 231/233/56 1235/233/56 1236/231/56
f 936/500/57 935/499/57 1939/499/57 1940/500/57
f 148/28/58 147/25/58 1151/25/58 1152/28/58
f 602/78/59 601/75/59 1605/75/59 1606/78/59
f 937/501/60 936/500/60 1940/500/60 1941/501/60
f 434/272/61 433/270/61 1437/270/61 1438/272/61
f 576/76/53 575/79/53 1579/79/53 1580/76/53
f 249/234/62 248/232/62 1252/232/62 1253/234/62
f 510/271/48 509/273/48 1513/273/48 1514/271/48
f 149/29/63 148/28/63 1152/28/63 1153/29/63
f 231/233/64 230/235/64 1234/235/64 1235/233/64
f 938/502/65 937/501/65 1941/501/65 1942/502/65
f 121/27/66 120/30/66 1124/30/66 1125/27/66
f 575/79/67 574/80/67 1578/80/67 1579/79/67
f 509/273/52 508/274/52 1512/274/52 1513/273/52
f 574/80/59 573/51/59 1577/51/59 1578/80/59
f 939/503/68 938/502/68 1942/502/68 1943/503/68
f 630/82/53 629/81/53 1633/81/53 1634/82/53
f 250/236/69 249/234/69 1253/234/69 1254/236/69
f 150/31/70 149/29/70 1153/29/70 1154/31/70
f 230/235/71 229/237/71 1233/237/71 1234/235/71
f 940/504/72 939/503/72 1943/503/72 1944/504/72
f 435/275/73 434/272/73 1438/272/73 1439/275/73
f 120/30/74 119/32/74 1123/32/74 1124/30/74
f 631/83/75 630/82/75 1634/82/75 1635/83/75
f 629/81/67 628/84/67 1632/84/67 1633/81/67
f 941/505/76 940/504/76 1944/504/76 1945/505/76
f 436/276/77 435/275/77 1439/275/77 1440/276/77
f 251/238/78 250/236/78 1254/236/78 1255/238/78
f 508/274/79 507/277/79 1511/277/79 1512/274/79
f 151/33/80 150/31/80 1154/31/80 1155/33/80
f 229/237/81 228/239/81 1232/239/81 1233/237/81
f 942/506/82 941/505/82 1945/505/82 1946/506/82
f 119/32/83 118/34/83 1122/34/83 1123/32/83
f 632/85/59 631/83/59 1635/83/59 1636/85/59
f 628/84/53 627/86/53 1631/86/53 1632/84/53
f 943/507/84 942/506/84 1946/506/84 1947/507/84
f 437/278/85 436/276/85 1440/276/85 1441/278/85
f 252/47/86 251/238/86 1255/238/86 1256/47/86
f 507/277/87 506/279/87 1510/279/87 1511/277/87
f 152/35/88 151/33/88 1155/33/88 1156/35/88
f 681/77/89 680/87/89 1684/87/89 1685/77/89
f 228/239/90 227/240/90 1231/240/90 1232/239/90
f 944/508/91 943/507/91 1947/507/91 1948/508/91
f 118/34/92 117/36/92 1121/36/92 1122/34/92
f 201/217/53 200/241/53 1204/241/53 1205/217/53
f 945/509/93 944/508/93 1948/508/93 1949/509/93
f 438/280/94 437/278/94 1441/278/94 1442/280/94
f 603/88/95 602/78/95 1606/78/95 1607/88/95
f 506/279/96 505/281/96 1509/281/96 1510/279/96
f 153/37/97 152/35/97 1156/35/97 1157/37/97
f 627/86/98 626/89/98 1630/89/98 1631/86/98
f 946/510/99 945/509/99 1949/509/99 1950/510/99
f 117/36/100 116/38/100 1120/38/100 1121/36/100
f 225/242/59 252/47/59 1256/47/59 1229/242/59
f 227/240/53 226/243/53 1230/243/53 1231/240/53
f 947/511/101 946/510/101 1950/510/101 1951/511/101
f 439/282/102 438/280/102 1442/280/102 1443/282/102
f 633/90/103 632/85/103 1636/85/103 1637/90/103
f 505/281/104 504/283/104 1508/283/104 1509/281/104
f 154/39/105 153/37/105 1157/37/105 1158/39/105
f 948/512/106 947/511/106 1951/511/106 1952/512/106
f 116/38/107 115/40/107 1119/40/107 1120/38/107
f 604/91/108 603/88/108 1607/88/108 1608/91/108
f 195/244/59 194/216/59 1198/216/59 1199/244/59
f 952/410/67 951/404/67 1955/404/67 1956/410/67
f 626/89/109 625/92/109 1629/92/109 1630/89/109
f 951/404/59 950/489/59 1954/489/59 1955/404/59
f 440/284/97 439/282/97 1443/282/97 1444/284/97
f 950/489/110 949/513/110 1953/513/110 1954/489/110
f 504/283/100 503/285/100 1507/285/100 1508/283/100
f 155/41/111 154/39/111 1158/39/111 1159/41/111
f 949/513/112 948/512/112 1952/512/112 1953/513/112
f 115/40/113 114/42/113 1118/42/113 1119/40/113
f 605/93/114 604/91/114 1608/91/114 1609/93/114
f 226/243/75 225/242/75 1229/242/75 1230/243/75
f 625/92/115 624/94/115 1628/94/115 1629/92/115
f 198/245/67 197/246/67 1201/246/67 1202/245/67
f 441/286/116 440/284/116 1444/284/116 1445/286/116
f 503/285/117 502/287/117 1506/287/117 1507/285/117
f 156/43/118 155/41/118 1159/41/118 1160/43/118
f 114/42/119 113/44/119 1117/44/119 1118/42/119
f 606/95/120 605/93/120 1609/93/120 1610/95/120
f 200/241/67 199/247/67 1203/247/67 1204/241/67
f 624/94/121 623/96/121 1627/96/121 1628/94/121
f 199/247/59 198/245/59 1202/245/59 1203/247/59
f 442/288/111 441/286/111 1445/286/111 1446/288/111
f 197/246/53 196/248/53 1200/248/53 1201/246/53
f 502/287/122 501/289/122 1505/289/122 1506/287/122
f 157/45/123 156/43/123 1160/43/123 1161/45/123
f 196/248/67 195/244/67 1199/244/67 1200/248/67
f 113/44/124 112/46/124 1116/46/124 1117/44/124
f 607/97/125 606/95/125 1610/95/125 1611/97/125
f 386/2/126 385/1/126 1389/1/126 1390/2/126
f 623/96/127 622/98/127 1626/98/127 1627/96/127
f 443/290/118 442/288/118 1446/288/118 1447/290/118
f 387/3/75 386/2/75 1390/2/75 1391/3/75
f 501/289/119 500/291/119 1504/291/119 1505/289/119
f 158/47/128 157/45/128 1161/45/128 1162/47/128
f 112/46/129 111/48/129 1115/48/129 1116/46/129
f 608/99/130 607/97/130 1611/97/130 1612/99/130
f 388/4/131 387/3/131 1391/3/131 1392/4/131
f 622/98/132 621/100/132 1625/100/132 1626/98/132
f 444/292/123 443/290/123 1447/290/123 1448/292/123
f 389/5/133 388/4/133 1392/4/133 1393/5/133
f 500/291/124 499/293/124 1503/293/124 1504/291/124
f 385/1/134 384/6/134 1388/6/134 1389/1/134
f 16/49/135 15/50/135 1019/50/135 1020/49/135
f 609/101/136 608/99/136 1612/99/136 1613/101/136
f 621/100/137 620/102/137 1624/102/137 1625/100/137
f 445/294/138 444/292/138 1448/292/138 1449/294/138
f 390/7/139 389/5/139 1393/5/139 1394/7/139
f 499/293/129 498/295/129 1502/295/129 1503/293/129
f 1/51/140 158/47/140 1162/47/140 1005/51/140
f 384/6/141 383/8/141 1387/8/141 1388/6/141
f 111/48/142 110/52/142 1114/52/142 1115/48/142
f 610/103/143 609/101/143 1613/101/143 1614/103/143
f 620/102/144 619/104/144 1623/104/144 1624/102/144
f 391/9/145 390/7/145 1394/7/145 1395/9/145
f 18/53/146 17/54/146 1021/54/146 1022/53/146
f 383/8/147 382/10/147 1386/10/147 1387/8/147
f 446/297/148 445/294/148 1449/294/148 1450/297/148
f 611/105/149 610/103/149 1614/103/149 1615/105/149
f 498/295/142 497/298/142 1501/298/142 1502/295/142
f 17/54/67 16/49/67 1020/49/67 1021/54/67
f 619/104/150 618/106/150 1622/106/150 1623/104/150
f 392/11/151 391/9/151 1395/9/151 1396/11/151
f 19/55/152 18/53/152 1022/53/152 1023/55/152
f 382/10/153 381/12/153 1385/12/153 1386/10/153
f 549/299/146 548/300/146 1552/300/146 1553/299/146
f 15/50/154 14/56/154 1018/56/154 1019/50/154
f 612/107/155 611/105/155 1615/105/155 1616/107/155
f 618/106/156 617/108/156 1621/108/156 1622/106/156
f 548/300/67 547/296/67 1551/296/67 1552/300/67
f 393/13/157 392/11/157 1396/11/157 1397/13/157
f 547/296/158 546/301/158 1550/301/158 1551/296/158
f 20/57/159 19/55/159 1023/55/159 1024/57/159
f 381/12/160 380/14/160 1384/14/160 1385/12/160
f 14/56/6 13/58/6 1017/58/6 1018/56/6
f 613/109/161 612/107/161 1616/107/161 1617/109/161
f 617/108/162 616/110/162 1620/110/162 1621/108/162
f 550/302/163 549/299/163 1553/299/163 1554/302/163
f 394/15/164 393/13/164 1397/13/164 1398/15/164
f 546/301/165 545/303/165 1549/303/165 1550/301/165
f 21/59/166 20/57/166 1024/57/166 1025/59/166
f 380/14/13 379/16/13 1383/16/13 1384/14/13
f 13/58/16 12/60/16 1016/60/16 1017/58/16
f 614/111/167 613/109/167 1617/109/167 1618/111/167
f 616/110/168 615/112/168 1619/112/168 1620/110/168
f 551/304/169 550/302/169 1554/302/169 1555/304/169
f 395/17/4 394/15/4 1398/15/4 1399/17/4
f 545/303/170 544/305/170 1548/305/170 1549/303/170
f 22/61/171 21/59/171 1025/59/171 1026/61/171
f 379/16/8 378/18/8 1382/18/8 1383/16/8
f 12/60/172 11/62/172 1015/62/172 1016/60/172
f 615/112/75 614/111/75 1618/111/75 1619/112/75
f 552/306/173 551/304/173 1555/304/173 1556/306/173
f 396/19/14 395/17/14 1399/17/14 1400/19/14
f 544/305/174 543/307/174 1547/307/174 1548/305/174
f 23/63/32 22/61/32 1026/61/32 1027/63/32
f 634/113/175 633/90/175 1637/90/175 1638/113/175
f 378/18/18 377/20/18 1381/20/18 1382/18/18
f 11/62/36 10/64/36 1014/64/36 1015/62/36
f 680/87/176 679/114/176 1683/114/176 1684/87/176
f 553/308/177 552/306/177 1556/306/177 1557/308/177
f 397/21/24 396/19/24 1400/19/24 1401/21/24
f 543/307/178 542/309/178 1546/309/178 1547/307/178
f 24/65/179 23/63/179 1027/63/179 1028/65/179
f 635/115/180 634/113/180 1638/113/180 1639/115/180
f 377/20/28 376/22/28 1380/22/28 1381/20/28
f 10/64/181 9/66/181 1013/66/181 1014/64/181
f 679/114/182 678/116/182 1682/116/182 1683/114/182
f 554/310/183 553/308/183 1557/308/183 1558/310/183
f 398/23/34 397/21/34 1401/21/34 1402/23/34
f 542/309/184 541/311/184 1545/311/184 1546/309/184
f 25/67/185 24/65/185 1028/65/185 1029/67/185
f 636/117/186 635/115/186 1639/115/186 1640/117/186
f 376/22/38 375/24/38 1379/24/38 1380/22/38
f 9/66/187 8/68/187 1012/68/187 1013/66/187
f 678/116/188 677/118/188 1681/118/188 1682/116/188
f 555/312/189 554/310/189 1558/310/189 1559/312/189
f 399/25/44 398/23/44 1402/23/44 1403/25/44
f 541/311/190 540/313/190 1544/313/190 1545/311/190
f 26/69/62 25/67/62 1029/67/62 1030/69/62
f 637/119/191 636/117/191 1640/117/191 1641/119/191
f 375/24/48 374/26/48 1378/26/48 1379/24/48
f 8/68/64 7/70/64 1011/70/64 1012/68/64
f 677/118/192 676/120/192 1680/120/192 1681/118/192
f 374/26/52 373/27/52 1377/27/52 1378/26/52
f 556/314/5 555/312/5 1559/312/5 1560/314/5
f 540/313/193 539/315/193 1543/315/193 1544/313/193
f 27/71/194 26/69/194 1030/69/194 1031/71/194
f 638/121/195 637/119/195 1641/119/195 1642/121/195
f 7/70/71 6/72/71 1010/72/71 1011/70/71
f 676/120/196 675/122/196 1679/122/196 1680/120/196
f 400/28/73 399/25/73 1403/25/73 1404/28/73
f 557/316/15 556/314/15 1560/314/15 1561/316/15
f 401/29/77 400/28/77 1404/28/77 1405/29/77
f 539/315/197 538/317/197 1542/317/197 1543/315/197
f 28/73/198 27/71/198 1031/71/198 1032/73/198
f 889/334/199 888/332/199 1892/332/199 1893/334/199
f 639/123/200 638/121/200 1642/121/200 1643/123/200
f 373/27/66 372/30/66 1376/30/66 1377/27/66
f 6/72/201 5/74/201 1009/74/201 1010/72/201
f 857/333/202 856/335/202 1860/335/202 1861/333/202
f 675/122/203 674/124/203 1678/124/203 1679/122/203
f 558/318/25 557/316/25 1561/316/25 1562/318/25
f 402/31/70 401/29/70 1405/29/70 1406/31/70
f 538/317/204 537/319/204 1541/319/204 1542/317/204
f 29/75/205 28/73/205 1032/73/205 1033/75/205
f 890/336/206 889/334/206 1893/334/206 1894/336/206
f 640/125/207 639/123/207 1643/123/207 1644/125/207
f 372/30/74 371/32/74 1375/32/74 1376/30/74
f 5/74/90 4/76/90 1008/76/90 1009/74/90
f 856/335/208 855/337/208 1859/337/208 1860/335/208
f 674/124/209 673/126/209 1677/126/209 1678/124/209
f 559/320/210 558/318/210 1562/318/210 1563/320/210
f 110/52/53 109/77/53 1113/77/53 1114/52/53
f 403/33/80 402/31/80 1406/31/80 1407/33/80
f 537/319/211 536/321/211 1540/321/211 1541/319/211
f 891/338/212 890/336/212 1894/336/212 1895/338/212
f 641/127/213 640/125/213 1644/125/213 1645/127/213
f 371/32/83 370/34/83 1374/34/83 1375/32/83
f 855/337/214 854/339/214 1858/339/214 1859/337/214
f 673/126/215 672/128/215 1676/128/215 1677/126/215
f 30/78/59 29/75/59 1033/75/59 1034/78/59
f 560/322/45 559/320/45 1563/320/45 1564/322/45
f 4/76/53 3/79/53 1007/79/53 1008/76/53
f 404/35/88 403/33/88 1407/33/88 1408/35/88
f 536/321/216 535/323/216 1539/323/216 1540/321/216
f 892/340/217 891/338/217 1895/338/217 1896/340/217
f 642/129/218 641/127/218 1645/127/218 1646/129/218
f 370/34/92 369/36/92 1373/36/92 1374/34/92
f 3/79/67 2/80/67 1006/80/67 1007/79/67
f 854/339/219 853/341/219 1857/341/219 1858/339/219
f 672/128/220 671/130/220 1675/130/220 1676/128/220
f 497/298/53 496/324/53 1500/324/53 1501/298/53
f 2/80/59 1/51/59 1005/51/59 1006/80/59
f 58/82/53 57/81/53 1061/81/53 1062/82/53
f 405/37/97 404/35/97 1408/35/97 1409/37/97
f 893/342/136 892/340/136 1896/340/136 1897/342/136
f 643/131/221 642/129/221 1646/129/221 1647/131/221
f 369/36/100 368/38/100 1372/38/100 1373/36/100
f 561/325/59 560/322/59 1564/322/59 1565/325/59
f 59/83/75 58/82/75 1062/82/75 1063/83/75
f 853/341/222 852/343/222 1856/343/222 1857/341/222
f 671/130/223 670/132/223 1674/132/223 1675/130/223
f 535/323/53 534/326/53 1538/326/53 1539/323/53
f 57/81/67 56/84/67 1060/84/67 1061/81/67
f 406/39/105 405/37/105 1409/37/105 1410/39/105
f 894/344/143 893/342/143 1897/342/143 1898/344/143
f 644/133/224 643/131/224 1647/131/224 1648/133/224
f 368/38/107 367/40/107 1371/40/107 1372/38/107
f 447/327/59 446/297/59 1450/297/59 1451/327/59
f 60/85/59 59/83/59 1063/83/59 1064/85/59
f 852/343/225 851/345/225 1855/345/225 1856/343/225
f 670/132/226 669/134/226 1673/134/226 1674/132/226
f 496/324/227 495/328/227 1499/328/227 1500/324/227
f 56/84/53 55/86/53 1059/86/53 1060/84/53
f 669/134/228 668/135/228 1672/135/228 1673/134/228
f 407/41/111 406/39/111 1410/39/111 1411/41/111
f 109/77/89 108/87/89 1112/87/89 1113/77/89
f 895/346/149 894/344/149 1898/344/149 1899/346/149
f 367/40/113 366/42/113 1370/42/113 1371/40/113
f 562/329/95 561/325/95 1565/325/95 1566/329/95
f 851/345/229 850/347/229 1854/347/229 1855/345/229
f 534/326/230 533/330/230 1537/330/230 1538/326/230
f 645/136/231 644/133/231 1648/133/231 1649/136/231
f 31/88/232 30/78/232 1034/78/232 1035/88/232
f 668/135/233 667/137/233 1671/137/233 1672/135/233
f 408/43/118 407/41/118 1411/41/118 1412/43/118
f 55/86/234 54/89/234 1058/89/234 1059/86/234
f 896/348/235 895/346/235 1899/346/235 1900/348/235
f 366/42/119 365/44/119 1369/44/119 1370/42/119
f 448/331/103 447/327/103 1451/327/103 1452/331/103
f 850/347/236 849/349/236 1853/349/236 1854/347/236
f 646/138/237 645/136/237 1649/136/237 1650/138/237
f 563/332/238 562/329/238 1566/329/238 1567/332/238
f 61/90/239 60/85/239 1064/85/239 1065/90/239
f 667/137/240 666/139/240 1670/139/240 1671/137/240
f 409/45/123 408/43/123 1412/43/123 1413/45/123
f 533/330/241 532/333/241 1536/333/241 1537/330/241
f 897/47/161 896/348/161 1900/348/161 1901/47/161
f 365/44/124 364/46/124 1368/46/124 1369/44/124
f 32/91/242 31/88/242 1035/88/242 1036/91/242
f 849/349/243 848/350/243 1852/350/243 1853/349/243
f 54/89/244 53/92/244 1057/92/244 1058/89/244
f 647/140/245 646/138/245 1650/138/245 1651/140/245
f 564/334/114 563/332/114 1567/332/114 1568/334/114
f 410/47/246 409/45/246 1413/45/246 1414/47/246
f 532/333/247 531/335/247 1535/335/247 1536/333/247
f 846/351/167 897/47/167 1901/47/167 1850/351/167
f 648/141/248 647/140/248 1651/140/248 1652/141/248
f 364/46/129 363/48/129 1367/48/129 1368/46/129
f 33/93/249 32/91/249 1036/91/249 1037/93/249
f 848/350/250 847/352/250 1851/352/250 1852/350/250
f 666/139/251 665/142/251 1669/142/251 1670/139/251
f 53/92/252 52/94/252 1056/94/252 1057/92/252
f 565/336/120 564/334/120 1568/334/120 1569/336/120
f 531/335/253 530/337/253 1534/337/253 1535/335/253
f 847/352/75 846/351/75 1850/351/75 1851/352/75
f 649/143/254 648/141/254 1652/141/254 1653/143/254
f 268/49/135 267/50/135 1271/50/135 1272/49/135
f 34/95/255 33/93/255 1037/93/255 1038/95/255
f 665/142/256 664/144/256 1668/144/256 1669/142/256
f 52/94/257 51/96/257 1055/96/257 1056/94/257
f 566/338/125 565/336/125 1569/336/125 1570/338/125
f 774/353/175 773/331/175 1777/331/175 1778/353/175
f 253/51/148 410/47/148 1414/47/148 1257/51/148
f 530/337/214 529/339/214 1533/339/214 1534/337/214
f 820/328/176 819/354/176 1823/354/176 1824/328/176
f 650/145/258 649/143/258 1653/143/258 1654/145/258
f 363/48/142 362/52/142 1366/52/142 1367/48/142
f 35/97/212 34/95/212 1038/95/212 1039/97/212
f 664/144/259 663/146/259 1667/146/259 1668/144/259
f 51/96/260 50/98/260 1054/98/260 1055/96/260
f 567/340/130 566/338/130 1570/338/130 1571/340/130
f 775/355/261 774/353/261 1778/353/261 1779/355/261
f 270/53/146 269/54/146 1273/54/146 1274/53/146
f 529/339/262 528/341/262 1532/341/262 1533/339/262
f 819/354/182 818/356/182 1822/356/182 1823/354/182
f 651/147/263 650/145/263 1654/145/263 1655/147/263
f 36/99/264 35/97/264 1039/97/264 1040/99/264
f 663/146/265 662/148/265 1666/148/265 1667/146/265
f 269/54/67 268/49/67 1272/49/67 1273/54/67
f 50/98/266 49/100/266 1053/100/266 1054/98/266
f 568/342/136 567/340/136 1571/340/136 1572/342/136
f 776/357/186 775/355/186 1779/355/186 1780/357/186
f 271/55/163 270/53/163 1274/53/163 1275/55/163
f 528/341/267 527/343/267 1531/343/267 1532/341/267
f 818/356/188 817/358/188 1821/358/188 1822/356/188
f 652/149/268 651/147/268 1655/147/268 1656/149/268
f 267/50/154 266/56/154 1270/56/154 1271/50/154
f 37/101/269 36/99/269 1040/99/269 1041/101/269
f 662/148/270 661/150/270 1665/150/270 1666/148/270
f 49/100/271 48/102/271 1052/102/271 1053/100/271
f 569/344/272 568/342/272 1572/342/272 1573/344/272
f 777/359/191 776/357/191 1780/357/191 1781/359/191
f 272/57/273 271/55/273 1275/55/273 1276/57/273
f 527/343/274 526/345/274 1530/345/274 1531/343/274
f 817/358/192 816/360/192 1820/360/192 1821/358/192
f 653/151/275 652/149/275 1656/149/275 1657/151/275
f 266/56/6 265/58/6 1269/58/6 1270/56/6
f 38/103/143 37/101/143 1041/101/143 1042/103/143
f 661/150/276 660/152/276 1664/152/276 1665/150/276
f 48/102/144 47/104/144 1051/104/144 1052/102/144
f 570/346/149 569/344/149 1573/344/149 1574/346/149
f 778/361/195 777/359/195 1781/359/195 1782/361/195
f 273/59/166 272/57/166 1276/57/166 1277/59/166
f 526/345/277 525/347/277 1529/347/277 1530/345/277
f 816/360/196 815/362/196 1819/362/196 1820/360/196
f 654/153/278 653/151/278 1657/151/278 1658/153/278
f 265/58/279 264/60/279 1268/60/279 1269/58/279
f 39/105/280 38/103/280 1042/103/280 1043/105/280
f 660/152/281 659/154/281 1663/154/281 1664/152/281
f 47/104/282 46/106/282 1050/106/282 1051/104/282
f 571/348/235 570/346/235 1574/346/235 1575/348/235
f 779/363/200 778/361/200 1782/361/200 1783/363/200
f 274/61/171 273/59/171 1277/59/171 1278/61/171
f 525/347/283 524/349/283 1528/349/283 1529/347/283
f 815/362/203 814/364/203 1818/364/203 1819/362/203
f 655/155/284 654/153/284 1658/153/284 1659/155/284
f 264/60/26 263/62/26 1267/62/26 1268/60/26
f 40/107/155 39/105/155 1043/105/155 1044/107/155
f 659/154/285 658/156/285 1662/156/285 1663/154/285
f 46/106/156 45/108/156 1049/108/156 1050/106/156
f 572/47/161 571/348/161 1575/348/161 1576/47/161
f 780/365/207 779/363/207 1783/363/207 1784/365/207
f 275/63/32 274/61/32 1278/61/32 1279/63/32
f 524/349/243 523/350/243 1527/350/243 1528/349/243
f 814/364/209 813/366/209 1817/366/209 1818/364/209
f 656/157/286 655/155/286 1659/155/286 1660/157/286
f 263/62/36 262/64/36 1266/64/36 1267/62/36
f 41/109/161 40/107/161 1044/107/161 1045/109/161
f 658/156/287 657/158/287 1661/158/287 1662/156/287
f 45/108/162 44/110/162 1048/110/162 1049/108/162
f 657/158/67 656/157/67 1660/157/67 1661/158/67
f 521/351/167 572/47/167 1576/47/167 1525/351/167
f 781/367/288 780/365/288 1784/365/288 1785/367/288
f 737/400/289 736/399/289 1740/399/289 1741/400/289
f 276/65/290 275/63/290 1279/63/290 1280/65/290
f 523/350/250 522/352/250 1526/352/250 1527/350/250
f 813/366/291 812/368/291 1816/368/291 1817/366/291
f 262/64/292 261/66/292 1265/66/292 1266/64/292
f 42/111/167 41/109/167 1045/109/167 1046/111/167
f 738/401/75 737/400/75 1741/400/75 1742/401/75
f 44/110/293 43/112/293 1047/112/293 1048/110/293
f 522/352/75 521/351/75 1525/351/75 1526/352/75
f 782/369/218 781/367/218 1785/367/218 1786/369/218
f 739/47/294 738/401/294 1742/401/294 1743/47/294
f 277/67/295 276/65/295 1280/65/295 1281/67/295
f 812/368/220 811/370/220 1815/370/220 1816/368/220
f 731/51/296 739/47/296 1743/47/296 1735/51/296
f 261/66/297 260/68/297 1264/68/297 1265/66/297
f 43/112/75 42/111/75 1046/111/75 1047/112/75
f 449/353/175 448/331/175 1452/331/175 1453/353/175
f 732/402/75 731/51/75 1735/51/75 1736/402/75
f 495/328/176 494/354/176 1498/354/176 1499/328/176
f 783/371/221 782/369/221 1786/369/221 1787/371/221
f 278/69/62 277/67/62 1281/67/62 1282/69/62
f 62/113/298 61/90/298 1065/90/298 1066/113/298
f 811/370/223 810/372/223 1814/372/223 1815/370/223
f 733/403/299 732/402/299 1736/402/299 1737/403/299
f 260/68/64 259/70/64 1263/70/64 1264/68/64
f 108/87/300 107/114/300 1111/114/300 1112/87/300
f 450/355/180 449/353/180 1453/353/180 1454/355/180
f 736/399/53 735/404/53 1739/404/53 1740/399/53
f 494/354/182 493/356/182 1497/356/182 1498/354/182
f 784/373/224 783/371/224 1787/371/224 1788/373/224
f 279/71/194 278/69/194 1282/69/194 1283/71/194
f 63/115/180 62/113/180 1066/113/180 1067/115/180
f 810/372/226 809/374/226 1813/374/226 1814/372/226
f 735/404/67 734/405/67 1738/405/67 1739/404/67
f 259/70/71 258/72/71 1262/72/71 1263/70/71
f 107/114/182 106/116/182 1110/116/182 1111/114/182
f 734/405/59 733/403/59 1737/403/59 1738/405/59
f 451/357/186 450/355/186 1454/355/186 1455/357/186
f 809/374/301 808/375/301 1812/375/301 1813/374/301
f 741/406/53 740/51/53 1744/51/53 1745/406/53
f 493/356/188 492/358/188 1496/358/188 1497/356/188
f 280/73/198 279/71/198 1283/71/198 1284/73/198
f 64/117/186 63/115/186 1067/115/186 1068/117/186
f 742/407/75 741/406/75 1745/406/75 1746/407/75
f 258/72/201 257/74/201 1261/74/201 1262/72/201
f 106/116/188 105/118/188 1109/118/188 1110/116/188
f 785/376/302 784/373/302 1788/373/302 1789/376/302
f 452/359/191 451/357/191 1455/357/191 1456/359/191
f 808/375/233 807/377/233 1811/377/233 1812/375/233
f 743/408/59 742/407/59 1746/407/59 1747/408/59
f 492/358/192 491/360/192 1495/360/192 1496/358/192
f 281/75/205 280/73/205 1284/73/205 1285/75/205
f 65/119/191 64/117/191 1068/117/191 1069/119/191
f 744/409/75 743/408/75 1747/408/75 1748/409/75
f 257/74/90 256/76/90 1260/76/90 1261/74/90
f 105/118/303 104/120/303 1108/120/303 1109/118/303
f 786/378/304 785/376/304 1789/376/304 1790/378/304
f 740/51/67 745/47/67 1749/47/67 1744/51/67
f 453/361/305 452/359/305 1456/359/305 1457/361/305
f 807/377/240 806/379/240 1810/379/240 1811/377/240
f 745/47/59 744/409/59 1748/409/59 1749/47/59
f 362/52/53 361/77/53 1365/77/53 1366/52/53
f 491/360/196 490/362/196 1494/362/196 1495/360/196
f 746/51/126 845/249/126 1849/249/126 1750/51/126
f 66/121/195 65/119/195 1069/119/195 1070/121/195
f 104/120/196 103/122/196 1107/122/196 1108/120/196
f 787/380/306 786/378/306 1790/378/306 1791/380/306
f 747/250/75 746/51/75 1750/51/75 1751/250/75
f 282/78/59 281/75/59 1285/75/59 1286/78/59
f 454/363/200 453/361/200 1457/361/200 1458/363/200
f 256/76/53 255/79/53 1259/79/53 1260/76/53
f 490/362/203 489/364/203 1493/364/203 1494/362/203
f 788/381/307 787/380/307 1791/380/307 1792/381/307
f 748/251/308 747/250/308 1751/250/308 1752/251/308
f 67/123/200 66/121/200 1070/121/200 1071/123/200
f 806/379/251 805/382/251 1809/382/251 1810/379/251
f 255/79/67 254/80/67 1258/80/67 1259/79/67
f 103/122/309 102/124/309 1106/124/309 1107/122/309
f 749/252/310 748/251/310 1752/251/310 1753/252/310
f 254/80/59 253/51/59 1257/51/59 1258/80/59
f 455/365/207 454/363/207 1458/363/207 1459/365/207
f 845/249/134 844/253/134 1848/253/134 1849/249/134
f 310/82/53 309/81/53 1313/81/53 1314/82/53
f 489/364/209 488/366/209 1492/366/209 1493/364/209
f 789/383/311 788/381/311 1792/381/311 1793/383/311
f 68/125/312 67/123/312 1071/123/312 1072/125/312
f 805/382/256 804/384/256 1808/384/256 1809/382/256
f 311/83/75 310/82/75 1314/82/75 1315/83/75
f 102/124/313 101/126/313 1105/126/313 1106/124/313
f 750/254/314 749/252/314 1753/252/314 1754/254/314
f 309/81/67 308/84/67 1312/84/67 1313/81/67
f 456/367/213 455/365/213 1459/365/213 1460/367/213
f 844/253/141 843/255/141 1847/255/141 1848/253/141
f 488/366/215 487/368/215 1491/368/215 1492/366/215
f 790/385/315 789/383/315 1793/383/315 1794/385/315
f 69/127/316 68/125/316 1072/125/316 1073/127/316
f 804/384/259 803/386/259 1807/386/259 1808/384/259
f 312/85/59 311/83/59 1315/83/59 1316/85/59
f 101/126/291 100/128/291 1104/128/291 1105/126/291
f 751/256/317 750/254/317 1754/254/317 1755/256/317
f 308/84/53 307/86/53 1311/86/53 1312/84/53
f 457/369/218 456/367/218 1460/367/218 1461/369/218
f 843/255/147 842/257/147 1846/257/147 1847/255/147
f 487/368/220 486/370/220 1490/370/220 1491/368/220
f 791/387/318 790/385/318 1794/385/318 1795/387/318
f 361/77/89 360/87/89 1364/87/89 1365/77/89
f 70/129/319 69/127/319 1073/127/319 1074/129/319
f 803/386/265 802/388/265 1806/388/265 1807/386/265
f 100/128/320 99/130/320 1103/130/320 1104/128/320
f 752/258/321 751/256/321 1755/256/321 1756/258/321
f 458/371/221 457/369/221 1461/369/221 1462/371/221
f 842/257/153 841/259/153 1845/259/153 1846/257/153
f 283/88/232 282/78/232 1286/78/232 1287/88/232
f 486/370/223 485/372/223 1489/372/223 1490/370/223
f 792/389/91 791/387/91 1795/387/91 1796/389/91
f 307/86/234 306/89/234 1310/89/234 1311/86/234
f 71/131/322 70/129/322 1074/129/322 1075/131/322
f 802/388/270 801/390/270 1805/390/270 1806/388/270
f 99/130/323 98/132/323 1102/132/323 1103/130/323
f 753/260/324 752/258/324 1756/258/324 1757/260/324
f 459/373/224 458/371/224 1462/371/224 1463/373/224
f 841/259/3 840/261/3 1844/261/3 1845/259/3
f 313/90/103 312/85/103 1316/85/103 1317/90/103
f 485/372/226 484/374/226 1488/374/226 1489/372/226
f 793/391/325 792/389/325 1796/389/325 1797/391/325
f 72/133/326 71/131/326 1075/131/326 1076/133/326
f 801/390/276 800/392/276 1804/392/276 1805/390/276
f 284/91/242 283/88/242 1287/88/242 1288/91/242
f 484/374/301 483/375/301 1487/375/301 1488/374/301
f 98/132/327 97/134/327 1101/134/327 1102/132/327
f 754/262/11 753/260/11 1757/260/11 1758/262/11
f 306/89/244 305/92/244 1309/92/244 1310/89/244
f 840/261/13 839/263/13 1843/263/13 1844/261/13
f 97/134/301 96/135/301 1100/135/301 1101/134/301
f 794/393/328 793/391/328 1797/391/328 1798/393/328
f 460/376/302 459/373/302 1463/373/302 1464/376/302
f 800/392/281 799/394/281 1803/394/281 1804/392/281
f 285/93/249 284/91/249 1288/91/249 1289/93/249
f 483/375/233 482/377/233 1486/377/233 1487/375/233
f 755/264/21 754/262/21 1758/262/21 1759/264/21
f 305/92/252 304/94/252 1308/94/252 1309/92/252
f 73/136/329 72/133/329 1076/133/329 1077/136/329
f 839/263/23 838/265/23 1842/265/23 1843/263/23
f 96/135/330 95/137/330 1099/137/330 1100/135/330
f 795/395/331 794/393/331 1798/393/331 1799/395/331
f 461/378/304 460/376/304 1464/376/304 1465/378/304
f 799/394/285 798/396/285 1802/396/285 1803/394/285
f 286/95/332 285/93/332 1289/93/332 1290/95/332
f 482/377/240 481/379/240 1485/379/240 1486/377/240
f 756/266/31 755/264/31 1759/264/31 1760/266/31
f 304/94/257 303/96/257 1307/96/257 1308/94/257
f 74/138/237 73/136/237 1077/136/237 1078/138/237
f 838/265/33 837/267/33 1841/267/33 1842/265/33
f 95/137/333 94/139/333 1098/139/333 1099/137/333
f 796/397/334 795/395/334 1799/395/334 1800/397/334
f 462/380/306 461/378/306 1465/378/306 1466/380/306
f 798/396/287 797/398/287 1801/398/287 1802/396/287
f 287/97/335 286/95/335 1290/95/335 1291/97/335
f 797/398/67 796/397/67 1800/397/67 1801/398/67
f 757/268/41 756/266/41 1760/266/41 1761/268/41
f 303/96/260 302/98/260 1306/98/260 1307/96/260
f 463/381/307 462/380/307 1466/380/307 1467/381/307
f 75/140/336 74/138/336 1078/138/336 1079/140/336
f 898/51/53 952/410/53 1956/410/53 1902/51/53
f 837/267/28 836/269/28 1840/269/28 1841/267/28
f 481/379/337 480/382/337 1484/382/337 1485/379/337
f 76/141/338 75/140/338 1079/140/338 1080/141/338
f 288/99/264 287/97/264 1291/97/264 1292/99/264
f 94/139/251 93/142/251 1097/142/251 1098/139/251
f 977/411/339 976/412/339 1980/412/339 1981/411/339
f 758/270/51 757/268/51 1761/268/51 1762/270/51
f 302/98/340 301/100/340 1305/100/340 1306/98/340
f 464/383/311 463/381/311 1467/381/311 1468/383/311
f 836/269/55 835/271/55 1839/271/55 1840/269/55
f 480/382/256 479/384/256 1483/384/256 1484/382/256
f 976/412/341 975/413/341 1979/413/341 1980/412/341
f 77/143/254 76/141/254 1080/141/254 1081/143/254
f 289/101/269 288/99/269 1292/99/269 1293/101/269
f 93/142/342 92/144/342 1096/144/342 1097/142/342
f 975/413/295 974/414/295 1978/414/295 1979/413/295
f 759/272/61 758/270/61 1762/270/61 1763/272/61
f 301/100/343 300/102/343 1304/102/343 1305/100/343
f 465/385/315 464/383/315 1468/383/315 1469/385/315
f 835/271/48 834/273/48 1838/273/48 1839/271/48
f 479/384/259 478/386/259 1482/386/259 1483/384/259
f 974/414/344 973/415/344 1977/415/344 1978/414/344
f 78/145/345 77/143/345 1081/143/345 1082/145/345
f 834/273/52 833/274/52 1837/274/52 1838/273/52
f 290/103/143 289/101/143 1293/101/143 1294/103/143
f 92/144/346 91/146/346 1095/146/346 1096/144/346
f 973/415/183 972/416/183 1976/416/183 1977/415/183
f 300/102/144 299/104/144 1303/104/144 1304/102/144
f 466/387/318 465/385/318 1469/385/318 1470/387/318
f 478/386/265 477/388/265 1481/388/265 1482/386/265
f 972/416/22 971/417/22 1975/417/22 1976/416/22
f 760/275/73 759/272/73 1763/272/73 1764/275/73
f 79/147/347 78/145/347 1082/145/347 1083/147/347
f 291/105/280 290/103/280 1294/103/280 1295/105/280
f 91/146/265 90/148/265 1094/148/265 1095/146/265
f 971/417/173 970/418/173 1974/418/173 1975/417/173
f 761/276/77 760/275/77 1764/275/77 1765/276/77
f 299/104/282 298/106/282 1302/106/282 1303/104/282
f 467/389/91 466/387/91 1470/387/91 1471/389/91
f 833/274/79 832/277/79 1836/277/79 1837/274/79
f 477/388/270 476/390/270 1480/390/270 1481/388/270
f 80/149/268 79/147/268 1083/147/268 1084/149/268
f 899/419/75 898/51/75 1902/51/75 1903/419/75
f 292/107/155 291/105/155 1295/105/155 1296/107/155
f 90/148/270 89/150/270 1093/150/270 1094/148/270
f 762/278/85 761/276/85 1765/276/85 1766/278/85
f 298/106/156 297/108/156 1301/108/156 1302/106/156
f 468/391/325 467/389/325 1471/389/325 1472/391/325
f 900/420/348 899/419/348 1903/419/348 1904/420/348
f 832/277/87 831/279/87 1835/279/87 1836/277/87
f 476/390/276 475/392/276 1479/392/276 1480/390/276
f 81/151/275 80/149/275 1084/149/275 1085/151/275
f 901/421/349 900/420/349 1904/420/349 1905/421/349
f 293/109/161 292/107/161 1296/107/161 1297/109/161
f 89/150/276 88/152/276 1092/152/276 1093/150/276
f 763/280/350 762/278/350 1766/278/350 1767/280/350
f 297/108/351 296/110/351 1300/110/351 1301/108/351
f 469/393/328 468/391/328 1472/391/328 1473/393/328
f 902/422/352 901/421/352 1905/421/352 1906/422/352
f 831/279/96 830/281/96 1834/281/96 1835/279/96
f 475/392/281 474/394/281 1478/394/281 1479/392/281
f 82/153/278 81/151/278 1085/151/278 1086/153/278
f 903/423/353 902/422/353 1906/422/353 1907/423/353
f 294/111/167 293/109/167 1297/109/167 1298/111/167
f 88/152/281 87/154/281 1091/154/281 1092/152/281
f 970/418/169 969/424/169 1973/424/169 1974/418/169
f 764/282/102 763/280/102 1767/280/102 1768/282/102
f 296/110/293 295/112/293 1299/112/293 1300/110/293
f 470/395/331 469/393/331 1473/393/331 1474/395/331
f 830/281/104 829/283/104 1833/283/104 1834/281/104
f 474/394/285 473/396/285 1477/396/285 1478/394/285
f 83/155/284 82/153/284 1086/153/284 1087/155/284
f 904/425/321 903/423/321 1907/423/321 1908/425/321
f 295/112/75 294/111/75 1298/111/75 1299/112/75
f 87/154/354 86/156/354 1090/156/354 1091/154/354
f 765/284/97 764/282/97 1768/282/97 1769/284/97
f 471/397/334 470/395/334 1474/395/334 1475/397/334
f 905/426/355 904/425/355 1908/425/355 1909/426/355
f 829/283/100 828/285/100 1832/285/100 1833/283/100
f 473/396/287 472/398/287 1476/398/287 1477/396/287
f 314/113/356 313/90/356 1317/90/356 1318/113/356
f 472/398/67 471/397/67 1475/397/67 1476/398/67
f 84/157/286 83/155/286 1087/155/286 1088/157/286
f 906/427/357 905/426/357 1909/426/357 1910/427/357
f 360/87/300 359/114/300 1363/114/300 1364/87/300
f 706/2/126 705/1/126 1709/1/126 1710/2/126
f 86/156/287 85/158/287 1089/158/287 1090/156/287
f 766/286/105 765/284/105 1769/284/105 1770/286/105
f 85/158/67 84/157/67 1088/157/67 1089/158/67
f 907/428/358 906/427/358 1910/427/358 1911/428/358
f 828/285/117 827/287/117 1831/287/117 1832/285/117
f 707/3/75 706/2/75 1710/2/75 1711/3/75
f 167/160/53 166/159/53 1170/159/53 1171/160/53
f 315/115/180 314/113/180 1318/113/180 1319/115/180
f 908/429/359 907/428/359 1911/428/359 1912/429/359
f 359/114/182 358/116/182 1362/116/182 1363/114/182
f 708/4/131 707/3/131 1711/3/131 1712/4/131
f 168/47/75 167/160/75 1171/160/75 1172/47/75
f 767/288/111 766/286/111 1770/286/111 1771/288/111
f 909/430/360 908/429/360 1912/429/360 1913/430/360
f 827/287/122 826/289/122 1830/289/122 1831/287/122
f 709/5/133 708/4/133 1712/4/133 1713/5/133
f 316/117/186 315/115/186 1319/115/186 1320/117/186
f 705/1/134 704/6/134 1708/6/134 1709/1/134
f 910/431/361 909/430/361 1913/430/361 1914/431/361
f 358/116/362 357/118/362 1361/118/362 1362/116/362
f 159/51/363 168/47/363 1172/47/363 1163/51/363
f 768/290/118 767/288/118 1771/288/118 1772/290/118
f 160/162/53 159/51/53 1163/51/53 1164/162/53
f 911/432/364 910/431/364 1914/431/364 1915/432/364
f 826/289/119 825/291/119 1829/291/119 1830/289/119
f 710/7/139 709/5/139 1713/5/139 1714/7/139
f 317/119/191 316/117/191 1320/117/191 1321/119/191
f 704/6/141 703/8/141 1707/8/141 1708/6/141
f 161/163/75 160/162/75 1164/162/75 1165/163/75
f 912/433/365 911/432/365 1915/432/365 1916/433/365
f 357/118/366 356/120/366 1360/120/366 1361/118/366
f 969/424/367 968/434/367 1972/434/367 1973/424/367
f 769/292/368 768/290/368 1772/290/368 1773/292/368
f 162/164/59 161/163/59 1165/163/59 1166/164/59
f 825/291/124 824/293/124 1828/293/124 1829/291/124
f 711/9/145 710/7/145 1714/7/145 1715/9/145
f 166/159/67 165/165/67 1169/165/67 1170/159/67
f 318/121/195 317/119/195 1321/119/195 1322/121/195
f 703/8/147 702/10/147 1706/10/147 1707/8/147
f 165/165/59 164/161/59 1168/161/59 1169/165/59
f 913/435/369 912/433/369 1916/433/369 1917/435/369
f 356/120/196 355/122/196 1359/122/196 1360/120/196
f 164/161/370 163/166/370 1167/166/370 1168/161/370
f 770/294/138 769/292/138 1773/292/138 1774/294/138
f 914/436/371 913/435/371 1917/435/371 1918/436/371
f 824/293/129 823/295/129 1827/295/129 1828/293/129
f 712/11/372 711/9/372 1715/9/372 1716/11/372
f 163/166/67 162/164/67 1166/164/67 1167/166/67
f 319/123/200 318/121/200 1322/121/200 1323/123/200
f 702/10/153 701/12/153 1705/12/153 1706/10/153
f 169/51/126 224/167/126 1228/167/126 1173/51/126
f 915/437/373 914/436/373 1918/436/373 1919/437/373
f 355/122/309 354/124/309 1358/124/309 1359/122/309
f 170/168/75 169/51/75 1173/51/75 1174/168/75
f 916/438/374 915/437/374 1919/437/374 1920/438/374
f 713/13/157 712/11/157 1716/11/157 1717/13/157
f 771/297/148 770/294/148 1774/294/148 1775/297/148
f 320/125/312 319/123/312 1323/123/312 1324/125/312
f 701/12/3 700/14/3 1704/14/3 1705/12/3
f 171/169/131 170/168/131 1174/168/131 1175/169/131
f 917/439/375 916/438/375 1920/438/375 1921/439/375
f 823/295/376 822/298/376 1826/298/376 1827/295/376
f 354/124/313 353/126/313 1357/126/313 1358/124/313
f 172/170/133 171/169/133 1175/169/133 1176/170/133
f 918/440/377 917/439/377 1921/439/377 1922/440/377
f 714/15/378 713/13/378 1717/13/378 1718/15/378
f 224/167/134 223/171/134 1227/171/134 1228/167/134
f 874/299/146 873/300/146 1877/300/146 1878/299/146
f 321/127/316 320/125/316 1324/125/316 1325/127/316
f 700/14/13 699/16/13 1703/16/13 1704/14/13
f 919/441/379 918/440/379 1922/440/379 1923/441/379
f 353/126/291 352/128/291 1356/128/291 1357/126/291
f 968/434/146 967/442/146 1971/442/146 1972/434/146
f 873/300/67 872/296/67 1876/296/67 1877/300/67
f 173/172/139 172/170/139 1176/170/139 1177/172/139
f 872/296/380 871/301/380 1875/301/380 1876/296/380
f 715/17/4 714/15/4 1718/15/4 1719/17/4
f 223/171/141 222/173/141 1226/173/141 1227/171/141
f 322/129/319 321/127/319 1325/127/319 1326/129/319
f 699/16/23 698/18/23 1702/18/23 1703/16/23
f 920/443/381 919/441/381 1923/441/381 1924/443/381
f 352/128/320 351/130/320 1355/130/320 1356/128/320
f 875/302/367 874/299/367 1878/299/367 1879/302/367
f 174/174/145 173/172/145 1177/172/145 1178/174/145
f 921/444/382 920/443/382 1924/443/382 1925/444/382
f 871/301/165 870/303/165 1874/303/165 1875/301/165
f 716/19/14 715/17/14 1719/17/14 1720/19/14
f 222/173/383 221/175/383 1225/175/383 1226/173/383
f 323/131/221 322/129/221 1326/129/221 1327/131/221
f 698/18/33 697/20/33 1701/20/33 1702/18/33
f 922/445/384 921/444/384 1925/444/384 1926/445/384
f 351/130/385 350/132/385 1354/132/385 1355/130/385
f 967/442/67 966/446/67 1970/446/67 1971/442/67
f 876/304/169 875/302/169 1879/302/169 1880/304/169
f 175/176/372 174/174/372 1178/174/372 1179/176/372
f 870/303/170 869/305/170 1873/305/170 1874/303/170
f 717/21/386 716/19/386 1720/19/386 1721/21/386
f 221/175/387 220/177/387 1224/177/387 1225/175/387
f 966/446/135 965/447/135 1969/447/135 1970/446/135
f 324/133/224 323/131/224 1327/131/224 1328/133/224
f 697/20/43 696/22/43 1700/22/43 1701/20/43
f 350/132/226 349/134/226 1353/134/226 1354/132/226
f 877/306/173 876/304/173 1880/304/173 1881/306/173
f 176/178/157 175/176/157 1179/176/157 1180/178/157
f 923/448/388 922/445/388 1926/445/388 1927/448/388
f 869/305/389 868/307/389 1872/307/389 1873/305/389
f 349/134/301 348/135/301 1352/135/301 1353/134/301
f 718/23/34 717/21/34 1721/21/34 1722/23/34
f 220/177/3 219/179/3 1223/179/3 1224/177/3
f 965/447/390 964/449/390 1968/449/390 1969/447/390
f 696/22/55 695/24/55 1699/24/55 1700/22/55
f 964/449/391 963/450/391 1967/450/391 1968/449/391
f 878/308/22 877/306/22 1881/306/22 1882/308/22
f 325/136/329 324/133/329 1328/133/329 1329/136/329
f 177/180/392 176/178/392 1180/178/392 1181/180/392
f 868/307/393 867/309/393 1871/309/393 1872/307/393
f 348/135/330 347/137/330 1351/137/330 1352/135/330
f 719/25/394 718/23/394 1722/23/394 1723/25/394
f 219/179/395 218/181/395 1222/181/395 1223/179/395
f 963/450/396 962/451/396 1966/451/396 1967/450/396
f 695/24/48 694/26/48 1698/26/48 1699/24/48
f 962/451/172 961/452/172 1965/452/172 1966/451/172
f 879/310/183 878/308/183 1882/308/183 1883/310/183
f 326/138/237 325/136/237 1329/136/237 1330/138/237
f 694/26/52 693/27/52 1697/27/52 1698/26/52
f 178/182/397 177/180/397 1181/180/397 1182/182/397
f 867/309/398 866/311/398 1870/311/398 1871/309/398
f 347/137/333 346/139/333 1350/139/333 1351/137/333
f 218/181/23 217/183/23 1221/183/23 1222/181/23
f 961/452/399 960/453/399 1964/453/399 1965/452/399
f 720/28/73 719/25/73 1723/25/73 1724/28/73
f 960/453/400 959/454/400 1963/454/400 1964/453/400
f 880/312/344 879/310/344 1883/310/344 1884/312/344
f 327/140/245 326/138/245 1330/138/245 1331/140/245
f 179/184/401 178/182/401 1182/182/401 1183/184/401
f 866/311/402 865/313/402 1869/313/402 1870/311/402
f 721/29/77 720/28/77 1724/28/77 1725/29/77
f 217/183/403 216/185/403 1220/185/403 1221/183/403
f 959/454/297 958/455/297 1962/455/297 1963/454/297
f 328/141/248 327/140/248 1331/140/248 1332/141/248
f 693/27/79 692/30/79 1696/30/79 1697/27/79
f 346/139/251 345/142/251 1349/142/251 1350/139/251
f 958/455/404 957/456/404 1961/456/404 1962/455/404
f 881/314/295 880/312/295 1884/312/295 1885/314/295
f 180/186/386 179/184/386 1183/184/386 1184/186/386
f 865/313/405 864/315/405 1868/315/405 1869/313/405
f 722/31/85 721/29/85 1725/29/85 1726/31/85
f 216/185/28 215/187/28 1219/187/28 1220/185/28
f 957/456/406 956/457/406 1960/457/406 1961/456/406
f 329/143/254 328/141/254 1332/141/254 1333/143/254
f 692/30/407 691/32/407 1695/32/407 1696/30/407
f 345/142/342 344/144/342 1348/144/342 1349/142/342
f 882/316/341 881/314/341 1885/314/341 1886/316/341
f 181/188/34 180/186/34 1184/186/34 1185/188/34
f 978/458/210 977/411/210 1981/411/210 1982/458/210
f 864/315/408 863/317/408 1867/317/408 1868/315/408
f 723/33/350 722/31/350 1726/31/350 1727/33/350
f 215/187/38 214/189/38 1218/189/38 1219/187/38
f 956/457/201 955/459/201 1959/459/201 1960/457/201
f 330/145/345 329/143/345 1333/143/345 1334/145/345
f 691/32/83 690/34/83 1694/34/83 1695/32/83
f 344/144/259 343/146/259 1347/146/259 1348/144/259
f 883/318/339 882/316/339 1886/316/339 1887/318/339
f 182/190/44 181/188/44 1185/188/44 1186/190/44
f 979/460/409 978/458/409 1982/458/409 1983/460/409
f 863/317/410 862/319/410 1866/319/410 1867/317/410
f 724/35/102 723/33/102 1727/33/102 1728/35/102
f 214/189/48 213/191/48 1217/191/48 1218/189/48
f 955/459/49 954/461/49 1958/461/49 1959/459/49
f 331/147/347 330/145/347 1334/145/347 1335/147/347
f 690/34/104 689/36/104 1693/36/104 1694/34/104
f 343/146/411 342/148/411 1346/148/411 1347/146/411
f 213/191/52 212/192/52 1216/192/52 1217/191/52
f 884/320/198 883/318/198 1887/318/198 1888/320/198
f 980/462/59 979/460/59 1983/460/59 1984/462/59
f 862/319/211 861/321/211 1865/321/211 1866/319/211
f 725/37/97 724/35/97 1728/35/97 1729/37/97
f 954/461/53 953/463/53 1957/463/53 1958/461/53
f 332/149/268 331/147/268 1335/147/268 1336/149/268
f 689/36/100 688/38/100 1692/38/100 1693/36/100
f 183/193/73 182/190/73 1186/190/73 1187/193/73
f 342/148/270 341/150/270 1345/150/270 1346/148/270
f 885/322/45 884/320/45 1888/320/45 1889/322/45
f 184/194/77 183/193/77 1187/193/77 1188/194/77
f 924/464/59 923/448/59 1927/448/59 1928/464/59
f 861/321/216 860/323/216 1864/323/216 1865/321/216
f 726/39/105 725/37/105 1729/37/105 1730/39/105
f 212/192/412 211/195/412 1215/195/412 1216/192/412
f 333/151/275 332/149/275 1336/149/275 1337/151/275
f 688/38/117 687/40/117 1691/40/117 1692/38/117
f 981/465/413 980/462/413 1984/462/413 1985/465/413
f 822/298/53 821/324/53 1825/324/53 1826/298/53
f 341/150/276 340/152/276 1344/152/276 1345/150/276
f 953/463/98 1004/47/98 2008/47/98 1957/463/98
f 185/196/414 184/194/414 1188/194/414 1189/196/414
f 727/41/111 726/39/111 1730/39/111 1731/41/111
f 211/195/407 210/197/407 1214/197/407 1215/195/407
f 886/325/59 885/322/59 1889/322/59 1890/325/59
f 334/153/278 333/151/278 1337/151/278 1338/153/278
f 687/40/122 686/42/122 1690/42/122 1691/40/122
f 925/466/415 924/464/415 1928/464/415 1929/466/415
f 860/323/53 859/326/53 1863/326/53 1864/323/53
f 340/152/281 339/154/281 1343/154/281 1344/152/281
f 186/198/80 185/196/80 1189/196/80 1190/198/80
f 982/467/238 981/465/238 1985/465/238 1986/467/238
f 728/43/118 727/41/118 1731/41/118 1732/43/118
f 210/197/416 209/199/416 1213/199/416 1214/197/416
f 1004/47/417 1003/468/417 2007/468/417 2008/47/417
f 772/327/59 771/297/59 1775/297/59 1776/327/59
f 335/155/284 334/153/284 1338/153/284 1339/155/284
f 686/42/119 685/44/119 1689/44/119 1690/42/119
f 821/324/227 820/328/227 1824/328/227 1825/324/227
f 339/154/285 338/156/285 1342/156/285 1343/154/285
f 187/200/418 186/198/418 1190/198/418 1191/200/418
f 983/469/199 982/467/199 1986/467/199 1987/469/199
f 729/45/123 728/43/123 1732/43/123 1733/45/123
f 209/199/419 208/201/419 1212/201/419 1213/199/419
f 1003/468/420 1002/470/420 2006/470/420 2007/468/420
f 887/329/95 886/325/95 1890/325/95 1891/329/95
f 336/157/286 335/155/286 1339/155/286 1340/157/286
f 685/44/124 684/46/124 1688/46/124 1689/44/124
f 859/326/421 858/330/421 1862/330/421 1863/326/421
f 338/156/287 337/158/287 1341/158/287 1342/156/287
f 337/158/67 336/157/67 1340/157/67 1341/158/67
f 188/202/97 187/200/97 1191/200/97 1192/202/97
f 984/471/206 983/469/206 1987/469/206 1988/471/206
f 419/160/53 418/159/53 1422/159/53 1423/160/53
f 730/47/138 729/45/138 1733/45/138 1734/47/138
f 208/201/100 207/203/100 1211/203/100 1212/201/100
f 1002/470/422 1001/472/422 2005/472/422 2006/470/422
f 773/331/103 772/327/103 1776/327/103 1777/331/103
f 684/46/423 683/48/423 1687/48/423 1688/46/423
f 420/47/75 419/160/75 1423/160/75 1424/47/75
f 888/332/424 887/329/424 1891/329/424 1892/332/424
f 189/204/425 188/202/425 1192/202/425 1193/204/425
f 985/473/212 984/471/212 1988/471/212 1989/473/212
f 858/330/241 857/333/241 1861/333/241 1862/330/241
f 207/203/117 206/205/117 1210/205/117 1211/203/117
f 1001/472/260 1000/474/260 2004/474/260 2005/472/260
f 588/49/135 587/50/135 1591/50/135 1592/49/135
f 411/51/363 420/47/363 1424/47/363 1415/51/363
f 412/162/53 411/51/53 1415/51/53 1416/162/53
f 190/206/111 189/204/111 1193/204/111 1194/206/111
f 986/475/217 985/473/217 1989/473/217 1990/475/217
f 573/51/426 730/47/426 1734/47/426 1577/51/426
f 206/205/427 205/207/427 1209/207/427 1210/205/427
f 1000/474/428 999/476/428 2003/476/428 2004/474/428
f 413/163/75 412/162/75 1416/162/75 1417/163/75
f 683/48/376 682/52/376 1686/52/376 1687/48/376
f 134/2/126 133/1/126 1137/1/126 1138/2/126
f 414/164/59 413/163/59 1417/163/59 1418/164/59
f 191/208/118 190/206/118 1194/206/118 1195/208/118
f 987/477/136 986/475/136 1990/475/136 1991/477/136
f 418/159/67 417/165/67 1421/165/67 1422/159/67
f 135/3/75 134/2/75 1138/2/75 1139/3/75
f 590/53/146 589/54/146 1593/54/146 1594/53/146
f 205/207/429 204/209/429 1208/209/429 1209/207/429
f 999/476/137 998/478/137 2002/478/137 2003/476/137
f 417/165/59 416/161/59 1420/161/59 1421/165/59
f 416/161/370 415/166/370 1419/166/370 1420/161/370
f 136/4/131 135/3/131 1139/3/131 1140/4/131
f 589/54/67 588/49/67 1592/49/67 1593/54/67
f 192/210/123 191/208/123 1195/208/123 1196/210/123
f 988/479/143 987/477/143 1991/477/143 1992/479/143
f 415/166/67 414/164/67 1418/164/67 1419/166/67
f 137/5/133 136/4/133 1140/4/133 1141/5/133
f 591/55/163 590/53/163 1594/53/163 1595/55/163
f 204/209/430 203/211/430 1207/211/430 1208/209/430
f 998/478/144 997/480/144 2001/480/144 2002/478/144
f 421/51/126 520/249/126 1524/249/126 1425/51/126
f 133/1/134 132/6/134 1136/6/134 1137/1/134
f 587/50/154 586/56/154 1590/56/154 1591/50/154
f 422/250/75 421/51/75 1425/51/75 1426/250/75
f 193/212/246 192/210/246 1196/210/246 1197/212/246
f 989/481/149 988/479/149 1992/479/149 1993/481/149
f 138/7/139 137/5/139 1141/5/139 1142/7/139
f 592/57/431 591/55/431 1595/55/431 1596/57/431
f 203/211/129 202/213/129 1206/213/129 1207/211/129
f 997/480/150 996/482/150 2000/482/150 2001/480/150
f 423/251/308 422/250/308 1426/250/308 1427/251/308
f 132/6/141 131/8/141 1135/8/141 1136/6/141
f 586/56/432 585/58/432 1589/58/432 1590/56/432
f 424/252/310 423/251/310 1427/251/310 1428/252/310
f 990/483/235 989/481/235 1993/481/235 1994/483/235
f 520/249/134 519/253/134 1523/253/134 1524/249/134
f 139/9/145 138/7/145 1142/7/145 1143/9/145
f 593/59/173 592/57/173 1596/57/173 1597/59/173
f 239/214/135 238/215/135 1242/215/135 1243/214/135
f 996/482/433 995/484/433 1999/484/433 2000/482/433
f 131/8/147 130/10/147 1134/10/147 1135/8/147
f 585/58/396 584/60/396 1588/60/396 1589/58/396
f 425/254/314 424/252/314 1428/252/314 1429/254/314
f 194/216/434 193/212/434 1197/212/434 1198/216/434
f 991/485/435 990/483/435 1994/483/435 1995/485/435
f 519/253/141 518/255/141 1522/255/141 1523/253/141
f 140/11/151 139/9/151 1143/9/151 1144/11/151
f 594/61/22 593/59/22 1597/59/22 1598/61/22
f 202/213/142 201/217/142 1205/217/142 1206/213/142
f 995/484/436 994/486/436 1998/486/436 1999/484/436
f 130/10/153 129/12/153 1133/12/153 1134/10/153
f 584/60/172 583/62/172 1587/62/172 1588/60/172
f 426/256/317 425/254/317 1429/254/317 1430/256/317
f 241/218/146 240/219/146 1244/219/146 1245/218/146
f 992/487/167 991/485/167 1995/485/167 1996/487/167
f 518/255/147 517/257/147 1521/257/147 1522/255/147
f 141/13/157 140/11/157 1144/11/157 1145/13/157
f 595/63/183 594/61/183 1598/61/183 1599/63/183
f 994/486/168 993/488/168 1997/488/168 1998/486/168
f 129/12/3 128/14/3 1132/14/3 1133/12/3
f 583/62/399 582/64/399 1586/64/399 1587/62/399
f 240/219/67 239/214/67 1243/214/67 1244/219/67
f 427/258/321 426/256/321 1430/256/321 1431/258/321
f 242/220/163 241/218/163 1245/218/163 1246/220/163
f 517/257/153 516/259/153 1520/259/153 1521/257/153
f 142/15/164 141/13/164 1145/13/164 1146/15/164
f 596/65/189 595/63/189 1599/63/189 1600/65/189
f 238/215/437 237/221/437 1241/221/437 1242/215/437
f 128/14/395 127/16/395 1131/16/395 1132/14/395
f 582/64/438 581/66/438 1585/66/438 1586/64/438
f 993/488/75 992/487/75 1996/487/75 1997/488/75
f 428/260/324 427/258/324 1431/258/324 1432/260/324
f 243/222/431 242/220/431 1246/220/431 1247/222/431
