# Blender 4.4.3
# www.blender.org
mtllib POLYGONGANG.mtl
o Text
v -3.769956 0.484570 0.000002
v -3.769956 0.437865 0.000002
v -3.659031 0.437865 0.000002
v -3.659031 0.484570 0.000002
v -3.658990 0.485503 0.000002
v -3.658869 0.486354 0.000002
v -3.658666 0.487125 0.000002
v -3.658382 0.487814 0.000002
v -3.658017 0.488422 0.000002
v -3.657572 0.488949 0.000002
v -3.657045 0.489395 0.000002
v -3.656437 0.489760 0.000002
v -3.655748 0.490044 0.000002
v -3.654978 0.490247 0.000002
v -3.654126 0.490368 0.000002
v -3.653193 0.490409 0.000002
v -3.285386 0.490409 0.000002
v -3.284454 0.490368 0.000002
v -3.283602 0.490247 0.000002
v -3.282832 0.490044 0.000002
v -3.282143 0.489760 0.000002
v -3.281535 0.489395 0.000002
v -3.281008 0.488949 0.000002
v -3.280563 0.488422 0.000002
v -3.280198 0.487814 0.000002
v -3.279914 0.487125 0.000002
v -3.279711 0.486354 0.000002
v -3.279590 0.485503 0.000002
v -3.279548 0.484570 0.000002
v -3.279548 0.115930 0.000002
v -3.279588 0.114997 0.000002
v -3.279710 0.114146 0.000002
v -3.279913 0.113376 0.000002
v -3.280196 0.112686 0.000002
v -3.280561 0.112078 0.000002
v -3.281007 0.111551 0.000002
v -3.281534 0.111105 0.000002
v -3.282142 0.110740 0.000002
v -3.282831 0.110457 0.000002
v -3.283601 0.110254 0.000002
v -3.284452 0.110132 0.000002
v -3.285386 0.110092 0.000002
v -3.653193 0.110092 0.000002
v -3.654125 0.110132 0.000002
v -3.654976 0.110254 0.000002
v -3.655746 0.110457 0.000002
v -3.656435 0.110740 0.000002
v -3.657043 0.111105 0.000002
v -3.657570 0.111551 0.000002
v -3.658016 0.112078 0.000002
v -3.658381 0.112686 0.000002
v -3.658664 0.113376 0.000002
v -3.658867 0.114146 0.000002
v -3.658989 0.114997 0.000002
v -3.659031 0.115930 0.000002
v -3.659031 0.229358 0.000002
v -3.523084 0.229358 0.000002
v -3.523084 0.339450 0.000002
v -3.769956 0.339450 0.000002
v -3.769956 0.115930 0.000002
v -3.769719 0.107969 0.000002
v -3.769006 0.100211 0.000002
v -3.767819 0.092655 0.000002
v -3.766157 0.085303 0.000002
v -3.764020 0.078153 0.000002
v -3.761408 0.071205 0.000002
v -3.758321 0.064461 0.000002
v -3.754759 0.057919 0.000002
v -3.750722 0.051579 0.000002
v -3.746210 0.045443 0.000002
v -3.741223 0.039509 0.000002
v -3.735761 0.033778 0.000002
v -3.729964 0.028383 0.000002
v -3.723970 0.023457 0.000002
v -3.717778 0.019000 0.000002
v -3.711390 0.015013 0.000002
v -3.704805 0.011494 0.000002
v -3.698023 0.008445 0.000002
v -3.691044 0.005864 0.000002
v -3.683868 0.003753 0.000002
v -3.676495 0.002111 0.000002
v -3.668926 0.000938 0.000002
v -3.661159 0.000235 0.000002
v -3.653193 0.000000 0.000002
v -3.285386 0.000000 0.000002
v -3.277425 0.000235 0.000002
v -3.269667 0.000938 0.000002
v -3.262111 0.002111 0.000002
v -3.254759 0.003753 0.000002
v -3.247608 0.005864 0.000002
v -3.240661 0.008445 0.000002
v -3.233917 0.011494 0.000002
v -3.227375 0.015013 0.000002
v -3.221036 0.019000 0.000002
v -3.214899 0.023457 0.000002
v -3.208966 0.028383 0.000002
v -3.203234 0.033778 0.000002
v -3.197839 0.039509 0.000002
v -3.192913 0.045443 0.000002
v -3.188456 0.051579 0.000002
v -3.184468 0.057919 0.000002
v -3.180949 0.064461 0.000002
v -3.177900 0.071205 0.000002
v -3.175320 0.078153 0.000002
v -3.173209 0.085303 0.000002
v -3.171567 0.092655 0.000002
v -3.170394 0.100211 0.000002
v -3.169690 0.107969 0.000002
v -3.169456 0.115930 0.000002
v -3.169456 0.484570 0.000002
v -3.169691 0.492531 0.000002
v -3.170395 0.500290 0.000002
v -3.171568 0.507845 0.000002
v -3.173209 0.515198 0.000002
v -3.175320 0.522348 0.000002
v -3.177901 0.529295 0.000002
v -3.180950 0.536040 0.000002
v -3.184469 0.542582 0.000002
v -3.188456 0.548921 0.000002
v -3.192913 0.555057 0.000002
v -3.197839 0.560991 0.000002
v -3.203234 0.566722 0.000002
v -3.208966 0.572117 0.000002
v -3.214899 0.577043 0.000002
v -3.221036 0.581500 0.000002
v -3.227375 0.585488 0.000002
v -3.233917 0.589006 0.000002
v -3.240661 0.592056 0.000002
v -3.247608 0.594636 0.000002
v -3.254759 0.596747 0.000002
v -3.262111 0.598389 0.000002
v -3.269667 0.599562 0.000002
v -3.277425 0.600266 0.000002
v -3.285386 0.600500 0.000002
v -3.653193 0.600500 0.000002
v -3.661156 0.600266 0.000002
v -3.668923 0.599562 0.000002
v -3.676493 0.598389 0.000002
v -3.683866 0.596747 0.000002
v -3.691042 0.594636 0.000002
v -3.698021 0.592056 0.000002
v -3.704803 0.589006 0.000002
v -3.711388 0.585488 0.000002
v -3.717776 0.581500 0.000002
v -3.723967 0.577043 0.000002
v -3.729962 0.572117 0.000002
v -3.735761 0.566722 0.000002
v -3.741223 0.560991 0.000002
v -3.746210 0.555057 0.000002
v -3.750722 0.548921 0.000002
v -3.754759 0.542582 0.000002
v -3.758321 0.536040 0.000002
v -3.761408 0.529295 0.000002
v -3.764020 0.522348 0.000002
v -3.766157 0.515198 0.000002
v -3.767819 0.507845 0.000002
v -3.769006 0.500290 0.000002
v -3.769719 0.492531 0.000002
v -2.965119 0.160133 0.000002
v -2.965119 0.600500 0.000002
v -3.076045 0.600500 0.000002
v -3.076045 0.000000 0.000002
v -2.955945 0.000000 0.000002
v -2.585636 0.440367 0.000002
v -2.585636 0.000000 0.000002
v -2.475545 0.000000 0.000002
v -2.475545 0.600500 0.000002
v -2.595645 0.600500 0.000002
v -1.895895 0.600500 0.000002
v -2.263702 0.600500 0.000002
v -2.271665 0.600266 0.000002
v -2.279432 0.599562 0.000002
v -2.287002 0.598389 0.000002
v -2.294375 0.596747 0.000002
v -2.301551 0.594636 0.000002
v -2.308530 0.592056 0.000002
v -2.315312 0.589006 0.000002
v -2.321897 0.585488 0.000002
v -2.328285 0.581500 0.000002
v -2.334476 0.577043 0.000002
v -2.340471 0.572117 0.000002
v -2.346270 0.566722 0.000002
v -2.351732 0.560991 0.000002
v -2.356719 0.555057 0.000002
v -2.361231 0.548921 0.000002
v -2.365268 0.542582 0.000002
v -2.368829 0.536040 0.000002
v -2.371917 0.529295 0.000002
v -2.374529 0.522348 0.000002
v -2.376666 0.515198 0.000002
v -2.378328 0.507845 0.000002
v -2.379515 0.500290 0.000002
v -2.380228 0.492531 0.000002
v -2.380466 0.484570 0.000002
v -2.380466 0.000000 0.000002
v -2.269540 0.000000 0.000002
v -2.269540 0.201835 0.000002
v -1.890057 0.201835 0.000002
v -1.890057 0.000000 0.000002
v -1.779965 0.000000 0.000002
v -1.779965 0.484570 0.000002
v -1.780200 0.492531 0.000002
v -1.780904 0.500290 0.000002
v -1.782077 0.507845 0.000002
v -1.783719 0.515198 0.000002
v -1.785830 0.522348 0.000002
v -1.788410 0.529295 0.000002
v -1.791459 0.536040 0.000002
v -1.794978 0.542582 0.000002
v -1.798966 0.548921 0.000002
v -1.803423 0.555057 0.000002
v -1.808348 0.560991 0.000002
v -1.813743 0.566722 0.000002
v -1.819474 0.572117 0.000002
v -1.825408 0.577043 0.000002
v -1.831545 0.581500 0.000002
v -1.837884 0.585488 0.000002
v -1.844425 0.589006 0.000002
v -1.851170 0.592056 0.000002
v -1.858117 0.594636 0.000002
v -1.865268 0.596747 0.000002
v -1.872620 0.598389 0.000002
v -1.880176 0.599562 0.000002
v -1.887934 0.600266 0.000002
v -1.890057 0.311927 0.000002
v -2.269540 0.311927 0.000002
v -2.269540 0.484570 0.000002
v -2.269499 0.485503 0.000002
v -2.269377 0.486354 0.000002
v -2.269175 0.487125 0.000002
v -2.268891 0.487814 0.000002
v -2.268526 0.488422 0.000002
v -2.268080 0.488949 0.000002
v -2.267554 0.489395 0.000002
v -2.266946 0.489760 0.000002
v -2.266257 0.490044 0.000002
v -2.265486 0.490247 0.000002
v -2.264635 0.490368 0.000002
v -2.263702 0.490409 0.000002
v -1.895895 0.490409 0.000002
v -1.894963 0.490368 0.000002
v -1.894111 0.490247 0.000002
v -1.893340 0.490044 0.000002
v -1.892651 0.489760 0.000002
v -1.892043 0.489395 0.000002
v -1.891516 0.488949 0.000002
v -1.891071 0.488422 0.000002
v -1.890706 0.487814 0.000002
v -1.890422 0.487125 0.000002
v -1.890219 0.486354 0.000002
v -1.890098 0.485503 0.000002
v -1.890057 0.484570 0.000002
v -1.686554 0.484570 0.000002
v -1.686554 0.437865 0.000002
v -1.575628 0.437865 0.000002
v -1.575628 0.484570 0.000002
v -1.575588 0.485503 0.000002
v -1.575466 0.486354 0.000002
v -1.575263 0.487125 0.000002
v -1.574980 0.487814 0.000002
v -1.574615 0.488422 0.000002
v -1.574169 0.488949 0.000002
v -1.573642 0.489395 0.000002
v -1.573034 0.489760 0.000002
v -1.572345 0.490044 0.000002
v -1.571575 0.490247 0.000002
v -1.570724 0.490368 0.000002
v -1.569790 0.490409 0.000002
v -1.201983 0.490409 0.000002
v -1.201051 0.490368 0.000002
v -1.200200 0.490247 0.000002
v -1.199430 0.490044 0.000002
v -1.198741 0.489760 0.000002
v -1.198133 0.489395 0.000002
v -1.197606 0.488949 0.000002
v -1.197160 0.488422 0.000002
v -1.196795 0.487814 0.000002
v -1.196512 0.487125 0.000002
v -1.196309 0.486354 0.000002
v -1.196187 0.485503 0.000002
v -1.196145 0.484570 0.000002
v -1.196145 0.115930 0.000002
v -1.196186 0.114997 0.000002
v -1.196307 0.114146 0.000002
v -1.196510 0.113376 0.000002
v -1.196794 0.112686 0.000002
v -1.197159 0.112078 0.000002
v -1.197604 0.111551 0.000002
v -1.198131 0.111105 0.000002
v -1.198739 0.110740 0.000002
v -1.199428 0.110457 0.000002
v -1.200198 0.110254 0.000002
v -1.201050 0.110132 0.000002
v -1.201983 0.110092 0.000002
v -1.569790 0.110092 0.000002
v -1.570722 0.110132 0.000002
v -1.571573 0.110254 0.000002
v -1.572344 0.110457 0.000002
v -1.573033 0.110740 0.000002
v -1.573641 0.111105 0.000002
v -1.574167 0.111551 0.000002
v -1.574613 0.112078 0.000002
v -1.574978 0.112686 0.000002
v -1.575262 0.113376 0.000002
v -1.575464 0.114146 0.000002
v -1.575586 0.114997 0.000002
v -1.575628 0.115930 0.000002
v -1.575628 0.229358 0.000002
v -1.439681 0.229358 0.000002
v -1.439681 0.339450 0.000002
v -1.686554 0.339450 0.000002
v -1.686554 0.115930 0.000002
v -1.686316 0.107969 0.000002
v -1.685604 0.100211 0.000002
v -1.684417 0.092655 0.000002
v -1.682754 0.085303 0.000002
v -1.680617 0.078153 0.000002
v -1.678005 0.071205 0.000002
v -1.674918 0.064461 0.000002
v -1.671356 0.057919 0.000002
v -1.667319 0.051579 0.000002
v -1.662807 0.045443 0.000002
v -1.657820 0.039509 0.000002
v -1.652359 0.033778 0.000002
v -1.646561 0.028383 0.000002
v -1.640567 0.023457 0.000002
v -1.634376 0.019000 0.000002
v -1.627988 0.015013 0.000002
v -1.621403 0.011494 0.000002
v -1.614620 0.008445 0.000002
v -1.607641 0.005864 0.000002
v -1.600466 0.003753 0.000002
v -1.593093 0.002111 0.000002
v -1.585523 0.000938 0.000002
v -1.577756 0.000235 0.000002
v -1.569790 0.000000 0.000002
v -1.201983 0.000000 0.000002
v -1.194022 0.000235 0.000002
v -1.186264 0.000938 0.000002
v -1.178709 0.002111 0.000002
v -1.171356 0.003753 0.000002
v -1.164206 0.005864 0.000002
v -1.157258 0.008445 0.000002
v -1.150514 0.011494 0.000002
v -1.143972 0.015013 0.000002
v -1.137633 0.019000 0.000002
v -1.131497 0.023457 0.000002
v -1.125563 0.028383 0.000002
v -1.119832 0.033778 0.000002
v -1.114436 0.039509 0.000002
v -1.109510 0.045443 0.000002
v -1.105053 0.051579 0.000002
v -1.101065 0.057919 0.000002
v -1.097547 0.064461 0.000002
v -1.094497 0.071205 0.000002
v -1.091917 0.078153 0.000002
v -1.089806 0.085303 0.000002
v -1.088165 0.092655 0.000002
v -1.086992 0.100211 0.000002
v -1.086288 0.107969 0.000002
v -1.086054 0.115930 0.000002
v -1.086054 0.484570 0.000002
v -1.086288 0.492531 0.000002
v -1.086992 0.500290 0.000002
v -1.088165 0.507845 0.000002
v -1.089807 0.515198 0.000002
v -1.091918 0.522348 0.000002
v -1.094498 0.529295 0.000002
v -1.097547 0.536040 0.000002
v -1.101066 0.542582 0.000002
v -1.105054 0.548921 0.000002
v -1.109511 0.555057 0.000002
v -1.114437 0.560991 0.000002
v -1.119832 0.566722 0.000002
v -1.125563 0.572117 0.000002
v -1.131497 0.577043 0.000002
v -1.137633 0.581500 0.000002
v -1.143972 0.585488 0.000002
v -1.150514 0.589006 0.000002
v -1.157258 0.592056 0.000002
v -1.164206 0.594636 0.000002
v -1.171356 0.596747 0.000002
v -1.178709 0.598389 0.000002
v -1.186264 0.599562 0.000002
v -1.194022 0.600266 0.000002
v -1.201983 0.600500 0.000002
v -1.569790 0.600500 0.000002
v -1.577754 0.600266 0.000002
v -1.585521 0.599562 0.000002
v -1.593090 0.598389 0.000002
v -1.600463 0.596747 0.000002
v -1.607639 0.594636 0.000002
v -1.614618 0.592056 0.000002
v -1.621400 0.589006 0.000002
v -1.627985 0.585488 0.000002
v -1.634373 0.581500 0.000002
v -1.640565 0.577043 0.000002
v -1.646559 0.572117 0.000002
v -1.652359 0.566722 0.000002
v -1.657820 0.560991 0.000002
v -1.662807 0.555057 0.000002
v -1.667319 0.548921 0.000002
v -1.671356 0.542582 0.000002
v -1.674918 0.536040 0.000002
v -1.678005 0.529295 0.000002
v -1.680617 0.522348 0.000002
v -1.682754 0.515198 0.000002
v -1.684417 0.507845 0.000002
v -1.685604 0.500290 0.000002
v -1.686316 0.492531 0.000002
v -0.870194 0.229511 -0.050868
v -0.870194 0.475847 -0.050868
v -0.932245 0.475847 -0.050868
v -0.932245 0.139934 -0.050868
v -0.865062 0.139934 -0.050868
v -0.657915 0.386270 -0.050868
v -0.657915 0.139934 -0.050868
v -0.596331 0.139934 -0.050868
v -0.596331 0.475847 -0.050868
v -0.663514 0.475847 -0.050868
v -0.273947 0.475847 -0.050869
v -0.480161 0.475847 -0.050869
v -0.484541 0.475716 -0.050869
v -0.488817 0.475323 -0.050869
v -0.492991 0.474667 -0.050869
v -0.497060 0.473748 -0.050869
v -0.501025 0.472567 -0.050869
v -0.504888 0.471124 -0.050869
v -0.508646 0.469418 -0.050869
v -0.512301 0.467450 -0.050869
v -0.515851 0.465219 -0.050869
v -0.519299 0.462726 -0.050869
v -0.522642 0.459970 -0.050869
v -0.525882 0.456952 -0.050869
v -0.528938 0.453746 -0.050869
v -0.531727 0.450427 -0.050868
v -0.534251 0.446994 -0.050868
v -0.536509 0.443448 -0.050868
v -0.538502 0.439789 -0.050868
v -0.540229 0.436016 -0.050868
v -0.541690 0.432130 -0.050868
v -0.542885 0.428130 -0.050868
v -0.543815 0.424017 -0.050868
v -0.544480 0.419791 -0.050868
v -0.544878 0.415451 -0.050868
v -0.545011 0.410997 -0.050868
v -0.545011 0.204784 -0.050868
v -0.544878 0.200330 -0.050868
v -0.544480 0.195991 -0.050868
v -0.543815 0.191764 -0.050868
v -0.542885 0.187651 -0.050868
v -0.541690 0.183651 -0.050868
v -0.540229 0.179765 -0.050868
v -0.538502 0.175992 -0.050868
v -0.536509 0.172333 -0.050868
v -0.534251 0.168787 -0.050868
v -0.531727 0.165354 -0.050868
v -0.528938 0.162035 -0.050868
v -0.525882 0.158829 -0.050868
v -0.522642 0.155811 -0.050868
v -0.519299 0.153055 -0.050868
v -0.515852 0.150562 -0.050868
v -0.512301 0.148332 -0.050868
v -0.508646 0.146363 -0.050868
v -0.504888 0.144658 -0.050868
v -0.501026 0.143214 -0.050868
v -0.497060 0.142033 -0.050868
v -0.492991 0.141115 -0.050868
v -0.488818 0.140459 -0.050868
v -0.484541 0.140065 -0.050869
v -0.480161 0.139934 -0.050869
v -0.273947 0.139934 -0.050869
v -0.269494 0.140065 -0.050869
v -0.265154 0.140459 -0.050869
v -0.260927 0.141115 -0.050869
v -0.256814 0.142033 -0.050869
v -0.252815 0.143214 -0.050869
v -0.248929 0.144658 -0.050869
v -0.245156 0.146363 -0.050869
v -0.241496 0.148332 -0.050869
v -0.237950 0.150562 -0.050869
v -0.234518 0.153055 -0.050869
v -0.231198 0.155811 -0.050869
v -0.227992 0.158829 -0.050869
v -0.224974 0.162035 -0.050869
v -0.222219 0.165354 -0.050869
v -0.219726 0.168787 -0.050869
v -0.217495 0.172333 -0.050869
v -0.215527 0.175992 -0.050869
v -0.213821 0.179765 -0.050869
v -0.212378 0.183651 -0.050869
v -0.211197 0.187651 -0.050869
v -0.210278 0.191764 -0.050869
v -0.209622 0.195991 -0.050869
v -0.209228 0.200330 -0.050869
v -0.209097 0.204784 -0.050869
v -0.209097 0.410997 -0.050869
v -0.209228 0.415451 -0.050869
v -0.209622 0.419791 -0.050869
v -0.210278 0.424017 -0.050869
v -0.211197 0.428130 -0.050869
v -0.212378 0.432130 -0.050869
v -0.213821 0.436016 -0.050869
v -0.215527 0.439789 -0.050869
v -0.217495 0.443448 -0.050869
v -0.219726 0.446994 -0.050869
v -0.222219 0.450427 -0.050869
v -0.224974 0.453746 -0.050869
v -0.227992 0.456952 -0.050869
v -0.231198 0.459970 -0.050869
v -0.234517 0.462726 -0.050869
v -0.237950 0.465219 -0.050869
v -0.241496 0.467450 -0.050869
v -0.245156 0.469418 -0.050869
v -0.248929 0.471124 -0.050869
v -0.252815 0.472567 -0.050869
v -0.256814 0.473748 -0.050869
v -0.260927 0.474667 -0.050869
v -0.265154 0.475323 -0.050869
v -0.269494 0.475716 -0.050869
v -0.273947 0.201518 -0.050869
v -0.480161 0.201518 -0.050869
v -0.480608 0.201541 -0.050869
v -0.481016 0.201609 -0.050869
v -0.481385 0.201722 -0.050869
v -0.481716 0.201881 -0.050869
v -0.482007 0.202085 -0.050869
v -0.482260 0.202334 -0.050869
v -0.482474 0.202629 -0.050869
v -0.482649 0.202969 -0.050869
v -0.482785 0.203355 -0.050869
v -0.482882 0.203786 -0.050869
v -0.482940 0.204262 -0.050869
v -0.482960 0.204784 -0.050869
v -0.482960 0.410997 -0.050869
v -0.482941 0.411519 -0.050869
v -0.482882 0.411995 -0.050869
v -0.482785 0.412426 -0.050869
v -0.482649 0.412812 -0.050869
v -0.482474 0.413152 -0.050869
v -0.482260 0.413447 -0.050869
v -0.482007 0.413696 -0.050869
v -0.481716 0.413900 -0.050869
v -0.481385 0.414059 -0.050869
v -0.481016 0.414173 -0.050869
v -0.480608 0.414241 -0.050869
v -0.480161 0.414263 -0.050869
v -0.273947 0.414263 -0.050869
v -0.273425 0.414241 -0.050869
v -0.272949 0.414173 -0.050869
v -0.272518 0.414059 -0.050869
v -0.272133 0.413900 -0.050869
v -0.271792 0.413696 -0.050869
v -0.271497 0.413447 -0.050869
v -0.271248 0.413152 -0.050869
v -0.271044 0.412812 -0.050869
v -0.270885 0.412426 -0.050869
v -0.270772 0.411995 -0.050869
v -0.270704 0.411519 -0.050869
v -0.270681 0.410997 -0.050869
v -0.270681 0.204784 -0.050869
v -0.270704 0.204262 -0.050869
v -0.270772 0.203786 -0.050869
v -0.270885 0.203355 -0.050869
v -0.271044 0.202969 -0.050869
v -0.271248 0.202629 -0.050869
v -0.271497 0.202334 -0.050869
v -0.271792 0.202085 -0.050869
v -0.272133 0.201881 -0.050869
v -0.272518 0.201722 -0.050869
v -0.272949 0.201609 -0.050869
v -0.273425 0.201541 -0.050869
v -0.158710 0.410997 -0.050869
v -0.158710 0.384871 -0.050869
v -0.096659 0.384871 -0.050869
v -0.096659 0.410997 -0.050869
v -0.096637 0.411519 -0.050869
v -0.096569 0.411995 -0.050869
v -0.096455 0.412426 -0.050869
v -0.096297 0.412812 -0.050869
v -0.096092 0.413152 -0.050869
v -0.095843 0.413447 -0.050869
v -0.095548 0.413696 -0.050869
v -0.095208 0.413900 -0.050869
v -0.094822 0.414059 -0.050869
v -0.094391 0.414173 -0.050869
v -0.093915 0.414241 -0.050869
v -0.093394 0.414263 -0.050869
v 0.112354 0.414263 -0.050869
v 0.112875 0.414241 -0.050869
v 0.113352 0.414173 -0.050869
v 0.113782 0.414059 -0.050869
v 0.114168 0.413900 -0.050869
v 0.114508 0.413696 -0.050869
v 0.114803 0.413447 -0.050869
v 0.115053 0.413152 -0.050869
v 0.115257 0.412812 -0.050869
v 0.115415 0.412426 -0.050869
v 0.115529 0.411995 -0.050869
v 0.115597 0.411519 -0.050869
v 0.115619 0.410997 -0.050869
v 0.115619 0.204784 -0.050869
v 0.115597 0.204262 -0.050869
v 0.115529 0.203786 -0.050869
v 0.115415 0.203355 -0.050869
v 0.115257 0.202969 -0.050869
v 0.115053 0.202629 -0.050869
v 0.114803 0.202334 -0.050869
v 0.114508 0.202085 -0.050869
v 0.114168 0.201881 -0.050869
v 0.113782 0.201722 -0.050869
v 0.113352 0.201609 -0.050869
v 0.112875 0.201541 -0.050869
v 0.112354 0.201518 -0.050869
v -0.093394 0.201518 -0.050869
v -0.093915 0.201541 -0.050869
v -0.094391 0.201609 -0.050869
v -0.094822 0.201722 -0.050869
v -0.095208 0.201881 -0.050869
v -0.095548 0.202085 -0.050869
v -0.095843 0.202334 -0.050869
v -0.096092 0.202629 -0.050869
v -0.096297 0.202969 -0.050869
v -0.096455 0.203355 -0.050869
v -0.096569 0.203786 -0.050869
v -0.096637 0.204262 -0.050869
v -0.096659 0.204784 -0.050869
v -0.096659 0.268234 -0.050869
v -0.020612 0.268234 -0.050869
v -0.020612 0.329818 -0.050869
v -0.158710 0.329818 -0.050869
v -0.158710 0.204784 -0.050869
v -0.158577 0.200330 -0.050869
v -0.158179 0.195991 -0.050869
v -0.157515 0.191764 -0.050869
v -0.156585 0.187651 -0.050869
v -0.155389 0.183651 -0.050869
v -0.153928 0.179765 -0.050869
v -0.152201 0.175992 -0.050869
v -0.150208 0.172333 -0.050869
v -0.147950 0.168787 -0.050869
v -0.145427 0.165354 -0.050869
v -0.142637 0.162035 -0.050869
v -0.139582 0.158829 -0.050869
v -0.136338 0.155811 -0.050869
v -0.132985 0.153055 -0.050869
v -0.129522 0.150562 -0.050869
v -0.125948 0.148332 -0.050869
v -0.122264 0.146363 -0.050869
v -0.118470 0.144658 -0.050869
v -0.114566 0.143214 -0.050869
v -0.110552 0.142033 -0.050869
v -0.106427 0.141115 -0.050869
v -0.102193 0.140459 -0.050869
v -0.097848 0.140065 -0.050869
v -0.093394 0.139934 -0.050869
v 0.112354 0.139934 -0.050869
v 0.116807 0.140065 -0.050869
v 0.121147 0.140459 -0.050869
v 0.125373 0.141115 -0.050869
v 0.129486 0.142033 -0.050869
v 0.133486 0.143214 -0.050869
v 0.137372 0.144658 -0.050869
v 0.141145 0.146363 -0.050869
v 0.144805 0.148332 -0.050869
v 0.148351 0.150562 -0.050869
v 0.151783 0.153055 -0.050869
v 0.155103 0.155811 -0.050869
v 0.158309 0.158829 -0.050869
v 0.161327 0.162035 -0.050869
v 0.164082 0.165354 -0.050869
v 0.166575 0.168787 -0.050869
v 0.168806 0.172333 -0.050869
v 0.170774 0.175992 -0.050869
v 0.172480 0.179765 -0.050869
v 0.173923 0.183651 -0.050869
v 0.175104 0.187651 -0.050869
v 0.176023 0.191764 -0.050869
v 0.176679 0.195991 -0.050869
v 0.177073 0.200330 -0.050869
v 0.177204 0.204784 -0.050869
v 0.177204 0.410997 -0.050869
v 0.177073 0.415451 -0.050869
v 0.176679 0.419791 -0.050869
v 0.176023 0.424017 -0.050869
v 0.175104 0.428130 -0.050869
v 0.173923 0.432130 -0.050869
v 0.172480 0.436016 -0.050869
v 0.170774 0.439789 -0.050869
v 0.168806 0.443448 -0.050869
v 0.166575 0.446994 -0.050869
v 0.164082 0.450427 -0.050869
v 0.161326 0.453746 -0.050869
v 0.158309 0.456952 -0.050869
v 0.155103 0.459970 -0.050869
v 0.151783 0.462726 -0.050869
v 0.148351 0.465219 -0.050869
v 0.144805 0.467450 -0.050869
v 0.141145 0.469418 -0.050869
v 0.137372 0.471124 -0.050869
v 0.133486 0.472567 -0.050869
v 0.129486 0.473748 -0.050869
v 0.125373 0.474667 -0.050869
v 0.121147 0.475323 -0.050869
v 0.116807 0.475716 -0.050869
v 0.112354 0.475847 -0.050869
v -0.093394 0.475847 -0.050869
v -0.097848 0.475716 -0.050869
v -0.102193 0.475323 -0.050869
v -0.106428 0.474667 -0.050869
v -0.110552 0.473748 -0.050869
v -0.114566 0.472567 -0.050869
v -0.118470 0.471124 -0.050869
v -0.122264 0.469418 -0.050869
v -0.125948 0.467450 -0.050869
v -0.129522 0.465219 -0.050869
v -0.132985 0.462726 -0.050869
v -0.136338 0.459970 -0.050869
v -0.139582 0.456952 -0.050869
v -0.142637 0.453746 -0.050869
v -0.145426 0.450427 -0.050869
v -0.147950 0.446994 -0.050869
v -0.150208 0.443448 -0.050869
v -0.152201 0.439789 -0.050869
v -0.153928 0.436016 -0.050869
v -0.155389 0.432130 -0.050869
v -0.156585 0.428130 -0.050869
v -0.157514 0.424017 -0.050869
v -0.158179 0.419791 -0.050869
v -0.158577 0.415451 -0.050869
v 0.272846 0.475847 -0.050869
v 0.199131 0.475847 -0.050869
v 0.354491 0.265435 -0.050869
v 0.354491 0.139934 -0.050869
v 0.416076 0.139934 -0.050869
v 0.416076 0.265435 -0.050869
v 0.571436 0.475847 -0.050869
v 0.498188 0.475847 -0.050869
v 0.385284 0.333084 -0.050869
v 0.916214 0.139934 -0.050869
v 0.916214 0.476314 -0.050869
v 0.854630 0.476314 -0.050869
v 0.854630 0.201518 -0.050869
v 0.580300 0.201518 -0.050869
v 0.580300 0.139934 -0.050869
v 1.239064 0.475847 -0.050869
v 1.032851 0.475847 -0.050869
v 1.028470 0.475716 -0.050869
v 1.024194 0.475323 -0.050869
v 1.020021 0.474667 -0.050869
v 1.015951 0.473748 -0.050869
v 1.011986 0.472567 -0.050869
v 1.008124 0.471124 -0.050869
v 1.004365 0.469418 -0.050869
v 1.000711 0.467450 -0.050869
v 0.997160 0.465219 -0.050869
v 0.993713 0.462726 -0.050869
v 0.990369 0.459970 -0.050869
v 0.987129 0.456952 -0.050869
v 0.984074 0.453746 -0.050869
v 0.981284 0.450427 -0.050869
v 0.978760 0.446994 -0.050869
v 0.976502 0.443448 -0.050869
v 0.974510 0.439789 -0.050869
v 0.972783 0.436016 -0.050869
v 0.971322 0.432130 -0.050869
v 0.970126 0.428130 -0.050869
v 0.969196 0.424017 -0.050869
v 0.968532 0.419791 -0.050869
v 0.968134 0.415451 -0.050869
v 0.968001 0.410997 -0.050869
v 0.968001 0.204784 -0.050869
v 0.968133 0.200330 -0.050869
v 0.968532 0.195991 -0.050869
v 0.969196 0.191764 -0.050869
v 0.970126 0.187651 -0.050869
v 0.971321 0.183651 -0.050869
v 0.972783 0.179765 -0.050869
v 0.974509 0.175992 -0.050869
v 0.976502 0.172333 -0.050869
v 0.978760 0.168787 -0.050869
v 0.981284 0.165354 -0.050869
v 0.984074 0.162035 -0.050869
v 0.987129 0.158829 -0.050869
v 0.990369 0.155811 -0.050869
v 0.993713 0.153055 -0.050869
v 0.997160 0.150562 -0.050869
v 1.000711 0.148332 -0.050869
v 1.004365 0.146363 -0.050869
v 1.008124 0.144658 -0.050869
v 1.011986 0.143214 -0.050869
v 1.015951 0.142033 -0.050869
v 1.020021 0.141115 -0.050869
v 1.024194 0.140459 -0.050869
v 1.028470 0.140065 -0.050869
v 1.032851 0.139934 -0.050869
v 1.239064 0.139934 -0.050869
v 1.243518 0.140065 -0.050869
v 1.247857 0.140459 -0.050869
v 1.252084 0.141115 -0.050869
v 1.256197 0.142033 -0.050869
v 1.260197 0.143214 -0.050869
v 1.264083 0.144658 -0.050869
v 1.267856 0.146363 -0.050869
v 1.271515 0.148332 -0.050869
v 1.275061 0.150562 -0.050869
v 1.278494 0.153055 -0.050869
v 1.281813 0.155811 -0.050869
v 1.285019 0.158829 -0.050869
v 1.288037 0.162035 -0.050869
v 1.290793 0.165354 -0.050869
v 1.293286 0.168787 -0.050869
v 1.295516 0.172333 -0.050869
v 1.297485 0.175992 -0.050869
v 1.299191 0.179765 -0.050869
v 1.300634 0.183651 -0.050869
v 1.301815 0.187651 -0.050869
v 1.302733 0.191764 -0.050869
v 1.303390 0.195991 -0.050869
v 1.303783 0.200330 -0.050869
v 1.303914 0.204784 -0.050869
v 1.303914 0.410997 -0.050869
v 1.303783 0.415451 -0.050869
v 1.303390 0.419791 -0.050869
v 1.302733 0.424017 -0.050869
v 1.301815 0.428130 -0.050869
v 1.300634 0.432130 -0.050869
v 1.299191 0.436016 -0.050869
v 1.297485 0.439789 -0.050869
v 1.295516 0.443448 -0.050869
v 1.293286 0.446994 -0.050869
v 1.290793 0.450427 -0.050869
v 1.288037 0.453746 -0.050869
v 1.285019 0.456952 -0.050869
v 1.281813 0.459970 -0.050869
v 1.278494 0.462726 -0.050869
v 1.275061 0.465219 -0.050869
v 1.271515 0.467450 -0.050869
v 1.267856 0.469418 -0.050869
v 1.264083 0.471124 -0.050869
v 1.260197 0.472567 -0.050869
v 1.256197 0.473748 -0.050869
v 1.252084 0.474667 -0.050869
v 1.247857 0.475323 -0.050869
v 1.243518 0.475716 -0.050869
v 1.239064 0.201518 -0.050869
v 1.032851 0.201518 -0.050869
v 1.032403 0.201541 -0.050869
v 1.031995 0.201609 -0.050869
v 1.031626 0.201722 -0.050869
v 1.031296 0.201881 -0.050869
v 1.031004 0.202085 -0.050869
v 1.030751 0.202334 -0.050869
v 1.030537 0.202629 -0.050869
v 1.030362 0.202969 -0.050869
v 1.030226 0.203355 -0.050869
v 1.030129 0.203786 -0.050869
v 1.030071 0.204262 -0.050869
v 1.030051 0.204784 -0.050869
v 1.030051 0.410997 -0.050869
v 1.030071 0.411519 -0.050869
v 1.030129 0.411995 -0.050869
v 1.030226 0.412426 -0.050869
v 1.030363 0.412812 -0.050869
v 1.030538 0.413152 -0.050869
v 1.030751 0.413447 -0.050869
v 1.031004 0.413696 -0.050869
v 1.031296 0.413900 -0.050869
v 1.031626 0.414059 -0.050869
v 1.031996 0.414173 -0.050869
v 1.032404 0.414241 -0.050869
v 1.032851 0.414263 -0.050869
v 1.239064 0.414263 -0.050869
v 1.239586 0.414241 -0.050869
v 1.240062 0.414173 -0.050869
v 1.240493 0.414059 -0.050869
v 1.240879 0.413900 -0.050869
v 1.241219 0.413696 -0.050869
v 1.241514 0.413447 -0.050869
v 1.241763 0.413152 -0.050869
v 1.241967 0.412812 -0.050869
v 1.242126 0.412426 -0.050869
v 1.242239 0.411995 -0.050869
v 1.242307 0.411519 -0.050869
v 1.242330 0.410997 -0.050869
v 1.242330 0.204784 -0.050869
v 1.242307 0.204262 -0.050869
v 1.242239 0.203786 -0.050869
v 1.242126 0.203355 -0.050869
v 1.241967 0.202969 -0.050869
v 1.241763 0.202629 -0.050869
v 1.241514 0.202334 -0.050869
v 1.241219 0.202085 -0.050869
v 1.240879 0.201881 -0.050869
v 1.240493 0.201722 -0.050869
v 1.240062 0.201609 -0.050869
v 1.239586 0.201541 -0.050869
v 1.672020 0.475381 -0.050869
v 1.401423 0.475381 -0.050869
v 1.396968 0.475248 -0.050869
v 1.392623 0.474850 -0.050869
v 1.388388 0.474185 -0.050869
v 1.384264 0.473256 -0.050869
v 1.380250 0.472060 -0.050869
v 1.376346 0.470599 -0.050869
v 1.372552 0.468872 -0.050869
v 1.368868 0.466879 -0.050869
v 1.365294 0.464621 -0.050869
v 1.361831 0.462097 -0.050869
v 1.358478 0.459308 -0.050869
v 1.355234 0.456253 -0.050869
v 1.352179 0.453013 -0.050869
v 1.349390 0.449669 -0.050869
v 1.346866 0.446222 -0.050869
v 1.344608 0.442671 -0.050869
v 1.342615 0.439016 -0.050869
v 1.340888 0.435258 -0.050869
v 1.339427 0.431396 -0.050869
v 1.338232 0.427430 -0.050869
v 1.337302 0.423361 -0.050869
v 1.336637 0.419188 -0.050869
v 1.336239 0.414911 -0.050869
v 1.336106 0.410531 -0.050869
v 1.336106 0.320021 -0.050869
v 1.336239 0.315640 -0.050869
v 1.336637 0.311364 -0.050869
v 1.337301 0.307191 -0.050869
v 1.338231 0.303121 -0.050869
v 1.339427 0.299156 -0.050869
v 1.340888 0.295294 -0.050869
v 1.342615 0.291536 -0.050869
v 1.344608 0.287881 -0.050869
v 1.346866 0.284330 -0.050869
v 1.349390 0.280883 -0.050869
v 1.352179 0.277539 -0.050869
v 1.355234 0.274299 -0.050869
v 1.358478 0.271244 -0.050869
v 1.361831 0.268454 -0.050869
v 1.365294 0.265931 -0.050869
v 1.368868 0.263672 -0.050869
v 1.372552 0.261680 -0.050869
v 1.376346 0.259953 -0.050869
v 1.380250 0.258492 -0.050869
v 1.384264 0.257296 -0.050869
v 1.388388 0.256366 -0.050869
v 1.392623 0.255702 -0.050869
v 1.396968 0.255304 -0.050869
v 1.401423 0.255171 -0.050869
v 1.609036 0.254704 -0.050869
v 1.610436 0.255171 -0.050869
v 1.610436 0.139934 -0.050869
v 1.672020 0.139934 -0.050869
v 1.398157 0.320021 -0.050869
v 1.398157 0.410531 -0.050869
v 1.398180 0.411053 -0.050869
v 1.398247 0.411529 -0.050869
v 1.398361 0.411960 -0.050869
v 1.398520 0.412345 -0.050869
v 1.398724 0.412685 -0.050869
v 1.398973 0.412980 -0.050869
v 1.399268 0.413230 -0.050869
v 1.399608 0.413434 -0.050869
v 1.399994 0.413593 -0.050869
v 1.400425 0.413706 -0.050869
v 1.400901 0.413774 -0.050869
v 1.401423 0.413797 -0.050869
v 1.607170 0.413797 -0.050869
v 1.607692 0.413774 -0.050869
v 1.608168 0.413706 -0.050869
v 1.608598 0.413593 -0.050869
v 1.608984 0.413434 -0.050869
v 1.609324 0.413230 -0.050869
v 1.609619 0.412980 -0.050869
v 1.609869 0.412685 -0.050869
v 1.610073 0.412345 -0.050869
v 1.610232 0.411960 -0.050869
v 1.610345 0.411529 -0.050869
v 1.610413 0.411053 -0.050869
v 1.610436 0.410531 -0.050869
v 1.610436 0.320021 -0.050869
v 1.610413 0.319499 -0.050869
v 1.610345 0.319023 -0.050869
v 1.610232 0.318592 -0.050869
v 1.610073 0.318206 -0.050869
v 1.609869 0.317866 -0.050869
v 1.609619 0.317571 -0.050869
v 1.609324 0.317322 -0.050869
v 1.608984 0.317118 -0.050869
v 1.608598 0.316959 -0.050869
v 1.608168 0.316846 -0.050869
v 1.607692 0.316778 -0.050869
v 1.607170 0.316755 -0.050869
v 1.401423 0.316755 -0.050869
v 1.400901 0.316778 -0.050869
v 1.400425 0.316846 -0.050869
v 1.399994 0.316959 -0.050869
v 1.399608 0.317118 -0.050869
v 1.399268 0.317322 -0.050869
v 1.398973 0.317571 -0.050869
v 1.398724 0.317866 -0.050869
v 1.398520 0.318206 -0.050869
v 1.398361 0.318592 -0.050869
v 1.398247 0.319023 -0.050869
v 1.398180 0.319499 -0.050869
v -3.769956 0.484570 -0.230902
v -3.769956 0.437865 -0.230902
v -3.659031 0.437865 -0.230902
v -3.659031 0.484570 -0.230902
v -3.658990 0.485503 -0.230902
v -3.658869 0.486354 -0.230902
v -3.658666 0.487125 -0.230902
v -3.658382 0.487814 -0.230902
v -3.658017 0.488422 -0.230902
v -3.657572 0.488949 -0.230902
v -3.657045 0.489395 -0.230902
v -3.656437 0.489760 -0.230902
v -3.655748 0.490044 -0.230902
v -3.654978 0.490247 -0.230902
v -3.654126 0.490368 -0.230902
v -3.653193 0.490409 -0.230902
v -3.285386 0.490409 -0.230902
v -3.284454 0.490368 -0.230902
v -3.283602 0.490247 -0.230902
v -3.282832 0.490044 -0.230902
v -3.282143 0.489760 -0.230902
v -3.281535 0.489395 -0.230902
v -3.281008 0.488949 -0.230902
v -3.280563 0.488422 -0.230902
v -3.280198 0.487814 -0.230902
v -3.279914 0.487125 -0.230902
v -3.279711 0.486354 -0.230902
v -3.279590 0.485503 -0.230902
v -3.279548 0.484570 -0.230902
v -3.279548 0.115930 -0.230902
v -3.279588 0.114997 -0.230902
v -3.279710 0.114146 -0.230902
v -3.279913 0.113376 -0.230902
v -3.280196 0.112686 -0.230902
v -3.280561 0.112078 -0.230902
v -3.281007 0.111551 -0.230902
v -3.281534 0.111105 -0.230902
v -3.282142 0.110740 -0.230902
v -3.282831 0.110457 -0.230902
v -3.283601 0.110254 -0.230902
v -3.284452 0.110132 -0.230902
v -3.285386 0.110092 -0.230902
v -3.653193 0.110092 -0.230902
v -3.654125 0.110132 -0.230902
v -3.654976 0.110254 -0.230902
v -3.655746 0.110457 -0.230902
v -3.656435 0.110740 -0.230902
v -3.657043 0.111105 -0.230902
v -3.657570 0.111551 -0.230902
v -3.658016 0.112078 -0.230902
v -3.658381 0.112686 -0.230902
v -3.658664 0.113376 -0.230902
v -3.658867 0.114146 -0.230902
v -3.658989 0.114997 -0.230902
v -3.659031 0.115930 -0.230902
v -3.659031 0.229358 -0.230902
v -3.523084 0.229358 -0.230902
v -3.523084 0.339450 -0.230902
v -3.769956 0.339450 -0.230902
v -3.769956 0.115930 -0.230902
v -3.769719 0.107969 -0.230902
v -3.769006 0.100211 -0.230902
v -3.767819 0.092655 -0.230902
v -3.766157 0.085303 -0.230902
v -3.764020 0.078153 -0.230902
v -3.761408 0.071205 -0.230902
v -3.758321 0.064461 -0.230902
v -3.754759 0.057919 -0.230902
v -3.750722 0.051579 -0.230902
v -3.746210 0.045443 -0.230902
v -3.741223 0.039509 -0.230902
v -3.735761 0.033778 -0.230902
v -3.729964 0.028383 -0.230902
v -3.723970 0.023457 -0.230902
v -3.717778 0.019000 -0.230902
v -3.711390 0.015013 -0.230902
v -3.704805 0.011494 -0.230902
v -3.698023 0.008445 -0.230902
v -3.691044 0.005864 -0.230902
v -3.683868 0.003753 -0.230902
v -3.676495 0.002111 -0.230902
v -3.668926 0.000938 -0.230902
v -3.661159 0.000235 -0.230902
v -3.653193 -0.000000 -0.230902
v -3.285386 -0.000000 -0.230902
v -3.277425 0.000235 -0.230902
v -3.269667 0.000938 -0.230902
v -3.262111 0.002111 -0.230902
v -3.254759 0.003753 -0.230902
v -3.247608 0.005864 -0.230902
v -3.240661 0.008445 -0.230902
v -3.233917 0.011494 -0.230902
v -3.227375 0.015013 -0.230902
v -3.221036 0.019000 -0.230902
v -3.214899 0.023457 -0.230902
v -3.208966 0.028383 -0.230902
v -3.203234 0.033778 -0.230902
v -3.197839 0.039509 -0.230902
v -3.192913 0.045443 -0.230902
v -3.188456 0.051579 -0.230902
v -3.184468 0.057919 -0.230902
v -3.180949 0.064461 -0.230902
v -3.177900 0.071205 -0.230902
v -3.175320 0.078152 -0.230902
v -3.173209 0.085303 -0.230902
v -3.171567 0.092655 -0.230902
v -3.170394 0.100211 -0.230902
v -3.169690 0.107969 -0.230902
v -3.169456 0.115930 -0.230902
v -3.169456 0.484570 -0.230902
v -3.169691 0.492531 -0.230902
v -3.170395 0.500290 -0.230902
v -3.171568 0.507845 -0.230902
v -3.173209 0.515198 -0.230902
v -3.175320 0.522348 -0.230902
v -3.177901 0.529295 -0.230902
v -3.180950 0.536040 -0.230902
v -3.184469 0.542582 -0.230902
v -3.188456 0.548921 -0.230902
v -3.192913 0.555057 -0.230902
v -3.197839 0.560991 -0.230902
v -3.203234 0.566722 -0.230902
v -3.208966 0.572117 -0.230902
v -3.214899 0.577043 -0.230902
v -3.221036 0.581500 -0.230902
v -3.227375 0.585488 -0.230902
v -3.233917 0.589006 -0.230902
v -3.240661 0.592056 -0.230902
v -3.247608 0.594636 -0.230902
v -3.254759 0.596747 -0.230902
v -3.262111 0.598389 -0.230902
v -3.269667 0.599562 -0.230902
v -3.277425 0.600266 -0.230902
v -3.285386 0.600500 -0.230902
v -3.653193 0.600500 -0.230902
v -3.661156 0.600266 -0.230902
v -3.668923 0.599562 -0.230902
v -3.676493 0.598389 -0.230902
v -3.683866 0.596747 -0.230902
v -3.691042 0.594636 -0.230902
v -3.698021 0.592056 -0.230902
v -3.704803 0.589006 -0.230902
v -3.711388 0.585488 -0.230902
v -3.717776 0.581500 -0.230902
v -3.723967 0.577043 -0.230902
v -3.729962 0.572117 -0.230902
v -3.735761 0.566722 -0.230902
v -3.741223 0.560991 -0.230902
v -3.746210 0.555057 -0.230902
v -3.750722 0.548921 -0.230902
v -3.754759 0.542582 -0.230902
v -3.758321 0.536040 -0.230902
v -3.761408 0.529295 -0.230902
v -3.764020 0.522348 -0.230902
v -3.766157 0.515198 -0.230902
v -3.767819 0.507845 -0.230902
v -3.769006 0.500290 -0.230902
v -3.769719 0.492531 -0.230902
v -2.965119 0.160133 -0.230902
v -2.965119 0.600500 -0.230902
v -3.076045 0.600500 -0.230902
v -3.076045 -0.000000 -0.230902
v -2.955945 -0.000000 -0.230902
v -2.585636 0.440367 -0.230902
v -2.585636 -0.000000 -0.230902
v -2.475545 -0.000000 -0.230902
v -2.475545 0.600500 -0.230902
v -2.595645 0.600500 -0.230902
v -1.895895 0.600500 -0.230903
v -2.263702 0.600500 -0.230903
v -2.271665 0.600266 -0.230903
v -2.279432 0.599562 -0.230903
v -2.287002 0.598389 -0.230903
v -2.294375 0.596747 -0.230903
v -2.301551 0.594636 -0.230903
v -2.308530 0.592056 -0.230903
v -2.315312 0.589006 -0.230903
v -2.321897 0.585488 -0.230903
v -2.328285 0.581500 -0.230903
v -2.334476 0.577043 -0.230903
v -2.340471 0.572117 -0.230903
v -2.346270 0.566722 -0.230903
v -2.351732 0.560991 -0.230903
v -2.356719 0.555057 -0.230903
v -2.361231 0.548921 -0.230903
v -2.365268 0.542582 -0.230903
v -2.368829 0.536040 -0.230903
v -2.371917 0.529295 -0.230903
v -2.374529 0.522348 -0.230902
v -2.376666 0.515198 -0.230902
v -2.378328 0.507845 -0.230902
v -2.379515 0.500290 -0.230902
v -2.380228 0.492531 -0.230902
v -2.380466 0.484570 -0.230902
v -2.380466 -0.000000 -0.230902
v -2.269540 -0.000000 -0.230903
v -2.269540 0.201835 -0.230903
v -1.890057 0.201835 -0.230903
v -1.890057 -0.000000 -0.230903
v -1.779965 -0.000000 -0.230903
v -1.779965 0.484570 -0.230903
v -1.780200 0.492531 -0.230903
v -1.780904 0.500290 -0.230903
v -1.782077 0.507845 -0.230903
v -1.783719 0.515198 -0.230903
v -1.785830 0.522348 -0.230903
v -1.788410 0.529295 -0.230903
v -1.791459 0.536040 -0.230903
v -1.794978 0.542582 -0.230903
v -1.798966 0.548921 -0.230903
v -1.803423 0.555057 -0.230903
v -1.808348 0.560991 -0.230903
v -1.813743 0.566722 -0.230903
v -1.819474 0.572117 -0.230903
v -1.825408 0.577043 -0.230903
v -1.831545 0.581500 -0.230903
v -1.837884 0.585488 -0.230903
v -1.844425 0.589006 -0.230903
v -1.851170 0.592056 -0.230903
v -1.858117 0.594636 -0.230903
v -1.865268 0.596747 -0.230903
v -1.872620 0.598389 -0.230903
v -1.880176 0.599562 -0.230903
v -1.887934 0.600266 -0.230903
v -1.890057 0.311927 -0.230903
v -2.269540 0.311927 -0.230903
v -2.269540 0.484570 -0.230903
v -2.269499 0.485503 -0.230903
v -2.269377 0.486354 -0.230903
v -2.269175 0.487125 -0.230903
v -2.268891 0.487814 -0.230903
v -2.268526 0.488422 -0.230903
v -2.268080 0.488949 -0.230903
v -2.267554 0.489395 -0.230903
v -2.266946 0.489760 -0.230903
v -2.266257 0.490044 -0.230903
v -2.265486 0.490247 -0.230903
v -2.264635 0.490368 -0.230903
v -2.263702 0.490409 -0.230903
v -1.895895 0.490409 -0.230903
v -1.894963 0.490368 -0.230903
v -1.894111 0.490247 -0.230903
v -1.893340 0.490044 -0.230903
v -1.892651 0.489760 -0.230903
v -1.892043 0.489395 -0.230903
v -1.891516 0.488949 -0.230903
v -1.891071 0.488422 -0.230903
v -1.890706 0.487814 -0.230903
v -1.890422 0.487125 -0.230903
v -1.890219 0.486354 -0.230903
v -1.890098 0.485503 -0.230903
v -1.890057 0.484570 -0.230903
v -1.686554 0.484570 -0.230903
v -1.686554 0.437865 -0.230903
v -1.575628 0.437865 -0.230903
v -1.575628 0.484570 -0.230903
v -1.575588 0.485503 -0.230903
v -1.575466 0.486354 -0.230903
v -1.575263 0.487125 -0.230903
v -1.574980 0.487814 -0.230903
v -1.574615 0.488422 -0.230903
v -1.574169 0.488949 -0.230903
v -1.573642 0.489395 -0.230903
v -1.573034 0.489760 -0.230903
v -1.572345 0.490044 -0.230903
v -1.571575 0.490247 -0.230903
v -1.570724 0.490368 -0.230903
v -1.569790 0.490409 -0.230903
v -1.201983 0.490409 -0.230903
v -1.201051 0.490368 -0.230903
v -1.200200 0.490247 -0.230903
v -1.199430 0.490044 -0.230903
v -1.198741 0.489760 -0.230903
v -1.198133 0.489395 -0.230903
v -1.197606 0.488949 -0.230903
v -1.197160 0.488422 -0.230903
v -1.196795 0.487814 -0.230903
v -1.196512 0.487125 -0.230903
v -1.196309 0.486354 -0.230903
v -1.196187 0.485503 -0.230903
v -1.196145 0.484570 -0.230903
v -1.196145 0.115930 -0.230903
v -1.196186 0.114997 -0.230903
v -1.196307 0.114146 -0.230903
v -1.196510 0.113376 -0.230903
v -1.196794 0.112686 -0.230903
v -1.197159 0.112078 -0.230903
v -1.197604 0.111551 -0.230903
v -1.198131 0.111105 -0.230903
v -1.198739 0.110740 -0.230903
v -1.199428 0.110457 -0.230903
v -1.200198 0.110254 -0.230903
v -1.201050 0.110132 -0.230903
v -1.201983 0.110092 -0.230903
v -1.569790 0.110092 -0.230903
v -1.570722 0.110132 -0.230903
v -1.571573 0.110254 -0.230903
v -1.572344 0.110457 -0.230903
v -1.573033 0.110740 -0.230903
v -1.573641 0.111105 -0.230903
v -1.574167 0.111551 -0.230903
v -1.574613 0.112078 -0.230903
v -1.574978 0.112686 -0.230903
v -1.575262 0.113376 -0.230903
v -1.575464 0.114146 -0.230903
v -1.575586 0.114997 -0.230903
v -1.575628 0.115930 -0.230903
v -1.575628 0.229358 -0.230903
v -1.439681 0.229358 -0.230903
v -1.439681 0.339450 -0.230903
v -1.686554 0.339450 -0.230903
v -1.686554 0.115930 -0.230903
v -1.686316 0.107969 -0.230903
v -1.685604 0.100211 -0.230903
v -1.684417 0.092655 -0.230903
v -1.682754 0.085303 -0.230903
v -1.680617 0.078153 -0.230903
v -1.678005 0.071205 -0.230903
v -1.674918 0.064461 -0.230903
v -1.671356 0.057919 -0.230903
v -1.667319 0.051579 -0.230903
v -1.662807 0.045443 -0.230903
v -1.657820 0.039509 -0.230903
v -1.652359 0.033778 -0.230903
v -1.646561 0.028383 -0.230903
v -1.640567 0.023457 -0.230903
v -1.634376 0.019000 -0.230903
v -1.627988 0.015013 -0.230903
v -1.621403 0.011494 -0.230903
v -1.614620 0.008445 -0.230903
v -1.607641 0.005864 -0.230903
v -1.600466 0.003753 -0.230903
v -1.593093 0.002111 -0.230903
v -1.585523 0.000938 -0.230903
v -1.577756 0.000235 -0.230903
v -1.569790 -0.000000 -0.230903
v -1.201983 -0.000000 -0.230903
v -1.194022 0.000235 -0.230903
v -1.186264 0.000938 -0.230903
v -1.178709 0.002111 -0.230903
v -1.171356 0.003753 -0.230903
v -1.164206 0.005864 -0.230903
v -1.157258 0.008445 -0.230903
v -1.150514 0.011494 -0.230903
v -1.143972 0.015013 -0.230903
v -1.137633 0.019000 -0.230903
v -1.131497 0.023457 -0.230903
v -1.125563 0.028383 -0.230903
v -1.119832 0.033778 -0.230903
v -1.114436 0.039509 -0.230903
v -1.109510 0.045443 -0.230903
v -1.105053 0.051579 -0.230903
v -1.101065 0.057919 -0.230903
v -1.097547 0.064461 -0.230903
v -1.094497 0.071205 -0.230903
v -1.091917 0.078152 -0.230903
v -1.089806 0.085303 -0.230903
v -1.088165 0.092655 -0.230903
v -1.086992 0.100211 -0.230903
v -1.086288 0.107969 -0.230903
v -1.086054 0.115930 -0.230903
v -1.086054 0.484570 -0.230903
v -1.086288 0.492531 -0.230903
v -1.086992 0.500290 -0.230903
v -1.088165 0.507845 -0.230903
v -1.089807 0.515198 -0.230903
v -1.091918 0.522348 -0.230903
v -1.094498 0.529295 -0.230903
v -1.097547 0.536040 -0.230903
v -1.101066 0.542582 -0.230903
v -1.105054 0.548921 -0.230903
v -1.109511 0.555057 -0.230903
v -1.114437 0.560991 -0.230903
v -1.119832 0.566722 -0.230903
v -1.125563 0.572117 -0.230903
v -1.131497 0.577043 -0.230903
v -1.137633 0.581500 -0.230903
v -1.143972 0.585488 -0.230903
v -1.150514 0.589006 -0.230903
v -1.157258 0.592056 -0.230903
v -1.164206 0.594636 -0.230903
v -1.171356 0.596747 -0.230903
v -1.178709 0.598389 -0.230903
v -1.186264 0.599562 -0.230903
v -1.194022 0.600266 -0.230903
v -1.201983 0.600500 -0.230903
v -1.569790 0.600500 -0.230903
v -1.577754 0.600266 -0.230903
v -1.585521 0.599562 -0.230903
v -1.593090 0.598389 -0.230903
v -1.600463 0.596747 -0.230903
v -1.607639 0.594636 -0.230903
v -1.614618 0.592056 -0.230903
v -1.621400 0.589006 -0.230903
v -1.627985 0.585488 -0.230903
v -1.634373 0.581500 -0.230903
v -1.640565 0.577043 -0.230903
v -1.646559 0.572117 -0.230903
v -1.652359 0.566722 -0.230903
v -1.657820 0.560991 -0.230903
v -1.662807 0.555057 -0.230903
v -1.667319 0.548921 -0.230903
v -1.671356 0.542582 -0.230903
v -1.674918 0.536040 -0.230903
v -1.678005 0.529295 -0.230903
v -1.680617 0.522348 -0.230903
v -1.682754 0.515198 -0.230903
v -1.684417 0.507845 -0.230903
v -1.685604 0.500290 -0.230903
v -1.686316 0.492531 -0.230903
v -0.870194 0.229511 -0.180034
v -0.870194 0.475847 -0.180034
v -0.932245 0.475847 -0.180034
v -0.932245 0.139934 -0.180034
v -0.865062 0.139934 -0.180034
v -0.657915 0.386270 -0.180034
v -0.657915 0.139934 -0.180034
v -0.596331 0.139934 -0.180034
v -0.596331 0.475847 -0.180034
v -0.663514 0.475847 -0.180034
v -0.273947 0.475847 -0.180034
v -0.480161 0.475847 -0.180034
v -0.484541 0.475716 -0.180034
v -0.488817 0.475323 -0.180034
v -0.492991 0.474667 -0.180034
v -0.497060 0.473748 -0.180034
v -0.501025 0.472567 -0.180034
v -0.504888 0.471124 -0.180034
v -0.508646 0.469418 -0.180034
v -0.512301 0.467450 -0.180034
v -0.515851 0.465219 -0.180034
v -0.519299 0.462726 -0.180034
v -0.522642 0.459970 -0.180034
v -0.525882 0.456952 -0.180034
v -0.528938 0.453746 -0.180034
v -0.531727 0.450427 -0.180034
v -0.534251 0.446994 -0.180034
v -0.536509 0.443448 -0.180034
v -0.538502 0.439789 -0.180034
v -0.540229 0.436016 -0.180034
v -0.541690 0.432130 -0.180034
v -0.542885 0.428130 -0.180034
v -0.543815 0.424017 -0.180034
v -0.544480 0.419791 -0.180034
v -0.544878 0.415451 -0.180034
v -0.545011 0.410997 -0.180034
v -0.545011 0.204784 -0.180034
v -0.544878 0.200330 -0.180034
v -0.544480 0.195991 -0.180034
v -0.543815 0.191764 -0.180034
v -0.542885 0.187651 -0.180034
v -0.541690 0.183651 -0.180034
v -0.540229 0.179765 -0.180034
v -0.538502 0.175992 -0.180034
v -0.536509 0.172333 -0.180034
v -0.534251 0.168787 -0.180034
v -0.531727 0.165354 -0.180034
v -0.528938 0.162035 -0.180034
v -0.525882 0.158829 -0.180034
v -0.522642 0.155811 -0.180034
v -0.519299 0.153055 -0.180034
v -0.515852 0.150562 -0.180034
v -0.512301 0.148332 -0.180034
v -0.508646 0.146363 -0.180034
v -0.504888 0.144658 -0.180034
v -0.501026 0.143214 -0.180034
v -0.497060 0.142033 -0.180034
v -0.492991 0.141115 -0.180034
v -0.488818 0.140459 -0.180034
v -0.484541 0.140065 -0.180034
v -0.480161 0.139934 -0.180034
v -0.273947 0.139934 -0.180034
v -0.269494 0.140065 -0.180034
v -0.265154 0.140459 -0.180034
v -0.260927 0.141115 -0.180034
v -0.256814 0.142033 -0.180034
v -0.252815 0.143214 -0.180034
v -0.248929 0.144658 -0.180034
v -0.245156 0.146363 -0.180034
v -0.241496 0.148332 -0.180034
v -0.237950 0.150562 -0.180034
v -0.234518 0.153055 -0.180034
v -0.231198 0.155811 -0.180034
v -0.227992 0.158829 -0.180034
v -0.224974 0.162035 -0.180034
v -0.222219 0.165354 -0.180034
v -0.219726 0.168787 -0.180034
v -0.217495 0.172333 -0.180034
v -0.215527 0.175992 -0.180034
v -0.213821 0.179765 -0.180034
v -0.212378 0.183651 -0.180034
v -0.211197 0.187651 -0.180034
v -0.210278 0.191764 -0.180034
v -0.209622 0.195991 -0.180034
v -0.209228 0.200330 -0.180034
v -0.209097 0.204784 -0.180034
v -0.209097 0.410997 -0.180034
v -0.209228 0.415451 -0.180034
v -0.209622 0.419791 -0.180034
v -0.210278 0.424017 -0.180034
v -0.211197 0.428130 -0.180034
v -0.212378 0.432130 -0.180034
v -0.213821 0.436016 -0.180034
v -0.215527 0.439789 -0.180034
v -0.217495 0.443448 -0.180034
v -0.219726 0.446994 -0.180034
v -0.222219 0.450427 -0.180034
v -0.224974 0.453746 -0.180034
v -0.227992 0.456952 -0.180034
v -0.231198 0.459970 -0.180034
v -0.234517 0.462726 -0.180034
v -0.237950 0.465219 -0.180034
v -0.241496 0.467450 -0.180034
v -0.245156 0.469418 -0.180034
v -0.248929 0.471124 -0.180034
v -0.252815 0.472567 -0.180034
v -0.256814 0.473748 -0.180034
v -0.260927 0.474667 -0.180034
v -0.265154 0.475323 -0.180034
v -0.269494 0.475716 -0.180034
v -0.273947 0.201518 -0.180034
v -0.480161 0.201518 -0.180034
v -0.480608 0.201541 -0.180034
v -0.481016 0.201609 -0.180034
v -0.481385 0.201722 -0.180034
v -0.481716 0.201881 -0.180034
v -0.482007 0.202085 -0.180034
v -0.482260 0.202334 -0.180034
v -0.482474 0.202629 -0.180034
v -0.482649 0.202969 -0.180034
v -0.482785 0.203355 -0.180034
v -0.482882 0.203786 -0.180034
v -0.482940 0.204262 -0.180034
v -0.482960 0.204784 -0.180034
v -0.482960 0.410997 -0.180034
v -0.482941 0.411519 -0.180034
v -0.482882 0.411995 -0.180034
v -0.482785 0.412426 -0.180034
v -0.482649 0.412812 -0.180034
v -0.482474 0.413152 -0.180034
v -0.482260 0.413447 -0.180034
v -0.482007 0.413696 -0.180034
v -0.481716 0.413900 -0.180034
v -0.481385 0.414059 -0.180034
v -0.481016 0.414173 -0.180034
v -0.480608 0.414241 -0.180034
v -0.480161 0.414263 -0.180034
v -0.273947 0.414263 -0.180034
v -0.273425 0.414241 -0.180034
v -0.272949 0.414173 -0.180034
v -0.272518 0.414059 -0.180034
v -0.272133 0.413900 -0.180034
v -0.271792 0.413696 -0.180034
v -0.271497 0.413447 -0.180034
v -0.271248 0.413152 -0.180034
v -0.271044 0.412812 -0.180034
v -0.270885 0.412426 -0.180034
v -0.270772 0.411995 -0.180034
v -0.270704 0.411519 -0.180034
v -0.270681 0.410997 -0.180034
v -0.270681 0.204784 -0.180034
v -0.270704 0.204262 -0.180034
v -0.270772 0.203786 -0.180034
v -0.270885 0.203355 -0.180034
v -0.271044 0.202969 -0.180034
v -0.271248 0.202629 -0.180034
v -0.271497 0.202334 -0.180034
v -0.271792 0.202085 -0.180034
v -0.272133 0.201881 -0.180034
v -0.272518 0.201722 -0.180034
v -0.272949 0.201609 -0.180034
v -0.273425 0.201541 -0.180034
v -0.158710 0.410997 -0.180034
v -0.158710 0.384871 -0.180034
v -0.096659 0.384871 -0.180034
v -0.096659 0.410997 -0.180034
v -0.096637 0.411519 -0.180034
v -0.096569 0.411995 -0.180034
v -0.096455 0.412426 -0.180034
v -0.096297 0.412812 -0.180034
v -0.096092 0.413152 -0.180034
v -0.095843 0.413447 -0.180034
v -0.095548 0.413696 -0.180034
v -0.095208 0.413900 -0.180034
v -0.094822 0.414059 -0.180034
v -0.094391 0.414173 -0.180034
v -0.093915 0.414241 -0.180034
v -0.093394 0.414263 -0.180034
v 0.112354 0.414263 -0.180034
v 0.112875 0.414241 -0.180034
v 0.113352 0.414173 -0.180034
v 0.113782 0.414059 -0.180034
v 0.114168 0.413900 -0.180034
v 0.114508 0.413696 -0.180034
v 0.114803 0.413447 -0.180034
v 0.115053 0.413152 -0.180034
v 0.115257 0.412812 -0.180034
v 0.115415 0.412426 -0.180034
v 0.115529 0.411995 -0.180034
v 0.115597 0.411519 -0.180034
v 0.115619 0.410997 -0.180034
v 0.115619 0.204784 -0.180034
v 0.115597 0.204262 -0.180034
v 0.115529 0.203786 -0.180034
v 0.115415 0.203355 -0.180034
v 0.115257 0.202969 -0.180034
v 0.115053 0.202629 -0.180034
v 0.114803 0.202334 -0.180034
v 0.114508 0.202085 -0.180034
v 0.114168 0.201881 -0.180034
v 0.113782 0.201722 -0.180034
v 0.113352 0.201609 -0.180034
v 0.112875 0.201541 -0.180034
v 0.112354 0.201518 -0.180034
v -0.093394 0.201518 -0.180034
v -0.093915 0.201541 -0.180034
v -0.094391 0.201609 -0.180034
v -0.094822 0.201722 -0.180034
v -0.095208 0.201881 -0.180034
v -0.095548 0.202085 -0.180034
v -0.095843 0.202334 -0.180034
v -0.096092 0.202629 -0.180034
v -0.096297 0.202969 -0.180034
v -0.096455 0.203355 -0.180034
v -0.096569 0.203786 -0.180034
v -0.096637 0.204262 -0.180034
v -0.096659 0.204784 -0.180034
v -0.096659 0.268234 -0.180034
v -0.020612 0.268234 -0.180034
v -0.020612 0.329818 -0.180034
v -0.158710 0.329818 -0.180034
v -0.158710 0.204784 -0.180034
v -0.158577 0.200330 -0.180034
v -0.158179 0.195991 -0.180034
v -0.157515 0.191764 -0.180034
v -0.156585 0.187651 -0.180034
v -0.155389 0.183651 -0.180034
v -0.153928 0.179765 -0.180034
v -0.152201 0.175992 -0.180034
v -0.150208 0.172333 -0.180034
v -0.147950 0.168787 -0.180034
v -0.145427 0.165354 -0.180034
v -0.142637 0.162035 -0.180034
v -0.139582 0.158829 -0.180034
v -0.136338 0.155811 -0.180034
v -0.132985 0.153055 -0.180034
v -0.129522 0.150562 -0.180034
v -0.125948 0.148332 -0.180034
v -0.122264 0.146363 -0.180034
v -0.118470 0.144658 -0.180034
v -0.114566 0.143214 -0.180034
v -0.110552 0.142033 -0.180034
v -0.106427 0.141115 -0.180034
v -0.102193 0.140459 -0.180034
v -0.097848 0.140065 -0.180034
v -0.093394 0.139934 -0.180034
v 0.112354 0.139934 -0.180034
v 0.116807 0.140065 -0.180034
v 0.121147 0.140459 -0.180034
v 0.125373 0.141115 -0.180034
v 0.129486 0.142033 -0.180034
v 0.133486 0.143214 -0.180034
v 0.137372 0.144658 -0.180034
v 0.141145 0.146363 -0.180034
v 0.144805 0.148332 -0.180034
v 0.148351 0.150562 -0.180034
v 0.151783 0.153055 -0.180034
v 0.155103 0.155811 -0.180034
v 0.158309 0.158829 -0.180034
v 0.161327 0.162035 -0.180034
v 0.164082 0.165354 -0.180034
v 0.166575 0.168787 -0.180034
v 0.168806 0.172333 -0.180034
v 0.170774 0.175992 -0.180034
v 0.172480 0.179765 -0.180034
v 0.173923 0.183651 -0.180034
v 0.175104 0.187651 -0.180034
v 0.176023 0.191764 -0.180034
v 0.176679 0.195991 -0.180034
v 0.177073 0.200330 -0.180034
v 0.177204 0.204784 -0.180034
v 0.177204 0.410997 -0.180034
v 0.177073 0.415451 -0.180034
v 0.176679 0.419791 -0.180034
v 0.176023 0.424017 -0.180034
v 0.175104 0.428130 -0.180034
v 0.173923 0.432130 -0.180034
v 0.172480 0.436016 -0.180034
v 0.170774 0.439789 -0.180034
v 0.168806 0.443448 -0.180034
v 0.166575 0.446994 -0.180034
v 0.164082 0.450427 -0.180034
v 0.161326 0.453746 -0.180034
v 0.158309 0.456952 -0.180034
v 0.155103 0.459970 -0.180034
v 0.151783 0.462726 -0.180034
v 0.148351 0.465219 -0.180034
v 0.144805 0.467450 -0.180034
v 0.141145 0.469418 -0.180034
v 0.137372 0.471124 -0.180034
v 0.133486 0.472567 -0.180034
v 0.129486 0.473748 -0.180034
v 0.125373 0.474667 -0.180034
v 0.121147 0.475323 -0.180034
v 0.116807 0.475716 -0.180034
v 0.112354 0.475847 -0.180034
v -0.093394 0.475847 -0.180034
v -0.097848 0.475716 -0.180034
v -0.102193 0.475323 -0.180034
v -0.106428 0.474667 -0.180034
v -0.110552 0.473748 -0.180034
v -0.114566 0.472567 -0.180034
v -0.118470 0.471124 -0.180034
v -0.122264 0.469418 -0.180034
v -0.125948 0.467450 -0.180034
v -0.129522 0.465219 -0.180034
v -0.132985 0.462726 -0.180034
v -0.136338 0.459970 -0.180034
v -0.139582 0.456952 -0.180034
v -0.142637 0.453746 -0.180034
v -0.145426 0.450427 -0.180034
v -0.147950 0.446994 -0.180034
v -0.150208 0.443448 -0.180034
v -0.152201 0.439789 -0.180034
v -0.153928 0.436016 -0.180034
v -0.155389 0.432130 -0.180034
v -0.156585 0.428130 -0.180034
v -0.157514 0.424017 -0.180034
v -0.158179 0.419791 -0.180034
v -0.158577 0.415451 -0.180034
v 0.272846 0.475847 -0.180034
v 0.199131 0.475847 -0.180034
v 0.354491 0.265435 -0.180034
v 0.354491 0.139934 -0.180034
v 0.416076 0.139934 -0.180034
v 0.416076 0.265435 -0.180034
v 0.571436 0.475847 -0.180034
v 0.498188 0.475847 -0.180034
v 0.385284 0.333084 -0.180034
v 0.916214 0.139934 -0.180035
v 0.916214 0.476314 -0.180035
v 0.854630 0.476314 -0.180035
v 0.854630 0.201518 -0.180035
v 0.580300 0.201518 -0.180034
v 0.580300 0.139934 -0.180034
v 1.239064 0.475847 -0.180035
v 1.032851 0.475847 -0.180035
v 1.028470 0.475716 -0.180035
v 1.024194 0.475323 -0.180035
v 1.020021 0.474667 -0.180035
v 1.015951 0.473748 -0.180035
v 1.011986 0.472567 -0.180035
v 1.008124 0.471124 -0.180035
v 1.004365 0.469418 -0.180035
v 1.000711 0.467450 -0.180035
v 0.997160 0.465219 -0.180035
v 0.993713 0.462726 -0.180035
v 0.990369 0.459970 -0.180035
v 0.987129 0.456952 -0.180035
v 0.984074 0.453746 -0.180035
v 0.981284 0.450427 -0.180035
v 0.978760 0.446994 -0.180035
v 0.976502 0.443448 -0.180035
v 0.974510 0.439789 -0.180035
v 0.972783 0.436016 -0.180035
v 0.971322 0.432130 -0.180035
v 0.970126 0.428130 -0.180035
v 0.969196 0.424017 -0.180035
v 0.968532 0.419791 -0.180035
v 0.968134 0.415451 -0.180035
v 0.968001 0.410997 -0.180035
v 0.968001 0.204784 -0.180035
v 0.968133 0.200330 -0.180035
v 0.968532 0.195991 -0.180035
v 0.969196 0.191764 -0.180035
v 0.970126 0.187651 -0.180035
v 0.971321 0.183651 -0.180035
v 0.972783 0.179765 -0.180035
v 0.974509 0.175992 -0.180035
v 0.976502 0.172333 -0.180035
v 0.978760 0.168787 -0.180035
v 0.981284 0.165354 -0.180035
v 0.984074 0.162035 -0.180035
v 0.987129 0.158829 -0.180035
v 0.990369 0.155811 -0.180035
v 0.993713 0.153055 -0.180035
v 0.997160 0.150562 -0.180035
v 1.000711 0.148332 -0.180035
v 1.004365 0.146363 -0.180035
v 1.008124 0.144658 -0.180035
v 1.011986 0.143214 -0.180035
v 1.015951 0.142033 -0.180035
v 1.020021 0.141115 -0.180035
v 1.024194 0.140459 -0.180035
v 1.028470 0.140065 -0.180035
v 1.032851 0.139934 -0.180035
v 1.239064 0.139934 -0.180035
v 1.243518 0.140065 -0.180035
v 1.247857 0.140459 -0.180035
v 1.252084 0.141115 -0.180035
v 1.256197 0.142033 -0.180035
v 1.260197 0.143214 -0.180035
v 1.264083 0.144658 -0.180035
v 1.267856 0.146363 -0.180035
v 1.271515 0.148332 -0.180035
v 1.275061 0.150562 -0.180035
v 1.278494 0.153055 -0.180035
v 1.281813 0.155811 -0.180035
v 1.285019 0.158829 -0.180035
v 1.288037 0.162035 -0.180035
v 1.290793 0.165354 -0.180035
v 1.293286 0.168787 -0.180035
v 1.295516 0.172333 -0.180035
v 1.297485 0.175992 -0.180035
v 1.299191 0.179765 -0.180035
v 1.300634 0.183651 -0.180035
v 1.301815 0.187651 -0.180035
v 1.302733 0.191764 -0.180035
v 1.303390 0.195991 -0.180035
v 1.303783 0.200330 -0.180035
v 1.303914 0.204784 -0.180035
v 1.303914 0.410997 -0.180035
v 1.303783 0.415451 -0.180035
v 1.303390 0.419791 -0.180035
v 1.302733 0.424017 -0.180035
v 1.301815 0.428130 -0.180035
v 1.300634 0.432130 -0.180035
v 1.299191 0.436016 -0.180035
v 1.297485 0.439789 -0.180035
v 1.295516 0.443448 -0.180035
v 1.293286 0.446994 -0.180035
v 1.290793 0.450427 -0.180035
v 1.288037 0.453746 -0.180035
v 1.285019 0.456952 -0.180035
v 1.281813 0.459970 -0.180035
v 1.278494 0.462726 -0.180035
v 1.275061 0.465219 -0.180035
v 1.271515 0.467450 -0.180035
v 1.267856 0.469418 -0.180035
v 1.264083 0.471124 -0.180035
v 1.260197 0.472567 -0.180035
v 1.256197 0.473748 -0.180035
v 1.252084 0.474667 -0.180035
v 1.247857 0.475323 -0.180035
v 1.243518 0.475716 -0.180035
v 1.239064 0.201518 -0.180035
v 1.032851 0.201518 -0.180035
v 1.032403 0.201541 -0.180035
v 1.031995 0.201609 -0.180035
v 1.031626 0.201722 -0.180035
v 1.031296 0.201881 -0.180035
v 1.031004 0.202085 -0.180035
v 1.030751 0.202334 -0.180035
v 1.030537 0.202629 -0.180035
v 1.030362 0.202969 -0.180035
v 1.030226 0.203355 -0.180035
v 1.030129 0.203786 -0.180035
v 1.030071 0.204262 -0.180035
v 1.030051 0.204784 -0.180035
v 1.030051 0.410997 -0.180035
v 1.030071 0.411519 -0.180035
v 1.030129 0.411995 -0.180035
v 1.030226 0.412426 -0.180035
v 1.030363 0.412812 -0.180035
v 1.030538 0.413152 -0.180035
v 1.030751 0.413447 -0.180035
v 1.031004 0.413696 -0.180035
v 1.031296 0.413900 -0.180035
v 1.031626 0.414059 -0.180035
v 1.031996 0.414173 -0.180035
v 1.032404 0.414241 -0.180035
v 1.032851 0.414263 -0.180035
v 1.239064 0.414263 -0.180035
v 1.239586 0.414241 -0.180035
v 1.240062 0.414173 -0.180035
v 1.240493 0.414059 -0.180035
v 1.240879 0.413900 -0.180035
v 1.241219 0.413696 -0.180035
v 1.241514 0.413447 -0.180035
v 1.241763 0.413152 -0.180035
v 1.241967 0.412812 -0.180035
v 1.242126 0.412426 -0.180035
v 1.242239 0.411995 -0.180035
v 1.242307 0.411519 -0.180035
v 1.242330 0.410997 -0.180035
v 1.242330 0.204784 -0.180035
v 1.242307 0.204262 -0.180035
v 1.242239 0.203786 -0.180035
v 1.242126 0.203355 -0.180035
v 1.241967 0.202969 -0.180035
v 1.241763 0.202629 -0.180035
v 1.241514 0.202334 -0.180035
v 1.241219 0.202085 -0.180035
v 1.240879 0.201881 -0.180035
v 1.240493 0.201722 -0.180035
v 1.240062 0.201609 -0.180035
v 1.239586 0.201541 -0.180035
v 1.672020 0.475381 -0.180035
v 1.401423 0.475381 -0.180035
v 1.396968 0.475248 -0.180035
v 1.392623 0.474850 -0.180035
v 1.388388 0.474185 -0.180035
v 1.384264 0.473256 -0.180035
v 1.380250 0.472060 -0.180035
v 1.376346 0.470599 -0.180035
v 1.372552 0.468872 -0.180035
v 1.368868 0.466879 -0.180035
v 1.365294 0.464621 -0.180035
v 1.361831 0.462097 -0.180035
v 1.358478 0.459308 -0.180035
v 1.355234 0.456253 -0.180035
v 1.352179 0.453013 -0.180035
v 1.349390 0.449669 -0.180035
v 1.346866 0.446222 -0.180035
v 1.344608 0.442671 -0.180035
v 1.342615 0.439016 -0.180035
v 1.340888 0.435258 -0.180035
v 1.339427 0.431396 -0.180035
v 1.338232 0.427430 -0.180035
v 1.337302 0.423361 -0.180035
v 1.336637 0.419188 -0.180035
v 1.336239 0.414911 -0.180035
v 1.336106 0.410531 -0.180035
v 1.336106 0.320021 -0.180035
v 1.336239 0.315640 -0.180035
v 1.336637 0.311364 -0.180035
v 1.337301 0.307191 -0.180035
v 1.338231 0.303121 -0.180035
v 1.339427 0.299156 -0.180035
v 1.340888 0.295294 -0.180035
v 1.342615 0.291536 -0.180035
v 1.344608 0.287881 -0.180035
v 1.346866 0.284330 -0.180035
v 1.349390 0.280883 -0.180035
v 1.352179 0.277539 -0.180035
v 1.355234 0.274299 -0.180035
v 1.358478 0.271244 -0.180035
v 1.361831 0.268454 -0.180035
v 1.365294 0.265931 -0.180035
v 1.368868 0.263672 -0.180035
v 1.372552 0.261680 -0.180035
v 1.376346 0.259953 -0.180035
v 1.380250 0.258492 -0.180035
v 1.384264 0.257296 -0.180035
v 1.388388 0.256366 -0.180035
v 1.392623 0.255702 -0.180035
v 1.396968 0.255304 -0.180035
v 1.401423 0.255171 -0.180035
v 1.609036 0.254704 -0.180035
v 1.610436 0.255171 -0.180035
v 1.610436 0.139934 -0.180035
v 1.672020 0.139934 -0.180035
v 1.398157 0.320021 -0.180035
v 1.398157 0.410531 -0.180035
v 1.398180 0.411053 -0.180035
v 1.398247 0.411529 -0.180035
v 1.398361 0.411960 -0.180035
v 1.398520 0.412345 -0.180035
v 1.398724 0.412685 -0.180035
v 1.398973 0.412980 -0.180035
v 1.399268 0.413230 -0.180035
v 1.399608 0.413434 -0.180035
v 1.399994 0.413593 -0.180035
v 1.400425 0.413706 -0.180035
v 1.400901 0.413774 -0.180035
v 1.401423 0.413797 -0.180035
v 1.607170 0.413797 -0.180035
v 1.607692 0.413774 -0.180035
v 1.608168 0.413706 -0.180035
v 1.608598 0.413593 -0.180035
v 1.608984 0.413434 -0.180035
v 1.609324 0.413230 -0.180035
v 1.609619 0.412980 -0.180035
v 1.609869 0.412685 -0.180035
v 1.610073 0.412345 -0.180035
v 1.610232 0.411960 -0.180035
v 1.610345 0.411529 -0.180035
v 1.610413 0.411053 -0.180035
v 1.610436 0.410531 -0.180035
v 1.610436 0.320021 -0.180035
v 1.610413 0.319499 -0.180035
v 1.610345 0.319023 -0.180035
v 1.610232 0.318592 -0.180035
v 1.610073 0.318206 -0.180035
v 1.609869 0.317866 -0.180035
v 1.609619 0.317571 -0.180035
v 1.609324 0.317322 -0.180035
v 1.608984 0.317118 -0.180035
v 1.608598 0.316959 -0.180035
v 1.608168 0.316846 -0.180035
v 1.607692 0.316778 -0.180035
v 1.607170 0.316755 -0.180035
v 1.401423 0.316755 -0.180035
v 1.400901 0.316778 -0.180035
v 1.400425 0.316846 -0.180035
v 1.399994 0.316959 -0.180035
v 1.399608 0.317118 -0.180035
v 1.399268 0.317322 -0.180035
v 1.398973 0.317571 -0.180035
v 1.398724 0.317866 -0.180035
v 1.398520 0.318206 -0.180035
v 1.398361 0.318592 -0.180035
v 1.398247 0.319023 -0.180035
v 1.398180 0.319499 -0.180035
vn -0.0000 -0.0000 1.0000
vn 0.0001 -0.0000 1.0000
vn -0.0000 -0.0000 -1.0000
vn 0.0001 -0.0000 -1.0000
vn -0.0001 -0.0000 -1.0000
vn -0.0007 -0.0000 -1.0000
vn -0.0002 -0.0000 -1.0000
vn -0.0005 -0.0000 -1.0000
vn 0.3482 0.9374 -0.0000
vn -0.4713 0.8820 -0.0000
vn -0.8574 -0.5146 -0.0000
vn 0.2545 -0.9671 -0.0000
vn -0.9957 -0.0928 -0.0000
vn 0.4737 0.8807 -0.0000
vn 0.8574 -0.5146 -0.0000
vn -0.9876 -0.1572 -0.0000
vn -0.4133 0.9106 -0.0000
vn -0.3810 -0.9246 -0.0000
vn 0.4120 0.9112 -0.0000
vn -0.5295 0.8483 -0.0000
vn -0.9249 -0.3802 -0.0000
vn 0.3810 -0.9246 -0.0000
vn -0.9749 -0.2228 -0.0000
vn 0.5325 0.8464 -0.0000
vn 0.9249 -0.3802 -0.0000
vn -0.9574 -0.2887 -0.0000
vn -0.4742 0.8804 -0.0000
vn -0.5145 -0.8575 -0.0000
vn 0.4736 0.8807 -0.0000
vn -0.5842 0.8116 -0.0000
vn -0.9670 -0.2547 -0.0000
vn 0.5145 -0.8575 -0.0000
vn -0.9353 -0.3539 -0.0000
vn 0.5877 0.8091 -0.0000
vn 0.9670 -0.2547 -0.0000
vn -0.9087 -0.4175 -0.0000
vn -0.5320 0.8467 -0.0000
vn -0.6463 -0.7631 -0.0000
vn -0.6349 0.7726 -0.0000
vn -0.9900 -0.1410 -0.0000
vn 0.6459 -0.7634 -0.0000
vn -0.8780 -0.4787 -0.0000
vn 0.6387 0.7694 -0.0000
vn 0.9900 -0.1410 -0.0000
vn -0.8439 -0.5366 -0.0000
vn -0.5860 0.8103 -0.0000
vn -0.7633 -0.6460 -0.0000
vn 0.5876 0.8091 -0.0000
vn -0.6811 0.7322 -0.0000
vn -0.9991 -0.0433 -0.0000
vn 0.7637 -0.6456 -0.0000
vn -0.8069 -0.5907 -0.0000
vn 0.6854 0.7281 -0.0000
vn 0.9990 -0.0437 -0.0000
vn -0.7678 -0.6406 -0.0000
vn -0.6360 0.7717 -0.0000
vn 0.7281 0.6854 -0.0000
vn 1.0000 -0.0000 -0.0000
vn -0.7276 -0.6861 -0.0000
vn -0.7239 0.6899 -0.0000
vn -1.0000 -0.0000 -0.0000
vn -0.6857 -0.7279 -0.0000
vn -0.6816 0.7318 -0.0000
vn -0.9249 -0.3803 -0.0000
vn 0.6855 0.7281 -0.0000
vn -0.7655 0.6434 -0.0000
vn 0.9249 -0.3803 -0.0000
vn -0.6395 -0.7688 -0.0000
vn 0.7694 0.6388 -0.0000
vn -0.0000 -1.0000 -0.0000
vn -0.5890 -0.8082 -0.0000
vn -0.8057 0.5924 -0.0000
vn -0.5342 -0.8454 -0.0000
vn -0.7240 0.6898 -0.0000
vn 0.8091 0.5877 -0.0000
vn -0.0000 1.0000 -0.0000
vn -0.4758 -0.8796 -0.0000
vn -0.7656 0.6434 -0.0000
vn -0.9900 -0.1411 -0.0000
vn 0.7694 0.6387 -0.0000
vn -0.8435 0.5371 -0.0000
vn 0.9900 -0.1411 -0.0000
vn -0.4143 -0.9102 -0.0000
vn 0.8465 0.5325 -0.0000
vn -0.3505 -0.9365 -0.0000
vn -0.8056 0.5924 -0.0000
vn -0.9990 -0.0442 -0.0000
vn -0.8782 0.4782 -0.0000
vn 0.9996 -0.0294 -0.0000
vn -0.2854 -0.9584 -0.0000
vn 0.8807 0.4737 -0.0000
vn -0.2199 -0.9755 -0.0000
vn -0.9991 0.0433 -0.0000
vn 0.8464 0.5325 -0.0000
vn -0.9093 0.4162 -0.0000
vn 0.9990 0.0437 -0.0000
vn -0.1550 -0.9879 -0.0000
vn 0.9112 0.4120 -0.0000
vn -0.0913 -0.9958 -0.0000
vn -0.8782 0.4783 -0.0000
vn -0.9996 -0.0298 -0.0000
vn -0.9360 0.3520 -0.0000
vn -0.0298 -0.9996 -0.0000
vn 0.9374 0.3482 -0.0000
vn -0.9900 0.1410 -0.0000
vn 0.9900 0.1410 -0.0000
vn -0.9093 0.4161 -0.0000
vn 0.3162 -0.9487 -0.0000
vn -0.9581 0.2863 -0.0000
vn -0.0022 -1.0000 -0.0000
vn 0.9591 0.2831 -0.0000
vn -0.9670 0.2547 -0.0000
vn 0.9670 0.2547 -0.0000
vn -0.9754 0.2205 -0.0000
vn 0.9760 0.2179 -0.0000
vn -0.9249 0.3803 -0.0000
vn 0.9249 0.3803 -0.0000
vn 0.9591 0.2832 -0.0000
vn -0.9879 0.1553 -0.0000
vn 0.9882 0.1535 -0.0000
vn -0.8574 0.5146 -0.0000
vn 0.0295 0.9996 -0.0000
vn 0.8574 0.5146 -0.0000
vn -0.9754 0.2206 -0.0000
vn -0.9958 0.0914 -0.0000
vn 0.9959 0.0903 -0.0000
vn -0.7632 0.6462 -0.0000
vn -0.0294 0.9996 -0.0000
vn 0.7635 0.6459 -0.0000
vn -0.9879 0.1552 -0.0000
vn -0.0902 0.9959 -0.0000
vn 0.9882 0.1534 -0.0000
vn 0.0903 0.9959 -0.0000
vn 0.0434 -0.9991 -0.0000
vn -0.6462 0.7632 -0.0000
vn 0.6456 0.7637 -0.0000
vn -0.1531 0.9882 -0.0000
vn -0.9996 0.0298 -0.0000
vn 0.1534 0.9882 -0.0000
vn 0.9996 0.0294 -0.0000
vn -0.5141 0.8577 -0.0000
vn 0.5146 0.8574 -0.0000
vn -0.2174 0.9761 -0.0000
vn -0.0434 -0.9991 -0.0000
vn 0.2179 0.9760 -0.0000
vn -0.9996 0.0299 -0.0000
vn -0.3808 0.9247 -0.0000
vn 0.3808 0.9247 -0.0000
vn -0.2822 0.9593 -0.0000
vn -0.1414 -0.9899 -0.0000
vn 0.2832 0.9591 -0.0000
vn 0.1414 -0.9899 -0.0000
vn -0.2546 0.9671 -0.0000
vn 0.2546 0.9671 -0.0000
vn -0.3468 0.9380 -0.0000
vn 0.0506 -0.9987 -0.0000
vn -0.2547 -0.9670 -0.0000
vn 0.2547 -0.9670 -0.0000
vn -0.1414 0.9899 -0.0000
vn 0.1414 0.9900 -0.0000
vn -0.1415 -0.9899 -0.0000
vn -0.4101 0.9120 -0.0000
vn 0.1644 -0.9864 -0.0000
vn -0.3808 -0.9247 -0.0000
vn 0.3808 -0.9247 -0.0000
vn -0.0434 0.9991 -0.0000
vn 0.0435 0.9991 -0.0000
vn -0.2543 -0.9671 -0.0000
vn 0.2937 -0.9559 -0.0000
vn 0.5148 -0.8573 -0.0000
vn -0.3809 -0.9246 -0.0000
vn 0.4330 -0.9014 -0.0000
vn -0.9958 -0.0915 -0.0000
vn 0.5325 0.8465 -0.0000
vn 0.9959 -0.0904 -0.0000
vn -0.5147 -0.8574 -0.0000
vn 0.5741 -0.8188 -0.0000
vn -0.9879 -0.1552 -0.0000
vn 0.7633 -0.6460 -0.0000
vn 0.9882 -0.1534 -0.0000
vn -0.6458 -0.7635 -0.0000
vn 0.7023 -0.7119 -0.0000
vn -0.8577 -0.5141 -0.0000
vn -0.9754 -0.2205 -0.0000
vn 0.6388 0.7694 -0.0000
vn 0.8577 -0.5141 -0.0000
vn 0.9760 -0.2180 -0.0000
vn -0.7632 -0.6462 -0.0000
vn 0.8091 -0.5876 -0.0000
vn -0.9246 -0.3809 -0.0000
vn -0.9581 -0.2865 -0.0000
vn 0.9246 -0.3809 -0.0000
vn 0.9591 -0.2832 -0.0000
vn -0.8577 -0.5142 -0.0000
vn 0.8894 -0.4572 -0.0000
vn -0.9672 -0.2541 -0.0000
vn -0.9360 -0.3519 -0.0000
vn 0.9672 -0.2541 -0.0000
vn 0.9374 -0.3482 -0.0000
vn -0.9247 -0.3807 -0.0000
vn 0.9429 -0.3329 -0.0000
vn -0.9899 -0.1417 -0.0000
vn -0.9093 -0.4162 -0.0000
vn 0.9899 -0.1417 -0.0000
vn 0.9754 0.2204 -0.0000
vn 0.9112 -0.4120 -0.0000
vn 0.9754 -0.2204 -0.0000
vn -0.9990 -0.0448 -0.0000
vn -0.8782 -0.4782 -0.0000
vn 0.9991 -0.0431 -0.0000
vn 0.9429 0.3329 -0.0000
vn 0.8807 -0.4737 -0.0000
vn 0.9925 -0.1221 -0.0000
vn -0.8435 -0.5371 -0.0000
vn 0.8894 0.4572 -0.0000
vn 0.8465 -0.5325 -0.0000
vn -0.8783 0.4782 -0.0000
vn 0.9993 -0.0362 -0.0000
vn -0.7635 0.6459 -0.0000
vn -0.8057 -0.5924 -0.0000
vn 0.8097 0.5868 -0.0000
vn -0.6459 0.7634 -0.0000
vn -0.7656 -0.6434 -0.0000
vn 0.7026 0.7116 -0.0000
vn 0.7694 -0.6387 -0.0000
vn -0.5143 0.8576 -0.0000
vn -0.7239 -0.6899 -0.0000
vn 0.5731 0.8195 -0.0000
vn 0.7281 -0.6854 -0.0000
vn 0.6854 -0.7281 -0.0000
vn 0.4331 0.9013 -0.0000
vn 0.9993 0.0371 -0.0000
vn -0.6812 -0.7321 -0.0000
vn -0.9991 0.0431 -0.0000
vn 0.6387 -0.7694 -0.0000
vn 0.9990 0.0448 -0.0000
vn -0.9996 -0.0299 -0.0000
vn 0.2935 0.9560 -0.0000
vn -0.6349 -0.7726 -0.0000
vn 0.5877 -0.8091 -0.0000
vn 0.9926 0.1212 -0.0000
vn -0.9899 0.1417 -0.0000
vn 0.1644 0.9864 -0.0000
vn 0.9900 0.1411 -0.0000
vn -0.5842 -0.8116 -0.0000
vn -0.5295 -0.8483 -0.0000
vn -0.9672 0.2541 -0.0000
vn 0.0507 0.9987 -0.0000
vn 0.5325 -0.8465 -0.0000
vn -0.9247 0.3807 -0.0000
vn -0.4713 -0.8820 -0.0000
vn -0.9246 0.3809 -0.0000
vn 0.4737 -0.8807 -0.0000
vn 0.9246 0.3809 -0.0000
vn -0.8577 0.5142 -0.0000
vn -0.9958 -0.0914 -0.0000
vn 0.8889 0.4582 -0.0000
vn 0.9959 -0.0903 -0.0000
vn -0.4101 -0.9121 -0.0000
vn -0.8577 0.5141 -0.0000
vn 0.4120 -0.9112 -0.0000
vn 0.8577 0.5141 -0.0000
vn -0.9879 -0.1553 -0.0000
vn -0.0435 -0.9991 -0.0000
vn -0.3468 -0.9379 -0.0000
vn -0.7633 0.6460 -0.0000
vn 0.3482 -0.9374 -0.0000
vn 0.7633 0.6460 -0.0000
vn 0.7023 0.7119 -0.0000
vn 0.9759 -0.2180 -0.0000
vn -0.2822 -0.9594 -0.0000
vn 0.1415 -0.9899 -0.0000
vn 0.2832 -0.9591 -0.0000
vn 0.6463 0.7631 -0.0000
vn -0.5146 0.8574 -0.0000
vn -0.9581 -0.2864 -0.0000
vn 0.5740 0.8188 -0.0000
vn -0.2174 -0.9761 -0.0000
vn -0.5148 0.8573 -0.0000
vn 0.2180 -0.9760 -0.0000
vn 0.5145 0.8575 -0.0000
vn -0.3809 0.9246 -0.0000
vn -0.1531 -0.9882 -0.0000
vn 0.1534 -0.9882 -0.0000
vn -0.2542 0.9672 -0.0000
vn 0.2936 0.9559 -0.0000
vn -0.0902 -0.9959 -0.0000
vn -0.2545 0.9671 -0.0000
vn 0.0903 -0.9959 -0.0000
vn 0.2547 0.9670 -0.0000
vn -0.1416 0.9899 -0.0000
vn 0.1643 0.9864 -0.0000
vn -0.0294 -0.9996 -0.0000
vn -0.1415 0.9899 -0.0000
vn 0.0295 -0.9996 -0.0000
vn 0.1414 0.9899 -0.0000
vn 0.8045 -0.5940 -0.0000
vn 0.0434 0.9991 -0.0000
vn -0.7844 0.6203 -0.0000
vn 0.7856 0.6187 -0.0000
vn 0.7694 -0.6388 -0.0000
vn -0.8045 -0.5940 -0.0000
vn -0.9754 -0.2206 -0.0000
vn 0.6855 -0.7281 -0.0000
vn 0.9760 -0.2179 -0.0000
vn -0.6816 -0.7317 -0.0000
vn -0.9581 -0.2863 -0.0000
vn -0.6360 -0.7717 -0.0000
vn -0.9360 -0.3520 -0.0000
vn 0.5876 -0.8091 -0.0000
vn 0.9375 -0.3481 -0.0000
vn -0.5860 -0.8103 -0.0000
vn -0.9093 -0.4161 -0.0000
vn -0.5319 -0.8468 -0.0000
vn -0.0299 0.9996 -0.0000
vn 0.5324 -0.8465 -0.0000
vn -0.0917 0.9958 -0.0000
vn -0.8782 -0.4783 -0.0000
vn -0.4742 -0.8804 -0.0000
vn -0.1553 0.9879 -0.0000
vn -0.4133 -0.9106 -0.0000
vn 0.4119 -0.9112 -0.0000
vn -0.2202 0.9755 -0.0000
vn -0.8056 -0.5924 -0.0000
vn 0.2180 0.9760 -0.0000
vn 0.8091 -0.5877 -0.0000
vn -0.3501 -0.9367 -0.0000
vn -0.2854 0.9584 -0.0000
vn -0.7655 -0.6434 -0.0000
vn -0.3501 0.9367 -0.0000
vn -0.7240 -0.6898 -0.0000
vn -0.2202 -0.9755 -0.0000
vn 0.6854 -0.7282 -0.0000
vn 0.7281 -0.6855 -0.0000
vn 0.9899 0.1417 -0.0000
vn -0.1553 -0.9879 -0.0000
vn -0.6816 -0.7318 -0.0000
vn 0.9672 0.2541 -0.0000
vn -0.6813 -0.7320 -0.0000
vn -0.0917 -0.9958 -0.0000
vn -0.5319 0.8468 -0.0000
vn 0.5324 0.8465 -0.0000
vn -0.0299 -0.9996 -0.0000
vn 0.5325 -0.8464 -0.0000
vn -0.9673 -0.2538 -0.0000
vn -0.9245 -0.3812 -0.0000
vn -0.6463 0.7631 -0.0000
vn -0.8576 -0.5142 -0.0000
vn -0.6816 0.7317 -0.0000
vn 0.7281 0.6855 -0.0000
vn -0.5145 0.8575 -0.0000
vn -0.6459 -0.7634 -0.0000
vn -0.5146 -0.8574 -0.0000
vn -0.3806 -0.9248 -0.0000
vn -0.2822 -0.9593 -0.0000
vn -0.2547 0.9670 -0.0000
vn -0.0298 0.9996 -0.0000
vn 0.8091 0.5876 -0.0000
vn -0.0913 0.9958 -0.0000
vn 0.2179 -0.9760 -0.0000
vn -0.8435 0.5372 -0.0000
vn -0.1550 0.9879 -0.0000
vn -0.2199 0.9755 -0.0000
vn -0.2546 -0.9671 -0.0000
vn -0.3505 0.9365 -0.0000
vn 0.9112 0.4119 -0.0000
vn -0.4142 0.9102 -0.0000
vn -0.9360 0.3519 -0.0000
vn -0.4758 0.8796 -0.0000
vn -0.5341 0.8454 -0.0000
vn 0.9882 -0.1535 -0.0000
vn -0.9581 0.2864 -0.0000
vn -0.5890 0.8082 -0.0000
vn -0.6395 0.7688 -0.0000
vn -0.7661 0.6427 -0.0000
vn -0.6857 0.7279 -0.0000
vn 0.9759 0.2180 -0.0000
vn -0.7276 0.6861 -0.0000
vn 0.9591 -0.2831 -0.0000
vn -0.7679 0.6406 -0.0000
vn 0.7654 -0.6436 -0.0000
vn -0.8069 0.5908 -0.0000
vn -0.2822 0.9594 -0.0000
vn -0.8438 0.5366 -0.0000
vn -0.8780 0.4787 -0.0000
vn -0.3468 0.9379 -0.0000
vn -0.8783 -0.4782 -0.0000
vn -0.9087 0.4175 -0.0000
vn 0.9996 0.0295 -0.0000
vn -0.9353 0.3539 -0.0000
vn -0.4101 0.9121 -0.0000
vn -0.9574 0.2886 -0.0000
vn 0.0507 -0.9987 -0.0000
vn -0.9749 0.2228 -0.0000
vn -0.1414 -0.9900 -0.0000
vn -0.9876 0.1572 -0.0000
vn -0.9957 0.0928 -0.0000
vn -0.2546 -0.9670 -0.0000
vn 0.2935 -0.9559 -0.0000
vn -0.3807 -0.9247 -0.0000
vn -0.9995 0.0304 -0.0000
vn 0.1414 -0.9900 -0.0000
vn 0.2546 -0.9671 -0.0000
vn -0.5144 -0.8575 -0.0000
vn 0.5735 -0.8192 -0.0000
vn 0.6388 -0.7694 -0.0000
vn -0.6812 0.7321 -0.0000
vn 0.5146 -0.8574 -0.0000
vn 0.7282 0.6854 -0.0000
vn 0.7026 -0.7116 -0.0000
vn 0.6456 -0.7637 -0.0000
vn 0.7638 -0.6455 -0.0000
vn -0.7635 -0.6459 -0.0000
vn 0.8094 -0.5872 -0.0000
vn 0.8574 -0.5147 -0.0000
vn 0.9247 -0.3807 -0.0000
vn -0.9899 -0.1415 -0.0000
vn 0.9899 -0.1415 -0.0000
vn -0.9990 -0.0437 -0.0000
vn 0.9991 -0.0433 -0.0000
vn 0.9926 -0.1217 -0.0000
vn 0.9993 -0.0371 -0.0000
vn 0.9374 0.3481 -0.0000
vn -0.9990 0.0437 -0.0000
vn 0.9991 0.0433 -0.0000
vn 0.9590 0.2833 -0.0000
vn -0.9995 -0.0303 -0.0000
vn -0.9899 0.1415 -0.0000
vn 0.9899 0.1415 -0.0000
vn 0.9996 -0.0295 -0.0000
vn -0.9673 0.2538 -0.0000
vn 0.9993 0.0367 -0.0000
vn -0.9245 0.3812 -0.0000
vn -0.9958 0.0915 -0.0000
vn 0.9247 0.3807 -0.0000
vn 0.9926 0.1217 -0.0000
vn 0.0435 -0.9991 -0.0000
vn 0.7638 0.6455 -0.0000
vn 0.9760 0.2180 -0.0000
vn 0.1413 -0.9900 -0.0000
vn -0.3806 0.9248 -0.0000
vn 0.2546 -0.9670 -0.0000
vn 0.3807 -0.9247 -0.0000
vn -0.5141 -0.8577 -0.0000
vn 0.5147 -0.8574 -0.0000
vn -0.6461 -0.7632 -0.0000
vn -0.1413 -0.9900 -0.0000
vn 0.7635 -0.6459 -0.0000
vt 0.840764 0.000000
vt 0.847134 0.000000
vt 0.853503 0.000000
vt 0.859873 0.000000
vt 0.866242 0.000000
vt 0.834395 0.000000
vt 0.872611 0.000000
vt 0.828025 0.000000
vt 0.878981 0.000000
vt 0.821656 0.000000
vt 0.885350 0.000000
vt 0.815287 0.000000
vt 0.891720 0.000000
vt 0.808917 0.000000
vt 0.898089 0.000000
vt 0.802548 0.000000
vt 0.904459 0.000000
vt 0.796178 0.000000
vt 0.910828 0.000000
vt 0.789809 0.000000
vt 0.917197 0.000000
vt 0.783440 0.000000
vt 0.923567 0.000000
vt 0.777070 0.000000
vt 0.929936 0.000000
vt 0.770701 0.000000
vt 0.764331 0.000000
vt 0.936306 0.000000
vt 0.942675 0.000000
vt 0.757962 0.000000
vt 0.949045 0.000000
vt 0.751592 0.000000
vt 0.955414 0.000000
vt 0.745223 0.000000
vt 0.961783 0.000000
vt 0.738854 0.000000
vt 0.968153 0.000000
vt 0.732484 0.000000
vt 0.974522 0.000000
vt 0.726115 0.000000
vt 0.980892 0.000000
vt 0.719745 0.000000
vt 0.987261 0.000000
vt 0.713376 0.000000
vt 0.993631 0.000000
vt 0.707006 0.000000
vt 1.000000 0.000000
vt 0.700637 0.000000
vt 0.095541 0.000000
vt 0.089172 0.000000
vt 0.000000 0.000000
vt 0.694268 0.000000
vt 0.108280 0.000000
vt 0.101911 0.000000
vt 0.114650 0.000000
vt 0.082803 0.000000
vt 0.121019 0.000000
vt 0.076433 0.000000
vt 0.127389 0.000000
vt 0.070064 0.000000
vt 0.133758 0.000000
vt 0.063694 0.000000
vt 0.140127 0.000000
vt 0.057325 0.000000
vt 0.146497 0.000000
vt 0.050955 0.000000
vt 0.152866 0.000000
vt 0.044586 0.000000
vt 0.159236 0.000000
vt 0.038217 0.000000
vt 0.165605 0.000000
vt 0.031847 0.000000
vt 0.171975 0.000000
vt 0.025478 0.000000
vt 0.178344 0.000000
vt 0.019108 0.000000
vt 0.687898 0.000000
vt 0.184713 0.000000
vt 0.012739 0.000000
vt 0.006369 0.000000
vt 0.356688 0.000000
vt 0.363057 0.000000
vt 0.369427 0.000000
vt 0.350318 0.000000
vt 0.375796 0.000000
vt 0.343949 0.000000
vt 0.681529 0.000000
vt 0.191083 0.000000
vt 0.337580 0.000000
vt 0.382166 0.000000
vt 0.197452 0.000000
vt 0.331210 0.000000
vt 0.203822 0.000000
vt 0.324841 0.000000
vt 0.210191 0.000000
vt 0.318471 0.000000
vt 0.216561 0.000000
vt 0.312102 0.000000
vt 0.222930 0.000000
vt 0.305732 0.000000
vt 0.229299 0.000000
vt 0.299363 0.000000
vt 0.235669 0.000000
vt 0.292994 0.000000
vt 0.242038 0.000000
vt 0.286624 0.000000
vt 0.248408 0.000000
vt 0.280255 0.000000
vt 0.254777 0.000000
vt 0.273885 0.000000
vt 0.261146 0.000000
vt 0.267516 0.000000
vt 0.388535 0.000000
vt 0.675159 0.000000
vt 0.394904 0.000000
vt 0.668790 0.000000
vt 0.401274 0.000000
vt 0.662420 0.000000
vt 0.407643 0.000000
vt 0.656051 0.000000
vt 0.414013 0.000000
vt 0.649682 0.000000
vt 0.420382 0.000000
vt 0.643312 0.000000
vt 0.426752 0.000000
vt 0.636943 0.000000
vt 0.433121 0.000000
vt 0.630573 0.000000
vt 0.439490 0.000000
vt 0.624204 0.000000
vt 0.445860 0.000000
vt 0.617834 0.000000
vt 0.452229 0.000000
vt 0.611465 0.000000
vt 0.605096 0.000000
vt 0.458599 0.000000
vt 0.598726 0.000000
vt 0.464968 0.000000
vt 0.592357 0.000000
vt 0.471338 0.000000
vt 0.477707 0.000000
vt 0.585987 0.000000
vt 0.484076 0.000000
vt 0.579618 0.000000
vt 0.490446 0.000000
vt 0.573248 0.000000
vt 0.496815 0.000000
vt 0.566879 0.000000
vt 0.503185 0.000000
vt 0.560510 0.000000
vt 0.509554 0.000000
vt 0.554140 0.000000
vt 0.515924 0.000000
vt 0.547771 0.000000
vt 0.522293 0.000000
vt 0.541401 0.000000
vt 0.528662 0.000000
vt 0.535032 0.000000
vt 0.777778 0.000000
vt 0.888889 0.000000
vt 0.555556 0.000000
vt 0.111111 0.000000
vt 0.222222 0.000000
vt 0.333333 0.000000
vt 0.666667 0.000000
vt 0.444444 0.000000
vt 0.662651 0.000000
vt 0.012048 0.000000
vt 0.024096 0.000000
vt 0.036145 0.000000
vt 0.650602 0.000000
vt 0.048193 0.000000
vt 0.638554 0.000000
vt 0.060241 0.000000
vt 0.626506 0.000000
vt 0.072289 0.000000
vt 0.614458 0.000000
vt 0.084337 0.000000
vt 0.602410 0.000000
vt 0.096386 0.000000
vt 0.590361 0.000000
vt 0.108434 0.000000
vt 0.578313 0.000000
vt 0.120482 0.000000
vt 0.566265 0.000000
vt 0.132530 0.000000
vt 0.554217 0.000000
vt 0.144578 0.000000
vt 0.542169 0.000000
vt 0.156627 0.000000
vt 0.530120 0.000000
vt 0.518072 0.000000
vt 0.168675 0.000000
vt 0.180723 0.000000
vt 0.506024 0.000000
vt 0.192771 0.000000
vt 0.493976 0.000000
vt 0.204819 0.000000
vt 0.481928 0.000000
vt 0.216867 0.000000
vt 0.469880 0.000000
vt 0.228916 0.000000
vt 0.457831 0.000000
vt 0.240964 0.000000
vt 0.445783 0.000000
vt 0.253012 0.000000
vt 0.433735 0.000000
vt 0.265060 0.000000
vt 0.421687 0.000000
vt 0.277108 0.000000
vt 0.409639 0.000000
vt 0.289157 0.000000
vt 0.397590 0.000000
vt 0.843373 0.000000
vt 0.831325 0.000000
vt 0.301205 0.000000
vt 0.385542 0.000000
vt 0.867470 0.000000
vt 0.855422 0.000000
vt 0.879518 0.000000
vt 0.819277 0.000000
vt 0.891566 0.000000
vt 0.807229 0.000000
vt 0.903614 0.000000
vt 0.795181 0.000000
vt 0.915663 0.000000
vt 0.783133 0.000000
vt 0.927711 0.000000
vt 0.771084 0.000000
vt 0.939759 0.000000
vt 0.759036 0.000000
vt 0.951807 0.000000
vt 0.746988 0.000000
vt 0.963855 0.000000
vt 0.734940 0.000000
vt 0.975904 0.000000
vt 0.722892 0.000000
vt 0.987952 0.000000
vt 0.710843 0.000000
vt 0.698795 0.000000
vt 0.373494 0.000000
vt 0.674699 0.000000
vt 0.686747 0.000000
vt 0.313253 0.000000
vt 0.349398 0.000000
vt 0.337349 0.000000
vt 0.361446 0.000000
vt 0.325301 0.000000
vt 0.655629 0.000000
vt 0.006623 0.000000
vt 0.013245 0.000000
vt 0.019868 0.000000
vt 0.649007 0.000000
vt 0.026490 0.000000
vt 0.642384 0.000000
vt 0.033113 0.000000
vt 0.635762 0.000000
vt 0.039735 0.000000
vt 0.629139 0.000000
vt 0.046358 0.000000
vt 0.622517 0.000000
vt 0.052980 0.000000
vt 0.615894 0.000000
vt 0.059603 0.000000
vt 0.609272 0.000000
vt 0.066225 0.000000
vt 0.602649 0.000000
vt 0.072848 0.000000
vt 0.596026 0.000000
vt 0.079470 0.000000
vt 0.589404 0.000000
vt 0.086093 0.000000
vt 0.582781 0.000000
vt 0.576159 0.000000
vt 0.092715 0.000000
vt 0.099338 0.000000
vt 0.569536 0.000000
vt 0.105960 0.000000
vt 0.562914 0.000000
vt 0.112583 0.000000
vt 0.556291 0.000000
vt 0.119205 0.000000
vt 0.549669 0.000000
vt 0.125828 0.000000
vt 0.543046 0.000000
vt 0.132450 0.000000
vt 0.536424 0.000000
vt 0.139073 0.000000
vt 0.529801 0.000000
vt 0.145695 0.000000
vt 0.523179 0.000000
vt 0.152318 0.000000
vt 0.516556 0.000000
vt 0.158940 0.000000
vt 0.509934 0.000000
vt 0.834437 0.000000
vt 0.165563 0.000000
vt 0.503311 0.000000
vt 0.847682 0.000000
vt 0.841060 0.000000
vt 0.827815 0.000000
vt 0.854305 0.000000
vt 0.821192 0.000000
vt 0.860927 0.000000
vt 0.814570 0.000000
vt 0.867550 0.000000
vt 0.807947 0.000000
vt 0.874172 0.000000
vt 0.801324 0.000000
vt 0.880795 0.000000
vt 0.794702 0.000000
vt 0.887417 0.000000
vt 0.788079 0.000000
vt 0.894040 0.000000
vt 0.781457 0.000000
vt 0.900662 0.000000
vt 0.774834 0.000000
vt 0.907285 0.000000
vt 0.768212 0.000000
vt 0.913907 0.000000
vt 0.761589 0.000000
vt 0.920530 0.000000
vt 0.754967 0.000000
vt 0.496689 0.000000
vt 0.927152 0.000000
vt 0.748344 0.000000
vt 0.172185 0.000000
vt 0.490066 0.000000
vt 0.933775 0.000000
vt 0.741722 0.000000
vt 0.178808 0.000000
vt 0.940397 0.000000
vt 0.735099 0.000000
vt 0.947020 0.000000
vt 0.728477 0.000000
vt 0.953642 0.000000
vt 0.721854 0.000000
vt 0.960265 0.000000
vt 0.715232 0.000000
vt 0.966887 0.000000
vt 0.708609 0.000000
vt 0.973510 0.000000
vt 0.701987 0.000000
vt 0.980132 0.000000
vt 0.695364 0.000000
vt 0.986755 0.000000
vt 0.688742 0.000000
vt 0.993378 0.000000
vt 0.682119 0.000000
vt 0.675497 0.000000
vt 0.662252 0.000000
vt 0.668874 0.000000
vt 0.185430 0.000000
vt 0.483444 0.000000
vt 0.192053 0.000000
vt 0.476821 0.000000
vt 0.198675 0.000000
vt 0.470199 0.000000
vt 0.205298 0.000000
vt 0.463576 0.000000
vt 0.211921 0.000000
vt 0.456954 0.000000
vt 0.218543 0.000000
vt 0.450331 0.000000
vt 0.225166 0.000000
vt 0.443709 0.000000
vt 0.231788 0.000000
vt 0.437086 0.000000
vt 0.238411 0.000000
vt 0.430464 0.000000
vt 0.245033 0.000000
vt 0.423841 0.000000
vt 0.251656 0.000000
vt 0.417219 0.000000
vt 0.410596 0.000000
vt 0.258278 0.000000
vt 0.403974 0.000000
vt 0.264901 0.000000
vt 0.397351 0.000000
vt 0.271523 0.000000
vt 0.278146 0.000000
vt 0.390728 0.000000
vt 0.284768 0.000000
vt 0.384106 0.000000
vt 0.291391 0.000000
vt 0.377483 0.000000
vt 0.298013 0.000000
vt 0.370861 0.000000
vt 0.304636 0.000000
vt 0.364238 0.000000
vt 0.311258 0.000000
vt 0.357616 0.000000
vt 0.317881 0.000000
vt 0.350993 0.000000
vt 0.324503 0.000000
vt 0.344371 0.000000
vt 0.331126 0.000000
vt 0.337748 0.000000
vt 0.625000 0.000000
vt 0.750000 0.000000
vt 0.875000 0.000000
vt 0.125000 0.000000
vt 0.250000 0.000000
vt 0.500000 0.000000
vt 0.375000 0.000000
vt 0.200000 0.000000
vt 0.400000 0.000000
vt 0.600000 0.000000
vt 0.800000 0.000000
vt 0.509434 0.000000
vt 0.745283 0.000000
vt 0.735849 0.000000
vt 0.726415 0.000000
vt 0.716981 0.000000
vt 0.707547 0.000000
vt 0.698113 0.000000
vt 0.688679 0.000000
vt 0.679245 0.000000
vt 0.009434 0.000000
vt 0.018868 0.000000
vt 0.028302 0.000000
vt 0.037736 0.000000
vt 0.047170 0.000000
vt 0.669811 0.000000
vt 0.056604 0.000000
vt 0.066038 0.000000
vt 0.075472 0.000000
vt 0.084906 0.000000
vt 0.094340 0.000000
vt 0.103774 0.000000
vt 0.113208 0.000000
vt 0.122642 0.000000
vt 0.132075 0.000000
vt 0.660377 0.000000
vt 0.141509 0.000000
vt 0.150943 0.000000
vt 0.160377 0.000000
vt 0.169811 0.000000
vt 0.179245 0.000000
vt 0.188679 0.000000
vt 0.198113 0.000000
vt 0.650943 0.000000
vt 0.207547 0.000000
vt 0.216981 0.000000
vt 0.226415 0.000000
vt 0.641509 0.000000
vt 0.632075 0.000000
vt 0.235849 0.000000
vt 0.622642 0.000000
vt 0.613208 0.000000
vt 0.603774 0.000000
vt 0.594340 0.000000
vt 0.584906 0.000000
vt 0.575472 0.000000
vt 0.566038 0.000000
vt 0.556604 0.000000
vt 0.547170 0.000000
vt 0.754717 0.000000
vt 0.537736 0.000000
vt 0.764151 0.000000
vt 0.528302 0.000000
vt 0.773585 0.000000
vt 0.518868 0.000000
vt 0.245283 0.000000
vt 0.783019 0.000000
vt 0.254717 0.000000
vt 0.792453 0.000000
vt 0.990566 0.000000
vt 0.801887 0.000000
vt 0.981132 0.000000
vt 0.811321 0.000000
vt 0.971698 0.000000
vt 0.820755 0.000000
vt 0.962264 0.000000
vt 0.830189 0.000000
vt 0.952830 0.000000
vt 0.839623 0.000000
vt 0.943396 0.000000
vt 0.849057 0.000000
vt 0.933962 0.000000
vt 0.858491 0.000000
vt 0.924528 0.000000
vt 0.867925 0.000000
vt 0.915094 0.000000
vt 0.877358 0.000000
vt 0.905660 0.000000
vt 0.886792 0.000000
vt 0.896226 0.000000
vt 0.490566 0.000000
vt 0.264151 0.000000
vt 0.273585 0.000000
vt 0.283019 0.000000
vt 0.292453 0.000000
vt 0.301887 0.000000
vt 0.311321 0.000000
vt 0.320755 0.000000
vt 0.330189 0.000000
vt 0.339623 0.000000
vt 0.349057 0.000000
vt 0.358491 0.000000
vt 0.367925 0.000000
vt 0.377358 0.000000
vt 0.386792 0.000000
vt 0.396226 0.000000
vt 0.405660 0.000000
vt 0.415094 0.000000
vt 0.424528 0.000000
vt 0.433962 0.000000
vt 0.443396 0.000000
vt 0.452830 0.000000
vt 0.462264 0.000000
vt 0.471698 0.000000
vt 0.481132 0.000000
s 0
usemtl Material.001
f 133/1/1 134/2/1 135/3/1
f 133/1/1 135/3/1 136/4/1
f 133/1/1 136/4/1 137/5/1
f 132/6/1 133/1/1 137/5/1
f 132/6/1 137/5/1 138/7/1
f 131/8/1 132/6/1 138/7/1
f 131/8/1 138/7/1 139/9/1
f 130/10/1 131/8/1 139/9/1
f 130/10/1 139/9/1 140/11/1
f 129/12/1 130/10/1 140/11/1
f 129/12/1 140/11/1 141/13/1
f 128/14/1 129/12/1 141/13/1
f 128/14/1 141/13/1 142/15/1
f 127/16/1 128/14/1 142/15/1
f 127/16/1 142/15/1 143/17/1
f 126/18/1 127/16/1 143/17/1
f 126/18/1 143/17/1 144/19/1
f 125/20/1 126/18/1 144/19/1
f 125/20/1 144/19/1 145/21/1
f 124/22/1 125/20/1 145/21/1
f 124/22/1 145/21/1 146/23/1
f 123/24/1 124/22/1 146/23/1
f 123/24/1 146/23/1 147/25/1
f 122/26/1 123/24/1 147/25/1
f 121/27/1 122/26/1 147/25/1
f 121/27/1 147/25/1 148/28/1
f 121/27/1 148/28/1 149/29/1
f 120/30/1 121/27/1 149/29/1
f 120/30/1 149/29/1 150/31/1
f 119/32/1 120/30/1 150/31/1
f 119/32/1 150/31/1 151/33/1
f 118/34/1 119/32/1 151/33/1
f 118/34/1 151/33/1 152/35/1
f 117/36/1 118/34/1 152/35/1
f 117/36/1 152/35/1 153/37/1
f 116/38/1 117/36/1 153/37/1
f 116/38/1 153/37/1 154/39/1
f 115/40/1 116/38/1 154/39/1
f 115/40/1 154/39/1 155/41/1
f 114/42/1 115/40/1 155/41/1
f 114/42/1 155/41/1 156/43/1
f 113/44/1 114/42/1 156/43/1
f 113/44/1 156/43/1 157/45/1
f 112/46/1 113/44/1 157/45/1
f 112/46/1 157/45/1 158/47/1
f 111/48/1 112/46/1 158/47/1
f 111/48/1 158/47/1 16/49/1
f 16/49/1 158/47/1 15/50/1
f 15/50/1 158/47/1 1/51/1
f 110/52/1 111/48/1 18/53/1
f 18/53/1 111/48/1 17/54/1
f 17/54/1 111/48/1 16/49/1
f 110/52/1 18/53/1 19/55/1
f 14/56/1 15/50/1 1/51/1
f 110/52/1 19/55/1 20/57/1
f 13/58/1 14/56/1 1/51/1
f 110/52/1 20/57/1 21/59/1
f 12/60/1 13/58/1 1/51/1
f 110/52/1 21/59/1 22/61/1
f 11/62/1 12/60/1 1/51/1
f 110/52/1 22/61/1 23/63/1
f 10/64/1 11/62/1 1/51/1
f 110/52/1 23/63/1 24/65/1
f 9/66/1 10/64/1 1/51/1
f 110/52/1 24/65/1 25/67/1
f 8/68/1 9/66/1 1/51/1
f 110/52/1 25/67/1 26/69/1
f 7/70/1 8/68/1 1/51/1
f 110/52/1 26/69/1 27/71/1
f 6/72/1 7/70/1 1/51/1
f 110/52/1 27/71/1 28/73/1
f 5/74/1 6/72/1 1/51/1
f 110/52/1 28/73/1 29/75/1
f 4/76/1 5/74/1 1/51/1
f 109/77/1 110/52/1 29/75/1
f 109/77/1 29/75/1 30/78/1
f 3/79/1 4/76/1 1/51/1
f 3/79/1 1/51/1 2/80/1
f 57/81/1 58/82/1 59/83/1
f 57/81/1 59/83/1 56/84/1
f 56/84/1 59/83/1 60/85/1
f 55/86/1 56/84/1 60/85/1
f 108/87/1 109/77/1 30/78/1
f 108/87/1 30/78/1 31/88/1
f 54/89/1 55/86/1 60/85/1
f 54/89/1 60/85/1 61/90/1
f 108/87/1 31/88/1 32/91/1
f 53/92/1 54/89/1 61/90/1
f 108/87/1 32/91/1 33/93/1
f 52/94/1 53/92/1 61/90/1
f 108/87/1 33/93/1 34/95/1
f 51/96/1 52/94/1 61/90/1
f 108/87/1 34/95/1 35/97/1
f 50/98/1 51/96/1 61/90/1
f 108/87/1 35/97/1 36/99/1
f 49/100/1 50/98/1 61/90/1
f 108/87/1 36/99/1 37/101/1
f 48/102/1 49/100/1 61/90/1
f 108/87/1 37/101/1 38/103/1
f 47/104/1 48/102/1 61/90/1
f 108/87/1 38/103/1 39/105/1
f 46/106/1 47/104/1 61/90/1
f 108/87/1 39/105/1 40/107/1
f 45/108/1 46/106/1 61/90/1
f 108/87/1 40/107/1 41/109/1
f 44/110/1 45/108/1 61/90/1
f 108/87/1 41/109/1 42/111/1
f 43/112/1 44/110/1 61/90/1
f 108/87/1 42/111/1 43/112/1
f 108/87/1 43/112/1 61/90/1
f 108/87/1 61/90/1 62/113/1
f 107/114/1 108/87/1 62/113/1
f 107/114/1 62/113/1 63/115/1
f 106/116/1 107/114/1 63/115/1
f 106/116/1 63/115/1 64/117/1
f 105/118/1 106/116/1 64/117/1
f 105/118/1 64/117/1 65/119/1
f 104/120/1 105/118/1 65/119/1
f 104/120/1 65/119/1 66/121/1
f 103/122/1 104/120/1 66/121/1
f 103/122/1 66/121/1 67/123/1
f 102/124/1 103/122/1 67/123/1
f 102/124/1 67/123/1 68/125/1
f 101/126/1 102/124/1 68/125/1
f 101/126/1 68/125/1 69/127/1
f 100/128/1 101/126/1 69/127/1
f 100/128/1 69/127/1 70/129/1
f 99/130/1 100/128/1 70/129/1
f 99/130/1 70/129/1 71/131/1
f 98/132/1 99/130/1 71/131/1
f 98/132/1 71/131/1 72/133/1
f 97/134/1 98/132/1 72/133/1
f 96/135/1 97/134/1 72/133/1
f 96/135/1 72/133/1 73/136/1
f 95/137/1 96/135/1 73/136/1
f 95/137/1 73/136/1 74/138/1
f 94/139/1 95/137/1 74/138/1
f 94/139/1 74/138/1 75/140/1
f 94/139/1 75/140/1 76/141/1
f 93/142/1 94/139/1 76/141/1
f 93/142/1 76/141/1 77/143/1
f 92/144/1 93/142/1 77/143/1
f 92/144/1 77/143/1 78/145/1
f 91/146/1 92/144/1 78/145/1
f 91/146/1 78/145/1 79/147/1
f 90/148/1 91/146/1 79/147/1
f 90/148/1 79/147/1 80/149/1
f 89/150/1 90/148/1 80/149/1
f 89/150/1 80/149/1 81/151/1
f 88/152/1 89/150/1 81/151/1
f 88/152/1 81/151/1 82/153/1
f 87/154/1 88/152/1 82/153/1
f 87/154/1 82/153/1 83/155/1
f 86/156/1 87/154/1 83/155/1
f 86/156/1 83/155/1 84/157/1
f 85/158/1 86/156/1 84/157/1
f 166/159/1 167/160/1 168/47/1
f 166/159/1 168/47/1 164/161/1
f 164/161/1 168/47/1 159/51/1
f 159/51/1 160/162/1 161/163/1
f 159/51/1 161/163/1 162/164/1
f 166/159/1 164/161/1 165/165/1
f 163/166/1 164/161/1 159/51/1
f 163/166/1 159/51/1 162/164/1
f 224/167/1 169/51/1 170/168/1
f 224/167/1 170/168/1 171/169/1
f 224/167/1 171/169/1 172/170/1
f 223/171/1 224/167/1 172/170/1
f 223/171/1 172/170/1 173/172/1
f 222/173/1 223/171/1 173/172/1
f 222/173/1 173/172/1 174/174/1
f 221/175/1 222/173/1 174/174/1
f 221/175/1 174/174/1 175/176/1
f 220/177/1 221/175/1 175/176/1
f 220/177/1 175/176/1 176/178/1
f 219/179/1 220/177/1 176/178/1
f 219/179/1 176/178/1 177/180/1
f 218/181/1 219/179/1 177/180/1
f 218/181/1 177/180/1 178/182/1
f 217/183/1 218/181/1 178/182/1
f 217/183/1 178/182/1 179/184/1
f 216/185/1 217/183/1 179/184/1
f 216/185/1 179/184/1 180/186/1
f 215/187/1 216/185/1 180/186/1
f 215/187/1 180/186/1 181/188/1
f 214/189/1 215/187/1 181/188/1
f 214/189/1 181/188/1 182/190/1
f 213/191/1 214/189/1 182/190/1
f 212/192/1 213/191/1 182/190/1
f 212/192/1 182/190/1 183/193/1
f 212/192/1 183/193/1 184/194/1
f 211/195/1 212/192/1 184/194/1
f 211/195/1 184/194/1 185/196/1
f 210/197/1 211/195/1 185/196/1
f 210/197/1 185/196/1 186/198/1
f 209/199/1 210/197/1 186/198/1
f 209/199/1 186/198/1 187/200/1
f 208/201/1 209/199/1 187/200/1
f 208/201/1 187/200/1 188/202/1
f 207/203/1 208/201/1 188/202/1
f 207/203/1 188/202/1 189/204/1
f 206/205/1 207/203/1 189/204/1
f 206/205/1 189/204/1 190/206/1
f 205/207/1 206/205/1 190/206/1
f 205/207/1 190/206/1 191/208/1
f 204/209/1 205/207/1 191/208/1
f 204/209/1 191/208/1 192/210/1
f 203/211/1 204/209/1 192/210/1
f 203/211/1 192/210/1 193/212/1
f 202/213/1 203/211/1 193/212/1
f 202/213/1 193/212/1 239/214/1
f 239/214/1 193/212/1 238/215/1
f 238/215/1 193/212/1 194/216/1
f 201/217/1 202/213/1 241/218/1
f 241/218/1 202/213/1 240/219/1
f 240/219/1 202/213/1 239/214/1
f 201/217/1 241/218/1 242/220/1
f 237/221/1 238/215/1 194/216/1
f 201/217/1 242/220/1 243/222/1
f 236/223/1 237/221/1 194/216/1
f 201/217/1 243/222/1 244/224/1
f 235/225/1 236/223/1 194/216/1
f 201/217/1 244/224/1 245/226/1
f 234/227/1 235/225/1 194/216/1
f 201/217/1 245/226/1 246/228/1
f 233/229/1 234/227/1 194/216/1
f 201/217/1 246/228/1 247/230/1
f 232/231/1 233/229/1 194/216/1
f 201/217/1 247/230/1 248/232/1
f 231/233/1 232/231/1 194/216/1
f 201/217/1 248/232/1 249/234/1
f 230/235/1 231/233/1 194/216/1
f 201/217/1 249/234/1 250/236/1
f 229/237/1 230/235/1 194/216/1
f 201/217/1 250/236/1 251/238/1
f 228/239/1 229/237/1 194/216/1
f 201/217/1 251/238/1 252/47/1
f 227/240/1 228/239/1 194/216/1
f 200/241/1 201/217/1 252/47/1
f 200/241/1 252/47/1 225/242/1
f 226/243/1 227/240/1 194/216/1
f 226/243/1 194/216/1 195/244/1
f 200/241/1 225/242/1 198/245/1
f 198/245/1 225/242/1 226/243/1
f 198/245/1 226/243/1 197/246/1
f 197/246/1 226/243/1 195/244/1
f 200/241/1 198/245/1 199/247/1
f 196/248/1 197/246/1 195/244/1
f 385/1/1 386/2/1 387/3/1
f 385/1/1 387/3/1 388/4/1
f 385/1/1 388/4/1 389/5/1
f 384/6/1 385/1/1 389/5/1
f 384/6/1 389/5/1 390/7/1
f 383/8/1 384/6/1 390/7/1
f 383/8/1 390/7/1 391/9/1
f 382/10/1 383/8/1 391/9/1
f 382/10/1 391/9/1 392/11/1
f 381/12/1 382/10/1 392/11/1
f 381/12/1 392/11/1 393/13/1
f 380/14/1 381/12/1 393/13/1
f 380/14/1 393/13/1 394/15/1
f 379/16/1 380/14/1 394/15/1
f 379/16/1 394/15/1 395/17/1
f 378/18/1 379/16/1 395/17/1
f 378/18/1 395/17/1 396/19/1
f 377/20/1 378/18/1 396/19/1
f 377/20/1 396/19/1 397/21/1
f 376/22/1 377/20/1 397/21/1
f 376/22/1 397/21/1 398/23/1
f 375/24/1 376/22/1 398/23/1
f 375/24/1 398/23/1 399/25/1
f 374/26/1 375/24/1 399/25/1
f 373/27/1 374/26/1 399/25/1
f 373/27/1 399/25/1 400/28/1
f 373/27/1 400/28/1 401/29/1
f 372/30/1 373/27/1 401/29/1
f 372/30/1 401/29/1 402/31/1
f 371/32/1 372/30/1 402/31/1
f 371/32/1 402/31/1 403/33/1
f 370/34/1 371/32/1 403/33/1
f 370/34/1 403/33/1 404/35/1
f 369/36/1 370/34/1 404/35/1
f 369/36/1 404/35/1 405/37/1
f 368/38/1 369/36/1 405/37/1
f 368/38/1 405/37/1 406/39/1
f 367/40/1 368/38/1 406/39/1
f 367/40/1 406/39/1 407/41/1
f 366/42/1 367/40/1 407/41/1
f 366/42/1 407/41/1 408/43/1
f 365/44/1 366/42/1 408/43/1
f 365/44/1 408/43/1 409/45/1
f 364/46/1 365/44/1 409/45/1
f 364/46/1 409/45/1 410/47/1
f 363/48/1 364/46/1 410/47/1
f 363/48/1 410/47/1 268/49/1
f 268/49/1 410/47/1 267/50/1
f 267/50/1 410/47/1 253/51/1
f 362/52/1 363/48/1 270/53/1
f 270/53/1 363/48/1 269/54/1
f 269/54/1 363/48/1 268/49/1
f 362/52/1 270/53/1 271/55/1
f 266/56/1 267/50/1 253/51/1
f 362/52/1 271/55/1 272/57/1
f 265/58/1 266/56/1 253/51/1
f 362/52/1 272/57/1 273/59/1
f 264/60/1 265/58/1 253/51/1
f 362/52/1 273/59/1 274/61/1
f 263/62/1 264/60/1 253/51/1
f 362/52/1 274/61/1 275/63/1
f 262/64/1 263/62/1 253/51/1
f 362/52/1 275/63/1 276/65/1
f 261/66/1 262/64/1 253/51/1
f 362/52/1 276/65/1 277/67/1
f 260/68/1 261/66/1 253/51/1
f 362/52/1 277/67/1 278/69/1
f 259/70/1 260/68/1 253/51/1
f 362/52/1 278/69/1 279/71/1
f 258/72/1 259/70/1 253/51/1
f 362/52/1 279/71/1 280/73/1
f 257/74/1 258/72/1 253/51/1
f 362/52/1 280/73/1 281/75/1
f 256/76/1 257/74/1 253/51/1
f 361/77/1 362/52/1 281/75/1
f 361/77/1 281/75/1 282/78/1
f 255/79/1 256/76/1 253/51/1
f 255/79/1 253/51/1 254/80/1
f 309/81/1 310/82/1 311/83/1
f 309/81/1 311/83/1 308/84/1
f 308/84/1 311/83/1 312/85/1
f 307/86/1 308/84/1 312/85/1
f 360/87/1 361/77/1 282/78/1
f 360/87/1 282/78/1 283/88/1
f 306/89/1 307/86/1 312/85/1
f 306/89/1 312/85/1 313/90/1
f 360/87/1 283/88/1 284/91/1
f 305/92/1 306/89/1 313/90/1
f 360/87/1 284/91/1 285/93/1
f 304/94/1 305/92/1 313/90/1
f 360/87/1 285/93/1 286/95/1
f 303/96/1 304/94/1 313/90/1
f 360/87/1 286/95/1 287/97/1
f 302/98/1 303/96/1 313/90/1
f 360/87/1 287/97/1 288/99/1
f 301/100/1 302/98/1 313/90/1
f 360/87/1 288/99/1 289/101/1
f 300/102/1 301/100/1 313/90/1
f 360/87/1 289/101/1 290/103/1
f 299/104/1 300/102/1 313/90/1
f 360/87/1 290/103/1 291/105/1
f 298/106/1 299/104/1 313/90/1
f 360/87/1 291/105/1 292/107/1
f 297/108/1 298/106/1 313/90/1
f 360/87/1 292/107/1 293/109/1
f 296/110/1 297/108/1 313/90/1
f 360/87/1 293/109/1 294/111/1
f 295/112/1 296/110/1 313/90/1
f 360/87/1 294/111/1 295/112/1
f 360/87/1 295/112/1 313/90/1
f 360/87/1 313/90/1 314/113/1
f 359/114/1 360/87/1 314/113/1
f 359/114/1 314/113/1 315/115/1
f 358/116/1 359/114/1 315/115/1
f 358/116/1 315/115/1 316/117/1
f 357/118/1 358/116/1 316/117/1
f 357/118/1 316/117/1 317/119/1
f 356/120/1 357/118/1 317/119/1
f 356/120/1 317/119/1 318/121/1
f 355/122/1 356/120/1 318/121/1
f 355/122/1 318/121/1 319/123/1
f 354/124/1 355/122/1 319/123/1
f 354/124/1 319/123/1 320/125/1
f 353/126/1 354/124/1 320/125/1
f 353/126/1 320/125/1 321/127/1
f 352/128/1 353/126/1 321/127/1
f 352/128/1 321/127/1 322/129/1
f 351/130/1 352/128/1 322/129/1
f 351/130/1 322/129/1 323/131/1
f 350/132/1 351/130/1 323/131/1
f 350/132/1 323/131/1 324/133/1
f 349/134/1 350/132/1 324/133/1
f 348/135/1 349/134/1 324/133/1
f 348/135/1 324/133/1 325/136/1
f 347/137/1 348/135/1 325/136/1
f 347/137/1 325/136/1 326/138/1
f 346/139/1 347/137/1 326/138/1
f 346/139/1 326/138/1 327/140/1
f 346/139/1 327/140/1 328/141/1
f 345/142/1 346/139/1 328/141/1
f 345/142/1 328/141/1 329/143/1
f 344/144/1 345/142/1 329/143/1
f 344/144/1 329/143/1 330/145/1
f 343/146/1 344/144/1 330/145/1
f 343/146/1 330/145/1 331/147/1
f 342/148/1 343/146/1 331/147/1
f 342/148/1 331/147/1 332/149/1
f 341/150/1 342/148/1 332/149/1
f 341/150/1 332/149/1 333/151/1
f 340/152/1 341/150/1 333/151/1
f 340/152/1 333/151/1 334/153/1
f 339/154/1 340/152/1 334/153/1
f 339/154/1 334/153/1 335/155/1
f 338/156/1 339/154/1 335/155/1
f 338/156/1 335/155/1 336/157/1
f 337/158/1 338/156/1 336/157/1
f 418/159/1 419/160/1 420/47/1
f 418/159/1 420/47/1 416/161/1
f 416/161/1 420/47/1 411/51/1
f 411/51/1 412/162/1 413/163/1
f 411/51/1 413/163/1 414/164/1
f 418/159/1 416/161/1 417/165/1
f 415/166/1 416/161/1 411/51/1
f 415/166/1 411/51/1 414/164/1
f 520/249/1 421/51/1 422/250/1
f 520/249/1 422/250/1 423/251/1
f 520/249/1 423/251/1 424/252/1
f 519/253/1 520/249/1 424/252/1
f 519/253/1 424/252/1 425/254/1
f 518/255/1 519/253/1 425/254/1
f 518/255/1 425/254/1 426/256/1
f 517/257/1 518/255/1 426/256/1
f 517/257/1 426/256/1 427/258/1
f 516/259/1 517/257/1 427/258/1
f 516/259/1 427/258/1 428/260/1
f 515/261/1 516/259/1 428/260/1
f 515/261/1 428/260/1 429/262/1
f 514/263/1 515/261/1 429/262/1
f 514/263/1 429/262/1 430/264/1
f 513/265/1 514/263/1 430/264/1
f 513/265/1 430/264/1 431/266/1
f 512/267/1 513/265/1 431/266/1
f 512/267/1 431/266/1 432/268/1
f 511/269/1 512/267/1 432/268/1
f 511/269/1 432/268/1 433/270/1
f 510/271/1 511/269/1 433/270/1
f 510/271/1 433/270/1 434/272/1
f 509/273/1 510/271/1 434/272/1
f 508/274/1 509/273/1 434/272/1
f 508/274/1 434/272/1 435/275/1
f 508/274/1 435/275/1 436/276/1
f 507/277/1 508/274/1 436/276/1
f 507/277/1 436/276/1 437/278/1
f 506/279/1 507/277/1 437/278/1
f 506/279/1 437/278/1 438/280/1
f 505/281/1 506/279/1 438/280/1
f 505/281/1 438/280/1 439/282/1
f 504/283/1 505/281/1 439/282/1
f 504/283/1 439/282/1 440/284/1
f 503/285/1 504/283/1 440/284/1
f 503/285/1 440/284/1 441/286/1
f 502/287/1 503/285/1 441/286/1
f 502/287/1 441/286/1 442/288/1
f 501/289/1 502/287/1 442/288/1
f 501/289/1 442/288/1 443/290/1
f 500/291/1 501/289/1 443/290/1
f 500/291/1 443/290/1 444/292/1
f 499/293/1 500/291/1 444/292/1
f 499/293/1 444/292/1 445/294/1
f 498/295/1 499/293/1 445/294/1
f 498/295/1 445/294/1 547/296/1
f 547/296/1 445/294/1 446/297/1
f 497/298/1 498/295/1 549/299/1
f 549/299/1 498/295/1 548/300/1
f 548/300/1 498/295/1 547/296/1
f 546/301/1 547/296/1 446/297/1
f 497/298/1 549/299/1 550/302/1
f 545/303/1 546/301/1 446/297/1
f 497/298/1 550/302/1 551/304/1
f 544/305/1 545/303/1 446/297/1
f 497/298/1 551/304/1 552/306/1
f 543/307/1 544/305/1 446/297/1
f 497/298/1 552/306/1 553/308/1
f 542/309/1 543/307/1 446/297/1
f 497/298/1 553/308/1 554/310/1
f 541/311/1 542/309/1 446/297/1
f 497/298/1 554/310/1 555/312/1
f 540/313/1 541/311/1 446/297/1
f 497/298/1 555/312/1 556/314/1
f 539/315/1 540/313/1 446/297/1
f 497/298/1 556/314/1 557/316/1
f 538/317/1 539/315/1 446/297/1
f 497/298/1 557/316/1 558/318/1
f 537/319/1 538/317/1 446/297/1
f 497/298/1 558/318/1 559/320/1
f 536/321/1 537/319/1 446/297/1
f 497/298/1 559/320/1 560/322/1
f 535/323/1 536/321/1 446/297/1
f 496/324/1 497/298/1 560/322/1
f 496/324/1 560/322/1 561/325/1
f 534/326/1 535/323/1 446/297/1
f 534/326/1 446/297/1 447/327/1
f 495/328/1 496/324/1 561/325/1
f 495/328/1 561/325/1 562/329/1
f 533/330/1 534/326/1 447/327/1
f 533/330/1 447/327/1 448/331/1
f 495/328/1 562/329/1 563/332/1
f 532/333/1 533/330/1 448/331/1
f 495/328/1 563/332/1 564/334/1
f 531/335/1 532/333/1 448/331/1
f 495/328/1 564/334/1 565/336/1
f 530/337/1 531/335/1 448/331/1
f 495/328/1 565/336/1 566/338/1
f 529/339/1 530/337/1 448/331/1
f 495/328/1 566/338/1 567/340/1
f 528/341/1 529/339/1 448/331/1
f 495/328/1 567/340/1 568/342/1
f 527/343/1 528/341/1 448/331/1
f 495/328/1 568/342/1 569/344/1
f 526/345/1 527/343/1 448/331/1
f 495/328/1 569/344/1 570/346/1
f 525/347/1 526/345/1 448/331/1
f 495/328/1 570/346/1 571/348/1
f 524/349/1 525/347/1 448/331/1
f 495/328/1 571/348/1 572/47/1
f 523/350/1 524/349/1 448/331/1
f 495/328/1 572/47/1 521/351/1
f 522/352/1 523/350/1 448/331/1
f 495/328/1 521/351/1 522/352/1
f 495/328/1 522/352/1 448/331/1
f 495/328/1 448/331/1 449/353/1
f 494/354/1 495/328/1 449/353/1
f 494/354/1 449/353/1 450/355/1
f 493/356/1 494/354/1 450/355/1
f 493/356/1 450/355/1 451/357/1
f 492/358/1 493/356/1 451/357/1
f 492/358/1 451/357/1 452/359/1
f 491/360/1 492/358/1 452/359/1
f 491/360/1 452/359/1 453/361/1
f 490/362/1 491/360/1 453/361/1
f 490/362/1 453/361/1 454/363/1
f 489/364/1 490/362/1 454/363/1
f 489/364/1 454/363/1 455/365/1
f 488/366/1 489/364/1 455/365/1
f 488/366/1 455/365/1 456/367/1
f 487/368/1 488/366/1 456/367/1
f 487/368/1 456/367/1 457/369/1
f 486/370/1 487/368/1 457/369/1
f 486/370/1 457/369/1 458/371/1
f 485/372/1 486/370/1 458/371/1
f 485/372/1 458/371/1 459/373/1
f 484/374/1 485/372/1 459/373/1
f 483/375/1 484/374/1 459/373/1
f 483/375/1 459/373/1 460/376/1
f 482/377/1 483/375/1 460/376/1
f 482/377/1 460/376/1 461/378/1
f 481/379/1 482/377/1 461/378/1
f 481/379/1 461/378/1 462/380/1
f 481/379/1 462/380/1 463/381/1
f 480/382/1 481/379/1 463/381/1
f 480/382/1 463/381/1 464/383/1
f 479/384/1 480/382/1 464/383/1
f 479/384/1 464/383/1 465/385/1
f 478/386/1 479/384/1 465/385/1
f 478/386/1 465/385/1 466/387/1
f 477/388/1 478/386/1 466/387/1
f 477/388/1 466/387/1 467/389/1
f 476/390/1 477/388/1 467/389/1
f 476/390/1 467/389/1 468/391/1
f 475/392/1 476/390/1 468/391/1
f 475/392/1 468/391/1 469/393/1
f 474/394/1 475/392/1 469/393/1
f 474/394/1 469/393/1 470/395/1
f 473/396/1 474/394/1 470/395/1
f 473/396/1 470/395/1 471/397/1
f 472/398/1 473/396/1 471/397/1
f 705/1/1 706/2/1 707/3/1
f 705/1/1 707/3/1 708/4/1
f 705/1/1 708/4/1 709/5/1
f 704/6/1 705/1/1 709/5/1
f 704/6/1 709/5/1 710/7/1
f 703/8/1 704/6/1 710/7/1
f 703/8/1 710/7/1 711/9/1
f 702/10/1 703/8/1 711/9/1
f 702/10/1 711/9/1 712/11/1
f 701/12/1 702/10/1 712/11/1
f 701/12/1 712/11/1 713/13/1
f 700/14/1 701/12/1 713/13/1
f 700/14/1 713/13/1 714/15/1
f 699/16/1 700/14/1 714/15/1
f 699/16/1 714/15/1 715/17/1
f 698/18/1 699/16/1 715/17/1
f 698/18/1 715/17/1 716/19/1
f 697/20/1 698/18/1 716/19/1
f 697/20/1 716/19/1 717/21/1
f 696/22/1 697/20/1 717/21/1
f 696/22/1 717/21/1 718/23/1
f 695/24/1 696/22/1 718/23/1
f 695/24/1 718/23/1 719/25/1
f 694/26/1 695/24/1 719/25/1
f 693/27/1 694/26/1 719/25/1
f 693/27/1 719/25/1 720/28/1
f 693/27/1 720/28/1 721/29/1
f 692/30/1 693/27/1 721/29/1
f 692/30/1 721/29/1 722/31/1
f 691/32/1 692/30/1 722/31/1
f 691/32/1 722/31/1 723/33/1
f 690/34/1 691/32/1 723/33/1
f 690/34/1 723/33/1 724/35/1
f 689/36/1 690/34/1 724/35/1
f 689/36/1 724/35/1 725/37/1
f 688/38/1 689/36/1 725/37/1
f 688/38/1 725/37/1 726/39/1
f 687/40/1 688/38/1 726/39/1
f 687/40/1 726/39/1 727/41/1
f 686/42/1 687/40/1 727/41/1
f 686/42/1 727/41/1 728/43/1
f 685/44/1 686/42/1 728/43/1
f 685/44/1 728/43/1 729/45/1
f 684/46/1 685/44/1 729/45/1
f 684/46/1 729/45/1 730/47/1
f 683/48/1 684/46/1 730/47/1
f 683/48/1 730/47/1 588/49/1
f 588/49/1 730/47/1 587/50/1
f 587/50/1 730/47/1 573/51/1
f 682/52/1 683/48/1 590/53/1
f 590/53/1 683/48/1 589/54/1
f 589/54/1 683/48/1 588/49/1
f 682/52/1 590/53/1 591/55/1
f 586/56/1 587/50/1 573/51/1
f 682/52/1 591/55/1 592/57/1
f 585/58/1 586/56/1 573/51/1
f 682/52/1 592/57/1 593/59/1
f 584/60/1 585/58/1 573/51/1
f 682/52/1 593/59/1 594/61/1
f 583/62/1 584/60/1 573/51/1
f 682/52/1 594/61/1 595/63/1
f 582/64/1 583/62/1 573/51/1
f 682/52/1 595/63/1 596/65/1
f 581/66/1 582/64/1 573/51/1
f 682/52/1 596/65/1 597/67/1
f 580/68/1 581/66/1 573/51/1
f 682/52/1 597/67/1 598/69/1
f 579/70/1 580/68/1 573/51/1
f 682/52/1 598/69/1 599/71/1
f 578/72/1 579/70/1 573/51/1
f 682/52/1 599/71/1 600/73/1
f 577/74/1 578/72/1 573/51/1
f 682/52/1 600/73/1 601/75/1
f 576/76/1 577/74/1 573/51/1
f 681/77/1 682/52/1 601/75/1
f 681/77/1 601/75/1 602/78/1
f 575/79/1 576/76/1 573/51/1
f 575/79/1 573/51/1 574/80/1
f 629/81/1 630/82/1 631/83/1
f 629/81/1 631/83/1 628/84/1
f 628/84/1 631/83/1 632/85/1
f 627/86/1 628/84/1 632/85/1
f 680/87/1 681/77/1 602/78/1
f 680/87/1 602/78/1 603/88/1
f 626/89/1 627/86/1 632/85/1
f 626/89/1 632/85/1 633/90/1
f 680/87/1 603/88/1 604/91/1
f 625/92/1 626/89/1 633/90/1
f 680/87/1 604/91/1 605/93/1
f 624/94/1 625/92/1 633/90/1
f 680/87/1 605/93/1 606/95/1
f 623/96/1 624/94/1 633/90/1
f 680/87/1 606/95/1 607/97/1
f 622/98/1 623/96/1 633/90/1
f 680/87/1 607/97/1 608/99/1
f 621/100/1 622/98/1 633/90/1
f 680/87/1 608/99/1 609/101/1
f 620/102/1 621/100/1 633/90/1
f 680/87/1 609/101/1 610/103/1
f 619/104/1 620/102/1 633/90/1
f 680/87/1 610/103/1 611/105/1
f 618/106/1 619/104/1 633/90/1
f 680/87/1 611/105/1 612/107/1
f 617/108/1 618/106/1 633/90/1
f 680/87/1 612/107/1 613/109/1
f 616/110/1 617/108/1 633/90/1
f 680/87/1 613/109/1 614/111/1
f 615/112/1 616/110/1 633/90/1
f 680/87/1 614/111/1 615/112/1
f 680/87/1 615/112/1 633/90/1
f 680/87/1 633/90/1 634/113/1
f 679/114/1 680/87/1 634/113/1
f 679/114/1 634/113/1 635/115/1
f 678/116/1 679/114/1 635/115/1
f 678/116/1 635/115/1 636/117/1
f 677/118/1 678/116/1 636/117/1
f 677/118/1 636/117/1 637/119/1
f 676/120/1 677/118/1 637/119/1
f 676/120/1 637/119/1 638/121/1
f 675/122/1 676/120/1 638/121/1
f 675/122/1 638/121/1 639/123/1
f 674/124/1 675/122/1 639/123/1
f 674/124/1 639/123/1 640/125/1
f 673/126/1 674/124/1 640/125/1
f 673/126/1 640/125/1 641/127/1
f 672/128/1 673/126/1 641/127/1
f 672/128/1 641/127/1 642/129/1
f 671/130/1 672/128/1 642/129/1
f 671/130/1 642/129/1 643/131/1
f 670/132/1 671/130/1 643/131/1
f 670/132/1 643/131/1 644/133/1
f 669/134/1 670/132/1 644/133/1
f 668/135/1 669/134/1 644/133/1
f 668/135/1 644/133/1 645/136/1
f 667/137/1 668/135/1 645/136/1
f 667/137/1 645/136/1 646/138/1
f 666/139/1 667/137/1 646/138/1
f 666/139/1 646/138/1 647/140/1
f 666/139/1 647/140/1 648/141/1
f 665/142/1 666/139/1 648/141/1
f 665/142/1 648/141/1 649/143/1
f 664/144/1 665/142/1 649/143/1
f 664/144/1 649/143/1 650/145/1
f 663/146/1 664/144/1 650/145/1
f 663/146/1 650/145/1 651/147/1
f 662/148/1 663/146/1 651/147/1
f 662/148/1 651/147/1 652/149/1
f 661/150/1 662/148/1 652/149/1
f 661/150/1 652/149/1 653/151/1
f 660/152/1 661/150/1 653/151/1
f 660/152/1 653/151/1 654/153/1
f 659/154/1 660/152/1 654/153/1
f 659/154/1 654/153/1 655/155/1
f 658/156/1 659/154/1 655/155/1
f 658/156/1 655/155/1 656/157/1
f 657/158/1 658/156/1 656/157/1
f 736/399/1 737/400/1 738/401/1
f 736/399/1 738/401/1 739/47/1
f 739/47/1 731/51/1 732/402/1
f 739/47/1 732/402/1 733/403/1
f 736/399/1 739/47/1 733/403/1
f 735/404/1 736/399/1 733/403/1
f 735/404/1 733/403/1 734/405/1
f 740/51/1 741/406/1 742/407/1
f 740/51/1 742/407/1 743/408/1
f 740/51/1 743/408/1 744/409/1
f 740/51/1 744/409/1 745/47/1
f 845/249/1 746/51/1 747/250/1
f 845/249/1 747/250/1 748/251/1
f 845/249/1 748/251/1 749/252/1
f 844/253/1 845/249/1 749/252/1
f 844/253/1 749/252/1 750/254/1
f 843/255/1 844/253/1 750/254/1
f 843/255/1 750/254/1 751/256/1
f 842/257/1 843/255/1 751/256/1
f 842/257/1 751/256/1 752/258/1
f 841/259/1 842/257/1 752/258/1
f 841/259/1 752/258/1 753/260/1
f 840/261/1 841/259/1 753/260/1
f 840/261/1 753/260/1 754/262/1
f 839/263/1 840/261/1 754/262/1
f 839/263/1 754/262/1 755/264/1
f 838/265/1 839/263/1 755/264/1
f 838/265/1 755/264/1 756/266/1
f 837/267/1 838/265/1 756/266/1
f 837/267/1 756/266/1 757/268/1
f 836/269/1 837/267/1 757/268/1
f 836/269/1 757/268/1 758/270/1
f 835/271/1 836/269/1 758/270/1
f 835/271/1 758/270/1 759/272/1
f 834/273/1 835/271/1 759/272/1
f 833/274/1 834/273/1 759/272/1
f 833/274/1 759/272/1 760/275/1
f 833/274/1 760/275/1 761/276/1
f 832/277/1 833/274/1 761/276/1
f 832/277/1 761/276/1 762/278/1
f 831/279/1 832/277/1 762/278/1
f 831/279/1 762/278/1 763/280/1
f 830/281/1 831/279/1 763/280/1
f 830/281/1 763/280/1 764/282/1
f 829/283/1 830/281/1 764/282/1
f 829/283/1 764/282/1 765/284/1
f 828/285/1 829/283/1 765/284/1
f 828/285/1 765/284/1 766/286/1
f 827/287/1 828/285/1 766/286/1
f 827/287/1 766/286/1 767/288/1
f 826/289/1 827/287/1 767/288/1
f 826/289/1 767/288/1 768/290/1
f 825/291/1 826/289/1 768/290/1
f 825/291/1 768/290/1 769/292/1
f 824/293/1 825/291/1 769/292/1
f 824/293/1 769/292/1 770/294/1
f 823/295/1 824/293/1 770/294/1
f 823/295/1 770/294/1 872/296/1
f 872/296/1 770/294/1 771/297/1
f 822/298/1 823/295/1 874/299/1
f 874/299/1 823/295/1 873/300/1
f 873/300/1 823/295/1 872/296/1
f 871/301/1 872/296/1 771/297/1
f 822/298/1 874/299/1 875/302/1
f 870/303/1 871/301/1 771/297/1
f 822/298/1 875/302/1 876/304/1
f 869/305/1 870/303/1 771/297/1
f 822/298/1 876/304/1 877/306/1
f 868/307/1 869/305/1 771/297/1
f 822/298/1 877/306/1 878/308/1
f 867/309/1 868/307/1 771/297/1
f 822/298/1 878/308/1 879/310/1
f 866/311/1 867/309/1 771/297/1
f 822/298/1 879/310/1 880/312/1
f 865/313/1 866/311/1 771/297/1
f 822/298/1 880/312/1 881/314/1
f 864/315/1 865/313/1 771/297/1
f 822/298/1 881/314/1 882/316/1
f 863/317/1 864/315/1 771/297/1
f 822/298/1 882/316/1 883/318/1
f 862/319/1 863/317/1 771/297/1
f 822/298/1 883/318/1 884/320/1
f 861/321/1 862/319/1 771/297/1
f 822/298/1 884/320/1 885/322/1
f 860/323/1 861/321/1 771/297/1
f 821/324/1 822/298/1 885/322/1
f 821/324/1 885/322/1 886/325/1
f 859/326/1 860/323/1 771/297/1
f 859/326/1 771/297/1 772/327/1
f 820/328/1 821/324/1 886/325/1
f 820/328/1 886/325/1 887/329/1
f 858/330/1 859/326/1 772/327/1
f 858/330/1 772/327/1 773/331/1
f 820/328/1 887/329/1 888/332/1
f 857/333/1 858/330/1 773/331/1
f 820/328/1 888/332/1 889/334/1
f 856/335/1 857/333/1 773/331/1
f 820/328/1 889/334/1 890/336/1
f 855/337/1 856/335/1 773/331/1
f 820/328/1 890/336/1 891/338/1
f 854/339/1 855/337/1 773/331/1
f 820/328/1 891/338/1 892/340/1
f 853/341/1 854/339/1 773/331/1
f 820/328/1 892/340/1 893/342/1
f 852/343/1 853/341/1 773/331/1
f 820/328/1 893/342/1 894/344/1
f 851/345/1 852/343/1 773/331/1
f 820/328/1 894/344/1 895/346/1
f 850/347/1 851/345/1 773/331/1
f 820/328/1 895/346/1 896/348/1
f 849/349/1 850/347/1 773/331/1
f 820/328/1 896/348/1 897/47/1
f 848/350/1 849/349/1 773/331/1
f 820/328/1 897/47/1 846/351/1
f 847/352/1 848/350/1 773/331/1
f 820/328/1 846/351/1 847/352/1
f 820/328/1 847/352/1 773/331/1
f 820/328/1 773/331/1 774/353/1
f 819/354/1 820/328/1 774/353/1
f 819/354/1 774/353/1 775/355/1
f 818/356/1 819/354/1 775/355/1
f 818/356/1 775/355/1 776/357/1
f 817/358/1 818/356/1 776/357/1
f 817/358/1 776/357/1 777/359/1
f 816/360/1 817/358/1 777/359/1
f 816/360/1 777/359/1 778/361/1
f 815/362/1 816/360/1 778/361/1
f 815/362/1 778/361/1 779/363/1
f 814/364/1 815/362/1 779/363/1
f 814/364/1 779/363/1 780/365/1
f 813/366/1 814/364/1 780/365/1
f 813/366/1 780/365/1 781/367/1
f 812/368/1 813/366/1 781/367/1
f 812/368/1 781/367/1 782/369/1
f 811/370/1 812/368/1 782/369/1
f 811/370/1 782/369/1 783/371/1
f 810/372/1 811/370/1 783/371/1
f 810/372/1 783/371/1 784/373/1
f 809/374/1 810/372/1 784/373/1
f 808/375/1 809/374/1 784/373/1
f 808/375/1 784/373/1 785/376/1
f 807/377/1 808/375/1 785/376/1
f 807/377/1 785/376/1 786/378/1
f 806/379/1 807/377/1 786/378/1
f 806/379/1 786/378/1 787/380/1
f 806/379/1 787/380/1 788/381/1
f 805/382/1 806/379/1 788/381/1
f 805/382/1 788/381/1 789/383/1
f 804/384/1 805/382/1 789/383/1
f 804/384/1 789/383/1 790/385/1
f 803/386/1 804/384/1 790/385/1
f 803/386/1 790/385/1 791/387/1
f 802/388/1 803/386/1 791/387/1
f 802/388/1 791/387/1 792/389/1
f 801/390/1 802/388/1 792/389/1
f 801/390/1 792/389/1 793/391/1
f 800/392/1 801/390/1 793/391/1
f 800/392/1 793/391/1 794/393/1
f 799/394/1 800/392/1 794/393/1
f 799/394/1 794/393/1 795/395/1
f 798/396/1 799/394/1 795/395/1
f 798/396/1 795/395/1 796/397/1
f 797/398/1 798/396/1 796/397/1
f 952/410/1 898/51/1 977/411/1
f 977/411/1 898/51/1 976/412/1
f 976/412/1 898/51/1 975/413/1
f 975/413/1 898/51/1 974/414/1
f 974/414/1 898/51/1 973/415/1
f 973/415/1 898/51/1 972/416/1
f 972/416/1 898/51/1 971/417/1
f 971/417/1 898/51/1 970/418/1
f 970/418/1 898/51/1 899/419/1
f 970/418/1 899/419/1 900/420/1
f 970/418/1 900/420/1 901/421/1
f 970/418/1 901/421/1 902/422/1
f 970/418/1 902/422/1 903/423/1
f 970/418/1 903/423/1 969/424/1
f 969/424/1 903/423/1 904/425/1
f 969/424/1 904/425/1 905/426/1
f 969/424/1 905/426/1 906/427/1
f 969/424/1 906/427/1 907/428/1
f 969/424/1 907/428/1 908/429/1
f 969/424/1 908/429/1 909/430/1
f 969/424/1 909/430/1 910/431/1
f 969/424/1 910/431/1 911/432/1
f 969/424/1 911/432/1 912/433/1
f 969/424/1 912/433/1 968/434/1
f 968/434/1 912/433/1 913/435/1
f 968/434/1 913/435/1 914/436/1
f 968/434/1 914/436/1 915/437/1
f 968/434/1 915/437/1 916/438/1
f 968/434/1 916/438/1 917/439/1
f 968/434/1 917/439/1 918/440/1
f 968/434/1 918/440/1 919/441/1
f 968/434/1 919/441/1 967/442/1
f 967/442/1 919/441/1 920/443/1
f 967/442/1 920/443/1 921/444/1
f 967/442/1 921/444/1 922/445/1
f 967/442/1 922/445/1 966/446/1
f 966/446/1 922/445/1 965/447/1
f 965/447/1 922/445/1 923/448/1
f 964/449/1 965/447/1 923/448/1
f 963/450/1 964/449/1 923/448/1
f 962/451/1 963/450/1 923/448/1
f 961/452/1 962/451/1 923/448/1
f 960/453/1 961/452/1 923/448/1
f 959/454/1 960/453/1 923/448/1
f 958/455/1 959/454/1 923/448/1
f 957/456/1 958/455/1 923/448/1
f 956/457/1 957/456/1 923/448/1
f 952/410/1 977/411/1 978/458/1
f 955/459/1 956/457/1 923/448/1
f 952/410/2 978/458/2 979/460/2
f 954/461/1 955/459/1 923/448/1
f 952/410/1 979/460/1 980/462/1
f 953/463/1 954/461/1 923/448/1
f 953/463/1 923/448/1 924/464/1
f 952/410/1 980/462/1 981/465/1
f 1004/47/1 953/463/1 924/464/1
f 1004/47/1 924/464/1 925/466/1
f 952/410/1 981/465/1 982/467/1
f 1003/468/1 1004/47/1 925/466/1
f 952/410/1 982/467/1 983/469/1
f 1002/470/1 1003/468/1 925/466/1
f 952/410/1 983/469/1 984/471/1
f 1001/472/1 1002/470/1 925/466/1
f 952/410/1 984/471/1 985/473/1
f 1000/474/1 1001/472/1 925/466/1
f 952/410/1 985/473/1 986/475/1
f 999/476/1 1000/474/1 925/466/1
f 952/410/1 986/475/1 987/477/1
f 998/478/1 999/476/1 925/466/1
f 952/410/1 987/477/1 988/479/1
f 997/480/1 998/478/1 925/466/1
f 952/410/1 988/479/1 989/481/1
f 996/482/1 997/480/1 925/466/1
f 952/410/1 989/481/1 990/483/1
f 995/484/1 996/482/1 925/466/1
f 952/410/1 990/483/1 991/485/1
f 994/486/1 995/484/1 925/466/1
f 952/410/1 991/485/1 992/487/1
f 993/488/1 994/486/1 925/466/1
f 952/410/1 992/487/1 950/489/1
f 950/489/1 992/487/1 993/488/1
f 950/489/1 993/488/1 925/466/1
f 950/489/1 925/466/1 926/490/1
f 950/489/1 926/490/1 927/491/1
f 950/489/1 927/491/1 928/492/1
f 950/489/1 928/492/1 929/493/1
f 950/489/1 929/493/1 930/494/1
f 950/489/1 930/494/1 931/495/1
f 950/489/1 931/495/1 932/496/1
f 950/489/1 932/496/1 933/497/1
f 950/489/1 933/497/1 934/498/1
f 950/489/1 934/498/1 935/499/1
f 950/489/1 935/499/1 936/500/1
f 950/489/1 936/500/1 937/501/1
f 950/489/1 937/501/1 938/502/1
f 950/489/1 938/502/1 939/503/1
f 950/489/1 939/503/1 940/504/1
f 950/489/1 940/504/1 941/505/1
f 950/489/1 941/505/1 942/506/1
f 950/489/1 942/506/1 943/507/1
f 950/489/1 943/507/1 944/508/1
f 950/489/1 944/508/1 945/509/1
f 950/489/1 945/509/1 946/510/1
f 950/489/1 946/510/1 947/511/1
f 950/489/1 947/511/1 948/512/1
f 952/410/1 950/489/1 951/404/1
f 949/513/1 950/489/1 948/512/1
f 1137/1/3 1139/3/3 1138/2/3
f 1137/1/3 1140/4/3 1139/3/3
f 1137/1/3 1141/5/3 1140/4/3
f 1136/6/3 1141/5/3 1137/1/3
f 1136/6/3 1142/7/3 1141/5/3
f 1135/8/3 1142/7/3 1136/6/3
f 1135/8/3 1143/9/3 1142/7/3
f 1134/10/3 1143/9/3 1135/8/3
f 1134/10/3 1144/11/3 1143/9/3
f 1133/12/3 1144/11/3 1134/10/3
f 1133/12/3 1145/13/3 1144/11/3
f 1132/14/3 1145/13/3 1133/12/3
f 1132/14/3 1146/15/3 1145/13/3
f 1131/16/3 1146/15/3 1132/14/3
f 1131/16/3 1147/17/3 1146/15/3
f 1130/18/3 1147/17/3 1131/16/3
f 1130/18/3 1148/19/3 1147/17/3
f 1129/20/3 1148/19/3 1130/18/3
f 1129/20/3 1149/21/3 1148/19/3
f 1128/22/3 1149/21/3 1129/20/3
f 1128/22/3 1150/23/3 1149/21/3
f 1127/24/3 1150/23/3 1128/22/3
f 1127/24/3 1151/25/3 1150/23/3
f 1126/26/3 1151/25/3 1127/24/3
f 1125/27/3 1151/25/3 1126/26/3
f 1125/27/3 1152/28/3 1151/25/3
f 1125/27/3 1153/29/3 1152/28/3
f 1124/30/3 1153/29/3 1125/27/3
f 1124/30/3 1154/31/3 1153/29/3
f 1123/32/3 1154/31/3 1124/30/3
f 1123/32/3 1155/33/3 1154/31/3
f 1122/34/3 1155/33/3 1123/32/3
f 1122/34/3 1156/35/3 1155/33/3
f 1121/36/3 1156/35/3 1122/34/3
f 1121/36/3 1157/37/3 1156/35/3
f 1120/38/3 1157/37/3 1121/36/3
f 1120/38/3 1158/39/3 1157/37/3
f 1119/40/3 1158/39/3 1120/38/3
f 1119/40/3 1159/41/3 1158/39/3
f 1118/42/3 1159/41/3 1119/40/3
f 1118/42/3 1160/43/3 1159/41/3
f 1117/44/3 1160/43/3 1118/42/3
f 1117/44/3 1161/45/3 1160/43/3
f 1116/46/3 1161/45/3 1117/44/3
f 1116/46/3 1162/47/3 1161/45/3
f 1115/48/3 1162/47/3 1116/46/3
f 1115/48/3 1020/49/3 1162/47/3
f 1020/49/3 1019/50/3 1162/47/3
f 1019/50/3 1005/51/3 1162/47/3
f 1114/52/3 1022/53/3 1115/48/3
f 1022/53/3 1021/54/3 1115/48/3
f 1021/54/3 1020/49/3 1115/48/3
f 1114/52/3 1023/55/3 1022/53/3
f 1018/56/3 1005/51/3 1019/50/3
f 1114/52/3 1024/57/3 1023/55/3
f 1017/58/3 1005/51/3 1018/56/3
f 1114/52/3 1025/59/3 1024/57/3
f 1016/60/3 1005/51/3 1017/58/3
f 1114/52/3 1026/61/3 1025/59/3
f 1015/62/3 1005/51/3 1016/60/3
f 1114/52/3 1027/63/3 1026/61/3
f 1014/64/3 1005/51/3 1015/62/3
f 1114/52/3 1028/65/3 1027/63/3
f 1013/66/3 1005/51/3 1014/64/3
f 1114/52/3 1029/67/3 1028/65/3
f 1012/68/3 1005/51/3 1013/66/3
f 1114/52/3 1030/69/3 1029/67/3
f 1011/70/3 1005/51/3 1012/68/3
f 1114/52/3 1031/71/3 1030/69/3
f 1010/72/3 1005/51/3 1011/70/3
f 1114/52/3 1032/73/3 1031/71/3
f 1009/74/3 1005/51/3 1010/72/3
f 1114/52/3 1033/75/3 1032/73/3
f 1008/76/3 1005/51/3 1009/74/3
f 1113/77/3 1033/75/3 1114/52/3
f 1113/77/3 1034/78/3 1033/75/3
f 1007/79/3 1005/51/3 1008/76/3
f 1007/79/3 1006/80/3 1005/51/3
f 1061/81/3 1063/83/3 1062/82/3
f 1061/81/3 1060/84/3 1063/83/3
f 1060/84/3 1064/85/3 1063/83/3
f 1059/86/3 1064/85/3 1060/84/3
f 1112/87/3 1034/78/3 1113/77/3
f 1112/87/3 1035/88/3 1034/78/3
f 1058/89/3 1064/85/3 1059/86/3
f 1058/89/3 1065/90/3 1064/85/3
f 1112/87/3 1036/91/3 1035/88/3
f 1057/92/3 1065/90/3 1058/89/3
f 1112/87/3 1037/93/3 1036/91/3
f 1056/94/3 1065/90/3 1057/92/3
f 1112/87/3 1038/95/3 1037/93/3
f 1055/96/3 1065/90/3 1056/94/3
f 1112/87/3 1039/97/3 1038/95/3
f 1054/98/3 1065/90/3 1055/96/3
f 1112/87/3 1040/99/3 1039/97/3
f 1053/100/3 1065/90/3 1054/98/3
f 1112/87/3 1041/101/3 1040/99/3
f 1052/102/3 1065/90/3 1053/100/3
f 1112/87/3 1042/103/3 1041/101/3
f 1051/104/3 1065/90/3 1052/102/3
f 1112/87/3 1043/105/3 1042/103/3
f 1050/106/3 1065/90/3 1051/104/3
f 1112/87/3 1044/107/3 1043/105/3
f 1049/108/3 1065/90/3 1050/106/3
f 1112/87/3 1045/109/3 1044/107/3
f 1048/110/3 1065/90/3 1049/108/3
f 1112/87/3 1046/111/3 1045/109/3
f 1047/112/3 1065/90/3 1048/110/3
f 1112/87/3 1047/112/3 1046/111/3
f 1112/87/3 1065/90/3 1047/112/3
f 1112/87/3 1066/113/3 1065/90/3
f 1111/114/3 1066/113/3 1112/87/3
f 1111/114/3 1067/115/3 1066/113/3
f 1110/116/3 1067/115/3 1111/114/3
f 1110/116/3 1068/117/3 1067/115/3
f 1109/118/3 1068/117/3 1110/116/3
f 1109/118/3 1069/119/3 1068/117/3
f 1108/120/3 1069/119/3 1109/118/3
f 1108/120/3 1070/121/3 1069/119/3
f 1107/122/3 1070/121/3 1108/120/3
f 1107/122/3 1071/123/3 1070/121/3
f 1106/124/3 1071/123/3 1107/122/3
f 1106/124/3 1072/125/3 1071/123/3
f 1105/126/3 1072/125/3 1106/124/3
f 1105/126/3 1073/127/3 1072/125/3
f 1104/128/3 1073/127/3 1105/126/3
f 1104/128/3 1074/129/3 1073/127/3
f 1103/130/3 1074/129/3 1104/128/3
f 1103/130/3 1075/131/3 1074/129/3
f 1102/132/3 1075/131/3 1103/130/3
f 1102/132/3 1076/133/3 1075/131/3
f 1101/134/3 1076/133/3 1102/132/3
f 1100/135/3 1076/133/3 1101/134/3
f 1100/135/3 1077/136/3 1076/133/3
f 1099/137/3 1077/136/3 1100/135/3
f 1099/137/3 1078/138/3 1077/136/3
f 1098/139/3 1078/138/3 1099/137/3
f 1098/139/3 1079/140/3 1078/138/3
f 1098/139/3 1080/141/3 1079/140/3
f 1097/142/3 1080/141/3 1098/139/3
f 1097/142/3 1081/143/3 1080/141/3
f 1096/144/3 1081/143/3 1097/142/3
f 1096/144/3 1082/145/3 1081/143/3
f 1095/146/3 1082/145/3 1096/144/3
f 1095/146/3 1083/147/3 1082/145/3
f 1094/148/3 1083/147/3 1095/146/3
f 1094/148/3 1084/149/3 1083/147/3
f 1093/150/3 1084/149/3 1094/148/3
f 1093/150/3 1085/151/3 1084/149/3
f 1092/152/3 1085/151/3 1093/150/3
f 1092/152/3 1086/153/3 1085/151/3
f 1091/154/3 1086/153/3 1092/152/3
f 1091/154/3 1087/155/3 1086/153/3
f 1090/156/3 1087/155/3 1091/154/3
f 1090/156/3 1088/157/3 1087/155/3
f 1089/158/3 1088/157/3 1090/156/3
f 1170/159/3 1172/47/3 1171/160/3
f 1170/159/3 1168/161/3 1172/47/3
f 1168/161/3 1163/51/3 1172/47/3
f 1163/51/3 1165/163/3 1164/162/3
f 1163/51/3 1166/164/3 1165/163/3
f 1170/159/3 1169/165/3 1168/161/3
f 1167/166/3 1163/51/3 1168/161/3
f 1167/166/3 1166/164/3 1163/51/3
f 1228/167/3 1174/168/3 1173/51/3
f 1228/167/3 1175/169/3 1174/168/3
f 1228/167/3 1176/170/3 1175/169/3
f 1227/171/3 1176/170/3 1228/167/3
f 1227/171/3 1177/172/3 1176/170/3
f 1226/173/3 1177/172/3 1227/171/3
f 1226/173/3 1178/174/3 1177/172/3
f 1225/175/3 1178/174/3 1226/173/3
f 1225/175/3 1179/176/3 1178/174/3
f 1224/177/3 1179/176/3 1225/175/3
f 1224/177/3 1180/178/3 1179/176/3
f 1223/179/3 1180/178/3 1224/177/3
f 1223/179/3 1181/180/3 1180/178/3
f 1222/181/3 1181/180/3 1223/179/3
f 1222/181/3 1182/182/3 1181/180/3
f 1221/183/3 1182/182/3 1222/181/3
f 1221/183/3 1183/184/3 1182/182/3
f 1220/185/3 1183/184/3 1221/183/3
f 1220/185/3 1184/186/3 1183/184/3
f 1219/187/3 1184/186/3 1220/185/3
f 1219/187/3 1185/188/3 1184/186/3
f 1218/189/3 1185/188/3 1219/187/3
f 1218/189/3 1186/190/3 1185/188/3
f 1217/191/3 1186/190/3 1218/189/3
f 1216/192/3 1186/190/3 1217/191/3
f 1216/192/3 1187/193/3 1186/190/3
f 1216/192/3 1188/194/3 1187/193/3
f 1215/195/3 1188/194/3 1216/192/3
f 1215/195/3 1189/196/3 1188/194/3
f 1214/197/3 1189/196/3 1215/195/3
f 1214/197/3 1190/198/3 1189/196/3
f 1213/199/3 1190/198/3 1214/197/3
f 1213/199/3 1191/200/3 1190/198/3
f 1212/201/3 1191/200/3 1213/199/3
f 1212/201/3 1192/202/3 1191/200/3
f 1211/203/3 1192/202/3 1212/201/3
f 1211/203/3 1193/204/3 1192/202/3
f 1210/205/3 1193/204/3 1211/203/3
f 1210/205/3 1194/206/3 1193/204/3
f 1209/207/3 1194/206/3 1210/205/3
f 1209/207/3 1195/208/3 1194/206/3
f 1208/209/3 1195/208/3 1209/207/3
f 1208/209/3 1196/210/3 1195/208/3
f 1207/211/3 1196/210/3 1208/209/3
f 1207/211/3 1197/212/3 1196/210/3
f 1206/213/3 1197/212/3 1207/211/3
f 1206/213/3 1243/214/3 1197/212/3
f 1243/214/3 1242/215/3 1197/212/3
f 1242/215/3 1198/216/3 1197/212/3
f 1205/217/3 1245/218/3 1206/213/3
f 1245/218/3 1244/219/3 1206/213/3
f 1244/219/3 1243/214/3 1206/213/3
f 1205/217/3 1246/220/3 1245/218/3
f 1241/221/3 1198/216/3 1242/215/3
f 1205/217/3 1247/222/3 1246/220/3
f 1240/223/3 1198/216/3 1241/221/3
f 1205/217/3 1248/224/3 1247/222/3
f 1239/225/3 1198/216/3 1240/223/3
f 1205/217/3 1249/226/3 1248/224/3
f 1238/227/3 1198/216/3 1239/225/3
f 1205/217/3 1250/228/3 1249/226/3
f 1237/229/3 1198/216/3 1238/227/3
f 1205/217/3 1251/230/3 1250/228/3
f 1236/231/3 1198/216/3 1237/229/3
f 1205/217/3 1252/232/3 1251/230/3
f 1235/233/3 1198/216/3 1236/231/3
f 1205/217/3 1253/234/3 1252/232/3
f 1234/235/3 1198/216/3 1235/233/3
f 1205/217/3 1254/236/3 1253/234/3
f 1233/237/3 1198/216/3 1234/235/3
f 1205/217/3 1255/238/3 1254/236/3
f 1232/239/3 1198/216/3 1233/237/3
f 1205/217/3 1256/47/3 1255/238/3
f 1231/240/3 1198/216/3 1232/239/3
f 1204/241/3 1256/47/3 1205/217/3
f 1204/241/3 1229/242/3 1256/47/3
f 1230/243/3 1198/216/3 1231/240/3
f 1230/243/3 1199/244/3 1198/216/3
f 1204/241/3 1202/245/3 1229/242/3
f 1202/245/3 1230/243/3 1229/242/3
f 1202/245/3 1201/246/3 1230/243/3
f 1201/246/3 1199/244/3 1230/243/3
f 1204/241/3 1203/247/3 1202/245/3
f 1200/248/3 1199/244/3 1201/246/3
f 1389/1/3 1391/3/3 1390/2/3
f 1389/1/3 1392/4/3 1391/3/3
f 1389/1/3 1393/5/3 1392/4/3
f 1388/6/3 1393/5/3 1389/1/3
f 1388/6/3 1394/7/3 1393/5/3
f 1387/8/3 1394/7/3 1388/6/3
f 1387/8/3 1395/9/3 1394/7/3
f 1386/10/3 1395/9/3 1387/8/3
f 1386/10/3 1396/11/3 1395/9/3
f 1385/12/3 1396/11/3 1386/10/3
f 1385/12/3 1397/13/3 1396/11/3
f 1384/14/3 1397/13/3 1385/12/3
f 1384/14/3 1398/15/3 1397/13/3
f 1383/16/3 1398/15/3 1384/14/3
f 1383/16/3 1399/17/3 1398/15/3
f 1382/18/3 1399/17/3 1383/16/3
f 1382/18/3 1400/19/3 1399/17/3
f 1381/20/3 1400/19/3 1382/18/3
f 1381/20/3 1401/21/3 1400/19/3
f 1380/22/3 1401/21/3 1381/20/3
f 1380/22/3 1402/23/3 1401/21/3
f 1379/24/3 1402/23/3 1380/22/3
f 1379/24/3 1403/25/3 1402/23/3
f 1378/26/3 1403/25/3 1379/24/3
f 1377/27/3 1403/25/3 1378/26/3
f 1377/27/3 1404/28/3 1403/25/3
f 1377/27/3 1405/29/3 1404/28/3
f 1376/30/3 1405/29/3 1377/27/3
f 1376/30/3 1406/31/3 1405/29/3
f 1375/32/3 1406/31/3 1376/30/3
f 1375/32/3 1407/33/3 1406/31/3
f 1374/34/3 1407/33/3 1375/32/3
f 1374/34/3 1408/35/3 1407/33/3
f 1373/36/3 1408/35/3 1374/34/3
f 1373/36/3 1409/37/3 1408/35/3
f 1372/38/3 1409/37/3 1373/36/3
f 1372/38/3 1410/39/3 1409/37/3
f 1371/40/3 1410/39/3 1372/38/3
f 1371/40/3 1411/41/3 1410/39/3
f 1370/42/3 1411/41/3 1371/40/3
f 1370/42/3 1412/43/3 1411/41/3
f 1369/44/3 1412/43/3 1370/42/3
f 1369/44/3 1413/45/3 1412/43/3
f 1368/46/3 1413/45/3 1369/44/3
f 1368/46/3 1414/47/3 1413/45/3
f 1367/48/3 1414/47/3 1368/46/3
f 1367/48/3 1272/49/3 1414/47/3
f 1272/49/3 1271/50/3 1414/47/3
f 1271/50/3 1257/51/3 1414/47/3
f 1366/52/3 1274/53/3 1367/48/3
f 1274/53/3 1273/54/3 1367/48/3
f 1273/54/3 1272/49/3 1367/48/3
f 1366/52/3 1275/55/3 1274/53/3
f 1270/56/3 1257/51/3 1271/50/3
f 1366/52/3 1276/57/3 1275/55/3
f 1269/58/3 1257/51/3 1270/56/3
f 1366/52/3 1277/59/3 1276/57/3
f 1268/60/3 1257/51/3 1269/58/3
f 1366/52/3 1278/61/3 1277/59/3
f 1267/62/3 1257/51/3 1268/60/3
f 1366/52/3 1279/63/3 1278/61/3
f 1266/64/3 1257/51/3 1267/62/3
f 1366/52/3 1280/65/3 1279/63/3
f 1265/66/3 1257/51/3 1266/64/3
f 1366/52/3 1281/67/3 1280/65/3
f 1264/68/3 1257/51/3 1265/66/3
f 1366/52/3 1282/69/3 1281/67/3
f 1263/70/3 1257/51/3 1264/68/3
f 1366/52/3 1283/71/3 1282/69/3
f 1262/72/3 1257/51/3 1263/70/3
f 1366/52/3 1284/73/3 1283/71/3
f 1261/74/3 1257/51/3 1262/72/3
f 1366/52/3 1285/75/3 1284/73/3
f 1260/76/3 1257/51/3 1261/74/3
f 1365/77/3 1285/75/3 1366/52/3
f 1365/77/3 1286/78/3 1285/75/3
f 1259/79/3 1257/51/3 1260/76/3
f 1259/79/3 1258/80/3 1257/51/3
f 1313/81/3 1315/83/3 1314/82/3
f 1313/81/3 1312/84/3 1315/83/3
f 1312/84/3 1316/85/3 1315/83/3
f 1311/86/3 1316/85/3 1312/84/3
f 1364/87/3 1286/78/3 1365/77/3
f 1364/87/3 1287/88/3 1286/78/3
f 1310/89/3 1316/85/3 1311/86/3
f 1310/89/3 1317/90/3 1316/85/3
f 1364/87/3 1288/91/3 1287/88/3
f 1309/92/3 1317/90/3 1310/89/3
f 1364/87/3 1289/93/3 1288/91/3
f 1308/94/3 1317/90/3 1309/92/3
f 1364/87/3 1290/95/3 1289/93/3
f 1307/96/3 1317/90/3 1308/94/3
f 1364/87/3 1291/97/3 1290/95/3
f 1306/98/3 1317/90/3 1307/96/3
f 1364/87/3 1292/99/3 1291/97/3
f 1305/100/3 1317/90/3 1306/98/3
f 1364/87/3 1293/101/3 1292/99/3
f 1304/102/3 1317/90/3 1305/100/3
f 1364/87/3 1294/103/3 1293/101/3
f 1303/104/3 1317/90/3 1304/102/3
f 1364/87/3 1295/105/3 1294/103/3
f 1302/106/3 1317/90/3 1303/104/3
f 1364/87/3 1296/107/3 1295/105/3
f 1301/108/3 1317/90/3 1302/106/3
f 1364/87/3 1297/109/3 1296/107/3
f 1300/110/3 1317/90/3 1301/108/3
f 1364/87/3 1298/111/3 1297/109/3
f 1299/112/3 1317/90/3 1300/110/3
f 1364/87/3 1299/112/3 1298/111/3
f 1364/87/3 1317/90/3 1299/112/3
f 1364/87/3 1318/113/3 1317/90/3
f 1363/114/3 1318/113/3 1364/87/3
f 1363/114/3 1319/115/3 1318/113/3
f 1362/116/3 1319/115/3 1363/114/3
f 1362/116/3 1320/117/3 1319/115/3
f 1361/118/3 1320/117/3 1362/116/3
f 1361/118/3 1321/119/3 1320/117/3
f 1360/120/3 1321/119/3 1361/118/3
f 1360/120/3 1322/121/3 1321/119/3
f 1359/122/3 1322/121/3 1360/120/3
f 1359/122/3 1323/123/3 1322/121/3
f 1358/124/3 1323/123/3 1359/122/3
f 1358/124/3 1324/125/3 1323/123/3
f 1357/126/3 1324/125/3 1358/124/3
f 1357/126/3 1325/127/3 1324/125/3
f 1356/128/3 1325/127/3 1357/126/3
f 1356/128/3 1326/129/3 1325/127/3
f 1355/130/3 1326/129/3 1356/128/3
f 1355/130/3 1327/131/3 1326/129/3
f 1354/132/3 1327/131/3 1355/130/3
f 1354/132/3 1328/133/3 1327/131/3
f 1353/134/3 1328/133/3 1354/132/3
f 1352/135/3 1328/133/3 1353/134/3
f 1352/135/3 1329/136/3 1328/133/3
f 1351/137/3 1329/136/3 1352/135/3
f 1351/137/3 1330/138/3 1329/136/3
f 1350/139/3 1330/138/3 1351/137/3
f 1350/139/3 1331/140/3 1330/138/3
f 1350/139/3 1332/141/3 1331/140/3
f 1349/142/3 1332/141/3 1350/139/3
f 1349/142/3 1333/143/3 1332/141/3
f 1348/144/3 1333/143/3 1349/142/3
f 1348/144/3 1334/145/3 1333/143/3
f 1347/146/3 1334/145/3 1348/144/3
f 1347/146/3 1335/147/3 1334/145/3
f 1346/148/3 1335/147/3 1347/146/3
f 1346/148/3 1336/149/3 1335/147/3
f 1345/150/3 1336/149/3 1346/148/3
f 1345/150/3 1337/151/3 1336/149/3
f 1344/152/3 1337/151/3 1345/150/3
f 1344/152/3 1338/153/3 1337/151/3
f 1343/154/3 1338/153/3 1344/152/3
f 1343/154/3 1339/155/3 1338/153/3
f 1342/156/3 1339/155/3 1343/154/3
f 1342/156/3 1340/157/3 1339/155/3
f 1341/158/3 1340/157/3 1342/156/3
f 1422/159/3 1424/47/3 1423/160/3
f 1422/159/3 1420/161/3 1424/47/3
f 1420/161/3 1415/51/3 1424/47/3
f 1415/51/3 1417/163/3 1416/162/3
f 1415/51/3 1418/164/3 1417/163/3
f 1422/159/3 1421/165/3 1420/161/3
f 1419/166/3 1415/51/3 1420/161/3
f 1419/166/3 1418/164/3 1415/51/3
f 1524/249/3 1426/250/3 1425/51/3
f 1524/249/3 1427/251/3 1426/250/3
f 1524/249/3 1428/252/3 1427/251/3
f 1523/253/3 1428/252/3 1524/249/3
f 1523/253/3 1429/254/3 1428/252/3
f 1522/255/3 1429/254/3 1523/253/3
f 1522/255/3 1430/256/3 1429/254/3
f 1521/257/3 1430/256/3 1522/255/3
f 1521/257/3 1431/258/3 1430/256/3
f 1520/259/3 1431/258/3 1521/257/3
f 1520/259/3 1432/260/3 1431/258/3
f 1519/261/3 1432/260/3 1520/259/3
f 1519/261/3 1433/262/3 1432/260/3
f 1518/263/3 1433/262/3 1519/261/3
f 1518/263/3 1434/264/3 1433/262/3
f 1517/265/3 1434/264/3 1518/263/3
f 1517/265/3 1435/266/3 1434/264/3
f 1516/267/3 1435/266/3 1517/265/3
f 1516/267/3 1436/268/3 1435/266/3
f 1515/269/3 1436/268/3 1516/267/3
f 1515/269/3 1437/270/3 1436/268/3
f 1514/271/3 1437/270/3 1515/269/3
f 1514/271/3 1438/272/3 1437/270/3
f 1513/273/3 1438/272/3 1514/271/3
f 1512/274/3 1438/272/3 1513/273/3
f 1512/274/3 1439/275/3 1438/272/3
f 1512/274/3 1440/276/3 1439/275/3
f 1511/277/3 1440/276/3 1512/274/3
f 1511/277/3 1441/278/3 1440/276/3
f 1510/279/3 1441/278/3 1511/277/3
f 1510/279/3 1442/280/3 1441/278/3
f 1509/281/3 1442/280/3 1510/279/3
f 1509/281/3 1443/282/3 1442/280/3
f 1508/283/3 1443/282/3 1509/281/3
f 1508/283/3 1444/284/3 1443/282/3
f 1507/285/3 1444/284/3 1508/283/3
f 1507/285/3 1445/286/3 1444/284/3
f 1506/287/3 1445/286/3 1507/285/3
f 1506/287/3 1446/288/3 1445/286/3
f 1505/289/3 1446/288/3 1506/287/3
f 1505/289/3 1447/290/3 1446/288/3
f 1504/291/3 1447/290/3 1505/289/3
f 1504/291/3 1448/292/3 1447/290/3
f 1503/293/3 1448/292/3 1504/291/3
f 1503/293/3 1449/294/3 1448/292/3
f 1502/295/3 1449/294/3 1503/293/3
f 1502/295/3 1551/296/3 1449/294/3
f 1551/296/3 1450/297/3 1449/294/3
f 1501/298/3 1553/299/3 1502/295/3
f 1553/299/3 1552/300/3 1502/295/3
f 1552/300/3 1551/296/3 1502/295/3
f 1550/301/3 1450/297/3 1551/296/3
f 1501/298/3 1554/302/3 1553/299/3
f 1549/303/3 1450/297/3 1550/301/3
f 1501/298/3 1555/304/3 1554/302/3
f 1548/305/3 1450/297/3 1549/303/3
f 1501/298/3 1556/306/3 1555/304/3
f 1547/307/3 1450/297/3 1548/305/3
f 1501/298/3 1557/308/3 1556/306/3
f 1546/309/3 1450/297/3 1547/307/3
f 1501/298/3 1558/310/3 1557/308/3
f 1545/311/3 1450/297/3 1546/309/3
f 1501/298/3 1559/312/3 1558/310/3
f 1544/313/3 1450/297/3 1545/311/3
f 1501/298/3 1560/314/3 1559/312/3
f 1543/315/3 1450/297/3 1544/313/3
f 1501/298/3 1561/316/3 1560/314/3
f 1542/317/3 1450/297/3 1543/315/3
f 1501/298/3 1562/318/3 1561/316/3
f 1541/319/3 1450/297/3 1542/317/3
f 1501/298/3 1563/320/3 1562/318/3
f 1540/321/3 1450/297/3 1541/319/3
f 1501/298/3 1564/322/3 1563/320/3
f 1539/323/3 1450/297/3 1540/321/3
f 1500/324/3 1564/322/3 1501/298/3
f 1500/324/3 1565/325/3 1564/322/3
f 1538/326/3 1450/297/3 1539/323/3
f 1538/326/3 1451/327/3 1450/297/3
f 1499/328/3 1565/325/3 1500/324/3
f 1499/328/3 1566/329/3 1565/325/3
f 1537/330/3 1451/327/3 1538/326/3
f 1537/330/3 1452/331/3 1451/327/3
f 1499/328/3 1567/332/3 1566/329/3
f 1536/333/3 1452/331/3 1537/330/3
f 1499/328/3 1568/334/3 1567/332/3
f 1535/335/3 1452/331/3 1536/333/3
f 1499/328/3 1569/336/3 1568/334/3
f 1534/337/3 1452/331/3 1535/335/3
f 1499/328/3 1570/338/3 1569/336/3
f 1533/339/3 1452/331/3 1534/337/3
f 1499/328/3 1571/340/3 1570/338/3
f 1532/341/3 1452/331/3 1533/339/3
f 1499/328/3 1572/342/3 1571/340/3
f 1531/343/3 1452/331/3 1532/341/3
f 1499/328/3 1573/344/3 1572/342/3
f 1530/345/3 1452/331/3 1531/343/3
f 1499/328/3 1574/346/3 1573/344/3
f 1529/347/3 1452/331/3 1530/345/3
f 1499/328/3 1575/348/3 1574/346/3
f 1528/349/3 1452/331/3 1529/347/3
f 1499/328/3 1576/47/3 1575/348/3
f 1527/350/3 1452/331/3 1528/349/3
f 1499/328/3 1525/351/3 1576/47/3
f 1526/352/3 1452/331/3 1527/350/3
f 1499/328/3 1526/352/3 1525/351/3
f 1499/328/3 1452/331/3 1526/352/3
f 1499/328/3 1453/353/3 1452/331/3
f 1498/354/3 1453/353/3 1499/328/3
f 1498/354/3 1454/355/3 1453/353/3
f 1497/356/3 1454/355/3 1498/354/3
f 1497/356/3 1455/357/3 1454/355/3
f 1496/358/3 1455/357/3 1497/356/3
f 1496/358/3 1456/359/3 1455/357/3
f 1495/360/3 1456/359/3 1496/358/3
f 1495/360/3 1457/361/3 1456/359/3
f 1494/362/3 1457/361/3 1495/360/3
f 1494/362/3 1458/363/3 1457/361/3
f 1493/364/3 1458/363/3 1494/362/3
f 1493/364/3 1459/365/3 1458/363/3
f 1492/366/3 1459/365/3 1493/364/3
f 1492/366/3 1460/367/3 1459/365/3
f 1491/368/3 1460/367/3 1492/366/3
f 1491/368/3 1461/369/3 1460/367/3
f 1490/370/3 1461/369/3 1491/368/3
f 1490/370/3 1462/371/3 1461/369/3
f 1489/372/3 1462/371/3 1490/370/3
f 1489/372/3 1463/373/3 1462/371/3
f 1488/374/3 1463/373/3 1489/372/3
f 1487/375/3 1463/373/3 1488/374/3
f 1487/375/3 1464/376/3 1463/373/3
f 1486/377/3 1464/376/3 1487/375/3
f 1486/377/3 1465/378/3 1464/376/3
f 1485/379/3 1465/378/3 1486/377/3
f 1485/379/3 1466/380/3 1465/378/3
f 1485/379/3 1467/381/3 1466/380/3
f 1484/382/3 1467/381/3 1485/379/3
f 1484/382/3 1468/383/3 1467/381/3
f 1483/384/3 1468/383/3 1484/382/3
f 1483/384/3 1469/385/3 1468/383/3
f 1482/386/3 1469/385/3 1483/384/3
f 1482/386/3 1470/387/3 1469/385/3
f 1481/388/3 1470/387/3 1482/386/3
f 1481/388/3 1471/389/3 1470/387/3
f 1480/390/3 1471/389/3 1481/388/3
f 1480/390/3 1472/391/3 1471/389/3
f 1479/392/3 1472/391/3 1480/390/3
f 1479/392/3 1473/393/3 1472/391/3
f 1478/394/3 1473/393/3 1479/392/3
f 1478/394/3 1474/395/3 1473/393/3
f 1477/396/3 1474/395/3 1478/394/3
f 1477/396/3 1475/397/3 1474/395/3
f 1476/398/3 1475/397/3 1477/396/3
f 1709/1/3 1711/3/3 1710/2/3
f 1709/1/3 1712/4/3 1711/3/3
f 1709/1/3 1713/5/3 1712/4/3
f 1708/6/3 1713/5/3 1709/1/3
f 1708/6/3 1714/7/3 1713/5/3
f 1707/8/3 1714/7/3 1708/6/3
f 1707/8/3 1715/9/3 1714/7/3
f 1706/10/3 1715/9/3 1707/8/3
f 1706/10/3 1716/11/3 1715/9/3
f 1705/12/3 1716/11/3 1706/10/3
f 1705/12/3 1717/13/3 1716/11/3
f 1704/14/3 1717/13/3 1705/12/3
f 1704/14/3 1718/15/3 1717/13/3
f 1703/16/3 1718/15/3 1704/14/3
f 1703/16/3 1719/17/3 1718/15/3
f 1702/18/3 1719/17/3 1703/16/3
f 1702/18/3 1720/19/3 1719/17/3
f 1701/20/3 1720/19/3 1702/18/3
f 1701/20/3 1721/21/3 1720/19/3
f 1700/22/3 1721/21/3 1701/20/3
f 1700/22/3 1722/23/3 1721/21/3
f 1699/24/3 1722/23/3 1700/22/3
f 1699/24/3 1723/25/3 1722/23/3
f 1698/26/3 1723/25/3 1699/24/3
f 1697/27/3 1723/25/3 1698/26/3
f 1697/27/3 1724/28/3 1723/25/3
f 1697/27/3 1725/29/3 1724/28/3
f 1696/30/3 1725/29/3 1697/27/3
f 1696/30/3 1726/31/3 1725/29/3
f 1695/32/3 1726/31/3 1696/30/3
f 1695/32/3 1727/33/3 1726/31/3
f 1694/34/3 1727/33/3 1695/32/3
f 1694/34/3 1728/35/3 1727/33/3
f 1693/36/3 1728/35/3 1694/34/3
f 1693/36/3 1729/37/3 1728/35/3
f 1692/38/3 1729/37/3 1693/36/3
f 1692/38/3 1730/39/3 1729/37/3
f 1691/40/3 1730/39/3 1692/38/3
f 1691/40/3 1731/41/3 1730/39/3
f 1690/42/3 1731/41/3 1691/40/3
f 1690/42/3 1732/43/3 1731/41/3
f 1689/44/3 1732/43/3 1690/42/3
f 1689/44/3 1733/45/3 1732/43/3
f 1688/46/3 1733/45/3 1689/44/3
f 1688/46/3 1734/47/3 1733/45/3
f 1687/48/3 1734/47/3 1688/46/3
f 1687/48/3 1592/49/3 1734/47/3
f 1592/49/3 1591/50/3 1734/47/3
f 1591/50/3 1577/51/3 1734/47/3
f 1686/52/3 1594/53/3 1687/48/3
f 1594/53/3 1593/54/3 1687/48/3
f 1593/54/3 1592/49/3 1687/48/3
f 1686/52/3 1595/55/3 1594/53/3
f 1590/56/3 1577/51/3 1591/50/3
f 1686/52/3 1596/57/3 1595/55/3
f 1589/58/3 1577/51/3 1590/56/3
f 1686/52/3 1597/59/3 1596/57/3
f 1588/60/3 1577/51/3 1589/58/3
f 1686/52/3 1598/61/3 1597/59/3
f 1587/62/3 1577/51/3 1588/60/3
f 1686/52/3 1599/63/3 1598/61/3
f 1586/64/3 1577/51/3 1587/62/3
f 1686/52/3 1600/65/3 1599/63/3
f 1585/66/3 1577/51/3 1586/64/3
f 1686/52/3 1601/67/3 1600/65/3
f 1584/68/3 1577/51/3 1585/66/3
f 1686/52/3 1602/69/3 1601/67/3
f 1583/70/3 1577/51/3 1584/68/3
f 1686/52/3 1603/71/3 1602/69/3
f 1582/72/3 1577/51/3 1583/70/3
f 1686/52/3 1604/73/3 1603/71/3
f 1581/74/3 1577/51/3 1582/72/3
f 1686/52/3 1605/75/3 1604/73/3
f 1580/76/3 1577/51/3 1581/74/3
f 1685/77/3 1605/75/3 1686/52/3
f 1685/77/3 1606/78/3 1605/75/3
f 1579/79/3 1577/51/3 1580/76/3
f 1579/79/3 1578/80/3 1577/51/3
f 1633/81/3 1635/83/3 1634/82/3
f 1633/81/3 1632/84/3 1635/83/3
f 1632/84/3 1636/85/3 1635/83/3
f 1631/86/3 1636/85/3 1632/84/3
f 1684/87/3 1606/78/3 1685/77/3
f 1684/87/3 1607/88/3 1606/78/3
f 1630/89/3 1636/85/3 1631/86/3
f 1630/89/3 1637/90/3 1636/85/3
f 1684/87/3 1608/91/3 1607/88/3
f 1629/92/3 1637/90/3 1630/89/3
f 1684/87/3 1609/93/3 1608/91/3
f 1628/94/3 1637/90/3 1629/92/3
f 1684/87/3 1610/95/3 1609/93/3
f 1627/96/3 1637/90/3 1628/94/3
f 1684/87/3 1611/97/3 1610/95/3
f 1626/98/3 1637/90/3 1627/96/3
f 1684/87/3 1612/99/3 1611/97/3
f 1625/100/3 1637/90/3 1626/98/3
f 1684/87/3 1613/101/3 1612/99/3
f 1624/102/3 1637/90/3 1625/100/3
f 1684/87/3 1614/103/3 1613/101/3
f 1623/104/3 1637/90/3 1624/102/3
f 1684/87/3 1615/105/3 1614/103/3
f 1622/106/3 1637/90/3 1623/104/3
f 1684/87/3 1616/107/3 1615/105/3
f 1621/108/3 1637/90/3 1622/106/3
f 1684/87/3 1617/109/3 1616/107/3
f 1620/110/3 1637/90/3 1621/108/3
f 1684/87/3 1618/111/3 1617/109/3
f 1619/112/3 1637/90/3 1620/110/3
f 1684/87/3 1619/112/3 1618/111/3
f 1684/87/3 1637/90/3 1619/112/3
f 1684/87/3 1638/113/3 1637/90/3
f 1683/114/3 1638/113/3 1684/87/3
f 1683/114/3 1639/115/3 1638/113/3
f 1682/116/3 1639/115/3 1683/114/3
f 1682/116/3 1640/117/3 1639/115/3
f 1681/118/3 1640/117/3 1682/116/3
f 1681/118/3 1641/119/3 1640/117/3
f 1680/120/3 1641/119/3 1681/118/3
f 1680/120/3 1642/121/3 1641/119/3
f 1679/122/3 1642/121/3 1680/120/3
f 1679/122/3 1643/123/3 1642/121/3
f 1678/124/3 1643/123/3 1679/122/3
f 1678/124/3 1644/125/3 1643/123/3
f 1677/126/3 1644/125/3 1678/124/3
f 1677/126/3 1645/127/3 1644/125/3
f 1676/128/3 1645/127/3 1677/126/3
f 1676/128/3 1646/129/3 1645/127/3
f 1675/130/3 1646/129/3 1676/128/3
f 1675/130/3 1647/131/3 1646/129/3
f 1674/132/3 1647/131/3 1675/130/3
f 1674/132/3 1648/133/3 1647/131/3
f 1673/134/3 1648/133/3 1674/132/3
f 1672/135/3 1648/133/3 1673/134/3
f 1672/135/3 1649/136/3 1648/133/3
f 1671/137/3 1649/136/3 1672/135/3
f 1671/137/3 1650/138/3 1649/136/3
f 1670/139/3 1650/138/3 1671/137/3
f 1670/139/3 1651/140/3 1650/138/3
f 1670/139/3 1652/141/3 1651/140/3
f 1669/142/3 1652/141/3 1670/139/3
f 1669/142/3 1653/143/3 1652/141/3
f 1668/144/3 1653/143/3 1669/142/3
f 1668/144/3 1654/145/3 1653/143/3
f 1667/146/3 1654/145/3 1668/144/3
f 1667/146/3 1655/147/3 1654/145/3
f 1666/148/3 1655/147/3 1667/146/3
f 1666/148/3 1656/149/3 1655/147/3
f 1665/150/3 1656/149/3 1666/148/3
f 1665/150/3 1657/151/3 1656/149/3
f 1664/152/3 1657/151/3 1665/150/3
f 1664/152/3 1658/153/3 1657/151/3
f 1663/154/3 1658/153/3 1664/152/3
f 1663/154/3 1659/155/3 1658/153/3
f 1662/156/3 1659/155/3 1663/154/3
f 1662/156/3 1660/157/3 1659/155/3
f 1661/158/3 1660/157/3 1662/156/3
f 1740/399/3 1742/401/3 1741/400/3
f 1740/399/3 1743/47/3 1742/401/3
f 1743/47/3 1736/402/3 1735/51/3
f 1743/47/3 1737/403/3 1736/402/3
f 1740/399/3 1737/403/3 1743/47/3
f 1739/404/3 1737/403/3 1740/399/3
f 1739/404/3 1738/405/3 1737/403/3
f 1744/51/3 1746/407/3 1745/406/3
f 1744/51/3 1747/408/3 1746/407/3
f 1744/51/3 1748/409/3 1747/408/3
f 1744/51/3 1749/47/3 1748/409/3
f 1849/249/3 1751/250/3 1750/51/3
f 1849/249/3 1752/251/3 1751/250/3
f 1849/249/3 1753/252/3 1752/251/3
f 1848/253/3 1753/252/3 1849/249/3
f 1848/253/3 1754/254/3 1753/252/3
f 1847/255/3 1754/254/3 1848/253/3
f 1847/255/3 1755/256/3 1754/254/3
f 1846/257/3 1755/256/3 1847/255/3
f 1846/257/3 1756/258/3 1755/256/3
f 1845/259/3 1756/258/3 1846/257/3
f 1845/259/3 1757/260/3 1756/258/3
f 1844/261/3 1757/260/3 1845/259/3
f 1844/261/3 1758/262/3 1757/260/3
f 1843/263/3 1758/262/3 1844/261/3
f 1843/263/3 1759/264/3 1758/262/3
f 1842/265/3 1759/264/3 1843/263/3
f 1842/265/3 1760/266/3 1759/264/3
f 1841/267/3 1760/266/3 1842/265/3
f 1841/267/3 1761/268/3 1760/266/3
f 1840/269/3 1761/268/3 1841/267/3
f 1840/269/3 1762/270/3 1761/268/3
f 1839/271/3 1762/270/3 1840/269/3
f 1839/271/3 1763/272/3 1762/270/3
f 1838/273/3 1763/272/3 1839/271/3
f 1837/274/3 1763/272/3 1838/273/3
f 1837/274/3 1764/275/3 1763/272/3
f 1837/274/3 1765/276/3 1764/275/3
f 1836/277/3 1765/276/3 1837/274/3
f 1836/277/3 1766/278/3 1765/276/3
f 1835/279/3 1766/278/3 1836/277/3
f 1835/279/3 1767/280/3 1766/278/3
f 1834/281/3 1767/280/3 1835/279/3
f 1834/281/3 1768/282/3 1767/280/3
f 1833/283/3 1768/282/3 1834/281/3
f 1833/283/3 1769/284/3 1768/282/3
f 1832/285/3 1769/284/3 1833/283/3
f 1832/285/3 1770/286/3 1769/284/3
f 1831/287/3 1770/286/3 1832/285/3
f 1831/287/3 1771/288/3 1770/286/3
f 1830/289/3 1771/288/3 1831/287/3
f 1830/289/3 1772/290/3 1771/288/3
f 1829/291/3 1772/290/3 1830/289/3
f 1829/291/3 1773/292/3 1772/290/3
f 1828/293/3 1773/292/3 1829/291/3
f 1828/293/3 1774/294/3 1773/292/3
f 1827/295/3 1774/294/3 1828/293/3
f 1827/295/3 1876/296/3 1774/294/3
f 1876/296/3 1775/297/3 1774/294/3
f 1826/298/3 1878/299/3 1827/295/3
f 1878/299/3 1877/300/3 1827/295/3
f 1877/300/3 1876/296/3 1827/295/3
f 1875/301/3 1775/297/3 1876/296/3
f 1826/298/3 1879/302/3 1878/299/3
f 1874/303/3 1775/297/3 1875/301/3
f 1826/298/3 1880/304/3 1879/302/3
f 1873/305/3 1775/297/3 1874/303/3
f 1826/298/3 1881/306/3 1880/304/3
f 1872/307/3 1775/297/3 1873/305/3
f 1826/298/3 1882/308/3 1881/306/3
f 1871/309/3 1775/297/3 1872/307/3
f 1826/298/3 1883/310/3 1882/308/3
f 1870/311/3 1775/297/3 1871/309/3
f 1826/298/3 1884/312/3 1883/310/3
f 1869/313/3 1775/297/3 1870/311/3
f 1826/298/3 1885/314/3 1884/312/3
f 1868/315/3 1775/297/3 1869/313/3
f 1826/298/3 1886/316/3 1885/314/3
f 1867/317/3 1775/297/3 1868/315/3
f 1826/298/3 1887/318/3 1886/316/3
f 1866/319/3 1775/297/3 1867/317/3
f 1826/298/3 1888/320/3 1887/318/3
f 1865/321/3 1775/297/3 1866/319/3
f 1826/298/3 1889/322/3 1888/320/3
f 1864/323/3 1775/297/3 1865/321/3
f 1825/324/3 1889/322/3 1826/298/3
f 1825/324/3 1890/325/3 1889/322/3
f 1863/326/3 1775/297/3 1864/323/3
f 1863/326/3 1776/327/3 1775/297/3
f 1824/328/3 1890/325/3 1825/324/3
f 1824/328/3 1891/329/3 1890/325/3
f 1862/330/3 1776/327/3 1863/326/3
f 1862/330/3 1777/331/3 1776/327/3
f 1824/328/3 1892/332/3 1891/329/3
f 1861/333/3 1777/331/3 1862/330/3
f 1824/328/3 1893/334/3 1892/332/3
f 1860/335/3 1777/331/3 1861/333/3
f 1824/328/3 1894/336/3 1893/334/3
f 1859/337/3 1777/331/3 1860/335/3
f 1824/328/3 1895/338/3 1894/336/3
f 1858/339/3 1777/331/3 1859/337/3
f 1824/328/3 1896/340/3 1895/338/3
f 1857/341/3 1777/331/3 1858/339/3
f 1824/328/3 1897/342/3 1896/340/3
f 1856/343/3 1777/331/3 1857/341/3
f 1824/328/3 1898/344/3 1897/342/3
f 1855/345/3 1777/331/3 1856/343/3
f 1824/328/3 1899/346/3 1898/344/3
f 1854/347/3 1777/331/3 1855/345/3
f 1824/328/3 1900/348/3 1899/346/3
f 1853/349/3 1777/331/3 1854/347/3
f 1824/328/3 1901/47/3 1900/348/3
f 1852/350/3 1777/331/3 1853/349/3
f 1824/328/3 1850/351/3 1901/47/3
f 1851/352/3 1777/331/3 1852/350/3
f 1824/328/3 1851/352/3 1850/351/3
f 1824/328/3 1777/331/3 1851/352/3
f 1824/328/3 1778/353/3 1777/331/3
f 1823/354/3 1778/353/3 1824/328/3
f 1823/354/3 1779/355/3 1778/353/3
f 1822/356/3 1779/355/3 1823/354/3
f 1822/356/3 1780/357/3 1779/355/3
f 1821/358/3 1780/357/3 1822/356/3
f 1821/358/3 1781/359/3 1780/357/3
f 1820/360/3 1781/359/3 1821/358/3
f 1820/360/3 1782/361/3 1781/359/3
f 1819/362/3 1782/361/3 1820/360/3
f 1819/362/3 1783/363/3 1782/361/3
f 1818/364/3 1783/363/3 1819/362/3
f 1818/364/3 1784/365/3 1783/363/3
f 1817/366/3 1784/365/3 1818/364/3
f 1817/366/3 1785/367/3 1784/365/3
f 1816/368/3 1785/367/3 1817/366/3
f 1816/368/3 1786/369/3 1785/367/3
f 1815/370/3 1786/369/3 1816/368/3
f 1815/370/3 1787/371/3 1786/369/3
f 1814/372/3 1787/371/3 1815/370/3
f 1814/372/3 1788/373/3 1787/371/3
f 1813/374/3 1788/373/3 1814/372/3
f 1812/375/3 1788/373/3 1813/374/3
f 1812/375/3 1789/376/3 1788/373/3
f 1811/377/3 1789/376/3 1812/375/3
f 1811/377/3 1790/378/3 1789/376/3
f 1810/379/3 1790/378/3 1811/377/3
f 1810/379/3 1791/380/3 1790/378/3
f 1810/379/3 1792/381/3 1791/380/3
f 1809/382/3 1792/381/3 1810/379/3
f 1809/382/3 1793/383/3 1792/381/3
f 1808/384/3 1793/383/3 1809/382/3
f 1808/384/3 1794/385/3 1793/383/3
f 1807/386/3 1794/385/3 1808/384/3
f 1807/386/3 1795/387/3 1794/385/3
f 1806/388/3 1795/387/3 1807/386/3
f 1806/388/3 1796/389/3 1795/387/3
f 1805/390/3 1796/389/3 1806/388/3
f 1805/390/3 1797/391/3 1796/389/3
f 1804/392/3 1797/391/3 1805/390/3
f 1804/392/3 1798/393/3 1797/391/3
f 1803/394/3 1798/393/3 1804/392/3
f 1803/394/3 1799/395/3 1798/393/3
f 1802/396/3 1799/395/3 1803/394/3
f 1802/396/3 1800/397/3 1799/395/3
f 1801/398/3 1800/397/3 1802/396/3
f 1956/410/3 1981/411/3 1902/51/3
f 1981/411/3 1980/412/3 1902/51/3
f 1980/412/3 1979/413/3 1902/51/3
f 1979/413/4 1978/414/4 1902/51/4
f 1978/414/3 1977/415/3 1902/51/3
f 1977/415/5 1976/416/5 1902/51/5
f 1976/416/3 1975/417/3 1902/51/3
f 1975/417/4 1974/418/4 1902/51/4
f 1974/418/3 1903/419/3 1902/51/3
f 1974/418/3 1904/420/3 1903/419/3
f 1974/418/3 1905/421/3 1904/420/3
f 1974/418/3 1906/422/3 1905/421/3
f 1974/418/3 1907/423/3 1906/422/3
f 1974/418/3 1973/424/3 1907/423/3
f 1973/424/3 1908/425/3 1907/423/3
f 1973/424/3 1909/426/3 1908/425/3
f 1973/424/3 1910/427/3 1909/426/3
f 1973/424/3 1911/428/3 1910/427/3
f 1973/424/3 1912/429/3 1911/428/3
f 1973/424/3 1913/430/3 1912/429/3
f 1973/424/3 1914/431/3 1913/430/3
f 1973/424/3 1915/432/3 1914/431/3
f 1973/424/3 1916/433/3 1915/432/3
f 1973/424/6 1972/434/6 1916/433/6
f 1972/434/3 1917/435/3 1916/433/3
f 1972/434/3 1918/436/3 1917/435/3
f 1972/434/3 1919/437/3 1918/436/3
f 1972/434/3 1920/438/3 1919/437/3
f 1972/434/3 1921/439/3 1920/438/3
f 1972/434/3 1922/440/3 1921/439/3
f 1972/434/3 1923/441/3 1922/440/3
f 1972/434/3 1971/442/3 1923/441/3
f 1971/442/3 1924/443/3 1923/441/3
f 1971/442/3 1925/444/3 1924/443/3
f 1971/442/3 1926/445/3 1925/444/3
f 1971/442/3 1970/446/3 1926/445/3
f 1970/446/3 1969/447/3 1926/445/3
f 1969/447/3 1927/448/3 1926/445/3
f 1968/449/3 1927/448/3 1969/447/3
f 1967/450/3 1927/448/3 1968/449/3
f 1966/451/3 1927/448/3 1967/450/3
f 1965/452/3 1927/448/3 1966/451/3
f 1964/453/3 1927/448/3 1965/452/3
f 1963/454/3 1927/448/3 1964/453/3
f 1962/455/3 1927/448/3 1963/454/3
f 1961/456/3 1927/448/3 1962/455/3
f 1960/457/3 1927/448/3 1961/456/3
f 1956/410/7 1982/458/7 1981/411/7
f 1959/459/3 1927/448/3 1960/457/3
f 1956/410/8 1983/460/8 1982/458/8
f 1958/461/3 1927/448/3 1959/459/3
f 1956/410/3 1984/462/3 1983/460/3
f 1957/463/3 1927/448/3 1958/461/3
f 1957/463/3 1928/464/3 1927/448/3
f 1956/410/5 1985/465/5 1984/462/5
f 2008/47/3 1928/464/3 1957/463/3
f 2008/47/3 1929/466/3 1928/464/3
f 1956/410/4 1986/467/4 1985/465/4
f 2007/468/3 1929/466/3 2008/47/3
f 1956/410/3 1987/469/3 1986/467/3
f 2006/470/3 1929/466/3 2007/468/3
f 1956/410/3 1988/471/3 1987/469/3
f 2005/472/3 1929/466/3 2006/470/3
f 1956/410/3 1989/473/3 1988/471/3
f 2004/474/3 1929/466/3 2005/472/3
f 1956/410/3 1990/475/3 1989/473/3
f 2003/476/3 1929/466/3 2004/474/3
f 1956/410/4 1991/477/4 1990/475/4
f 2002/478/3 1929/466/3 2003/476/3
f 1956/410/5 1992/479/5 1991/477/5
f 2001/480/3 1929/466/3 2002/478/3
f 1956/410/3 1993/481/3 1992/479/3
f 2000/482/3 1929/466/3 2001/480/3
f 1956/410/5 1994/483/5 1993/481/5
f 1999/484/3 1929/466/3 2000/482/3
f 1956/410/3 1995/485/3 1994/483/3
f 1998/486/3 1929/466/3 1999/484/3
f 1956/410/3 1996/487/3 1995/485/3
f 1997/488/3 1929/466/3 1998/486/3
f 1956/410/3 1954/489/3 1996/487/3
f 1954/489/3 1997/488/3 1996/487/3
f 1954/489/3 1929/466/3 1997/488/3
f 1954/489/3 1930/490/3 1929/466/3
f 1954/489/3 1931/491/3 1930/490/3
f 1954/489/3 1932/492/3 1931/491/3
f 1954/489/3 1933/493/3 1932/492/3
f 1954/489/3 1934/494/3 1933/493/3
f 1954/489/3 1935/495/3 1934/494/3
f 1954/489/3 1936/496/3 1935/495/3
f 1954/489/3 1937/497/3 1936/496/3
f 1954/489/3 1938/498/3 1937/497/3
f 1954/489/3 1939/499/3 1938/498/3
f 1954/489/3 1940/500/3 1939/499/3
f 1954/489/3 1941/501/3 1940/500/3
f 1954/489/3 1942/502/3 1941/501/3
f 1954/489/3 1943/503/3 1942/502/3
f 1954/489/3 1944/504/3 1943/503/3
f 1954/489/3 1945/505/3 1944/504/3
f 1954/489/3 1946/506/3 1945/505/3
f 1954/489/3 1947/507/3 1946/506/3
f 1954/489/3 1948/508/3 1947/507/3
f 1954/489/3 1949/509/3 1948/508/3
f 1954/489/3 1950/510/3 1949/509/3
f 1954/489/3 1951/511/3 1950/510/3
f 1954/489/3 1952/512/3 1951/511/3
f 1956/410/3 1955/404/3 1954/489/3
f 1953/513/3 1952/512/3 1954/489/3
f 516/259/9 515/261/9 1519/261/9 1520/259/9
f 143/17/10 142/15/10 1146/15/10 1147/17/10
f 597/67/11 596/65/11 1600/65/11 1601/67/11
f 237/221/12 236/223/12 1240/223/12 1241/221/12
f 926/490/13 925/466/13 1929/466/13 1930/490/13
f 127/16/14 126/18/14 1130/18/14 1131/16/14
f 581/66/15 580/68/15 1584/68/15 1585/66/15
f 927/491/16 926/490/16 1930/490/16 1931/491/16
f 429/262/17 428/260/17 1432/260/17 1433/262/17
f 244/224/18 243/222/18 1247/222/18 1248/224/18
f 515/261/19 514/263/19 1518/263/19 1519/261/19
f 144/19/20 143/17/20 1147/17/20 1148/19/20
f 598/69/21 597/67/21 1601/67/21 1602/69/21
f 236/223/22 235/225/22 1239/225/22 1240/223/22
f 928/492/23 927/491/23 1931/491/23 1932/492/23
f 126/18/24 125/20/24 1129/20/24 1130/18/24
f 580/68/25 579/70/25 1583/70/25 1584/68/25
f 929/493/26 928/492/26 1932/492/26 1933/493/26
f 430/264/27 429/262/27 1433/262/27 1434/264/27
f 245/226/28 244/224/28 1248/224/28 1249/226/28
f 514/263/29 513/265/29 1517/265/29 1518/263/29
f 145/21/30 144/19/30 1148/19/30 1149/21/30
f 599/71/31 598/69/31 1602/69/31 1603/71/31
f 235/225/32 234/227/32 1238/227/32 1239/225/32
f 930/494/33 929/493/33 1933/493/33 1934/494/33
f 125/20/34 124/22/34 1128/22/34 1129/20/34
f 579/70/35 578/72/35 1582/72/35 1583/70/35
f 931/495/36 930/494/36 1934/494/36 1935/495/36
f 431/266/37 430/264/37 1434/264/37 1435/266/37
f 246/228/38 245/226/38 1249/226/38 1250/228/38
f 513/265/24 512/267/24 1516/267/24 1517/265/24
f 146/23/39 145/21/39 1149/21/39 1150/23/39
f 600/73/40 599/71/40 1603/71/40 1604/73/40
f 234/227/41 233/229/41 1237/229/41 1238/227/41
f 932/496/42 931/495/42 1935/495/42 1936/496/42
f 124/22/43 123/24/43 1127/24/43 1128/22/43
f 578/72/44 577/74/44 1581/74/44 1582/72/44
f 933/497/45 932/496/45 1936/496/45 1937/497/45
f 432/268/46 431/266/46 1435/266/46 1436/268/46
f 247/230/47 246/228/47 1250/228/47 1251/230/47
f 512/267/48 511/269/48 1515/269/48 1516/267/48
f 147/25/49 146/23/49 1150/23/49 1151/25/49
f 601/75/50 600/73/50 1604/73/50 1605/75/50
f 233/229/51 232/231/51 1236/231/51 1237/229/51
f 934/498/52 933/497/52 1937/497/52 1938/498/52
f 123/24/53 122/26/53 1126/26/53 1127/24/53
f 577/74/54 576/76/54 1580/76/54 1581/74/54
f 935/499/55 934/498/55 1938/498/55 1939/499/55
f 433/270/56 432/268/56 1436/268/56 1437/270/56
f 122/26/57 121/27/57 1125/27/57 1126/26/57
f 682/52/58 681/77/58 1685/77/58 1686/52/58
f 248/232/11 247/230/11 1251/230/11 1252/232/11
f 511/269/43 510/271/43 1514/271/43 1515/269/43
f 232/231/15 231/233/15 1235/233/15 1236/231/15
f 936/500/59 935/499/59 1939/499/59 1940/500/59
f 148/28/60 147/25/60 1151/25/60 1152/28/60
f 602/78/61 601/75/61 1605/75/61 1606/78/61
f 937/501/62 936/500/62 1940/500/62 1941/501/62
f 434/272/63 433/270/63 1437/270/63 1438/272/63
f 576/76/58 575/79/58 1579/79/58 1580/76/58
f 249/234/64 248/232/64 1252/232/64 1253/234/64
f 510/271/65 509/273/65 1513/273/65 1514/271/65
f 149/29/66 148/28/66 1152/28/66 1153/29/66
f 231/233/67 230/235/67 1234/235/67 1235/233/67
f 938/502/68 937/501/68 1941/501/68 1942/502/68
f 121/27/69 120/30/69 1124/30/69 1125/27/69
f 575/79/70 574/80/70 1578/80/70 1579/79/70
f 509/273/57 508/274/57 1512/274/57 1513/273/57
f 574/80/61 573/51/61 1577/51/61 1578/80/61
f 939/503/71 938/502/71 1942/502/71 1943/503/71
f 630/82/58 629/81/58 1633/81/58 1634/82/58
f 250/236/31 249/234/31 1253/234/31 1254/236/31
f 150/31/72 149/29/72 1153/29/72 1154/31/72
f 230/235/35 229/237/35 1233/237/35 1234/235/35
f 940/504/73 939/503/73 1943/503/73 1944/504/73
f 435/275/74 434/272/74 1438/272/74 1439/275/74
f 120/30/75 119/32/75 1123/32/75 1124/30/75
f 631/83/76 630/82/76 1634/82/76 1635/83/76
f 629/81/70 628/84/70 1632/84/70 1633/81/70
f 941/505/77 940/504/77 1944/504/77 1945/505/77
f 436/276/78 435/275/78 1439/275/78 1440/276/78
f 251/238/79 250/236/79 1254/236/79 1255/238/79
f 508/274/80 507/277/80 1511/277/80 1512/274/80
f 151/33/81 150/31/81 1154/31/81 1155/33/81
f 229/237/82 228/239/82 1232/239/82 1233/237/82
f 942/506/83 941/505/83 1945/505/83 1946/506/83
f 119/32/84 118/34/84 1122/34/84 1123/32/84
f 632/85/61 631/83/61 1635/83/61 1636/85/61
f 628/84/58 627/86/58 1631/86/58 1632/84/58
f 943/507/85 942/506/85 1946/506/85 1947/507/85
f 437/278/86 436/276/86 1440/276/86 1441/278/86
f 252/47/87 251/238/87 1255/238/87 1256/47/87
f 507/277/75 506/279/75 1510/279/75 1511/277/75
f 152/35/88 151/33/88 1155/33/88 1156/35/88
f 681/77/89 680/87/89 1684/87/89 1685/77/89
f 228/239/54 227/240/54 1231/240/54 1232/239/54
f 944/508/90 943/507/90 1947/507/90 1948/508/90
f 118/34/91 117/36/91 1121/36/91 1122/34/91
f 201/217/58 200/241/58 1204/241/58 1205/217/58
f 945/509/92 944/508/92 1948/508/92 1949/509/92
f 438/280/81 437/278/81 1441/278/81 1442/280/81
f 603/88/93 602/78/93 1606/78/93 1607/88/93
f 506/279/94 505/281/94 1509/281/94 1510/279/94
f 153/37/95 152/35/95 1156/35/95 1157/37/95
f 627/86/96 626/89/96 1630/89/96 1631/86/96
f 946/510/97 945/509/97 1949/509/97 1950/510/97
f 117/36/98 116/38/98 1120/38/98 1121/36/98
f 225/242/61 252/47/61 1256/47/61 1229/242/61
f 227/240/58 226/243/58 1230/243/58 1231/240/58
f 947/511/99 946/510/99 1950/510/99 1951/511/99
f 439/282/100 438/280/100 1442/280/100 1443/282/100
f 633/90/101 632/85/101 1636/85/101 1637/90/101
f 505/281/91 504/283/91 1508/283/91 1509/281/91
f 154/39/102 153/37/102 1157/37/102 1158/39/102
f 948/512/103 947/511/103 1951/511/103 1952/512/103
f 116/38/104 115/40/104 1119/40/104 1120/38/104
f 604/91/105 603/88/105 1607/88/105 1608/91/105
f 195/244/61 194/216/61 1198/216/61 1199/244/61
f 952/410/70 951/404/70 1955/404/70 1956/410/70
f 626/89/106 625/92/106 1629/92/106 1630/89/106
f 951/404/61 950/489/61 1954/489/61 1955/404/61
f 440/284/107 439/282/107 1443/282/107 1444/284/107
f 950/489/108 949/513/108 1953/513/108 1954/489/108
f 504/283/98 503/285/98 1507/285/98 1508/283/98
f 155/41/109 154/39/109 1158/39/109 1159/41/109
f 949/513/110 948/512/110 1952/512/110 1953/513/110
f 115/40/111 114/42/111 1118/42/111 1119/40/111
f 605/93/112 604/91/112 1608/91/112 1609/93/112
f 226/243/76 225/242/76 1229/242/76 1230/243/76
f 625/92/113 624/94/113 1628/94/113 1629/92/113
f 198/245/70 197/246/70 1201/246/70 1202/245/70
f 441/286/102 440/284/102 1444/284/102 1445/286/102
f 503/285/104 502/287/104 1506/287/104 1507/285/104
f 156/43/114 155/41/114 1159/41/114 1160/43/114
f 114/42/115 113/44/115 1117/44/115 1118/42/115
f 606/95/116 605/93/116 1609/93/116 1610/95/116
f 200/241/70 199/247/70 1203/247/70 1204/241/70
f 624/94/117 623/96/117 1627/96/117 1628/94/117
f 199/247/61 198/245/61 1202/245/61 1203/247/61
f 442/288/109 441/286/109 1445/286/109 1446/288/109
f 197/246/58 196/248/58 1200/248/58 1201/246/58
f 502/287/118 501/289/118 1505/289/118 1506/287/118
f 157/45/119 156/43/119 1160/43/119 1161/45/119
f 196/248/70 195/244/70 1199/244/70 1200/248/70
f 113/44/120 112/46/120 1116/46/120 1117/44/120
f 607/97/121 606/95/121 1610/95/121 1611/97/121
f 386/2/122 385/1/122 1389/1/122 1390/2/122
f 623/96/123 622/98/123 1626/98/123 1627/96/123
f 443/290/124 442/288/124 1446/288/124 1447/290/124
f 387/3/76 386/2/76 1390/2/76 1391/3/76
f 501/289/115 500/291/115 1504/291/115 1505/289/115
f 158/47/125 157/45/125 1161/45/125 1162/47/125
f 112/46/126 111/48/126 1115/48/126 1116/46/126
f 608/99/127 607/97/127 1611/97/127 1612/99/127
f 388/4/128 387/3/128 1391/3/128 1392/4/128
f 622/98/129 621/100/129 1625/100/129 1626/98/129
f 444/292/130 443/290/130 1447/290/130 1448/292/130
f 389/5/131 388/4/131 1392/4/131 1393/5/131
f 500/291/132 499/293/132 1503/293/132 1504/291/132
f 385/1/133 384/6/133 1388/6/133 1389/1/133
f 16/49/134 15/50/134 1019/50/134 1020/49/134
f 609/101/135 608/99/135 1612/99/135 1613/101/135
f 621/100/136 620/102/136 1624/102/136 1625/100/136
f 445/294/125 444/292/125 1448/292/125 1449/294/125
f 390/7/137 389/5/137 1393/5/137 1394/7/137
f 499/293/126 498/295/126 1502/295/126 1503/293/126
f 1/51/138 158/47/138 1162/47/138 1005/51/138
f 384/6/139 383/8/139 1387/8/139 1388/6/139
f 111/48/140 110/52/140 1114/52/140 1115/48/140
f 610/103/141 609/101/141 1613/101/141 1614/103/141
f 620/102/142 619/104/142 1623/104/142 1624/102/142
f 391/9/143 390/7/143 1394/7/143 1395/9/143
f 18/53/144 17/54/144 1021/54/144 1022/53/144
f 383/8/145 382/10/145 1386/10/145 1387/8/145
f 446/297/146 445/294/146 1449/294/146 1450/297/146
f 611/105/147 610/103/147 1614/103/147 1615/105/147
f 498/295/140 497/298/140 1501/298/140 1502/295/140
f 17/54/70 16/49/70 1020/49/70 1021/54/70
f 619/104/148 618/106/148 1622/106/148 1623/104/148
f 392/11/149 391/9/149 1395/9/149 1396/11/149
f 19/55/150 18/53/150 1022/53/150 1023/55/150
f 382/10/151 381/12/151 1385/12/151 1386/10/151
f 549/299/144 548/300/144 1552/300/144 1553/299/144
f 15/50/152 14/56/152 1018/56/152 1019/50/152
f 612/107/153 611/105/153 1615/105/153 1616/107/153
f 618/106/154 617/108/154 1621/108/154 1622/106/154
f 548/300/70 547/296/70 1551/296/70 1552/300/70
f 393/13/155 392/11/155 1396/11/155 1397/13/155
f 547/296/156 546/301/156 1550/301/156 1551/296/156
f 20/57/157 19/55/157 1023/55/157 1024/57/157
f 381/12/9 380/14/9 1384/14/9 1385/12/9
f 14/56/158 13/58/158 1017/58/158 1018/56/158
f 613/109/159 612/107/159 1616/107/159 1617/109/159
f 617/108/160 616/110/160 1620/110/160 1621/108/160
f 550/302/161 549/299/161 1553/299/161 1554/302/161
f 394/15/162 393/13/162 1397/13/162 1398/15/162
f 546/301/163 545/303/163 1549/303/163 1550/301/163
f 21/59/164 20/57/164 1024/57/164 1025/59/164
f 380/14/19 379/16/19 1383/16/19 1384/14/19
f 13/58/165 12/60/165 1016/60/165 1017/58/165
f 614/111/166 613/109/166 1617/109/166 1618/111/166
f 616/110/167 615/112/167 1619/112/167 1620/110/167
f 551/304/168 550/302/168 1554/302/168 1555/304/168
f 395/17/10 394/15/10 1398/15/10 1399/17/10
f 545/303/169 544/305/169 1548/305/169 1549/303/169
f 22/61/28 21/59/28 1025/59/28 1026/61/28
f 379/16/14 378/18/14 1382/18/14 1383/16/14
f 12/60/170 11/62/170 1015/62/170 1016/60/170
f 615/112/76 614/111/76 1618/111/76 1619/112/76
f 552/306/171 551/304/171 1555/304/171 1556/306/171
f 396/19/20 395/17/20 1399/17/20 1400/19/20
f 544/305/172 543/307/172 1547/307/172 1548/305/172
f 23/63/38 22/61/38 1026/61/38 1027/63/38
f 634/113/173 633/90/173 1637/90/173 1638/113/173
f 378/18/174 377/20/174 1381/20/174 1382/18/174
f 11/62/41 10/64/41 1014/64/41 1015/62/41
f 680/87/175 679/114/175 1683/114/175 1684/87/175
f 553/308/176 552/306/176 1556/306/176 1557/308/176
f 397/21/30 396/19/30 1400/19/30 1401/21/30
f 543/307/177 542/309/177 1546/309/177 1547/307/177
f 24/65/47 23/63/47 1027/63/47 1028/65/47
f 635/115/178 634/113/178 1638/113/178 1639/115/178
f 377/20/34 376/22/34 1380/22/34 1381/20/34
f 10/64/179 9/66/179 1013/66/179 1014/64/179
f 679/114/180 678/116/180 1682/116/180 1683/114/180
f 554/310/181 553/308/181 1557/308/181 1558/310/181
f 398/23/39 397/21/39 1401/21/39 1402/23/39
f 542/309/182 541/311/182 1545/311/182 1546/309/182
f 25/67/183 24/65/183 1028/65/183 1029/67/183
f 636/117/184 635/115/184 1639/115/184 1640/117/184
f 376/22/185 375/24/185 1379/24/185 1380/22/185
f 9/66/186 8/68/186 1012/68/186 1013/66/186
f 678/116/187 677/118/187 1681/118/187 1682/116/187
f 555/312/188 554/310/188 1558/310/188 1559/312/188
f 399/25/49 398/23/49 1402/23/49 1403/25/49
f 541/311/189 540/313/189 1544/313/189 1545/311/189
f 26/69/190 25/67/190 1029/67/190 1030/69/190
f 637/119/191 636/117/191 1640/117/191 1641/119/191
f 375/24/53 374/26/53 1378/26/53 1379/24/53
f 8/68/192 7/70/192 1011/70/192 1012/68/192
f 677/118/193 676/120/193 1680/120/193 1681/118/193
f 374/26/57 373/27/57 1377/27/57 1378/26/57
f 556/314/194 555/312/194 1559/312/194 1560/314/194
f 540/313/195 539/315/195 1543/315/195 1544/313/195
f 27/71/196 26/69/196 1030/69/196 1031/71/196
f 638/121/197 637/119/197 1641/119/197 1642/121/197
f 7/70/198 6/72/198 1010/72/198 1011/70/198
f 676/120/199 675/122/199 1679/122/199 1680/120/199
f 400/28/60 399/25/60 1403/25/60 1404/28/60
f 557/316/200 556/314/200 1560/314/200 1561/316/200
f 401/29/78 400/28/78 1404/28/78 1405/29/78
f 539/315/201 538/317/201 1542/317/201 1543/315/201
f 28/73/202 27/71/202 1031/71/202 1032/73/202
f 889/334/112 888/332/112 1892/332/112 1893/334/112
f 639/123/203 638/121/203 1642/121/203 1643/123/203
f 373/27/69 372/30/69 1376/30/69 1377/27/69
f 6/72/204 5/74/204 1009/74/204 1010/72/204
f 857/333/205 856/335/205 1860/335/205 1861/333/205
f 675/122/206 674/124/206 1678/124/206 1679/122/206
f 558/318/31 557/316/31 1561/316/31 1562/318/31
f 402/31/86 401/29/86 1405/29/86 1406/31/86
f 538/317/207 537/319/207 1541/319/207 1542/317/207
f 29/75/208 28/73/208 1032/73/208 1033/75/208
f 890/336/116 889/334/116 1893/334/116 1894/336/116
f 640/125/209 639/123/209 1643/123/209 1644/125/209
f 372/30/75 371/32/75 1375/32/75 1376/30/75
f 5/74/210 4/76/210 1008/76/210 1009/74/210
f 856/335/211 855/337/211 1859/337/211 1860/335/211
f 674/124/212 673/126/212 1677/126/212 1678/124/212
f 559/320/40 558/318/40 1562/318/40 1563/320/40
f 110/52/58 109/77/58 1113/77/58 1114/52/58
f 403/33/81 402/31/81 1406/31/81 1407/33/81
f 537/319/213 536/321/213 1540/321/213 1541/319/213
f 891/338/121 890/336/121 1894/336/121 1895/338/121
f 641/127/214 640/125/214 1644/125/214 1645/127/214
f 371/32/84 370/34/84 1374/34/84 1375/32/84
f 855/337/215 854/339/215 1858/339/215 1859/337/215
f 673/126/216 672/128/216 1676/128/216 1677/126/216
f 30/78/61 29/75/61 1033/75/61 1034/78/61
f 560/322/50 559/320/50 1563/320/50 1564/322/50
f 4/76/58 3/79/58 1007/79/58 1008/76/58
f 404/35/217 403/33/217 1407/33/217 1408/35/217
f 536/321/218 535/323/218 1539/323/218 1540/321/218
f 892/340/219 891/338/219 1895/338/219 1896/340/219
f 642/129/220 641/127/220 1645/127/220 1646/129/220
f 370/34/91 369/36/91 1373/36/91 1374/34/91
f 3/79/70 2/80/70 1006/80/70 1007/79/70
f 854/339/221 853/341/221 1857/341/221 1858/339/221
f 672/128/189 671/130/189 1675/130/189 1676/128/189
f 497/298/58 496/324/58 1500/324/58 1501/298/58
f 2/80/61 1/51/61 1005/51/61 1006/80/61
f 58/82/58 57/81/58 1061/81/58 1062/82/58
f 405/37/95 404/35/95 1408/35/95 1409/37/95
f 893/342/222 892/340/222 1896/340/222 1897/342/222
f 643/131/223 642/129/223 1646/129/223 1647/131/223
f 369/36/98 368/38/98 1372/38/98 1373/36/98
f 561/325/61 560/322/61 1564/322/61 1565/325/61
f 59/83/76 58/82/76 1062/82/76 1063/83/76
f 853/341/224 852/343/224 1856/343/224 1857/341/224
f 671/130/225 670/132/225 1674/132/225 1675/130/225
f 535/323/58 534/326/58 1538/326/58 1539/323/58
f 57/81/70 56/84/70 1060/84/70 1061/81/70
f 406/39/102 405/37/102 1409/37/102 1410/39/102
f 894/344/226 893/342/226 1897/342/226 1898/344/226
f 644/133/227 643/131/227 1647/131/227 1648/133/227
f 368/38/104 367/40/104 1371/40/104 1372/38/104
f 447/327/61 446/297/61 1450/297/61 1451/327/61
f 60/85/61 59/83/61 1063/83/61 1064/85/61
f 852/343/228 851/345/228 1855/345/228 1856/343/228
f 670/132/229 669/134/229 1673/134/229 1674/132/229
f 496/324/89 495/328/89 1499/328/89 1500/324/89
f 56/84/58 55/86/58 1059/86/58 1060/84/58
f 669/134/230 668/135/230 1672/135/230 1673/134/230
f 407/41/109 406/39/109 1410/39/109 1411/41/109
f 109/77/89 108/87/89 1112/87/89 1113/77/89
f 895/346/147 894/344/147 1898/344/147 1899/346/147
f 367/40/118 366/42/118 1370/42/118 1371/40/118
f 562/329/93 561/325/93 1565/325/93 1566/329/93
f 851/345/231 850/347/231 1854/347/231 1855/345/231
f 534/326/232 533/330/232 1537/330/232 1538/326/232
f 645/136/233 644/133/233 1648/133/233 1649/136/233
f 31/88/234 30/78/234 1034/78/234 1035/88/234
f 668/135/235 667/137/235 1671/137/235 1672/135/235
f 408/43/114 407/41/114 1411/41/114 1412/43/114
f 55/86/236 54/89/236 1058/89/236 1059/86/236
f 896/348/153 895/346/153 1899/346/153 1900/348/153
f 366/42/115 365/44/115 1369/44/115 1370/42/115
f 448/331/237 447/327/237 1451/327/237 1452/331/237
f 850/347/238 849/349/238 1853/349/238 1854/347/238
f 646/138/239 645/136/239 1649/136/239 1650/138/239
f 563/332/105 562/329/105 1566/329/105 1567/332/105
f 61/90/101 60/85/101 1064/85/101 1065/90/101
f 667/137/240 666/139/240 1670/139/240 1671/137/240
f 409/45/119 408/43/119 1412/43/119 1413/45/119
f 533/330/241 532/333/241 1536/333/241 1537/330/241
f 897/47/159 896/348/159 1900/348/159 1901/47/159
f 365/44/132 364/46/132 1368/46/132 1369/44/132
f 32/91/242 31/88/242 1035/88/242 1036/91/242
f 849/349/243 848/350/243 1852/350/243 1853/349/243
f 54/89/244 53/92/244 1057/92/244 1058/89/244
f 647/140/245 646/138/245 1650/138/245 1651/140/245
f 564/334/112 563/332/112 1567/332/112 1568/334/112
f 410/47/125 409/45/125 1413/45/125 1414/47/125
f 532/333/205 531/335/205 1535/335/205 1536/333/205
f 846/351/166 897/47/166 1901/47/166 1850/351/166
f 648/141/246 647/140/246 1651/140/246 1652/141/246
f 364/46/126 363/48/126 1367/48/126 1368/46/126
f 33/93/247 32/91/247 1036/91/247 1037/93/247
f 848/350/248 847/352/248 1851/352/248 1852/350/248
f 666/139/249 665/142/249 1669/142/249 1670/139/249
f 53/92/113 52/94/113 1056/94/113 1057/92/113
f 565/336/250 564/334/250 1568/334/250 1569/336/250
f 531/335/211 530/337/211 1534/337/211 1535/335/211
f 847/352/76 846/351/76 1850/351/76 1851/352/76
f 649/143/251 648/141/251 1652/141/251 1653/143/251
f 268/49/134 267/50/134 1271/50/134 1272/49/134
f 34/95/252 33/93/252 1037/93/252 1038/95/252
f 665/142/253 664/144/253 1668/144/253 1669/142/253
f 52/94/254 51/96/254 1055/96/254 1056/94/254
f 566/338/255 565/336/255 1569/336/255 1570/338/255
f 774/353/256 773/331/256 1777/331/256 1778/353/256
f 253/51/138 410/47/138 1414/47/138 1257/51/138
f 530/337/257 529/339/257 1533/339/257 1534/337/257
f 820/328/258 819/354/258 1823/354/258 1824/328/258
f 650/145/259 649/143/259 1653/143/259 1654/145/259
f 363/48/140 362/52/140 1366/52/140 1367/48/140
f 35/97/260 34/95/260 1038/95/260 1039/97/260
f 664/144/261 663/146/261 1667/146/261 1668/144/261
f 51/96/262 50/98/262 1054/98/262 1055/96/262
f 567/340/127 566/338/127 1570/338/127 1571/340/127
f 775/355/263 774/353/263 1778/353/263 1779/355/263
f 270/53/264 269/54/264 1273/54/264 1274/53/264
f 529/339/221 528/341/221 1532/341/221 1533/339/221
f 819/354/180 818/356/180 1822/356/180 1823/354/180
f 651/147/265 650/145/265 1654/145/265 1655/147/265
f 36/99/266 35/97/266 1039/97/266 1040/99/266
f 663/146/267 662/148/267 1666/148/267 1667/146/267
f 269/54/70 268/49/70 1272/49/70 1273/54/70
f 50/98/268 49/100/268 1053/100/268 1054/98/268
f 568/342/222 567/340/222 1571/340/222 1572/342/222
f 776/357/184 775/355/184 1779/355/184 1780/357/184
f 271/55/150 270/53/150 1274/53/150 1275/55/150
f 528/341/269 527/343/269 1531/343/269 1532/341/269
f 818/356/270 817/358/270 1821/358/270 1822/356/270
f 652/149/271 651/147/271 1655/147/271 1656/149/271
f 267/50/272 266/56/272 1270/56/272 1271/50/272
f 37/101/222 36/99/222 1040/99/222 1041/101/222
f 662/148/273 661/150/273 1665/150/273 1666/148/273
f 49/100/274 48/102/274 1052/102/274 1053/100/274
f 569/344/275 568/342/275 1572/342/275 1573/344/275
f 777/359/276 776/357/276 1780/357/276 1781/359/276
f 272/57/157 271/55/157 1275/55/157 1276/57/157
f 527/343/277 526/345/277 1530/345/277 1531/343/277
f 817/358/193 816/360/193 1820/360/193 1821/358/193
f 653/151/278 652/149/278 1656/149/278 1657/151/278
f 266/56/12 265/58/12 1269/58/12 1270/56/12
f 38/103/279 37/101/279 1041/101/279 1042/103/279
f 661/150/280 660/152/280 1664/152/280 1665/150/280
f 48/102/281 47/104/281 1051/104/281 1052/102/281
f 570/346/282 569/344/282 1573/344/282 1574/346/282
f 778/361/197 777/359/197 1781/359/197 1782/361/197
f 273/59/164 272/57/164 1276/57/164 1277/59/164
f 526/345/231 525/347/231 1529/347/231 1530/345/231
f 816/360/199 815/362/199 1819/362/199 1820/360/199
f 654/153/283 653/151/283 1657/151/283 1658/153/283
f 265/58/165 264/60/165 1268/60/165 1269/58/165
f 39/105/147 38/103/147 1042/103/147 1043/105/147
f 660/152/284 659/154/284 1663/154/284 1664/152/284
f 47/104/148 46/106/148 1050/106/148 1051/104/148
f 571/348/285 570/346/285 1574/346/285 1575/348/285
f 779/363/203 778/361/203 1782/361/203 1783/363/203
f 274/61/28 273/59/28 1277/59/28 1278/61/28
f 525/347/286 524/349/286 1528/349/286 1529/347/286
f 815/362/206 814/364/206 1818/364/206 1819/362/206
f 655/155/287 654/153/287 1658/153/287 1659/155/287
f 264/60/170 263/62/170 1267/62/170 1268/60/170
f 40/107/288 39/105/288 1043/105/288 1044/107/288
f 659/154/289 658/156/289 1662/156/289 1663/154/289
f 46/106/290 45/108/290 1049/108/290 1050/106/290
f 572/47/291 571/348/291 1575/348/291 1576/47/291
f 780/365/209 779/363/209 1783/363/209 1784/365/209
f 275/63/38 274/61/38 1278/61/38 1279/63/38
f 524/349/292 523/350/292 1527/350/292 1528/349/292
f 814/364/212 813/366/212 1817/366/212 1818/364/212
f 656/157/293 655/155/293 1659/155/293 1660/157/293
f 263/62/41 262/64/41 1266/64/41 1267/62/41
f 41/109/294 40/107/294 1044/107/294 1045/109/294
f 658/156/295 657/158/295 1661/158/295 1662/156/295
f 45/108/296 44/110/296 1048/110/296 1049/108/296
f 657/158/70 656/157/70 1660/157/70 1661/158/70
f 521/351/166 572/47/166 1576/47/166 1525/351/166
f 781/367/214 780/365/214 1784/365/214 1785/367/214
f 737/400/297 736/399/297 1740/399/297 1741/400/297
f 276/65/47 275/63/47 1279/63/47 1280/65/47
f 523/350/248 522/352/248 1526/352/248 1527/350/248
f 813/366/216 812/368/216 1816/368/216 1817/366/216
f 262/64/51 261/66/51 1265/66/51 1266/64/51
f 42/111/166 41/109/166 1045/109/166 1046/111/166
f 738/401/76 737/400/76 1741/400/76 1742/401/76
f 44/110/298 43/112/298 1047/112/298 1048/110/298
f 522/352/76 521/351/76 1525/351/76 1526/352/76
f 782/369/220 781/367/220 1785/367/220 1786/369/220
f 739/47/299 738/401/299 1742/401/299 1743/47/299
f 277/67/183 276/65/183 1280/65/183 1281/67/183
f 812/368/189 811/370/189 1815/370/189 1816/368/189
f 731/51/300 739/47/300 1743/47/300 1735/51/300
f 261/66/15 260/68/15 1264/68/15 1265/66/15
f 43/112/76 42/111/76 1046/111/76 1047/112/76
f 449/353/256 448/331/256 1452/331/256 1453/353/256
f 732/402/76 731/51/76 1735/51/76 1736/402/76
f 495/328/258 494/354/258 1498/354/258 1499/328/258
f 783/371/223 782/369/223 1786/369/223 1787/371/223
f 278/69/190 277/67/190 1281/67/190 1282/69/190
f 62/113/256 61/90/256 1065/90/256 1066/113/256
f 811/370/301 810/372/301 1814/372/301 1815/370/301
f 733/403/302 732/402/302 1736/402/302 1737/403/302
f 260/68/192 259/70/192 1263/70/192 1264/68/192
f 108/87/175 107/114/175 1111/114/175 1112/87/175
f 450/355/178 449/353/178 1453/353/178 1454/355/178
f 736/399/58 735/404/58 1739/404/58 1740/399/58
f 494/354/180 493/356/180 1497/356/180 1498/354/180
f 784/373/227 783/371/227 1787/371/227 1788/373/227
f 279/71/31 278/69/31 1282/69/31 1283/71/31
f 63/115/263 62/113/263 1066/113/263 1067/115/263
f 810/372/229 809/374/229 1813/374/229 1814/372/229
f 735/404/70 734/405/70 1738/405/70 1739/404/70
f 259/70/198 258/72/198 1262/72/198 1263/70/198
f 107/114/180 106/116/180 1110/116/180 1111/114/180
f 734/405/61 733/403/61 1737/403/61 1738/405/61
f 451/357/303 450/355/303 1454/355/303 1455/357/303
f 809/374/304 808/375/304 1812/375/304 1813/374/304
f 741/406/58 740/51/58 1744/51/58 1745/406/58
f 493/356/305 492/358/305 1496/358/305 1497/356/305
f 280/73/79 279/71/79 1283/71/79 1284/73/79
f 64/117/184 63/115/184 1067/115/184 1068/117/184
f 742/407/76 741/406/76 1745/406/76 1746/407/76
f 258/72/204 257/74/204 1261/74/204 1262/72/204
f 106/116/305 105/118/305 1109/118/305 1110/116/305
f 785/376/306 784/373/306 1788/373/306 1789/376/306
f 452/359/307 451/357/307 1455/357/307 1456/359/307
f 808/375/235 807/377/235 1811/377/235 1812/375/235
f 743/408/61 742/407/61 1746/407/61 1747/408/61
f 492/358/193 491/360/193 1495/360/193 1496/358/193
f 281/75/208 280/73/208 1284/73/208 1285/75/208
f 65/119/307 64/117/307 1068/117/307 1069/119/307
f 744/409/76 743/408/76 1747/408/76 1748/409/76
f 257/74/210 256/76/210 1260/76/210 1261/74/210
f 105/118/193 104/120/193 1108/120/193 1109/118/193
f 786/378/308 785/376/308 1789/376/308 1790/378/308
f 740/51/70 745/47/70 1749/47/70 1744/51/70
f 453/361/309 452/359/309 1456/359/309 1457/361/309
f 807/377/310 806/379/310 1810/379/310 1811/377/310
f 745/47/61 744/409/61 1748/409/61 1749/47/61
f 362/52/58 361/77/58 1365/77/58 1366/52/58
f 491/360/199 490/362/199 1494/362/199 1495/360/199
f 746/51/122 845/249/122 1849/249/122 1750/51/122
f 66/121/309 65/119/309 1069/119/309 1070/121/309
f 104/120/311 103/122/311 1107/122/311 1108/120/311
f 787/380/312 786/378/312 1790/378/312 1791/380/312
f 747/250/76 746/51/76 1750/51/76 1751/250/76
f 282/78/61 281/75/61 1285/75/61 1286/78/61
f 454/363/313 453/361/313 1457/361/313 1458/363/313
f 256/76/58 255/79/58 1259/79/58 1260/76/58
f 490/362/206 489/364/206 1493/364/206 1494/362/206
f 788/381/314 787/380/314 1791/380/314 1792/381/314
f 748/251/315 747/250/315 1751/250/315 1752/251/315
f 67/123/203 66/121/203 1070/121/203 1071/123/203
f 806/379/316 805/382/316 1809/382/316 1810/379/316
f 255/79/70 254/80/70 1258/80/70 1259/79/70
f 103/122/206 102/124/206 1106/124/206 1107/122/206
f 749/252/317 748/251/317 1752/251/317 1753/252/317
f 254/80/61 253/51/61 1257/51/61 1258/80/61
f 455/365/318 454/363/318 1458/363/318 1459/365/318
f 845/249/133 844/253/133 1848/253/133 1849/249/133
f 310/82/58 309/81/58 1313/81/58 1314/82/58
f 489/364/212 488/366/212 1492/366/212 1493/364/212
f 789/383/319 788/381/319 1792/381/319 1793/383/319
f 68/125/209 67/123/209 1071/123/209 1072/125/209
f 805/382/253 804/384/253 1808/384/253 1809/382/253
f 311/83/76 310/82/76 1314/82/76 1315/83/76
f 102/124/212 101/126/212 1105/126/212 1106/124/212
f 750/254/320 749/252/320 1753/252/320 1754/254/320
f 309/81/70 308/84/70 1312/84/70 1313/81/70
f 456/367/214 455/365/214 1459/365/214 1460/367/214
f 844/253/139 843/255/139 1847/255/139 1848/253/139
f 488/366/216 487/368/216 1491/368/216 1492/366/216
f 790/385/321 789/383/321 1793/383/321 1794/385/321
f 69/127/214 68/125/214 1072/125/214 1073/127/214
f 804/384/322 803/386/322 1807/386/322 1808/384/322
f 312/85/61 311/83/61 1315/83/61 1316/85/61
f 101/126/216 100/128/216 1104/128/216 1105/126/216
f 751/256/323 750/254/323 1754/254/323 1755/256/323
f 308/84/58 307/86/58 1311/86/58 1312/84/58
f 457/369/324 456/367/324 1460/367/324 1461/369/324
f 843/255/325 842/257/325 1846/257/325 1847/255/325
f 487/368/326 486/370/326 1490/370/326 1491/368/326
f 791/387/327 790/385/327 1794/385/327 1795/387/327
f 361/77/89 360/87/89 1364/87/89 1365/77/89
f 70/129/220 69/127/220 1073/127/220 1074/129/220
f 803/386/267 802/388/267 1806/388/267 1807/386/267
f 100/128/326 99/130/326 1103/130/326 1104/128/326
f 752/258/328 751/256/328 1755/256/328 1756/258/328
f 458/371/223 457/369/223 1461/369/223 1462/371/223
f 842/257/151 841/259/151 1845/259/151 1846/257/151
f 283/88/234 282/78/234 1286/78/234 1287/88/234
f 486/370/225 485/372/225 1489/372/225 1490/370/225
f 792/389/90 791/387/90 1795/387/90 1796/389/90
f 307/86/236 306/89/236 1310/89/236 1311/86/236
f 71/131/329 70/129/329 1074/129/329 1075/131/329
f 802/388/273 801/390/273 1805/390/273 1806/388/273
f 99/130/301 98/132/301 1102/132/301 1103/130/301
f 753/260/330 752/258/330 1756/258/330 1757/260/330
f 459/373/331 458/371/331 1462/371/331 1463/373/331
f 841/259/9 840/261/9 1844/261/9 1845/259/9
f 313/90/101 312/85/101 1316/85/101 1317/90/101
f 485/372/229 484/374/229 1488/374/229 1489/372/229
f 793/391/332 792/389/332 1796/389/332 1797/391/332
f 72/133/227 71/131/227 1075/131/227 1076/133/227
f 801/390/280 800/392/280 1804/392/280 1805/390/280
f 284/91/242 283/88/242 1287/88/242 1288/91/242
f 484/374/333 483/375/333 1487/375/333 1488/374/333
f 98/132/334 97/134/334 1101/134/334 1102/132/334
f 754/262/17 753/260/17 1757/260/17 1758/262/17
f 306/89/335 305/92/335 1309/92/335 1310/89/335
f 840/261/19 839/263/19 1843/263/19 1844/261/19
f 97/134/230 96/135/230 1100/135/230 1101/134/230
f 794/393/336 793/391/336 1797/391/336 1798/393/336
f 460/376/337 459/373/337 1463/373/337 1464/376/337
f 800/392/284 799/394/284 1803/394/284 1804/392/284
f 285/93/247 284/91/247 1288/91/247 1289/93/247
f 483/375/235 482/377/235 1486/377/235 1487/375/235
f 755/264/27 754/262/27 1758/262/27 1759/264/27
f 305/92/338 304/94/338 1308/94/338 1309/92/338
f 73/136/339 72/133/339 1076/133/339 1077/136/339
f 839/263/14 838/265/14 1842/265/14 1843/263/14
f 96/135/235 95/137/235 1099/137/235 1100/135/235
f 795/395/340 794/393/340 1798/393/340 1799/395/340
f 461/378/308 460/376/308 1464/376/308 1465/378/308
f 799/394/289 798/396/289 1802/396/289 1803/394/289
f 286/95/252 285/93/252 1289/93/252 1290/95/252
f 482/377/240 481/379/240 1485/379/240 1486/377/240
f 756/266/341 755/264/341 1759/264/341 1760/266/341
f 304/94/254 303/96/254 1307/96/254 1308/94/254
f 74/138/239 73/136/239 1077/136/239 1078/138/239
f 838/265/342 837/267/342 1841/267/342 1842/265/342
f 95/137/240 94/139/240 1098/139/240 1099/137/240
f 796/397/343 795/395/343 1799/395/343 1800/397/343
f 462/380/312 461/378/312 1465/378/312 1466/380/312
f 798/396/295 797/398/295 1801/398/295 1802/396/295
f 287/97/260 286/95/260 1290/95/260 1291/97/260
f 797/398/70 796/397/70 1800/397/70 1801/398/70
f 757/268/46 756/266/46 1760/266/46 1761/268/46
f 303/96/262 302/98/262 1306/98/262 1307/96/262
f 463/381/314 462/380/314 1466/380/314 1467/381/314
f 75/140/245 74/138/245 1078/138/245 1079/140/245
f 898/51/58 952/410/58 1956/410/58 1902/51/58
f 837/267/48 836/269/48 1840/269/48 1841/267/48
f 481/379/316 480/382/316 1484/382/316 1485/379/316
f 76/141/246 75/140/246 1079/140/246 1080/141/246
f 288/99/266 287/97/266 1291/97/266 1292/99/266
f 94/139/344 93/142/344 1097/142/344 1098/139/344
f 977/411/345 976/412/345 1980/412/345 1981/411/345
f 758/270/56 757/268/56 1761/268/56 1762/270/56
f 302/98/268 301/100/268 1305/100/268 1306/98/268
f 464/383/319 463/381/319 1467/381/319 1468/383/319
f 836/269/43 835/271/43 1839/271/43 1840/269/43
f 480/382/253 479/384/253 1483/384/253 1484/382/253
f 976/412/346 975/413/346 1979/413/346 1980/412/346
f 77/143/251 76/141/251 1080/141/251 1081/143/251
f 289/101/347 288/99/347 1292/99/347 1293/101/347
f 93/142/253 92/144/253 1096/144/253 1097/142/253
f 975/413/348 974/414/348 1978/414/348 1979/413/348
f 759/272/349 758/270/349 1762/270/349 1763/272/349
f 301/100/274 300/102/274 1304/102/274 1305/100/274
f 465/385/321 464/383/321 1468/383/321 1469/385/321
f 835/271/65 834/273/65 1838/273/65 1839/271/65
f 479/384/261 478/386/261 1482/386/261 1483/384/261
f 974/414/188 973/415/188 1977/415/188 1978/414/188
f 78/145/259 77/143/259 1081/143/259 1082/145/259
f 834/273/350 833/274/350 1837/274/350 1838/273/350
f 290/103/351 289/101/351 1293/101/351 1294/103/351
f 92/144/261 91/146/261 1095/146/261 1096/144/261
f 973/415/352 972/416/352 1976/416/352 1977/415/352
f 300/102/281 299/104/281 1303/104/281 1304/102/281
f 466/387/327 465/385/327 1469/385/327 1470/387/327
f 478/386/267 477/388/267 1481/388/267 1482/386/267
f 972/416/353 971/417/353 1975/417/353 1976/416/353
f 760/275/60 759/272/60 1763/272/60 1764/275/60
f 79/147/265 78/145/265 1082/145/265 1083/147/265
f 291/105/147 290/103/147 1294/103/147 1295/105/147
f 91/146/267 90/148/267 1094/148/267 1095/146/267
f 971/417/354 970/418/354 1974/418/354 1975/417/354
f 761/276/78 760/275/78 1764/275/78 1765/276/78
f 299/104/148 298/106/148 1302/106/148 1303/104/148
f 467/389/90 466/387/90 1470/387/90 1471/389/90
f 833/274/80 832/277/80 1836/277/80 1837/274/80
f 477/388/273 476/390/273 1480/390/273 1481/388/273
f 80/149/355 79/147/355 1083/147/355 1084/149/355
f 899/419/76 898/51/76 1902/51/76 1903/419/76
f 292/107/356 291/105/356 1295/105/356 1296/107/356
f 90/148/273 89/150/273 1093/150/273 1094/148/273
f 762/278/72 761/276/72 1765/276/72 1766/278/72
f 298/106/290 297/108/290 1301/108/290 1302/106/290
f 468/391/332 467/389/332 1471/389/332 1472/391/332
f 900/420/357 899/419/357 1903/419/357 1904/420/357
f 832/277/358 831/279/358 1835/279/358 1836/277/358
f 476/390/280 475/392/280 1479/392/280 1480/390/280
f 81/151/278 80/149/278 1084/149/278 1085/151/278
f 901/421/359 900/420/359 1904/420/359 1905/421/359
f 293/109/159 292/107/159 1296/107/159 1297/109/159
f 89/150/360 88/152/360 1092/152/360 1093/150/360
f 763/280/361 762/278/361 1766/278/361 1767/280/361
f 297/108/296 296/110/296 1300/110/296 1301/108/296
f 469/393/336 468/391/336 1472/391/336 1473/393/336
f 902/422/362 901/421/362 1905/421/362 1906/422/362
f 831/279/94 830/281/94 1834/281/94 1835/279/94
f 475/392/284 474/394/284 1478/394/284 1479/392/284
f 82/153/283 81/151/283 1085/151/283 1086/153/283
f 903/423/363 902/422/363 1906/422/363 1907/423/363
f 294/111/166 293/109/166 1297/109/166 1298/111/166
f 88/152/284 87/154/284 1091/154/284 1092/152/284
f 970/418/364 969/424/364 1973/424/364 1974/418/364
f 764/282/217 763/280/217 1767/280/217 1768/282/217
f 296/110/298 295/112/298 1299/112/298 1300/110/298
f 470/395/340 469/393/340 1473/393/340 1474/395/340
f 830/281/91 829/283/91 1833/283/91 1834/281/91
f 474/394/289 473/396/289 1477/396/289 1478/394/289
f 83/155/287 82/153/287 1086/153/287 1087/155/287
f 904/425/328 903/423/328 1907/423/328 1908/425/328
f 295/112/76 294/111/76 1298/111/76 1299/112/76
f 87/154/289 86/156/289 1090/156/289 1091/154/289
f 765/284/95 764/282/95 1768/282/95 1769/284/95
f 471/397/343 470/395/343 1474/395/343 1475/397/343
f 905/426/365 904/425/365 1908/425/365 1909/426/365
f 829/283/366 828/285/366 1832/285/366 1833/283/366
f 473/396/295 472/398/295 1476/398/295 1477/396/295
f 314/113/256 313/90/256 1317/90/256 1318/113/256
f 472/398/70 471/397/70 1475/397/70 1476/398/70
f 84/157/293 83/155/293 1087/155/293 1088/157/293
f 906/427/367 905/426/367 1909/426/367 1910/427/367
f 360/87/258 359/114/258 1363/114/258 1364/87/258
f 706/2/122 705/1/122 1709/1/122 1710/2/122
f 86/156/295 85/158/295 1089/158/295 1090/156/295
f 766/286/368 765/284/368 1769/284/368 1770/286/368
f 85/158/70 84/157/70 1088/157/70 1089/158/70
f 907/428/369 906/427/369 1910/427/369 1911/428/369
f 828/285/104 827/287/104 1831/287/104 1832/285/104
f 707/3/76 706/2/76 1710/2/76 1711/3/76
f 167/160/58 166/159/58 1170/159/58 1171/160/58
f 315/115/263 314/113/263 1318/113/263 1319/115/263
f 908/429/370 907/428/370 1911/428/370 1912/429/370
f 359/114/371 358/116/371 1362/116/371 1363/114/371
f 708/4/128 707/3/128 1711/3/128 1712/4/128
f 168/47/76 167/160/76 1171/160/76 1172/47/76
f 767/288/372 766/286/372 1770/286/372 1771/288/372
f 909/430/373 908/429/373 1912/429/373 1913/430/373
f 827/287/118 826/289/118 1830/289/118 1831/287/118
f 709/5/131 708/4/131 1712/4/131 1713/5/131
f 316/117/184 315/115/184 1319/115/184 1320/117/184
f 705/1/133 704/6/133 1708/6/133 1709/1/133
f 910/431/374 909/430/374 1913/430/374 1914/431/374
f 358/116/305 357/118/305 1361/118/305 1362/116/305
f 159/51/375 168/47/375 1172/47/375 1163/51/375
f 768/290/114 767/288/114 1771/288/114 1772/290/114
f 160/162/58 159/51/58 1163/51/58 1164/162/58
f 911/432/376 910/431/376 1914/431/376 1915/432/376
f 826/289/377 825/291/377 1829/291/377 1830/289/377
f 710/7/137 709/5/137 1713/5/137 1714/7/137
f 317/119/307 316/117/307 1320/117/307 1321/119/307
f 704/6/139 703/8/139 1707/8/139 1708/6/139
f 161/163/76 160/162/76 1164/162/76 1165/163/76
f 912/433/378 911/432/378 1915/432/378 1916/433/378
f 357/118/379 356/120/379 1360/120/379 1361/118/379
f 969/424/161 968/434/161 1972/434/161 1973/424/161
f 769/292/119 768/290/119 1772/290/119 1773/292/119
f 162/164/61 161/163/61 1165/163/61 1166/164/61
f 825/291/132 824/293/132 1828/293/132 1829/291/132
f 711/9/143 710/7/143 1714/7/143 1715/9/143
f 166/159/70 165/165/70 1169/165/70 1170/159/70
f 318/121/309 317/119/309 1321/119/309 1322/121/309
f 703/8/145 702/10/145 1706/10/145 1707/8/145
f 165/165/61 164/161/61 1168/161/61 1169/165/61
f 913/435/380 912/433/380 1916/433/380 1917/435/380
f 356/120/199 355/122/199 1359/122/199 1360/120/199
f 164/161/381 163/166/381 1167/166/381 1168/161/381
f 770/294/125 769/292/125 1773/292/125 1774/294/125
f 914/436/382 913/435/382 1917/435/382 1918/436/382
f 824/293/126 823/295/126 1827/295/126 1828/293/126
f 712/11/383 711/9/383 1715/9/383 1716/11/383
f 163/166/70 162/164/70 1166/164/70 1167/166/70
f 319/123/203 318/121/203 1322/121/203 1323/123/203
f 702/10/151 701/12/151 1705/12/151 1706/10/151
f 169/51/122 224/167/122 1228/167/122 1173/51/122
f 915/437/384 914/436/384 1918/436/384 1919/437/384
f 355/122/206 354/124/206 1358/124/206 1359/122/206
f 170/168/76 169/51/76 1173/51/76 1174/168/76
f 916/438/385 915/437/385 1919/437/385 1920/438/385
f 713/13/386 712/11/386 1716/11/386 1717/13/386
f 771/297/146 770/294/146 1774/294/146 1775/297/146
f 320/125/387 319/123/387 1323/123/387 1324/125/387
f 701/12/9 700/14/9 1704/14/9 1705/12/9
f 171/169/128 170/168/128 1174/168/128 1175/169/128
f 917/439/388 916/438/388 1920/438/388 1921/439/388
f 823/295/389 822/298/389 1826/298/389 1827/295/389
f 354/124/212 353/126/212 1357/126/212 1358/124/212
f 172/170/131 171/169/131 1175/169/131 1176/170/131
f 918/440/390 917/439/390 1921/439/390 1922/440/390
f 714/15/391 713/13/391 1717/13/391 1718/15/391
f 224/167/133 223/171/133 1227/171/133 1228/167/133
f 874/299/144 873/300/144 1877/300/144 1878/299/144
f 321/127/214 320/125/214 1324/125/214 1325/127/214
f 700/14/19 699/16/19 1703/16/19 1704/14/19
f 919/441/392 918/440/392 1922/440/392 1923/441/392
f 353/126/216 352/128/216 1356/128/216 1357/126/216
f 968/434/144 967/442/144 1971/442/144 1972/434/144
f 873/300/70 872/296/70 1876/296/70 1877/300/70
f 173/172/137 172/170/137 1176/170/137 1177/172/137
f 872/296/393 871/301/393 1875/301/393 1876/296/393
f 715/17/10 714/15/10 1718/15/10 1719/17/10
f 223/171/139 222/173/139 1226/173/139 1227/171/139
f 322/129/324 321/127/324 1325/127/324 1326/129/324
f 699/16/29 698/18/29 1702/18/29 1703/16/29
f 920/443/394 919/441/394 1923/441/394 1924/443/394
f 352/128/326 351/130/326 1355/130/326 1356/128/326
f 875/302/395 874/299/395 1878/299/395 1879/302/395
f 174/174/143 173/172/143 1177/172/143 1178/174/143
f 921/444/396 920/443/396 1924/443/396 1925/444/396
f 871/301/163 870/303/163 1874/303/163 1875/301/163
f 716/19/20 715/17/20 1719/17/20 1720/19/20
f 222/173/145 221/175/145 1225/175/145 1226/173/145
f 323/131/223 322/129/223 1326/129/223 1327/131/223
f 698/18/24 697/20/24 1701/20/24 1702/18/24
f 922/445/397 921/444/397 1925/444/397 1926/445/397
f 351/130/301 350/132/301 1354/132/301 1355/130/301
f 967/442/70 966/446/70 1970/446/70 1971/442/70
f 876/304/398 875/302/398 1879/302/398 1880/304/398
f 175/176/149 174/174/149 1178/174/149 1179/176/149
f 870/303/399 869/305/399 1873/305/399 1874/303/399
f 717/21/30 716/19/30 1720/19/30 1721/21/30
f 221/175/151 220/177/151 1224/177/151 1225/175/151
f 966/446/134 965/447/134 1969/447/134 1970/446/134
f 324/133/227 323/131/227 1327/131/227 1328/133/227
f 697/20/48 696/22/48 1700/22/48 1701/20/48
f 350/132/334 349/134/334 1353/134/334 1354/132/334
f 877/306/400 876/304/400 1880/304/400 1881/306/400
f 176/178/386 175/176/386 1179/176/386 1180/178/386
f 923/448/401 922/445/401 1926/445/401 1927/448/401
f 869/305/172 868/307/172 1872/307/172 1873/305/172
f 349/134/230 348/135/230 1352/135/230 1353/134/230
f 718/23/39 717/21/39 1721/21/39 1722/23/39
f 220/177/9 219/179/9 1223/179/9 1224/177/9
f 965/447/402 964/449/402 1968/449/402 1969/447/402
f 696/22/43 695/24/43 1699/24/43 1700/22/43
f 964/449/403 963/450/403 1967/450/403 1968/449/403
f 878/308/404 877/306/404 1881/306/404 1882/308/404
f 325/136/339 324/133/339 1328/133/339 1329/136/339
f 177/180/391 176/178/391 1180/178/391 1181/180/391
f 868/307/405 867/309/405 1871/309/405 1872/307/405
f 348/135/406 347/137/406 1351/137/406 1352/135/406
f 719/25/407 718/23/407 1722/23/407 1723/25/407
f 219/179/19 218/181/19 1222/181/19 1223/179/19
f 963/450/165 962/451/165 1966/451/165 1967/450/165
f 695/24/53 694/26/53 1698/26/53 1699/24/53
f 962/451/408 961/452/408 1965/452/408 1966/451/408
f 879/310/181 878/308/181 1882/308/181 1883/310/181
f 326/138/239 325/136/239 1329/136/239 1330/138/239
f 694/26/409 693/27/409 1697/27/409 1698/26/409
f 178/182/10 177/180/10 1181/180/10 1182/182/10
f 867/309/410 866/311/410 1870/311/410 1871/309/410
f 347/137/240 346/139/240 1350/139/240 1351/137/240
f 218/181/14 217/183/14 1221/183/14 1222/181/14
f 961/452/411 960/453/411 1964/453/411 1965/452/411
f 720/28/60 719/25/60 1723/25/60 1724/28/60
f 960/453/412 959/454/412 1963/454/412 1964/453/412
f 880/312/413 879/310/413 1883/310/413 1884/312/413
f 327/140/245 326/138/245 1330/138/245 1331/140/245
f 179/184/20 178/182/20 1182/182/20 1183/184/20
f 866/311/414 865/313/414 1869/313/414 1870/311/414
f 721/29/78 720/28/78 1724/28/78 1725/29/78
f 217/183/174 216/185/174 1220/185/174 1221/183/174
f 959/454/415 958/455/415 1962/455/415 1963/454/415
f 328/141/246 327/140/246 1331/140/246 1332/141/246
f 693/27/69 692/30/69 1696/30/69 1697/27/69
f 346/139/249 345/142/249 1349/142/249 1350/139/249
f 958/455/416 957/456/416 1961/456/416 1962/455/416
f 881/314/11 880/312/11 1884/312/11 1885/314/11
f 180/186/30 179/184/30 1183/184/30 1184/186/30
f 865/313/195 864/315/195 1868/315/195 1869/313/195
f 722/31/72 721/29/72 1725/29/72 1726/31/72
f 216/185/34 215/187/34 1219/187/34 1220/185/34
f 957/456/35 956/457/35 1960/457/35 1961/456/35
f 329/143/251 328/141/251 1332/141/251 1333/143/251
f 692/30/358 691/32/358 1695/32/358 1696/30/358
f 345/142/253 344/144/253 1348/144/253 1349/142/253
f 882/316/21 881/314/21 1885/314/21 1886/316/21
f 181/188/39 180/186/39 1184/186/39 1185/188/39
f 978/458/417 977/411/417 1981/411/417 1982/458/417
f 864/315/201 863/317/201 1867/317/201 1868/315/201
f 723/33/81 722/31/81 1726/31/81 1727/33/81
f 215/187/185 214/189/185 1218/189/185 1219/187/185
f 956/457/418 955/459/418 1959/459/418 1960/457/418
f 330/145/259 329/143/259 1333/143/259 1334/145/259
f 691/32/94 690/34/94 1694/34/94 1695/32/94
f 344/144/261 343/146/261 1347/146/261 1348/144/261
f 883/318/31 882/316/31 1886/316/31 1887/318/31
f 182/190/49 181/188/49 1185/188/49 1186/190/49
f 979/460/419 978/458/419 1982/458/419 1983/460/419
f 863/317/207 862/319/207 1866/319/207 1867/317/207
f 724/35/88 723/33/88 1727/33/88 1728/35/88
f 214/189/53 213/191/53 1217/191/53 1218/189/53
f 955/459/420 954/461/420 1958/461/420 1959/459/420
f 331/147/265 330/145/265 1334/145/265 1335/147/265
f 690/34/91 689/36/91 1693/36/91 1694/34/91
f 343/146/267 342/148/267 1346/148/267 1347/146/267
f 213/191/57 212/192/57 1216/192/57 1217/191/57
f 884/320/417 883/318/417 1887/318/417 1888/320/417
f 980/462/61 979/460/61 1983/460/61 1984/462/61
f 862/319/421 861/321/421 1865/321/421 1866/319/421
f 725/37/95 724/35/95 1728/35/95 1729/37/95
f 954/461/58 953/463/58 1957/463/58 1958/461/58
f 332/149/355 331/147/355 1335/147/355 1336/149/355
f 689/36/98 688/38/98 1692/38/98 1693/36/98
f 183/193/60 182/190/60 1186/190/60 1187/193/60
f 342/148/273 341/150/273 1345/150/273 1346/148/273
f 885/322/419 884/320/419 1888/320/419 1889/322/419
f 184/194/78 183/193/78 1187/193/78 1188/194/78
f 924/464/61 923/448/61 1927/448/61 1928/464/61
f 861/321/422 860/323/422 1864/323/422 1865/321/422
f 726/39/368 725/37/368 1729/37/368 1730/39/368
f 212/192/80 211/195/80 1215/195/80 1216/192/80
f 333/151/278 332/149/278 1336/149/278 1337/151/278
f 688/38/423 687/40/423 1691/40/423 1692/38/423
f 981/465/424 980/462/424 1984/462/424 1985/465/424
f 822/298/58 821/324/58 1825/324/58 1826/298/58
f 341/150/360 340/152/360 1344/152/360 1345/150/360
f 953/463/425 1004/47/425 2008/47/425 1957/463/425
f 185/196/72 184/194/72 1188/194/72 1189/196/72
f 727/41/372 726/39/372 1730/39/372 1731/41/372
f 211/195/75 210/197/75 1214/197/75 1215/195/75
f 886/325/61 885/322/61 1889/322/61 1890/325/61
f 334/153/283 333/151/283 1337/151/283 1338/153/283
f 687/40/426 686/42/426 1690/42/426 1691/40/426
f 925/466/427 924/464/427 1928/464/427 1929/466/427
f 860/323/58 859/326/58 1863/326/58 1864/323/58
f 340/152/284 339/154/284 1343/154/284 1344/152/284
f 186/198/361 185/196/361 1189/196/361 1190/198/361
f 982/467/428 981/465/428 1985/465/428 1986/467/428
f 728/43/114 727/41/114 1731/41/114 1732/43/114
f 210/197/84 209/199/84 1213/199/84 1214/197/84
f 1004/47/429 1003/468/429 2007/468/429 2008/47/429
f 772/327/61 771/297/61 1775/297/61 1776/327/61
f 335/155/287 334/153/287 1338/153/287 1339/155/287
f 686/42/115 685/44/115 1689/44/115 1690/42/115
f 821/324/430 820/328/430 1824/328/430 1825/324/430
f 339/154/289 338/156/289 1342/156/289 1343/154/289
f 187/200/217 186/198/217 1190/198/217 1191/200/217
f 983/469/431 982/467/431 1986/467/431 1987/469/431
f 729/45/130 728/43/130 1732/43/130 1733/45/130
f 209/199/91 208/201/91 1212/201/91 1213/199/91
f 1003/468/113 1002/470/113 2006/470/113 2007/468/113
f 887/329/424 886/325/424 1890/325/424 1891/329/424
f 336/157/293 335/155/293 1339/155/293 1340/157/293
f 685/44/132 684/46/132 1688/46/132 1689/44/132
f 859/326/432 858/330/432 1862/330/432 1863/326/432
f 338/156/295 337/158/295 1341/158/295 1342/156/295
f 337/158/70 336/157/70 1340/157/70 1341/158/70
f 188/202/95 187/200/95 1191/200/95 1192/202/95
f 984/471/433 983/469/433 1987/469/433 1988/471/433
f 419/160/58 418/159/58 1422/159/58 1423/160/58
f 730/47/434 729/45/434 1733/45/434 1734/47/434
f 208/201/366 207/203/366 1211/203/366 1212/201/366
f 1002/470/435 1001/472/435 2005/472/435 2006/470/435
f 773/331/101 772/327/101 1776/327/101 1777/331/101
f 684/46/126 683/48/126 1687/48/126 1688/46/126
f 420/47/76 419/160/76 1423/160/76 1424/47/76
f 888/332/428 887/329/428 1891/329/428 1892/332/428
f 189/204/368 188/202/368 1192/202/368 1193/204/368
f 985/473/255 984/471/255 1988/471/255 1989/473/255
f 858/330/436 857/333/436 1861/333/436 1862/330/436
f 207/203/104 206/205/104 1210/205/104 1211/203/104
f 1001/472/123 1000/474/123 2004/474/123 2005/472/123
f 588/49/437 587/50/437 1591/50/437 1592/49/437
f 411/51/375 420/47/375 1424/47/375 1415/51/375
f 412/162/58 411/51/58 1415/51/58 1416/162/58
f 190/206/372 189/204/372 1193/204/372 1194/206/372
f 986/475/127 985/473/127 1989/473/127 1990/475/127
f 573/51/138 730/47/138 1734/47/138 1577/51/138
f 206/205/118 205/207/118 1209/207/118 1210/205/118
f 1000/474/438 999/476/438 2003/476/438 2004/474/438
f 413/163/76 412/162/76 1416/162/76 1417/163/76
f 683/48/389 682/52/389 1686/52/389 1687/48/389
f 134/2/122 133/1/122 1137/1/122 1138/2/122
f 414/164/61 413/163/61 1417/163/61 1418/164/61
f 191/208/114 190/206/114 1194/206/114 1195/208/114
f 987/477/222 986/475/222 1990/475/222 1991/477/222
f 418/159/70 417/165/70 1421/165/70 1422/159/70
f 135/3/76 134/2/76 1138/2/76 1139/3/76
f 590/53/144 589/54/144 1593/54/144 1594/53/144
f 205/207/439 204/209/439 1208/209/439 1209/207/439
f 999/476/136 998/478/136 2002/478/136 2003/476/136
f 417/165/61 416/161/61 1420/161/61 1421/165/61
f 416/161/381 415/166/381 1419/166/381 1420/161/381
f 136/4/128 135/3/128 1139/3/128 1140/4/128
f 589/54/70 588/49/70 1592/49/70 1593/54/70
f 192/210/130 191/208/130 1195/208/130 1196/210/130
f 988/479/275 987/477/275 1991/477/275 1992/479/275
f 415/166/70 414/164/70 1418/164/70 1419/166/70
f 137/5/131 136/4/131 1140/4/131 1141/5/131
f 591/55/395 590/53/395 1594/53/395 1595/55/395
f 204/209/132 203/211/132 1207/211/132 1208/209/132
f 998/478/142 997/480/142 2001/480/142 2002/478/142
f 421/51/122 520/249/122 1524/249/122 1425/51/122
f 133/1/133 132/6/133 1136/6/133 1137/1/133
f 587/50/440 586/56/440 1590/56/440 1591/50/440
f 422/250/76 421/51/76 1425/51/76 1426/250/76
f 193/212/125 192/210/125 1196/210/125 1197/212/125
f 989/481/441 988/479/441 1992/479/441 1993/481/441
f 138/7/137 137/5/137 1141/5/137 1142/7/137
f 592/57/398 591/55/398 1595/55/398 1596/57/398
f 203/211/126 202/213/126 1206/213/126 1207/211/126
f 997/480/148 996/482/148 2000/482/148 2001/480/148
f 423/251/315 422/250/315 1426/250/315 1427/251/315
f 132/6/139 131/8/139 1135/8/139 1136/6/139
f 586/56/442 585/58/442 1589/58/442 1590/56/442
f 424/252/317 423/251/317 1427/251/317 1428/252/317
f 990/483/153 989/481/153 1993/481/153 1994/483/153
f 520/249/133 519/253/133 1523/253/133 1524/249/133
f 139/9/143 138/7/143 1142/7/143 1143/9/143
f 593/59/400 592/57/400 1596/57/400 1597/59/400
f 239/214/134 238/215/134 1242/215/134 1243/214/134
f 996/482/154 995/484/154 1999/484/154 2000/482/154
f 131/8/145 130/10/145 1134/10/145 1135/8/145
f 585/58/443 584/60/443 1588/60/443 1589/58/443
f 425/254/320 424/252/320 1428/252/320 1429/254/320
f 194/216/146 193/212/146 1197/212/146 1198/216/146
f 991/485/294 990/483/294 1994/483/294 1995/485/294
f 519/253/139 518/255/139 1522/255/139 1523/253/139
f 140/11/149 139/9/149 1143/9/149 1144/11/149
f 594/61/444 593/59/444 1597/59/444 1598/61/444
f 202/213/389 201/217/389 1205/217/389 1206/213/389
f 995/484/160 994/486/160 1998/486/160 1999/484/160
f 130/10/151 129/12/151 1133/12/151 1134/10/151
f 584/60/445 583/62/445 1587/62/445 1588/60/445
f 426/256/323 425/254/323 1429/254/323 1430/256/323
f 241/218/144 240/219/144 1244/219/144 1245/218/144
f 992/487/166 991/485/166 1995/485/166 1996/487/166
f 518/255/145 517/257/145 1521/257/145 1522/255/145
f 141/13/386 140/11/386 1144/11/386 1145/13/386
f 595/63/446 594/61/446 1598/61/446 1599/63/446
f 994/486/298 993/488/298 1997/488/298 1998/486/298
f 129/12/9 128/14/9 1132/14/9 1133/12/9
f 583/62/411 582/64/411 1586/64/411 1587/62/411
f 240/219/70 239/214/70 1243/214/70 1244/219/70
f 427/258/328 426/256/328 1430/256/328 1431/258/328
f 242/220/447 241/218/447 1245/218/447 1246/220/447
f 517/257/151 516/259/151 1520/259/151 1521/257/151
f 142/15/162 141/13/162 1145/13/162 1146/15/162
f 596/65/188 595/63/188 1599/63/188 1600/65/188
f 238/215/272 237/221/272 1241/221/272 1242/215/272
f 128/14/19 127/16/19 1131/16/19 1132/14/19
f 582/64/448 581/66/448 1585/66/448 1586/64/448
f 993/488/76 992/487/76 1996/487/76 1997/488/76
f 428/260/330 427/258/330 1431/258/330 1432/260/330
f 243/222/168 242/220/168 1246/220/168 1247/222/168
