# Blender 4.4.3
# www.blender.org
mtllib POLYGONGANG.mtl
o Text
v -3.769956 0.484570 0.000002
v -3.769956 0.437865 0.000002
v -3.659031 0.437865 0.000002
v -3.659031 0.484570 0.000002
v -3.658990 0.485503 0.000002
v -3.658869 0.486354 0.000002
v -3.658666 0.487125 0.000002
v -3.658382 0.487814 0.000002
v -3.658017 0.488422 0.000002
v -3.657572 0.488949 0.000002
v -3.657045 0.489395 0.000002
v -3.656437 0.489760 0.000002
v -3.655748 0.490044 0.000002
v -3.654978 0.490247 0.000002
v -3.654126 0.490368 0.000002
v -3.653193 0.490409 0.000002
v -3.285386 0.490409 0.000002
v -3.284454 0.490368 0.000002
v -3.283602 0.490247 0.000002
v -3.282832 0.490044 0.000002
v -3.282143 0.489760 0.000002
v -3.281535 0.489395 0.000002
v -3.281008 0.488949 0.000002
v -3.280563 0.488422 0.000002
v -3.280198 0.487814 0.000002
v -3.279914 0.487125 0.000002
v -3.279711 0.486354 0.000002
v -3.279590 0.485503 0.000002
v -3.279548 0.484570 0.000002
v -3.279548 0.115930 0.000002
v -3.279588 0.114997 0.000002
v -3.279710 0.114146 0.000002
v -3.279913 0.113376 0.000002
v -3.280196 0.112686 0.000002
v -3.280561 0.112078 0.000002
v -3.281007 0.111551 0.000002
v -3.281534 0.111105 0.000002
v -3.282142 0.110740 0.000002
v -3.282831 0.110457 0.000002
v -3.283601 0.110254 0.000002
v -3.284452 0.110132 0.000002
v -3.285386 0.110092 0.000002
v -3.653193 0.110092 0.000002
v -3.654125 0.110132 0.000002
v -3.654976 0.110254 0.000002
v -3.655746 0.110457 0.000002
v -3.656435 0.110740 0.000002
v -3.657043 0.111105 0.000002
v -3.657570 0.111551 0.000002
v -3.658016 0.112078 0.000002
v -3.658381 0.112686 0.000002
v -3.658664 0.113376 0.000002
v -3.658867 0.114146 0.000002
v -3.658989 0.114997 0.000002
v -3.659031 0.115930 0.000002
v -3.659031 0.229358 0.000002
v -3.523084 0.229358 0.000002
v -3.523084 0.339450 0.000002
v -3.769956 0.339450 0.000002
v -3.769956 0.115930 0.000002
v -3.769719 0.107969 0.000002
v -3.769006 0.100211 0.000002
v -3.767819 0.092655 0.000002
v -3.766157 0.085303 0.000002
v -3.764020 0.078153 0.000002
v -3.761408 0.071205 0.000002
v -3.758321 0.064461 0.000002
v -3.754759 0.057919 0.000002
v -3.750722 0.051579 0.000002
v -3.746210 0.045443 0.000002
v -3.741223 0.039509 0.000002
v -3.735761 0.033778 0.000002
v -3.729964 0.028383 0.000002
v -3.723970 0.023457 0.000002
v -3.717778 0.019000 0.000002
v -3.711390 0.015013 0.000002
v -3.704805 0.011494 0.000002
v -3.698023 0.008445 0.000002
v -3.691044 0.005864 0.000002
v -3.683868 0.003753 0.000002
v -3.676495 0.002111 0.000002
v -3.668926 0.000938 0.000002
v -3.661159 0.000235 0.000002
v -3.653193 0.000000 0.000002
v -3.285386 0.000000 0.000002
v -3.277425 0.000235 0.000002
v -3.269667 0.000938 0.000002
v -3.262111 0.002111 0.000002
v -3.254759 0.003753 0.000002
v -3.247608 0.005864 0.000002
v -3.240661 0.008445 0.000002
v -3.233917 0.011494 0.000002
v -3.227375 0.015013 0.000002
v -3.221036 0.019000 0.000002
v -3.214899 0.023457 0.000002
v -3.208966 0.028383 0.000002
v -3.203234 0.033778 0.000002
v -3.197839 0.039509 0.000002
v -3.192913 0.045443 0.000002
v -3.188456 0.051579 0.000002
v -3.184468 0.057919 0.000002
v -3.180949 0.064461 0.000002
v -3.177900 0.071205 0.000002
v -3.175320 0.078153 0.000002
v -3.173209 0.085303 0.000002
v -3.171567 0.092655 0.000002
v -3.170394 0.100211 0.000002
v -3.169690 0.107969 0.000002
v -3.169456 0.115930 0.000002
v -3.169456 0.484570 0.000002
v -3.169691 0.492531 0.000002
v -3.170395 0.500290 0.000002
v -3.171568 0.507845 0.000002
v -3.173209 0.515198 0.000002
v -3.175320 0.522348 0.000002
v -3.177901 0.529295 0.000002
v -3.180950 0.536040 0.000002
v -3.184469 0.542582 0.000002
v -3.188456 0.548921 0.000002
v -3.192913 0.555057 0.000002
v -3.197839 0.560991 0.000002
v -3.203234 0.566722 0.000002
v -3.208966 0.572117 0.000002
v -3.214899 0.577043 0.000002
v -3.221036 0.581500 0.000002
v -3.227375 0.585488 0.000002
v -3.233917 0.589006 0.000002
v -3.240661 0.592056 0.000002
v -3.247608 0.594636 0.000002
v -3.254759 0.596747 0.000002
v -3.262111 0.598389 0.000002
v -3.269667 0.599562 0.000002
v -3.277425 0.600266 0.000002
v -3.285386 0.600500 0.000002
v -3.653193 0.600500 0.000002
v -3.661156 0.600266 0.000002
v -3.668923 0.599562 0.000002
v -3.676493 0.598389 0.000002
v -3.683866 0.596747 0.000002
v -3.691042 0.594636 0.000002
v -3.698021 0.592056 0.000002
v -3.704803 0.589006 0.000002
v -3.711388 0.585488 0.000002
v -3.717776 0.581500 0.000002
v -3.723967 0.577043 0.000002
v -3.729962 0.572117 0.000002
v -3.735761 0.566722 0.000002
v -3.741223 0.560991 0.000002
v -3.746210 0.555057 0.000002
v -3.750722 0.548921 0.000002
v -3.754759 0.542582 0.000002
v -3.758321 0.536040 0.000002
v -3.761408 0.529295 0.000002
v -3.764020 0.522348 0.000002
v -3.766157 0.515198 0.000002
v -3.767819 0.507845 0.000002
v -3.769006 0.500290 0.000002
v -3.769719 0.492531 0.000002
v -2.965119 0.160133 0.000002
v -2.965119 0.600500 0.000002
v -3.076045 0.600500 0.000002
v -3.076045 0.000000 0.000002
v -2.955945 0.000000 0.000002
v -2.585636 0.440367 0.000002
v -2.585636 0.000000 0.000002
v -2.475545 0.000000 0.000002
v -2.475545 0.600500 0.000002
v -2.595645 0.600500 0.000002
v -1.895895 0.600500 0.000002
v -2.263702 0.600500 0.000002
v -2.271665 0.600266 0.000002
v -2.279432 0.599562 0.000002
v -2.287002 0.598389 0.000002
v -2.294375 0.596747 0.000002
v -2.301551 0.594636 0.000002
v -2.308530 0.592056 0.000002
v -2.315312 0.589006 0.000002
v -2.321897 0.585488 0.000002
v -2.328285 0.581500 0.000002
v -2.334476 0.577043 0.000002
v -2.340471 0.572117 0.000002
v -2.346270 0.566722 0.000002
v -2.351732 0.560991 0.000002
v -2.356719 0.555057 0.000002
v -2.361231 0.548921 0.000002
v -2.365268 0.542582 0.000002
v -2.368829 0.536040 0.000002
v -2.371917 0.529295 0.000002
v -2.374529 0.522348 0.000002
v -2.376666 0.515198 0.000002
v -2.378328 0.507845 0.000002
v -2.379515 0.500290 0.000002
v -2.380228 0.492531 0.000002
v -2.380466 0.484570 0.000002
v -2.380466 0.000000 0.000002
v -2.269540 0.000000 0.000002
v -2.269540 0.201835 0.000002
v -1.890057 0.201835 0.000002
v -1.890057 0.000000 0.000002
v -1.779965 0.000000 0.000002
v -1.779965 0.484570 0.000002
v -1.780200 0.492531 0.000002
v -1.780904 0.500290 0.000002
v -1.782077 0.507845 0.000002
v -1.783719 0.515198 0.000002
v -1.785830 0.522348 0.000002
v -1.788410 0.529295 0.000002
v -1.791459 0.536040 0.000002
v -1.794978 0.542582 0.000002
v -1.798966 0.548921 0.000002
v -1.803423 0.555057 0.000002
v -1.808348 0.560991 0.000002
v -1.813743 0.566722 0.000002
v -1.819474 0.572117 0.000002
v -1.825408 0.577043 0.000002
v -1.831545 0.581500 0.000002
v -1.837884 0.585488 0.000002
v -1.844425 0.589006 0.000002
v -1.851170 0.592056 0.000002
v -1.858117 0.594636 0.000002
v -1.865268 0.596747 0.000002
v -1.872620 0.598389 0.000002
v -1.880176 0.599562 0.000002
v -1.887934 0.600266 0.000002
v -1.890057 0.311927 0.000002
v -2.269540 0.311927 0.000002
v -2.269540 0.484570 0.000002
v -2.269499 0.485503 0.000002
v -2.269377 0.486354 0.000002
v -2.269175 0.487125 0.000002
v -2.268891 0.487814 0.000002
v -2.268526 0.488422 0.000002
v -2.268080 0.488949 0.000002
v -2.267554 0.489395 0.000002
v -2.266946 0.489760 0.000002
v -2.266257 0.490044 0.000002
v -2.265486 0.490247 0.000002
v -2.264635 0.490368 0.000002
v -2.263702 0.490409 0.000002
v -1.895895 0.490409 0.000002
v -1.894963 0.490368 0.000002
v -1.894111 0.490247 0.000002
v -1.893340 0.490044 0.000002
v -1.892651 0.489760 0.000002
v -1.892043 0.489395 0.000002
v -1.891516 0.488949 0.000002
v -1.891071 0.488422 0.000002
v -1.890706 0.487814 0.000002
v -1.890422 0.487125 0.000002
v -1.890219 0.486354 0.000002
v -1.890098 0.485503 0.000002
v -1.890057 0.484570 0.000002
v -1.686554 0.484570 0.000002
v -1.686554 0.437865 0.000002
v -1.575628 0.437865 0.000002
v -1.575628 0.484570 0.000002
v -1.575588 0.485503 0.000002
v -1.575466 0.486354 0.000002
v -1.575263 0.487125 0.000002
v -1.574980 0.487814 0.000002
v -1.574615 0.488422 0.000002
v -1.574169 0.488949 0.000002
v -1.573642 0.489395 0.000002
v -1.573034 0.489760 0.000002
v -1.572345 0.490044 0.000002
v -1.571575 0.490247 0.000002
v -1.570724 0.490368 0.000002
v -1.569790 0.490409 0.000002
v -1.201983 0.490409 0.000002
v -1.201051 0.490368 0.000002
v -1.200200 0.490247 0.000002
v -1.199430 0.490044 0.000002
v -1.198741 0.489760 0.000002
v -1.198133 0.489395 0.000002
v -1.197606 0.488949 0.000002
v -1.197160 0.488422 0.000002
v -1.196795 0.487814 0.000002
v -1.196512 0.487125 0.000002
v -1.196309 0.486354 0.000002
v -1.196187 0.485503 0.000002
v -1.196145 0.484570 0.000002
v -1.196145 0.115930 0.000002
v -1.196186 0.114997 0.000002
v -1.196307 0.114146 0.000002
v -1.196510 0.113376 0.000002
v -1.196794 0.112686 0.000002
v -1.197159 0.112078 0.000002
v -1.197604 0.111551 0.000002
v -1.198131 0.111105 0.000002
v -1.198739 0.110740 0.000002
v -1.199428 0.110457 0.000002
v -1.200198 0.110254 0.000002
v -1.201050 0.110132 0.000002
v -1.201983 0.110092 0.000002
v -1.569790 0.110092 0.000002
v -1.570722 0.110132 0.000002
v -1.571573 0.110254 0.000002
v -1.572344 0.110457 0.000002
v -1.573033 0.110740 0.000002
v -1.573641 0.111105 0.000002
v -1.574167 0.111551 0.000002
v -1.574613 0.112078 0.000002
v -1.574978 0.112686 0.000002
v -1.575262 0.113376 0.000002
v -1.575464 0.114146 0.000002
v -1.575586 0.114997 0.000002
v -1.575628 0.115930 0.000002
v -1.575628 0.229358 0.000002
v -1.439681 0.229358 0.000002
v -1.439681 0.339450 0.000002
v -1.686554 0.339450 0.000002
v -1.686554 0.115930 0.000002
v -1.686316 0.107969 0.000002
v -1.685604 0.100211 0.000002
v -1.684417 0.092655 0.000002
v -1.682754 0.085303 0.000002
v -1.680617 0.078153 0.000002
v -1.678005 0.071205 0.000002
v -1.674918 0.064461 0.000002
v -1.671356 0.057919 0.000002
v -1.667319 0.051579 0.000002
v -1.662807 0.045443 0.000002
v -1.657820 0.039509 0.000002
v -1.652359 0.033778 0.000002
v -1.646561 0.028383 0.000002
v -1.640567 0.023457 0.000002
v -1.634376 0.019000 0.000002
v -1.627988 0.015013 0.000002
v -1.621403 0.011494 0.000002
v -1.614620 0.008445 0.000002
v -1.607641 0.005864 0.000002
v -1.600466 0.003753 0.000002
v -1.593093 0.002111 0.000002
v -1.585523 0.000938 0.000002
v -1.577756 0.000235 0.000002
v -1.569790 0.000000 0.000002
v -1.201983 0.000000 0.000002
v -1.194022 0.000235 0.000002
v -1.186264 0.000938 0.000002
v -1.178709 0.002111 0.000002
v -1.171356 0.003753 0.000002
v -1.164206 0.005864 0.000002
v -1.157258 0.008445 0.000002
v -1.150514 0.011494 0.000002
v -1.143972 0.015013 0.000002
v -1.137633 0.019000 0.000002
v -1.131497 0.023457 0.000002
v -1.125563 0.028383 0.000002
v -1.119832 0.033778 0.000002
v -1.114436 0.039509 0.000002
v -1.109510 0.045443 0.000002
v -1.105053 0.051579 0.000002
v -1.101065 0.057919 0.000002
v -1.097547 0.064461 0.000002
v -1.094497 0.071205 0.000002
v -1.091917 0.078153 0.000002
v -1.089806 0.085303 0.000002
v -1.088165 0.092655 0.000002
v -1.086992 0.100211 0.000002
v -1.086288 0.107969 0.000002
v -1.086054 0.115930 0.000002
v -1.086054 0.484570 0.000002
v -1.086288 0.492531 0.000002
v -1.086992 0.500290 0.000002
v -1.088165 0.507845 0.000002
v -1.089807 0.515198 0.000002
v -1.091918 0.522348 0.000002
v -1.094498 0.529295 0.000002
v -1.097547 0.536040 0.000002
v -1.101066 0.542582 0.000002
v -1.105054 0.548921 0.000002
v -1.109511 0.555057 0.000002
v -1.114437 0.560991 0.000002
v -1.119832 0.566722 0.000002
v -1.125563 0.572117 0.000002
v -1.131497 0.577043 0.000002
v -1.137633 0.581500 0.000002
v -1.143972 0.585488 0.000002
v -1.150514 0.589006 0.000002
v -1.157258 0.592056 0.000002
v -1.164206 0.594636 0.000002
v -1.171356 0.596747 0.000002
v -1.178709 0.598389 0.000002
v -1.186264 0.599562 0.000002
v -1.194022 0.600266 0.000002
v -1.201983 0.600500 0.000002
v -1.569790 0.600500 0.000002
v -1.577754 0.600266 0.000002
v -1.585521 0.599562 0.000002
v -1.593090 0.598389 0.000002
v -1.600463 0.596747 0.000002
v -1.607639 0.594636 0.000002
v -1.614618 0.592056 0.000002
v -1.621400 0.589006 0.000002
v -1.627985 0.585488 0.000002
v -1.634373 0.581500 0.000002
v -1.640565 0.577043 0.000002
v -1.646559 0.572117 0.000002
v -1.652359 0.566722 0.000002
v -1.657820 0.560991 0.000002
v -1.662807 0.555057 0.000002
v -1.667319 0.548921 0.000002
v -1.671356 0.542582 0.000002
v -1.674918 0.536040 0.000002
v -1.678005 0.529295 0.000002
v -1.680617 0.522348 0.000002
v -1.682754 0.515198 0.000002
v -1.684417 0.507845 0.000002
v -1.685604 0.500290 0.000002
v -1.686316 0.492531 0.000002
v -0.881716 0.160133 0.000001
v -0.881716 0.600500 0.000001
v -0.992642 0.600500 0.000002
v -0.992642 0.000000 0.000002
v -0.872542 0.000000 0.000001
v -0.502234 0.440367 0.000001
v -0.502234 0.000000 0.000001
v -0.392142 0.000000 0.000001
v -0.392142 0.600500 0.000001
v -0.512242 0.600500 0.000001
v 0.066694 0.408946 -0.073656
v -0.066760 0.408946 -0.073655
v -0.069595 0.408861 -0.073655
v -0.072362 0.408606 -0.073655
v -0.075063 0.408181 -0.073655
v -0.077697 0.407587 -0.073655
v -0.080263 0.406823 -0.073655
v -0.082762 0.405889 -0.073655
v -0.085195 0.404785 -0.073655
v -0.087560 0.403511 -0.073655
v -0.089858 0.402067 -0.073655
v -0.092089 0.400454 -0.073655
v -0.094253 0.398671 -0.073655
v -0.096349 0.396717 -0.073655
v -0.098327 0.394643 -0.073655
v -0.100132 0.392495 -0.073655
v -0.101765 0.390273 -0.073655
v -0.103227 0.387978 -0.073655
v -0.104516 0.385610 -0.073655
v -0.105634 0.383168 -0.073655
v -0.106579 0.380653 -0.073655
v -0.107353 0.378065 -0.073655
v -0.107955 0.375403 -0.073655
v -0.108385 0.372668 -0.073655
v -0.108643 0.369859 -0.073655
v -0.108729 0.366977 -0.073655
v -0.108729 0.233523 -0.073655
v -0.108643 0.230641 -0.073655
v -0.108385 0.227833 -0.073655
v -0.107955 0.225097 -0.073655
v -0.107353 0.222436 -0.073655
v -0.106579 0.219847 -0.073655
v -0.105634 0.217332 -0.073655
v -0.104516 0.214890 -0.073655
v -0.103227 0.212522 -0.073655
v -0.101765 0.210227 -0.073655
v -0.100132 0.208006 -0.073655
v -0.098327 0.205858 -0.073655
v -0.096349 0.203783 -0.073655
v -0.094253 0.201830 -0.073655
v -0.092089 0.200047 -0.073655
v -0.089858 0.198433 -0.073655
v -0.087560 0.196989 -0.073655
v -0.085195 0.195716 -0.073655
v -0.082762 0.194612 -0.073655
v -0.080263 0.193678 -0.073655
v -0.077697 0.192913 -0.073655
v -0.075063 0.192319 -0.073655
v -0.072363 0.191894 -0.073655
v -0.069595 0.191640 -0.073655
v -0.066760 0.191555 -0.073655
v 0.066694 0.191555 -0.073656
v 0.069576 0.191640 -0.073656
v 0.072384 0.191894 -0.073656
v 0.075120 0.192319 -0.073656
v 0.077781 0.192913 -0.073656
v 0.080370 0.193678 -0.073656
v 0.082885 0.194612 -0.073656
v 0.085327 0.195716 -0.073656
v 0.087695 0.196989 -0.073656
v 0.089990 0.198433 -0.073656
v 0.092211 0.200047 -0.073656
v 0.094359 0.201830 -0.073656
v 0.096434 0.203783 -0.073656
v 0.098387 0.205858 -0.073656
v 0.100171 0.208006 -0.073656
v 0.101784 0.210227 -0.073656
v 0.103228 0.212522 -0.073656
v 0.104501 0.214890 -0.073656
v 0.105605 0.217332 -0.073656
v 0.106539 0.219847 -0.073656
v 0.107304 0.222436 -0.073656
v 0.107898 0.225097 -0.073656
v 0.108323 0.227833 -0.073656
v 0.108577 0.230641 -0.073656
v 0.108662 0.233523 -0.073656
v 0.108662 0.366977 -0.073656
v 0.108577 0.369859 -0.073656
v 0.108323 0.372668 -0.073656
v 0.107898 0.375403 -0.073656
v 0.107304 0.378065 -0.073656
v 0.106539 0.380653 -0.073656
v 0.105605 0.383168 -0.073656
v 0.104501 0.385610 -0.073656
v 0.103228 0.387978 -0.073656
v 0.101784 0.390273 -0.073656
v 0.100171 0.392495 -0.073656
v 0.098387 0.394643 -0.073656
v 0.096434 0.396717 -0.073656
v 0.094359 0.398671 -0.073656
v 0.092211 0.400454 -0.073656
v 0.089990 0.402067 -0.073656
v 0.087695 0.403511 -0.073656
v 0.085327 0.404785 -0.073656
v 0.082885 0.405889 -0.073656
v 0.080370 0.406823 -0.073656
v 0.077782 0.407587 -0.073656
v 0.075120 0.408181 -0.073656
v 0.072385 0.408606 -0.073656
v 0.069576 0.408861 -0.073656
v 0.066694 0.231410 -0.073656
v -0.066760 0.231410 -0.073655
v -0.067049 0.231424 -0.073655
v -0.067313 0.231468 -0.073655
v -0.067553 0.231542 -0.073655
v -0.067766 0.231645 -0.073655
v -0.067955 0.231777 -0.073655
v -0.068119 0.231938 -0.073655
v -0.068257 0.232129 -0.073655
v -0.068370 0.232349 -0.073655
v -0.068458 0.232599 -0.073655
v -0.068521 0.232877 -0.073655
v -0.068559 0.233186 -0.073655
v -0.068572 0.233523 -0.073655
v -0.068572 0.366977 -0.073655
v -0.068559 0.367315 -0.073655
v -0.068521 0.367623 -0.073655
v -0.068458 0.367902 -0.073655
v -0.068370 0.368151 -0.073655
v -0.068257 0.368371 -0.073655
v -0.068119 0.368562 -0.073655
v -0.067955 0.368724 -0.073655
v -0.067766 0.368856 -0.073655
v -0.067553 0.368959 -0.073655
v -0.067314 0.369032 -0.073655
v -0.067050 0.369076 -0.073655
v -0.066760 0.369091 -0.073655
v 0.066694 0.369091 -0.073656
v 0.067032 0.369076 -0.073656
v 0.067340 0.369032 -0.073656
v 0.067619 0.368959 -0.073656
v 0.067868 0.368856 -0.073656
v 0.068088 0.368724 -0.073656
v 0.068279 0.368562 -0.073656
v 0.068441 0.368371 -0.073656
v 0.068573 0.368151 -0.073656
v 0.068675 0.367902 -0.073656
v 0.068749 0.367623 -0.073656
v 0.068793 0.367315 -0.073656
v 0.068807 0.366977 -0.073656
v 0.068807 0.233523 -0.073656
v 0.068793 0.233186 -0.073656
v 0.068749 0.232877 -0.073656
v 0.068675 0.232599 -0.073656
v 0.068573 0.232349 -0.073656
v 0.068441 0.232129 -0.073656
v 0.068279 0.231938 -0.073656
v 0.068088 0.231777 -0.073656
v 0.067868 0.231645 -0.073656
v 0.067619 0.231542 -0.073656
v 0.067340 0.231468 -0.073656
v 0.067032 0.231424 -0.073656
v 0.390177 0.484570 0.000001
v 0.390177 0.437865 0.000001
v 0.501103 0.437865 0.000001
v 0.501103 0.484570 0.000001
v 0.501143 0.485503 0.000001
v 0.501265 0.486354 0.000001
v 0.501467 0.487125 0.000001
v 0.501751 0.487814 0.000001
v 0.502116 0.488422 0.000001
v 0.502562 0.488949 0.000001
v 0.503089 0.489395 0.000001
v 0.503697 0.489760 0.000001
v 0.504387 0.490044 0.000001
v 0.505157 0.490247 0.000001
v 0.506008 0.490368 0.000001
v 0.506941 0.490409 0.000001
v 0.874747 0.490409 0.000001
v 0.875680 0.490368 0.000001
v 0.876531 0.490247 0.000001
v 0.877301 0.490044 0.000001
v 0.877991 0.489760 0.000001
v 0.878599 0.489395 0.000001
v 0.879126 0.488949 0.000001
v 0.879572 0.488422 0.000001
v 0.879937 0.487814 0.000001
v 0.880221 0.487125 0.000001
v 0.880423 0.486354 0.000001
v 0.880545 0.485503 0.000001
v 0.880585 0.484570 0.000001
v 0.880585 0.115930 0.000001
v 0.880545 0.114997 0.000001
v 0.880423 0.114146 0.000001
v 0.880221 0.113376 0.000001
v 0.879937 0.112686 0.000001
v 0.879572 0.112078 0.000001
v 0.879126 0.111551 0.000001
v 0.878599 0.111105 0.000001
v 0.877991 0.110740 0.000001
v 0.877301 0.110457 0.000001
v 0.876531 0.110254 0.000001
v 0.875680 0.110132 0.000001
v 0.874747 0.110092 0.000001
v 0.506941 0.110092 0.000001
v 0.506008 0.110132 0.000001
v 0.505157 0.110254 0.000001
v 0.504387 0.110457 0.000001
v 0.503697 0.110740 0.000001
v 0.503089 0.111105 0.000001
v 0.502562 0.111551 0.000001
v 0.502116 0.112078 0.000001
v 0.501751 0.112686 0.000001
v 0.501467 0.113376 0.000001
v 0.501265 0.114146 0.000001
v 0.501143 0.114997 0.000001
v 0.501103 0.115930 0.000001
v 0.501103 0.229358 0.000001
v 0.637049 0.229358 0.000001
v 0.637049 0.339450 0.000001
v 0.390177 0.339450 0.000001
v 0.390177 0.115930 0.000001
v 0.390414 0.107969 0.000001
v 0.391127 0.100211 0.000001
v 0.392314 0.092655 0.000001
v 0.393976 0.085303 0.000001
v 0.396113 0.078153 0.000001
v 0.398726 0.071205 0.000001
v 0.401813 0.064461 0.000001
v 0.405375 0.057919 0.000001
v 0.409411 0.051579 0.000001
v 0.413923 0.045443 0.000001
v 0.418910 0.039509 0.000001
v 0.424372 0.033778 0.000001
v 0.430170 0.028383 0.000001
v 0.436164 0.023457 0.000001
v 0.442356 0.019000 0.000001
v 0.448744 0.015013 0.000001
v 0.455329 0.011494 0.000001
v 0.462112 0.008445 0.000001
v 0.469091 0.005864 0.000001
v 0.476267 0.003753 0.000001
v 0.483640 0.002111 0.000001
v 0.491210 0.000938 0.000001
v 0.498977 0.000235 0.000001
v 0.506941 0.000000 0.000001
v 0.874747 0.000000 0.000001
v 0.882708 0.000235 0.000001
v 0.890466 0.000938 0.000001
v 0.898022 0.002111 0.000001
v 0.905375 0.003753 0.000001
v 0.912525 0.005864 0.000001
v 0.919472 0.008445 0.000001
v 0.926217 0.011494 0.000001
v 0.932759 0.015013 0.000001
v 0.939098 0.019000 0.000001
v 0.945235 0.023457 0.000001
v 0.951168 0.028383 0.000001
v 0.956899 0.033778 0.000001
v 0.962294 0.039509 0.000001
v 0.967220 0.045443 0.000001
v 0.971677 0.051579 0.000001
v 0.975665 0.057919 0.000001
v 0.979183 0.064461 0.000001
v 0.982233 0.071205 0.000001
v 0.984813 0.078153 0.000001
v 0.986924 0.085303 0.000001
v 0.988566 0.092655 0.000001
v 0.989739 0.100211 0.000001
v 0.990443 0.107969 0.000001
v 0.990677 0.115930 0.000001
v 0.990677 0.484570 0.000001
v 0.990443 0.492531 0.000001
v 0.989739 0.500290 0.000001
v 0.988566 0.507845 0.000001
v 0.986924 0.515198 0.000001
v 0.984813 0.522348 0.000001
v 0.982233 0.529295 0.000001
v 0.979183 0.536040 0.000001
v 0.975665 0.542582 0.000001
v 0.971677 0.548921 0.000001
v 0.967220 0.555057 0.000001
v 0.962294 0.560991 0.000001
v 0.956899 0.566722 0.000001
v 0.951168 0.572117 0.000001
v 0.945234 0.577043 0.000001
v 0.939098 0.581500 0.000001
v 0.932759 0.585488 0.000001
v 0.926217 0.589006 0.000001
v 0.919472 0.592056 0.000001
v 0.912525 0.594636 0.000001
v 0.905375 0.596747 0.000001
v 0.898022 0.598389 0.000001
v 0.890466 0.599562 0.000001
v 0.882708 0.600266 0.000001
v 0.874747 0.600500 0.000001
v 0.506941 0.600500 0.000001
v 0.498977 0.600266 0.000001
v 0.491210 0.599562 0.000001
v 0.483640 0.598389 0.000001
v 0.476267 0.596747 0.000001
v 0.469091 0.594636 0.000001
v 0.462111 0.592056 0.000001
v 0.455329 0.589006 0.000001
v 0.448744 0.585488 0.000001
v 0.442355 0.581500 0.000001
v 0.436164 0.577043 0.000001
v 0.430169 0.572117 0.000001
v 0.424372 0.566722 0.000001
v 0.418910 0.560991 0.000001
v 0.413924 0.555057 0.000001
v 0.409412 0.548921 0.000001
v 0.405375 0.542582 0.000001
v 0.401813 0.536040 0.000001
v 0.398726 0.529295 0.000001
v 0.396114 0.522348 0.000001
v 0.393976 0.515198 0.000001
v 0.392314 0.507845 0.000001
v 0.391127 0.500290 0.000001
v 0.390414 0.492531 0.000001
v 1.161653 0.600500 0.000001
v 1.029877 0.600500 0.000001
v 1.307608 0.224354 0.000001
v 1.307608 0.000000 0.000001
v 1.417700 0.000000 0.000001
v 1.417700 0.224354 0.000001
v 1.695431 0.600500 0.000001
v 1.564489 0.600500 0.000001
v 1.362654 0.345288 0.000001
v 2.311778 0.000000 0.000000
v 2.311778 0.601334 0.000000
v 2.201686 0.601334 0.000000
v 2.201686 0.110092 0.000000
v 1.711278 0.110092 0.000001
v 1.711278 0.000000 0.000001
v 2.888926 0.600500 0.000000
v 2.520285 0.600500 0.000000
v 2.512455 0.600266 0.000000
v 2.504809 0.599562 0.000000
v 2.497350 0.598389 0.000000
v 2.490075 0.596747 0.000000
v 2.482986 0.594636 0.000000
v 2.476082 0.592056 0.000000
v 2.469363 0.589006 0.000000
v 2.462830 0.585488 0.000000
v 2.456482 0.581500 0.000000
v 2.450320 0.577043 0.000000
v 2.444342 0.572117 0.000000
v 2.438550 0.566722 0.000000
v 2.433089 0.560991 0.000000
v 2.428102 0.555057 0.000000
v 2.423590 0.548921 0.000000
v 2.419553 0.542582 0.000000
v 2.415991 0.536040 0.000000
v 2.412904 0.529295 0.000000
v 2.410292 0.522348 0.000000
v 2.408155 0.515198 0.000000
v 2.406493 0.507845 0.000000
v 2.405305 0.500290 0.000000
v 2.404593 0.492531 0.000000
v 2.404355 0.484570 0.000000
v 2.404355 0.115930 0.000000
v 2.404593 0.107969 0.000000
v 2.405305 0.100211 0.000000
v 2.406492 0.092655 0.000000
v 2.408155 0.085303 0.000000
v 2.410292 0.078153 0.000000
v 2.412904 0.071205 0.000000
v 2.415991 0.064461 0.000000
v 2.419553 0.057919 0.000000
v 2.423590 0.051579 0.000000
v 2.428102 0.045443 0.000000
v 2.433089 0.039509 0.000000
v 2.438550 0.033778 0.000000
v 2.444342 0.028383 0.000000
v 2.450320 0.023457 0.000000
v 2.456482 0.019000 0.000000
v 2.462830 0.015013 0.000000
v 2.469363 0.011494 0.000000
v 2.476082 0.008445 0.000000
v 2.482986 0.005864 0.000000
v 2.490075 0.003753 0.000000
v 2.497350 0.002111 0.000000
v 2.504809 0.000938 0.000000
v 2.512455 0.000235 0.000000
v 2.520285 0.000000 0.000000
v 2.888926 0.000000 0.000000
v 2.896887 0.000235 0.000000
v 2.904645 0.000938 0.000000
v 2.912200 0.002111 0.000000
v 2.919553 0.003753 0.000000
v 2.926703 0.005864 0.000000
v 2.933650 0.008445 0.000000
v 2.940395 0.011494 0.000000
v 2.946937 0.015013 0.000000
v 2.953276 0.019000 0.000000
v 2.959413 0.023457 0.000000
v 2.965347 0.028383 0.000000
v 2.971078 0.033778 0.000000
v 2.976473 0.039509 0.000000
v 2.981399 0.045443 0.000000
v 2.985856 0.051579 0.000000
v 2.989843 0.057919 0.000000
v 2.993362 0.064461 0.000000
v 2.996411 0.071205 0.000000
v 2.998991 0.078153 0.000000
v 3.001103 0.085303 0.000000
v 3.002745 0.092655 0.000000
v 3.003917 0.100211 0.000000
v 3.004621 0.107969 0.000000
v 3.004856 0.115930 0.000000
v 3.004856 0.484570 0.000000
v 3.004621 0.492531 0.000000
v 3.003918 0.500290 0.000000
v 3.002745 0.507845 0.000000
v 3.001103 0.515198 0.000000
v 2.998991 0.522348 0.000000
v 2.996411 0.529295 0.000000
v 2.993362 0.536040 0.000000
v 2.989843 0.542582 0.000000
v 2.985856 0.548921 0.000000
v 2.981399 0.555057 0.000000
v 2.976473 0.560991 0.000000
v 2.971078 0.566722 0.000000
v 2.965347 0.572117 0.000000
v 2.959413 0.577043 0.000000
v 2.953276 0.581500 0.000000
v 2.946937 0.585488 0.000000
v 2.940395 0.589006 0.000000
v 2.933650 0.592056 0.000000
v 2.926703 0.594636 0.000000
v 2.919553 0.596747 0.000000
v 2.912200 0.598389 0.000000
v 2.904645 0.599562 0.000000
v 2.896887 0.600266 0.000000
v 2.888926 0.110092 0.000000
v 2.520285 0.110092 0.000000
v 2.519486 0.110132 0.000000
v 2.518756 0.110254 0.000000
v 2.518096 0.110457 0.000000
v 2.517505 0.110740 0.000000
v 2.516984 0.111105 0.000000
v 2.516532 0.111551 0.000000
v 2.516150 0.112078 0.000000
v 2.515837 0.112686 0.000000
v 2.515594 0.113376 0.000000
v 2.515420 0.114146 0.000000
v 2.515316 0.114997 0.000000
v 2.515281 0.115930 0.000000
v 2.515281 0.484570 0.000000
v 2.515316 0.485503 0.000000
v 2.515420 0.486354 0.000000
v 2.515594 0.487125 0.000000
v 2.515837 0.487814 0.000000
v 2.516150 0.488422 0.000000
v 2.516532 0.488949 0.000000
v 2.516984 0.489395 0.000000
v 2.517506 0.489760 0.000000
v 2.518096 0.490044 0.000000
v 2.518757 0.490247 0.000000
v 2.519486 0.490368 0.000000
v 2.520285 0.490409 0.000000
v 2.888926 0.490409 0.000000
v 2.889858 0.490368 0.000000
v 2.890710 0.490247 0.000000
v 2.891480 0.490044 0.000000
v 2.892169 0.489760 0.000000
v 2.892777 0.489395 0.000000
v 2.893305 0.488949 0.000000
v 2.893750 0.488422 0.000000
v 2.894115 0.487814 0.000000
v 2.894399 0.487125 0.000000
v 2.894602 0.486354 0.000000
v 2.894723 0.485503 0.000000
v 2.894764 0.484570 0.000000
v 2.894764 0.115930 0.000000
v 2.894723 0.114997 0.000000
v 2.894602 0.114146 0.000000
v 2.894399 0.113376 0.000000
v 2.894115 0.112686 0.000000
v 2.893750 0.112078 0.000000
v 2.893305 0.111551 0.000000
v 2.892777 0.111105 0.000000
v 2.892169 0.110740 0.000000
v 2.891480 0.110457 0.000000
v 2.890710 0.110254 0.000000
v 2.889858 0.110132 0.000000
v 3.662904 0.599666 -0.000000
v 3.179168 0.599666 0.000000
v 3.171204 0.599429 0.000000
v 3.163437 0.598716 0.000000
v 3.155867 0.597529 0.000000
v 3.148494 0.595867 0.000000
v 3.141318 0.593730 0.000000
v 3.134339 0.591118 0.000000
v 3.127556 0.588031 0.000000
v 3.120971 0.584469 0.000000
v 3.114583 0.580432 0.000000
v 3.108391 0.575920 0.000000
v 3.102396 0.570933 0.000000
v 3.096599 0.565471 0.000000
v 3.091137 0.559679 0.000000
v 3.086150 0.553702 0.000000
v 3.081639 0.547540 0.000000
v 3.077602 0.541192 0.000000
v 3.074040 0.534659 0.000000
v 3.070953 0.527940 0.000000
v 3.068341 0.521036 0.000000
v 3.066203 0.513947 0.000000
v 3.064541 0.506672 0.000000
v 3.063354 0.499212 0.000000
v 3.062641 0.491567 0.000000
v 3.062404 0.483736 0.000000
v 3.062404 0.321935 0.000000
v 3.062641 0.314104 0.000000
v 3.063354 0.306459 0.000000
v 3.064541 0.298999 0.000000
v 3.066203 0.291725 0.000000
v 3.068340 0.284635 0.000000
v 3.070952 0.277731 0.000000
v 3.074039 0.271013 0.000000
v 3.077601 0.264480 0.000000
v 3.081638 0.258132 0.000000
v 3.086150 0.251969 0.000000
v 3.091137 0.245992 0.000000
v 3.096599 0.240200 0.000000
v 3.102396 0.234738 0.000000
v 3.108391 0.229752 0.000000
v 3.114583 0.225240 0.000000
v 3.120971 0.221203 0.000000
v 3.127556 0.217641 0.000000
v 3.134339 0.214554 0.000000
v 3.141318 0.211942 0.000000
v 3.148494 0.209804 0.000000
v 3.155867 0.208142 0.000000
v 3.163437 0.206955 0.000000
v 3.171204 0.206242 0.000000
v 3.179168 0.206005 0.000000
v 3.550310 0.205171 0.000000
v 3.552812 0.206005 0.000000
v 3.552812 0.000000 0.000000
v 3.662904 0.000000 0.000000
v 3.173330 0.321935 0.000000
v 3.173330 0.483736 0.000000
v 3.173370 0.484669 0.000000
v 3.173492 0.485520 0.000000
v 3.173694 0.486291 0.000000
v 3.173978 0.486980 0.000000
v 3.174343 0.487588 0.000000
v 3.174789 0.488115 0.000000
v 3.175316 0.488561 0.000000
v 3.175924 0.488926 0.000000
v 3.176614 0.489210 0.000000
v 3.177384 0.489412 0.000000
v 3.178235 0.489534 0.000000
v 3.179168 0.489575 0.000000
v 3.546974 0.489575 0.000000
v 3.547907 0.489534 0.000000
v 3.548758 0.489412 0.000000
v 3.549528 0.489210 0.000000
v 3.550218 0.488926 0.000000
v 3.550826 0.488561 0.000000
v 3.551353 0.488115 0.000000
v 3.551799 0.487588 0.000000
v 3.552164 0.486980 0.000000
v 3.552448 0.486291 0.000000
v 3.552650 0.485520 0.000000
v 3.552772 0.484669 0.000000
v 3.552812 0.483736 0.000000
v 3.552812 0.321935 0.000000
v 3.552772 0.321002 0.000000
v 3.552650 0.320151 0.000000
v 3.552448 0.319381 0.000000
v 3.552164 0.318691 0.000000
v 3.551799 0.318083 0.000000
v 3.551353 0.317556 0.000000
v 3.550826 0.317110 0.000000
v 3.550218 0.316745 0.000000
v 3.549528 0.316462 0.000000
v 3.548758 0.316259 0.000000
v 3.547907 0.316137 0.000000
v 3.546974 0.316097 0.000000
v 3.179168 0.316097 0.000000
v 3.178235 0.316137 0.000000
v 3.177384 0.316259 0.000000
v 3.176613 0.316462 0.000000
v 3.175924 0.316745 0.000000
v 3.175316 0.317110 0.000000
v 3.174789 0.317556 0.000000
v 3.174343 0.318083 0.000000
v 3.173978 0.318691 0.000000
v 3.173694 0.319381 0.000000
v 3.173492 0.320151 0.000000
v 3.173370 0.321002 0.000000
v -3.769956 0.484570 -0.230902
v -3.769956 0.437865 -0.230902
v -3.659031 0.437865 -0.230902
v -3.659031 0.484570 -0.230902
v -3.658990 0.485503 -0.230902
v -3.658869 0.486354 -0.230902
v -3.658666 0.487125 -0.230902
v -3.658382 0.487814 -0.230902
v -3.658017 0.488422 -0.230902
v -3.657572 0.488949 -0.230902
v -3.657045 0.489395 -0.230902
v -3.656437 0.489760 -0.230902
v -3.655748 0.490044 -0.230902
v -3.654978 0.490247 -0.230902
v -3.654126 0.490368 -0.230902
v -3.653193 0.490409 -0.230902
v -3.285386 0.490409 -0.230902
v -3.284454 0.490368 -0.230902
v -3.283602 0.490247 -0.230902
v -3.282832 0.490044 -0.230902
v -3.282143 0.489760 -0.230902
v -3.281535 0.489395 -0.230902
v -3.281008 0.488949 -0.230902
v -3.280563 0.488422 -0.230902
v -3.280198 0.487814 -0.230902
v -3.279914 0.487125 -0.230902
v -3.279711 0.486354 -0.230902
v -3.279590 0.485503 -0.230902
v -3.279548 0.484570 -0.230902
v -3.279548 0.115930 -0.230902
v -3.279588 0.114997 -0.230902
v -3.279710 0.114146 -0.230902
v -3.279913 0.113376 -0.230902
v -3.280196 0.112686 -0.230902
v -3.280561 0.112078 -0.230902
v -3.281007 0.111551 -0.230902
v -3.281534 0.111105 -0.230902
v -3.282142 0.110740 -0.230902
v -3.282831 0.110457 -0.230902
v -3.283601 0.110254 -0.230902
v -3.284452 0.110132 -0.230902
v -3.285386 0.110092 -0.230902
v -3.653193 0.110092 -0.230902
v -3.654125 0.110132 -0.230902
v -3.654976 0.110254 -0.230902
v -3.655746 0.110457 -0.230902
v -3.656435 0.110740 -0.230902
v -3.657043 0.111105 -0.230902
v -3.657570 0.111551 -0.230902
v -3.658016 0.112078 -0.230902
v -3.658381 0.112686 -0.230902
v -3.658664 0.113376 -0.230902
v -3.658867 0.114146 -0.230902
v -3.658989 0.114997 -0.230902
v -3.659031 0.115930 -0.230902
v -3.659031 0.229358 -0.230902
v -3.523084 0.229358 -0.230902
v -3.523084 0.339450 -0.230902
v -3.769956 0.339450 -0.230902
v -3.769956 0.115930 -0.230902
v -3.769719 0.107969 -0.230902
v -3.769006 0.100211 -0.230902
v -3.767819 0.092655 -0.230902
v -3.766157 0.085303 -0.230902
v -3.764020 0.078153 -0.230902
v -3.761408 0.071205 -0.230902
v -3.758321 0.064461 -0.230902
v -3.754759 0.057919 -0.230902
v -3.750722 0.051579 -0.230902
v -3.746210 0.045443 -0.230902
v -3.741223 0.039509 -0.230902
v -3.735761 0.033778 -0.230902
v -3.729964 0.028383 -0.230902
v -3.723970 0.023457 -0.230902
v -3.717778 0.019000 -0.230902
v -3.711390 0.015013 -0.230902
v -3.704805 0.011494 -0.230902
v -3.698023 0.008445 -0.230902
v -3.691044 0.005864 -0.230902
v -3.683868 0.003753 -0.230902
v -3.676495 0.002111 -0.230902
v -3.668926 0.000938 -0.230902
v -3.661159 0.000235 -0.230902
v -3.653193 -0.000000 -0.230902
v -3.285386 -0.000000 -0.230902
v -3.277425 0.000235 -0.230902
v -3.269667 0.000938 -0.230902
v -3.262111 0.002111 -0.230902
v -3.254759 0.003753 -0.230902
v -3.247608 0.005864 -0.230902
v -3.240661 0.008445 -0.230902
v -3.233917 0.011494 -0.230902
v -3.227375 0.015013 -0.230902
v -3.221036 0.019000 -0.230902
v -3.214899 0.023457 -0.230902
v -3.208966 0.028383 -0.230902
v -3.203234 0.033778 -0.230902
v -3.197839 0.039509 -0.230902
v -3.192913 0.045443 -0.230902
v -3.188456 0.051579 -0.230902
v -3.184468 0.057919 -0.230902
v -3.180949 0.064461 -0.230902
v -3.177900 0.071205 -0.230902
v -3.175320 0.078152 -0.230902
v -3.173209 0.085303 -0.230902
v -3.171567 0.092655 -0.230902
v -3.170394 0.100211 -0.230902
v -3.169690 0.107969 -0.230902
v -3.169456 0.115930 -0.230902
v -3.169456 0.484570 -0.230902
v -3.169691 0.492531 -0.230902
v -3.170395 0.500290 -0.230902
v -3.171568 0.507845 -0.230902
v -3.173209 0.515198 -0.230902
v -3.175320 0.522348 -0.230902
v -3.177901 0.529295 -0.230902
v -3.180950 0.536040 -0.230902
v -3.184469 0.542582 -0.230902
v -3.188456 0.548921 -0.230902
v -3.192913 0.555057 -0.230902
v -3.197839 0.560991 -0.230902
v -3.203234 0.566722 -0.230902
v -3.208966 0.572117 -0.230902
v -3.214899 0.577043 -0.230902
v -3.221036 0.581500 -0.230902
v -3.227375 0.585488 -0.230902
v -3.233917 0.589006 -0.230902
v -3.240661 0.592056 -0.230902
v -3.247608 0.594636 -0.230902
v -3.254759 0.596747 -0.230902
v -3.262111 0.598389 -0.230902
v -3.269667 0.599562 -0.230902
v -3.277425 0.600266 -0.230902
v -3.285386 0.600500 -0.230902
v -3.653193 0.600500 -0.230902
v -3.661156 0.600266 -0.230902
v -3.668923 0.599562 -0.230902
v -3.676493 0.598389 -0.230902
v -3.683866 0.596747 -0.230902
v -3.691042 0.594636 -0.230902
v -3.698021 0.592056 -0.230902
v -3.704803 0.589006 -0.230902
v -3.711388 0.585488 -0.230902
v -3.717776 0.581500 -0.230902
v -3.723967 0.577043 -0.230902
v -3.729962 0.572117 -0.230902
v -3.735761 0.566722 -0.230902
v -3.741223 0.560991 -0.230902
v -3.746210 0.555057 -0.230902
v -3.750722 0.548921 -0.230902
v -3.754759 0.542582 -0.230902
v -3.758321 0.536040 -0.230902
v -3.761408 0.529295 -0.230902
v -3.764020 0.522348 -0.230902
v -3.766157 0.515198 -0.230902
v -3.767819 0.507845 -0.230902
v -3.769006 0.500290 -0.230902
v -3.769719 0.492531 -0.230902
v -2.965119 0.160133 -0.230902
v -2.965119 0.600500 -0.230902
v -3.076045 0.600500 -0.230902
v -3.076045 -0.000000 -0.230902
v -2.955945 -0.000000 -0.230902
v -2.585636 0.440367 -0.230902
v -2.585636 -0.000000 -0.230902
v -2.475545 -0.000000 -0.230902
v -2.475545 0.600500 -0.230902
v -2.595645 0.600500 -0.230902
v -1.895895 0.600500 -0.230903
v -2.263702 0.600500 -0.230903
v -2.271665 0.600266 -0.230903
v -2.279432 0.599562 -0.230903
v -2.287002 0.598389 -0.230903
v -2.294375 0.596747 -0.230903
v -2.301551 0.594636 -0.230903
v -2.308530 0.592056 -0.230903
v -2.315312 0.589006 -0.230903
v -2.321897 0.585488 -0.230903
v -2.328285 0.581500 -0.230903
v -2.334476 0.577043 -0.230903
v -2.340471 0.572117 -0.230903
v -2.346270 0.566722 -0.230903
v -2.351732 0.560991 -0.230903
v -2.356719 0.555057 -0.230903
v -2.361231 0.548921 -0.230903
v -2.365268 0.542582 -0.230903
v -2.368829 0.536040 -0.230903
v -2.371917 0.529295 -0.230903
v -2.374529 0.522348 -0.230902
v -2.376666 0.515198 -0.230902
v -2.378328 0.507845 -0.230902
v -2.379515 0.500290 -0.230902
v -2.380228 0.492531 -0.230902
v -2.380466 0.484570 -0.230902
v -2.380466 -0.000000 -0.230902
v -2.269540 -0.000000 -0.230903
v -2.269540 0.201835 -0.230903
v -1.890057 0.201835 -0.230903
v -1.890057 -0.000000 -0.230903
v -1.779965 -0.000000 -0.230903
v -1.779965 0.484570 -0.230903
v -1.780200 0.492531 -0.230903
v -1.780904 0.500290 -0.230903
v -1.782077 0.507845 -0.230903
v -1.783719 0.515198 -0.230903
v -1.785830 0.522348 -0.230903
v -1.788410 0.529295 -0.230903
v -1.791459 0.536040 -0.230903
v -1.794978 0.542582 -0.230903
v -1.798966 0.548921 -0.230903
v -1.803423 0.555057 -0.230903
v -1.808348 0.560991 -0.230903
v -1.813743 0.566722 -0.230903
v -1.819474 0.572117 -0.230903
v -1.825408 0.577043 -0.230903
v -1.831545 0.581500 -0.230903
v -1.837884 0.585488 -0.230903
v -1.844425 0.589006 -0.230903
v -1.851170 0.592056 -0.230903
v -1.858117 0.594636 -0.230903
v -1.865268 0.596747 -0.230903
v -1.872620 0.598389 -0.230903
v -1.880176 0.599562 -0.230903
v -1.887934 0.600266 -0.230903
v -1.890057 0.311927 -0.230903
v -2.269540 0.311927 -0.230903
v -2.269540 0.484570 -0.230903
v -2.269499 0.485503 -0.230903
v -2.269377 0.486354 -0.230903
v -2.269175 0.487125 -0.230903
v -2.268891 0.487814 -0.230903
v -2.268526 0.488422 -0.230903
v -2.268080 0.488949 -0.230903
v -2.267554 0.489395 -0.230903
v -2.266946 0.489760 -0.230903
v -2.266257 0.490044 -0.230903
v -2.265486 0.490247 -0.230903
v -2.264635 0.490368 -0.230903
v -2.263702 0.490409 -0.230903
v -1.895895 0.490409 -0.230903
v -1.894963 0.490368 -0.230903
v -1.894111 0.490247 -0.230903
v -1.893340 0.490044 -0.230903
v -1.892651 0.489760 -0.230903
v -1.892043 0.489395 -0.230903
v -1.891516 0.488949 -0.230903
v -1.891071 0.488422 -0.230903
v -1.890706 0.487814 -0.230903
v -1.890422 0.487125 -0.230903
v -1.890219 0.486354 -0.230903
v -1.890098 0.485503 -0.230903
v -1.890057 0.484570 -0.230903
v -1.686554 0.484570 -0.230903
v -1.686554 0.437865 -0.230903
v -1.575628 0.437865 -0.230903
v -1.575628 0.484570 -0.230903
v -1.575588 0.485503 -0.230903
v -1.575466 0.486354 -0.230903
v -1.575263 0.487125 -0.230903
v -1.574980 0.487814 -0.230903
v -1.574615 0.488422 -0.230903
v -1.574169 0.488949 -0.230903
v -1.573642 0.489395 -0.230903
v -1.573034 0.489760 -0.230903
v -1.572345 0.490044 -0.230903
v -1.571575 0.490247 -0.230903
v -1.570724 0.490368 -0.230903
v -1.569790 0.490409 -0.230903
v -1.201983 0.490409 -0.230903
v -1.201051 0.490368 -0.230903
v -1.200200 0.490247 -0.230903
v -1.199430 0.490044 -0.230903
v -1.198741 0.489760 -0.230903
v -1.198133 0.489395 -0.230903
v -1.197606 0.488949 -0.230903
v -1.197160 0.488422 -0.230903
v -1.196795 0.487814 -0.230903
v -1.196512 0.487125 -0.230903
v -1.196309 0.486354 -0.230903
v -1.196187 0.485503 -0.230903
v -1.196145 0.484570 -0.230903
v -1.196145 0.115930 -0.230903
v -1.196186 0.114997 -0.230903
v -1.196307 0.114146 -0.230903
v -1.196510 0.113376 -0.230903
v -1.196794 0.112686 -0.230903
v -1.197159 0.112078 -0.230903
v -1.197604 0.111551 -0.230903
v -1.198131 0.111105 -0.230903
v -1.198739 0.110740 -0.230903
v -1.199428 0.110457 -0.230903
v -1.200198 0.110254 -0.230903
v -1.201050 0.110132 -0.230903
v -1.201983 0.110092 -0.230903
v -1.569790 0.110092 -0.230903
v -1.570722 0.110132 -0.230903
v -1.571573 0.110254 -0.230903
v -1.572344 0.110457 -0.230903
v -1.573033 0.110740 -0.230903
v -1.573641 0.111105 -0.230903
v -1.574167 0.111551 -0.230903
v -1.574613 0.112078 -0.230903
v -1.574978 0.112686 -0.230903
v -1.575262 0.113376 -0.230903
v -1.575464 0.114146 -0.230903
v -1.575586 0.114997 -0.230903
v -1.575628 0.115930 -0.230903
v -1.575628 0.229358 -0.230903
v -1.439681 0.229358 -0.230903
v -1.439681 0.339450 -0.230903
v -1.686554 0.339450 -0.230903
v -1.686554 0.115930 -0.230903
v -1.686316 0.107969 -0.230903
v -1.685604 0.100211 -0.230903
v -1.684417 0.092655 -0.230903
v -1.682754 0.085303 -0.230903
v -1.680617 0.078153 -0.230903
v -1.678005 0.071205 -0.230903
v -1.674918 0.064461 -0.230903
v -1.671356 0.057919 -0.230903
v -1.667319 0.051579 -0.230903
v -1.662807 0.045443 -0.230903
v -1.657820 0.039509 -0.230903
v -1.652359 0.033778 -0.230903
v -1.646561 0.028383 -0.230903
v -1.640567 0.023457 -0.230903
v -1.634376 0.019000 -0.230903
v -1.627988 0.015013 -0.230903
v -1.621403 0.011494 -0.230903
v -1.614620 0.008445 -0.230903
v -1.607641 0.005864 -0.230903
v -1.600466 0.003753 -0.230903
v -1.593093 0.002111 -0.230903
v -1.585523 0.000938 -0.230903
v -1.577756 0.000235 -0.230903
v -1.569790 -0.000000 -0.230903
v -1.201983 -0.000000 -0.230903
v -1.194022 0.000235 -0.230903
v -1.186264 0.000938 -0.230903
v -1.178709 0.002111 -0.230903
v -1.171356 0.003753 -0.230903
v -1.164206 0.005864 -0.230903
v -1.157258 0.008445 -0.230903
v -1.150514 0.011494 -0.230903
v -1.143972 0.015013 -0.230903
v -1.137633 0.019000 -0.230903
v -1.131497 0.023457 -0.230903
v -1.125563 0.028383 -0.230903
v -1.119832 0.033778 -0.230903
v -1.114436 0.039509 -0.230903
v -1.109510 0.045443 -0.230903
v -1.105053 0.051579 -0.230903
v -1.101065 0.057919 -0.230903
v -1.097547 0.064461 -0.230903
v -1.094497 0.071205 -0.230903
v -1.091917 0.078152 -0.230903
v -1.089806 0.085303 -0.230903
v -1.088165 0.092655 -0.230903
v -1.086992 0.100211 -0.230903
v -1.086288 0.107969 -0.230903
v -1.086054 0.115930 -0.230903
v -1.086054 0.484570 -0.230903
v -1.086288 0.492531 -0.230903
v -1.086992 0.500290 -0.230903
v -1.088165 0.507845 -0.230903
v -1.089807 0.515198 -0.230903
v -1.091918 0.522348 -0.230903
v -1.094498 0.529295 -0.230903
v -1.097547 0.536040 -0.230903
v -1.101066 0.542582 -0.230903
v -1.105054 0.548921 -0.230903
v -1.109511 0.555057 -0.230903
v -1.114437 0.560991 -0.230903
v -1.119832 0.566722 -0.230903
v -1.125563 0.572117 -0.230903
v -1.131497 0.577043 -0.230903
v -1.137633 0.581500 -0.230903
v -1.143972 0.585488 -0.230903
v -1.150514 0.589006 -0.230903
v -1.157258 0.592056 -0.230903
v -1.164206 0.594636 -0.230903
v -1.171356 0.596747 -0.230903
v -1.178709 0.598389 -0.230903
v -1.186264 0.599562 -0.230903
v -1.194022 0.600266 -0.230903
v -1.201983 0.600500 -0.230903
v -1.569790 0.600500 -0.230903
v -1.577754 0.600266 -0.230903
v -1.585521 0.599562 -0.230903
v -1.593090 0.598389 -0.230903
v -1.600463 0.596747 -0.230903
v -1.607639 0.594636 -0.230903
v -1.614618 0.592056 -0.230903
v -1.621400 0.589006 -0.230903
v -1.627985 0.585488 -0.230903
v -1.634373 0.581500 -0.230903
v -1.640565 0.577043 -0.230903
v -1.646559 0.572117 -0.230903
v -1.652359 0.566722 -0.230903
v -1.657820 0.560991 -0.230903
v -1.662807 0.555057 -0.230903
v -1.667319 0.548921 -0.230903
v -1.671356 0.542582 -0.230903
v -1.674918 0.536040 -0.230903
v -1.678005 0.529295 -0.230903
v -1.680617 0.522348 -0.230903
v -1.682754 0.515198 -0.230903
v -1.684417 0.507845 -0.230903
v -1.685604 0.500290 -0.230903
v -1.686316 0.492531 -0.230903
v -0.881716 0.160133 -0.230903
v -0.881716 0.600500 -0.230903
v -0.992642 0.600500 -0.230903
v -0.992642 -0.000000 -0.230903
v -0.872542 -0.000000 -0.230903
v -0.502234 0.440367 -0.230903
v -0.502234 -0.000000 -0.230903
v -0.392142 -0.000000 -0.230903
v -0.392142 0.600500 -0.230903
v -0.512242 0.600500 -0.230903
v 0.066694 0.408946 -0.157247
v -0.066760 0.408946 -0.157247
v -0.069595 0.408861 -0.157247
v -0.072362 0.408606 -0.157247
v -0.075063 0.408181 -0.157247
v -0.077697 0.407587 -0.157247
v -0.080263 0.406823 -0.157247
v -0.082762 0.405889 -0.157247
v -0.085195 0.404785 -0.157247
v -0.087560 0.403511 -0.157247
v -0.089858 0.402067 -0.157247
v -0.092089 0.400454 -0.157247
v -0.094253 0.398671 -0.157247
v -0.096349 0.396717 -0.157247
v -0.098327 0.394643 -0.157247
v -0.100132 0.392495 -0.157247
v -0.101765 0.390273 -0.157247
v -0.103227 0.387978 -0.157247
v -0.104516 0.385610 -0.157247
v -0.105634 0.383168 -0.157247
v -0.106579 0.380653 -0.157247
v -0.107353 0.378065 -0.157247
v -0.107955 0.375403 -0.157247
v -0.108385 0.372668 -0.157247
v -0.108643 0.369859 -0.157247
v -0.108729 0.366977 -0.157247
v -0.108729 0.233523 -0.157247
v -0.108643 0.230641 -0.157247
v -0.108385 0.227833 -0.157247
v -0.107955 0.225097 -0.157247
v -0.107353 0.222436 -0.157247
v -0.106579 0.219847 -0.157247
v -0.105634 0.217332 -0.157247
v -0.104516 0.214890 -0.157247
v -0.103227 0.212522 -0.157247
v -0.101765 0.210227 -0.157247
v -0.100132 0.208006 -0.157247
v -0.098327 0.205858 -0.157247
v -0.096349 0.203783 -0.157247
v -0.094253 0.201830 -0.157247
v -0.092089 0.200047 -0.157247
v -0.089858 0.198433 -0.157247
v -0.087560 0.196989 -0.157247
v -0.085195 0.195716 -0.157247
v -0.082762 0.194612 -0.157247
v -0.080263 0.193678 -0.157247
v -0.077697 0.192913 -0.157247
v -0.075063 0.192319 -0.157247
v -0.072363 0.191894 -0.157247
v -0.069595 0.191640 -0.157247
v -0.066760 0.191555 -0.157247
v 0.066694 0.191555 -0.157247
v 0.069576 0.191640 -0.157247
v 0.072384 0.191894 -0.157247
v 0.075120 0.192319 -0.157247
v 0.077781 0.192913 -0.157247
v 0.080370 0.193678 -0.157247
v 0.082885 0.194612 -0.157247
v 0.085327 0.195716 -0.157247
v 0.087695 0.196989 -0.157247
v 0.089990 0.198433 -0.157247
v 0.092211 0.200047 -0.157247
v 0.094359 0.201830 -0.157247
v 0.096434 0.203783 -0.157247
v 0.098387 0.205858 -0.157247
v 0.100171 0.208006 -0.157247
v 0.101784 0.210227 -0.157247
v 0.103228 0.212522 -0.157247
v 0.104501 0.214890 -0.157247
v 0.105605 0.217332 -0.157247
v 0.106539 0.219847 -0.157247
v 0.107304 0.222436 -0.157247
v 0.107898 0.225097 -0.157247
v 0.108323 0.227833 -0.157247
v 0.108577 0.230641 -0.157247
v 0.108662 0.233523 -0.157247
v 0.108662 0.366977 -0.157247
v 0.108577 0.369859 -0.157247
v 0.108323 0.372668 -0.157247
v 0.107898 0.375403 -0.157247
v 0.107304 0.378065 -0.157247
v 0.106539 0.380653 -0.157247
v 0.105605 0.383168 -0.157247
v 0.104501 0.385610 -0.157247
v 0.103228 0.387978 -0.157247
v 0.101784 0.390273 -0.157247
v 0.100171 0.392495 -0.157247
v 0.098387 0.394643 -0.157247
v 0.096434 0.396717 -0.157247
v 0.094359 0.398671 -0.157247
v 0.092211 0.400454 -0.157247
v 0.089990 0.402067 -0.157247
v 0.087695 0.403511 -0.157247
v 0.085327 0.404785 -0.157247
v 0.082885 0.405889 -0.157247
v 0.080370 0.406823 -0.157247
v 0.077782 0.407587 -0.157247
v 0.075120 0.408181 -0.157247
v 0.072385 0.408606 -0.157247
v 0.069576 0.408861 -0.157247
v 0.066694 0.231410 -0.157247
v -0.066760 0.231410 -0.157247
v -0.067049 0.231424 -0.157247
v -0.067313 0.231468 -0.157247
v -0.067553 0.231542 -0.157247
v -0.067766 0.231645 -0.157247
v -0.067955 0.231777 -0.157247
v -0.068119 0.231938 -0.157247
v -0.068257 0.232129 -0.157247
v -0.068370 0.232349 -0.157247
v -0.068458 0.232599 -0.157247
v -0.068521 0.232877 -0.157247
v -0.068559 0.233186 -0.157247
v -0.068572 0.233523 -0.157247
v -0.068572 0.366977 -0.157247
v -0.068559 0.367315 -0.157247
v -0.068521 0.367623 -0.157247
v -0.068458 0.367902 -0.157247
v -0.068370 0.368151 -0.157247
v -0.068257 0.368371 -0.157247
v -0.068119 0.368562 -0.157247
v -0.067955 0.368724 -0.157247
v -0.067766 0.368856 -0.157247
v -0.067553 0.368959 -0.157247
v -0.067314 0.369032 -0.157247
v -0.067050 0.369076 -0.157247
v -0.066760 0.369091 -0.157247
v 0.066694 0.369091 -0.157247
v 0.067032 0.369076 -0.157247
v 0.067340 0.369032 -0.157247
v 0.067619 0.368959 -0.157247
v 0.067868 0.368856 -0.157247
v 0.068088 0.368724 -0.157247
v 0.068279 0.368562 -0.157247
v 0.068441 0.368371 -0.157247
v 0.068573 0.368151 -0.157247
v 0.068675 0.367902 -0.157247
v 0.068749 0.367623 -0.157247
v 0.068793 0.367315 -0.157247
v 0.068807 0.366977 -0.157247
v 0.068807 0.233523 -0.157247
v 0.068793 0.233186 -0.157247
v 0.068749 0.232877 -0.157247
v 0.068675 0.232599 -0.157247
v 0.068573 0.232349 -0.157247
v 0.068441 0.232129 -0.157247
v 0.068279 0.231938 -0.157247
v 0.068088 0.231777 -0.157247
v 0.067868 0.231645 -0.157247
v 0.067619 0.231542 -0.157247
v 0.067340 0.231468 -0.157247
v 0.067032 0.231424 -0.157247
v 0.390177 0.484570 -0.230903
v 0.390177 0.437865 -0.230903
v 0.501103 0.437865 -0.230903
v 0.501103 0.484570 -0.230903
v 0.501143 0.485503 -0.230903
v 0.501265 0.486354 -0.230903
v 0.501467 0.487125 -0.230903
v 0.501751 0.487814 -0.230903
v 0.502116 0.488422 -0.230903
v 0.502562 0.488949 -0.230903
v 0.503089 0.489395 -0.230903
v 0.503697 0.489760 -0.230903
v 0.504387 0.490044 -0.230903
v 0.505157 0.490247 -0.230903
v 0.506008 0.490368 -0.230903
v 0.506941 0.490409 -0.230903
v 0.874747 0.490409 -0.230904
v 0.875680 0.490368 -0.230904
v 0.876531 0.490247 -0.230904
v 0.877301 0.490044 -0.230904
v 0.877991 0.489760 -0.230904
v 0.878599 0.489395 -0.230904
v 0.879126 0.488949 -0.230904
v 0.879572 0.488422 -0.230904
v 0.879937 0.487814 -0.230904
v 0.880221 0.487125 -0.230904
v 0.880423 0.486354 -0.230904
v 0.880545 0.485503 -0.230904
v 0.880585 0.484570 -0.230904
v 0.880585 0.115930 -0.230904
v 0.880545 0.114997 -0.230904
v 0.880423 0.114146 -0.230904
v 0.880221 0.113376 -0.230904
v 0.879937 0.112686 -0.230904
v 0.879572 0.112078 -0.230904
v 0.879126 0.111551 -0.230904
v 0.878599 0.111105 -0.230904
v 0.877991 0.110740 -0.230904
v 0.877301 0.110457 -0.230904
v 0.876531 0.110254 -0.230904
v 0.875680 0.110132 -0.230904
v 0.874747 0.110092 -0.230904
v 0.506941 0.110092 -0.230903
v 0.506008 0.110132 -0.230903
v 0.505157 0.110254 -0.230903
v 0.504387 0.110457 -0.230903
v 0.503697 0.110740 -0.230903
v 0.503089 0.111105 -0.230903
v 0.502562 0.111551 -0.230903
v 0.502116 0.112078 -0.230903
v 0.501751 0.112686 -0.230903
v 0.501467 0.113376 -0.230903
v 0.501265 0.114146 -0.230903
v 0.501143 0.114997 -0.230903
v 0.501103 0.115930 -0.230903
v 0.501103 0.229358 -0.230903
v 0.637049 0.229358 -0.230903
v 0.637049 0.339450 -0.230903
v 0.390177 0.339450 -0.230903
v 0.390177 0.115930 -0.230903
v 0.390414 0.107969 -0.230903
v 0.391127 0.100211 -0.230903
v 0.392314 0.092655 -0.230903
v 0.393976 0.085303 -0.230903
v 0.396113 0.078153 -0.230903
v 0.398726 0.071205 -0.230903
v 0.401813 0.064461 -0.230903
v 0.405375 0.057919 -0.230903
v 0.409411 0.051579 -0.230903
v 0.413923 0.045443 -0.230903
v 0.418910 0.039509 -0.230903
v 0.424372 0.033778 -0.230903
v 0.430170 0.028383 -0.230903
v 0.436164 0.023457 -0.230903
v 0.442356 0.019000 -0.230903
v 0.448744 0.015013 -0.230903
v 0.455329 0.011494 -0.230903
v 0.462112 0.008445 -0.230903
v 0.469091 0.005864 -0.230903
v 0.476267 0.003753 -0.230903
v 0.483640 0.002111 -0.230903
v 0.491210 0.000938 -0.230903
v 0.498977 0.000235 -0.230903
v 0.506941 -0.000000 -0.230903
v 0.874747 -0.000000 -0.230904
v 0.882708 0.000235 -0.230904
v 0.890466 0.000938 -0.230904
v 0.898022 0.002111 -0.230904
v 0.905375 0.003753 -0.230904
v 0.912525 0.005864 -0.230904
v 0.919472 0.008445 -0.230904
v 0.926217 0.011494 -0.230904
v 0.932759 0.015013 -0.230904
v 0.939098 0.019000 -0.230904
v 0.945235 0.023457 -0.230904
v 0.951168 0.028383 -0.230904
v 0.956899 0.033778 -0.230904
v 0.962294 0.039509 -0.230904
v 0.967220 0.045443 -0.230904
v 0.971677 0.051579 -0.230904
v 0.975665 0.057919 -0.230904
v 0.979183 0.064461 -0.230904
v 0.982233 0.071205 -0.230904
v 0.984813 0.078152 -0.230904
v 0.986924 0.085303 -0.230904
v 0.988566 0.092655 -0.230904
v 0.989739 0.100211 -0.230904
v 0.990443 0.107969 -0.230904
v 0.990677 0.115930 -0.230904
v 0.990677 0.484570 -0.230904
v 0.990443 0.492531 -0.230904
v 0.989739 0.500290 -0.230904
v 0.988566 0.507845 -0.230904
v 0.986924 0.515198 -0.230904
v 0.984813 0.522348 -0.230904
v 0.982233 0.529295 -0.230904
v 0.979183 0.536040 -0.230904
v 0.975665 0.542582 -0.230904
v 0.971677 0.548921 -0.230904
v 0.967220 0.555057 -0.230904
v 0.962294 0.560991 -0.230904
v 0.956899 0.566722 -0.230904
v 0.951168 0.572117 -0.230904
v 0.945234 0.577043 -0.230904
v 0.939098 0.581500 -0.230904
v 0.932759 0.585488 -0.230904
v 0.926217 0.589006 -0.230904
v 0.919472 0.592056 -0.230904
v 0.912525 0.594636 -0.230904
v 0.905375 0.596747 -0.230904
v 0.898022 0.598389 -0.230904
v 0.890466 0.599562 -0.230904
v 0.882708 0.600266 -0.230904
v 0.874747 0.600500 -0.230904
v 0.506941 0.600500 -0.230903
v 0.498977 0.600266 -0.230903
v 0.491210 0.599562 -0.230903
v 0.483640 0.598389 -0.230903
v 0.476267 0.596747 -0.230903
v 0.469091 0.594636 -0.230903
v 0.462111 0.592056 -0.230903
v 0.455329 0.589006 -0.230903
v 0.448744 0.585488 -0.230903
v 0.442355 0.581500 -0.230903
v 0.436164 0.577043 -0.230903
v 0.430169 0.572117 -0.230903
v 0.424372 0.566722 -0.230903
v 0.418910 0.560991 -0.230903
v 0.413924 0.555057 -0.230903
v 0.409412 0.548921 -0.230903
v 0.405375 0.542582 -0.230903
v 0.401813 0.536040 -0.230903
v 0.398726 0.529295 -0.230903
v 0.396114 0.522348 -0.230903
v 0.393976 0.515198 -0.230903
v 0.392314 0.507845 -0.230903
v 0.391127 0.500290 -0.230903
v 0.390414 0.492531 -0.230903
v 1.161653 0.600500 -0.230904
v 1.029877 0.600500 -0.230904
v 1.307608 0.224354 -0.230904
v 1.307608 -0.000000 -0.230904
v 1.417700 -0.000000 -0.230904
v 1.417700 0.224354 -0.230904
v 1.695431 0.600500 -0.230904
v 1.564489 0.600500 -0.230904
v 1.362654 0.345288 -0.230904
v 2.311778 -0.000000 -0.230904
v 2.311778 0.601334 -0.230904
v 2.201686 0.601334 -0.230904
v 2.201686 0.110092 -0.230904
v 1.711278 0.110092 -0.230904
v 1.711278 -0.000000 -0.230904
v 2.888926 0.600500 -0.230904
v 2.520285 0.600500 -0.230904
v 2.512455 0.600266 -0.230904
v 2.504809 0.599562 -0.230904
v 2.497350 0.598389 -0.230904
v 2.490075 0.596747 -0.230904
v 2.482985 0.594636 -0.230904
v 2.476082 0.592056 -0.230904
v 2.469363 0.589006 -0.230904
v 2.462830 0.585488 -0.230904
v 2.456482 0.581500 -0.230904
v 2.450320 0.577043 -0.230904
v 2.444342 0.572117 -0.230904
v 2.438550 0.566722 -0.230904
v 2.433089 0.560991 -0.230904
v 2.428102 0.555057 -0.230904
v 2.423590 0.548921 -0.230904
v 2.419553 0.542582 -0.230904
v 2.415991 0.536040 -0.230904
v 2.412904 0.529295 -0.230904
v 2.410292 0.522348 -0.230904
v 2.408155 0.515198 -0.230904
v 2.406493 0.507845 -0.230904
v 2.405305 0.500290 -0.230904
v 2.404593 0.492531 -0.230904
v 2.404355 0.484570 -0.230904
v 2.404355 0.115930 -0.230904
v 2.404593 0.107969 -0.230904
v 2.405305 0.100211 -0.230904
v 2.406492 0.092655 -0.230904
v 2.408154 0.085303 -0.230904
v 2.410292 0.078153 -0.230904
v 2.412904 0.071205 -0.230904
v 2.415991 0.064461 -0.230904
v 2.419553 0.057919 -0.230904
v 2.423590 0.051579 -0.230904
v 2.428102 0.045443 -0.230904
v 2.433088 0.039509 -0.230904
v 2.438550 0.033778 -0.230904
v 2.444342 0.028383 -0.230904
v 2.450320 0.023457 -0.230904
v 2.456482 0.019000 -0.230904
v 2.462830 0.015013 -0.230904
v 2.469363 0.011494 -0.230904
v 2.476082 0.008445 -0.230904
v 2.482985 0.005864 -0.230904
v 2.490075 0.003753 -0.230904
v 2.497350 0.002111 -0.230904
v 2.504809 0.000938 -0.230904
v 2.512455 0.000235 -0.230904
v 2.520285 -0.000000 -0.230904
v 2.888926 -0.000000 -0.230904
v 2.896887 0.000235 -0.230904
v 2.904645 0.000938 -0.230904
v 2.912200 0.002111 -0.230904
v 2.919553 0.003753 -0.230904
v 2.926703 0.005864 -0.230904
v 2.933650 0.008445 -0.230904
v 2.940395 0.011494 -0.230904
v 2.946937 0.015013 -0.230904
v 2.953276 0.019000 -0.230904
v 2.959413 0.023457 -0.230904
v 2.965347 0.028383 -0.230904
v 2.971077 0.033778 -0.230904
v 2.976473 0.039509 -0.230904
v 2.981399 0.045443 -0.230904
v 2.985856 0.051579 -0.230904
v 2.989843 0.057919 -0.230904
v 2.993362 0.064461 -0.230904
v 2.996411 0.071205 -0.230904
v 2.998991 0.078152 -0.230904
v 3.001103 0.085303 -0.230904
v 3.002745 0.092655 -0.230904
v 3.003917 0.100211 -0.230904
v 3.004621 0.107969 -0.230904
v 3.004856 0.115930 -0.230904
v 3.004856 0.484570 -0.230904
v 3.004621 0.492531 -0.230904
v 3.003917 0.500290 -0.230904
v 3.002745 0.507845 -0.230904
v 3.001103 0.515198 -0.230904
v 2.998991 0.522348 -0.230904
v 2.996411 0.529295 -0.230904
v 2.993362 0.536040 -0.230904
v 2.989843 0.542582 -0.230904
v 2.985856 0.548921 -0.230904
v 2.981399 0.555057 -0.230904
v 2.976473 0.560991 -0.230904
v 2.971077 0.566722 -0.230904
v 2.965347 0.572117 -0.230904
v 2.959413 0.577043 -0.230904
v 2.953276 0.581500 -0.230904
v 2.946937 0.585488 -0.230904
v 2.940395 0.589006 -0.230904
v 2.933650 0.592056 -0.230904
v 2.926703 0.594636 -0.230904
v 2.919553 0.596747 -0.230904
v 2.912200 0.598389 -0.230904
v 2.904645 0.599562 -0.230904
v 2.896887 0.600266 -0.230904
v 2.888926 0.110092 -0.230904
v 2.520285 0.110092 -0.230904
v 2.519486 0.110132 -0.230904
v 2.518756 0.110254 -0.230904
v 2.518096 0.110457 -0.230904
v 2.517505 0.110740 -0.230904
v 2.516984 0.111105 -0.230904
v 2.516532 0.111551 -0.230904
v 2.516150 0.112078 -0.230904
v 2.515837 0.112686 -0.230904
v 2.515594 0.113376 -0.230904
v 2.515420 0.114146 -0.230904
v 2.515316 0.114997 -0.230904
v 2.515281 0.115930 -0.230904
v 2.515281 0.484570 -0.230904
v 2.515316 0.485503 -0.230904
v 2.515420 0.486354 -0.230904
v 2.515594 0.487125 -0.230904
v 2.515837 0.487814 -0.230904
v 2.516150 0.488422 -0.230904
v 2.516532 0.488949 -0.230904
v 2.516984 0.489395 -0.230904
v 2.517506 0.489760 -0.230904
v 2.518096 0.490044 -0.230904
v 2.518757 0.490247 -0.230904
v 2.519486 0.490368 -0.230904
v 2.520285 0.490409 -0.230904
v 2.888926 0.490409 -0.230904
v 2.889858 0.490368 -0.230904
v 2.890710 0.490247 -0.230904
v 2.891480 0.490044 -0.230904
v 2.892169 0.489760 -0.230904
v 2.892777 0.489395 -0.230904
v 2.893304 0.488949 -0.230904
v 2.893750 0.488422 -0.230904
v 2.894115 0.487814 -0.230904
v 2.894399 0.487125 -0.230904
v 2.894602 0.486354 -0.230904
v 2.894723 0.485503 -0.230904
v 2.894764 0.484570 -0.230904
v 2.894764 0.115930 -0.230904
v 2.894723 0.114997 -0.230904
v 2.894602 0.114146 -0.230904
v 2.894399 0.113376 -0.230904
v 2.894115 0.112686 -0.230904
v 2.893750 0.112078 -0.230904
v 2.893304 0.111551 -0.230904
v 2.892777 0.111105 -0.230904
v 2.892169 0.110740 -0.230904
v 2.891480 0.110457 -0.230904
v 2.890710 0.110254 -0.230904
v 2.889858 0.110132 -0.230904
v 3.662904 0.599666 -0.230904
v 3.179168 0.599666 -0.230904
v 3.171204 0.599429 -0.230904
v 3.163437 0.598716 -0.230904
v 3.155867 0.597529 -0.230904
v 3.148494 0.595867 -0.230904
v 3.141318 0.593730 -0.230904
v 3.134339 0.591118 -0.230904
v 3.127556 0.588031 -0.230904
v 3.120971 0.584469 -0.230904
v 3.114583 0.580432 -0.230904
v 3.108391 0.575920 -0.230904
v 3.102396 0.570933 -0.230904
v 3.096599 0.565471 -0.230904
v 3.091137 0.559679 -0.230904
v 3.086150 0.553702 -0.230904
v 3.081639 0.547540 -0.230904
v 3.077602 0.541192 -0.230904
v 3.074040 0.534659 -0.230904
v 3.070953 0.527940 -0.230904
v 3.068341 0.521036 -0.230904
v 3.066203 0.513947 -0.230904
v 3.064541 0.506672 -0.230904
v 3.063354 0.499212 -0.230904
v 3.062641 0.491567 -0.230904
v 3.062404 0.483736 -0.230904
v 3.062404 0.321935 -0.230904
v 3.062641 0.314104 -0.230904
v 3.063354 0.306459 -0.230904
v 3.064541 0.298999 -0.230904
v 3.066203 0.291725 -0.230904
v 3.068340 0.284635 -0.230904
v 3.070952 0.277731 -0.230904
v 3.074039 0.271013 -0.230904
v 3.077601 0.264480 -0.230904
v 3.081638 0.258132 -0.230904
v 3.086150 0.251969 -0.230904
v 3.091137 0.245992 -0.230904
v 3.096599 0.240200 -0.230904
v 3.102396 0.234738 -0.230904
v 3.108391 0.229752 -0.230904
v 3.114583 0.225240 -0.230904
v 3.120971 0.221203 -0.230904
v 3.127556 0.217641 -0.230904
v 3.134339 0.214554 -0.230904
v 3.141318 0.211942 -0.230904
v 3.148494 0.209804 -0.230904
v 3.155867 0.208142 -0.230904
v 3.163437 0.206955 -0.230904
v 3.171204 0.206242 -0.230904
v 3.179168 0.206005 -0.230904
v 3.550310 0.205171 -0.230904
v 3.552812 0.206005 -0.230904
v 3.552812 -0.000000 -0.230904
v 3.662904 -0.000000 -0.230904
v 3.173329 0.321935 -0.230904
v 3.173329 0.483736 -0.230904
v 3.173370 0.484669 -0.230904
v 3.173492 0.485520 -0.230904
v 3.173694 0.486291 -0.230904
v 3.173978 0.486980 -0.230904
v 3.174343 0.487588 -0.230904
v 3.174789 0.488115 -0.230904
v 3.175316 0.488561 -0.230904
v 3.175924 0.488926 -0.230904
v 3.176613 0.489210 -0.230904
v 3.177384 0.489412 -0.230904
v 3.178235 0.489534 -0.230904
v 3.179168 0.489575 -0.230904
v 3.546974 0.489575 -0.230904
v 3.547907 0.489534 -0.230904
v 3.548758 0.489412 -0.230904
v 3.549528 0.489210 -0.230904
v 3.550218 0.488926 -0.230904
v 3.550826 0.488561 -0.230904
v 3.551353 0.488115 -0.230904
v 3.551799 0.487588 -0.230904
v 3.552164 0.486980 -0.230904
v 3.552448 0.486291 -0.230904
v 3.552650 0.485520 -0.230904
v 3.552772 0.484669 -0.230904
v 3.552812 0.483736 -0.230904
v 3.552812 0.321935 -0.230904
v 3.552772 0.321002 -0.230904
v 3.552650 0.320151 -0.230904
v 3.552448 0.319381 -0.230904
v 3.552164 0.318691 -0.230904
v 3.551799 0.318083 -0.230904
v 3.551353 0.317556 -0.230904
v 3.550826 0.317110 -0.230904
v 3.550218 0.316745 -0.230904
v 3.549528 0.316462 -0.230904
v 3.548758 0.316259 -0.230904
v 3.547907 0.316137 -0.230904
v 3.546974 0.316097 -0.230904
v 3.179168 0.316097 -0.230904
v 3.178235 0.316137 -0.230904
v 3.177384 0.316259 -0.230904
v 3.176613 0.316462 -0.230904
v 3.175924 0.316745 -0.230904
v 3.175316 0.317110 -0.230904
v 3.174789 0.317556 -0.230904
v 3.174343 0.318083 -0.230904
v 3.173978 0.318691 -0.230904
v 3.173694 0.319381 -0.230904
v 3.173491 0.320151 -0.230904
v 3.173370 0.321002 -0.230904
vn -0.0000 -0.0000 1.0000
vn -0.0000 -0.0000 -1.0000
vn 0.3482 0.9374 -0.0000
vn -0.4713 0.8820 -0.0000
vn -0.8576 -0.5143 -0.0000
vn 0.2545 -0.9671 -0.0000
vn -0.9957 -0.0928 -0.0000
vn 0.4737 0.8807 -0.0000
vn 0.8576 -0.5143 -0.0000
vn -0.9876 -0.1572 -0.0000
vn -0.4133 0.9106 -0.0000
vn -0.3810 -0.9246 -0.0000
vn 0.4120 0.9112 -0.0000
vn -0.5295 0.8483 -0.0000
vn -0.9247 -0.3806 -0.0000
vn 0.3810 -0.9246 -0.0000
vn -0.9749 -0.2228 -0.0000
vn 0.5325 0.8464 -0.0000
vn 0.9247 -0.3806 -0.0000
vn -0.9574 -0.2886 -0.0000
vn -0.4742 0.8804 -0.0000
vn -0.5145 -0.8575 -0.0000
vn -0.5842 0.8116 -0.0000
vn -0.9671 -0.2544 -0.0000
vn 0.5145 -0.8575 -0.0000
vn -0.9353 -0.3539 -0.0000
vn 0.5877 0.8091 -0.0000
vn 0.9670 -0.2547 -0.0000
vn -0.9087 -0.4175 -0.0000
vn -0.5320 0.8468 -0.0000
vn -0.6463 -0.7631 -0.0000
vn 0.5325 0.8465 -0.0000
vn -0.6349 0.7726 -0.0000
vn -0.9899 -0.1417 -0.0000
vn 0.6459 -0.7634 -0.0000
vn -0.8780 -0.4787 -0.0000
vn 0.6387 0.7694 -0.0000
vn 0.9900 -0.1414 -0.0000
vn -0.8438 -0.5366 -0.0000
vn -0.5860 0.8103 -0.0000
vn -0.7633 -0.6460 -0.0000
vn 0.5876 0.8091 -0.0000
vn -0.6811 0.7322 -0.0000
vn -0.9991 -0.0434 -0.0000
vn 0.7637 -0.6456 -0.0000
vn -0.8069 -0.5907 -0.0000
vn 0.6854 0.7281 -0.0000
vn 0.9991 -0.0434 -0.0000
vn -0.7679 -0.6406 -0.0000
vn -0.6360 0.7717 -0.0000
vn 0.7281 0.6854 -0.0000
vn 1.0000 -0.0000 -0.0000
vn -0.8574 -0.5146 -0.0000
vn 0.6388 0.7694 -0.0000
vn 0.8574 -0.5146 -0.0000
vn -0.7275 -0.6861 -0.0000
vn -0.7239 0.6899 -0.0000
vn -1.0000 -0.0000 -0.0000
vn -0.6857 -0.7279 -0.0000
vn -0.6815 0.7318 -0.0000
vn -0.9249 -0.3803 -0.0000
vn 0.6855 0.7281 -0.0000
vn -0.7655 0.6434 -0.0000
vn 0.9249 -0.3803 -0.0000
vn -0.6395 -0.7688 -0.0000
vn 0.7694 0.6388 -0.0000
vn -0.0000 -1.0000 -0.0000
vn 0.7281 0.6855 -0.0000
vn -0.5889 -0.8082 -0.0000
vn -0.9670 -0.2547 -0.0000
vn -0.8057 0.5924 -0.0000
vn -0.5342 -0.8454 -0.0000
vn -0.7240 0.6898 -0.0000
vn 0.8091 0.5877 -0.0000
vn -0.0000 1.0000 -0.0000
vn -0.4758 -0.8796 -0.0000
vn -0.9900 -0.1411 -0.0000
vn -0.8435 0.5371 -0.0000
vn 0.9900 -0.1411 -0.0000
vn -0.4143 -0.9102 -0.0000
vn 0.8465 0.5325 -0.0000
vn -0.3505 -0.9366 -0.0000
vn -0.8057 0.5923 -0.0000
vn -0.9990 -0.0442 -0.0000
vn 0.8091 0.5876 -0.0000
vn -0.8782 0.4782 -0.0000
vn 0.9996 -0.0294 -0.0000
vn 0.9990 -0.0437 -0.0000
vn -0.2854 -0.9584 -0.0000
vn 0.8807 0.4737 -0.0000
vn -0.2199 -0.9755 -0.0000
vn -0.9991 0.0434 -0.0000
vn -0.9093 0.4162 -0.0000
vn 0.9991 0.0434 -0.0000
vn -0.1550 -0.9879 -0.0000
vn 0.9112 0.4120 -0.0000
vn -0.0913 -0.9958 -0.0000
vn -0.9996 -0.0298 -0.0000
vn -0.9360 0.3520 -0.0000
vn -0.0298 -0.9996 -0.0000
vn 0.9374 0.3482 -0.0000
vn -0.9899 0.1417 -0.0000
vn 0.9900 0.1414 -0.0000
vn 0.3162 -0.9487 -0.0000
vn 0.9112 0.4119 -0.0000
vn -0.9581 0.2863 -0.0000
vn -0.0022 -1.0000 -0.0000
vn 0.9591 0.2831 -0.0000
vn -0.9671 0.2544 -0.0000
vn 0.9670 0.2547 -0.0000
vn -0.9360 0.3519 -0.0000
vn 0.9374 0.3483 -0.0000
vn -0.9754 0.2205 -0.0000
vn 0.9760 0.2179 -0.0000
vn -0.9247 0.3806 -0.0000
vn 0.9247 0.3806 -0.0000
vn -0.9581 0.2864 -0.0000
vn -0.9879 0.1553 -0.0000
vn 0.9882 0.1535 -0.0000
vn -0.8576 0.5143 -0.0000
vn 0.0295 0.9996 -0.0000
vn 0.8576 0.5143 -0.0000
vn 0.9759 0.2180 -0.0000
vn -0.9958 0.0914 -0.0000
vn 0.9959 0.0903 -0.0000
vn -0.7633 0.6460 -0.0000
vn -0.0294 0.9996 -0.0000
vn 0.7633 0.6460 -0.0000
vn -0.9879 0.1552 -0.0000
vn -0.0902 0.9959 -0.0000
vn 0.9882 0.1533 -0.0000
vn 0.0903 0.9959 -0.0000
vn 0.0434 -0.9991 -0.0000
vn -0.6459 0.7634 -0.0000
vn 0.6459 0.7634 -0.0000
vn -0.9958 0.0915 -0.0000
vn -0.1531 0.9882 -0.0000
vn 0.9959 0.0904 -0.0000
vn -0.9996 0.0298 -0.0000
vn 0.1534 0.9882 -0.0000
vn 0.9996 0.0294 -0.0000
vn -0.5145 0.8575 -0.0000
vn 0.5145 0.8575 -0.0000
vn -0.2174 0.9761 -0.0000
vn -0.0434 -0.9991 -0.0000
vn 0.2179 0.9760 -0.0000
vn -0.3808 0.9247 -0.0000
vn 0.3808 0.9247 -0.0000
vn -0.2822 0.9593 -0.0000
vn -0.1414 -0.9899 -0.0000
vn 0.2832 0.9591 -0.0000
vn 0.1414 -0.9899 -0.0000
vn -0.2544 0.9671 -0.0000
vn 0.2544 0.9671 -0.0000
vn -0.3468 0.9380 -0.0000
vn 0.0506 -0.9987 -0.0000
vn -0.2547 -0.9670 -0.0000
vn 0.2547 -0.9670 -0.0000
vn -0.1414 0.9899 -0.0000
vn 0.1414 0.9899 -0.0000
vn -0.1416 -0.9899 -0.0000
vn -0.4101 0.9120 -0.0000
vn 0.1645 -0.9864 -0.0000
vn -0.3808 -0.9247 -0.0000
vn 0.3808 -0.9247 -0.0000
vn -0.0434 0.9991 -0.0000
vn 0.0434 0.9991 -0.0000
vn -0.2545 -0.9671 -0.0000
vn 0.2936 -0.9559 -0.0000
vn 0.5148 -0.8573 -0.0000
vn -0.3807 -0.9247 -0.0000
vn 0.4330 -0.9014 -0.0000
vn -0.9958 -0.0914 -0.0000
vn 0.9959 -0.0903 -0.0000
vn -0.5142 -0.8577 -0.0000
vn 0.5729 -0.8196 -0.0000
vn -0.9879 -0.1553 -0.0000
vn 0.7633 -0.6460 -0.0000
vn 0.9882 -0.1534 -0.0000
vn -0.6460 -0.7633 -0.0000
vn 0.7023 -0.7119 -0.0000
vn -0.8577 -0.5141 -0.0000
vn -0.9754 -0.2205 -0.0000
vn 0.8577 -0.5141 -0.0000
vn 0.9760 -0.2179 -0.0000
vn 0.8096 -0.5869 -0.0000
vn -0.9246 -0.3809 -0.0000
vn -0.9581 -0.2864 -0.0000
vn 0.9246 -0.3809 -0.0000
vn 0.9591 -0.2832 -0.0000
vn -0.8578 -0.5140 -0.0000
vn 0.8896 -0.4567 -0.0000
vn -0.9672 -0.2541 -0.0000
vn -0.9360 -0.3519 -0.0000
vn 0.9672 -0.2541 -0.0000
vn 0.9374 -0.3482 -0.0000
vn -0.9248 -0.3806 -0.0000
vn -0.7656 0.6434 -0.0000
vn 0.9430 -0.3328 -0.0000
vn -0.9671 0.2545 -0.0000
vn -0.9093 -0.4162 -0.0000
vn 0.9899 -0.1417 -0.0000
vn 0.9755 0.2202 -0.0000
vn 0.9112 -0.4120 -0.0000
vn -0.8056 0.5924 -0.0000
vn 0.9753 -0.2207 -0.0000
vn -0.9990 -0.0448 -0.0000
vn -0.9247 0.3807 -0.0000
vn -0.8783 -0.4782 -0.0000
vn 0.9991 -0.0431 -0.0000
vn 0.9430 0.3329 -0.0000
vn 0.8807 -0.4737 -0.0000
vn -0.9899 -0.1420 -0.0000
vn 0.9927 -0.1206 -0.0000
vn -0.8575 0.5145 -0.0000
vn -0.8435 -0.5372 -0.0000
vn 0.8892 0.4575 -0.0000
vn 0.8464 -0.5325 -0.0000
vn -0.9991 -0.0422 -0.0000
vn -0.8783 0.4782 -0.0000
vn 0.9993 -0.0380 -0.0000
vn -0.7634 0.6459 -0.0000
vn -0.8057 -0.5924 -0.0000
vn 0.8095 0.5871 -0.0000
vn 0.8091 -0.5876 -0.0000
vn -0.7656 -0.6434 -0.0000
vn 0.7025 0.7116 -0.0000
vn 0.7694 -0.6387 -0.0000
vn -0.7239 -0.6899 -0.0000
vn 0.5734 0.8193 -0.0000
vn 0.7281 -0.6854 -0.0000
vn 0.6855 -0.7281 -0.0000
vn 0.9591 0.2832 -0.0000
vn -0.9991 0.0422 -0.0000
vn 0.4330 0.9014 -0.0000
vn 0.9993 0.0380 -0.0000
vn -0.6812 -0.7321 -0.0000
vn -0.9991 0.0431 -0.0000
vn 0.6387 -0.7694 -0.0000
vn 0.9990 0.0448 -0.0000
vn -0.2545 0.9671 -0.0000
vn 0.2935 0.9559 -0.0000
vn -0.6349 -0.7726 -0.0000
vn -0.9899 0.1420 -0.0000
vn 0.5877 -0.8091 -0.0000
vn 0.9927 0.1206 -0.0000
vn 0.9882 0.1534 -0.0000
vn 0.1644 0.9864 -0.0000
vn 0.9900 0.1411 -0.0000
vn -0.5842 -0.8116 -0.0000
vn -0.9670 0.2547 -0.0000
vn 0.9753 0.2207 -0.0000
vn -0.5295 -0.8483 -0.0000
vn -0.9672 0.2541 -0.0000
vn 0.0507 0.9987 -0.0000
vn 0.5325 -0.8465 -0.0000
vn -0.9248 0.3805 -0.0000
vn 0.9430 0.3328 -0.0000
vn -0.4713 -0.8820 -0.0000
vn -0.9246 0.3809 -0.0000
vn 0.4737 -0.8807 -0.0000
vn 0.9246 0.3809 -0.0000
vn -0.8578 0.5140 -0.0000
vn 0.8896 0.4567 -0.0000
vn -0.4101 -0.9121 -0.0000
vn -0.8577 0.5141 -0.0000
vn 0.4120 -0.9112 -0.0000
vn 0.8577 0.5141 -0.0000
vn -0.7633 0.6461 -0.0000
vn -0.9879 -0.1552 -0.0000
vn -0.0435 -0.9991 -0.0000
vn 0.8089 0.5880 -0.0000
vn -0.3468 -0.9380 -0.0000
vn 0.3482 -0.9374 -0.0000
vn -0.6460 0.7633 -0.0000
vn 0.7023 0.7119 -0.0000
vn -0.2822 -0.9593 -0.0000
vn 0.1415 -0.9899 -0.0000
vn 0.2832 -0.9591 -0.0000
vn 0.6463 0.7631 -0.0000
vn -0.5143 0.8576 -0.0000
vn 0.5737 0.8190 -0.0000
vn -0.2174 -0.9761 -0.0000
vn -0.5148 0.8573 -0.0000
vn 0.2179 -0.9760 -0.0000
vn -0.3806 0.9247 -0.0000
vn 0.4329 0.9014 -0.0000
vn -0.1531 -0.9882 -0.0000
vn 0.1534 -0.9882 -0.0000
vn -0.2546 0.9671 -0.0000
vn 0.2937 0.9559 -0.0000
vn -0.0902 -0.9959 -0.0000
vn 0.0903 -0.9959 -0.0000
vn 0.2547 0.9670 -0.0000
vn -0.1415 0.9899 -0.0000
vn -0.0294 -0.9996 -0.0000
vn 0.0295 -0.9996 -0.0000
vn -0.8435 -0.5371 -0.0000
vn 0.8045 -0.5940 -0.0000
vn 0.8465 -0.5325 -0.0000
vn -0.7844 0.6203 -0.0000
vn 0.7856 0.6187 -0.0000
vn -0.9958 -0.0915 -0.0000
vn 0.9959 -0.0904 -0.0000
vn -0.8045 -0.5940 -0.0000
vn 0.9882 -0.1533 -0.0000
vn 0.6854 -0.7281 -0.0000
vn 0.9759 -0.2180 -0.0000
vn -0.6816 -0.7317 -0.0000
vn 0.9591 -0.2831 -0.0000
vn -0.9581 -0.2863 -0.0000
vn -0.6360 -0.7717 -0.0000
vn 0.9374 -0.3483 -0.0000
vn -0.9360 -0.3520 -0.0000
vn 0.9375 -0.3481 -0.0000
vn -0.5860 -0.8103 -0.0000
vn 0.9112 -0.4119 -0.0000
vn -0.5319 -0.8468 -0.0000
vn -0.0299 0.9996 -0.0000
vn -0.0917 0.9958 -0.0000
vn -0.8782 -0.4782 -0.0000
vn -0.4742 -0.8804 -0.0000
vn -0.1553 0.9879 -0.0000
vn -0.4133 -0.9106 -0.0000
vn -0.2202 0.9755 -0.0000
vn -0.8057 -0.5923 -0.0000
vn -0.3501 -0.9367 -0.0000
vn 0.8091 -0.5877 -0.0000
vn -0.2854 0.9584 -0.0000
vn -0.7655 -0.6434 -0.0000
vn 0.7694 -0.6388 -0.0000
vn -0.3501 0.9367 -0.0000
vn -0.7240 -0.6898 -0.0000
vn 0.7281 -0.6855 -0.0000
vn -0.2202 -0.9755 -0.0000
vn 0.9899 0.1417 -0.0000
vn -0.1553 -0.9879 -0.0000
vn -0.6815 -0.7318 -0.0000
vn 0.6388 -0.7694 -0.0000
vn 0.9672 0.2541 -0.0000
vn -0.6813 -0.7320 -0.0000
vn -0.0917 -0.9958 -0.0000
vn -0.5319 0.8468 -0.0000
vn -0.0299 -0.9996 -0.0000
vn -0.5320 -0.8468 -0.0000
vn 0.5325 -0.8464 -0.0000
vn -0.9671 -0.2545 -0.0000
vn -0.9247 -0.3807 -0.0000
vn -0.6463 0.7631 -0.0000
vn -0.8575 -0.5145 -0.0000
vn -0.6816 0.7317 -0.0000
vn -0.7634 -0.6459 -0.0000
vn -0.6459 -0.7634 -0.0000
vn -0.3468 -0.9379 -0.0000
vn 0.7694 0.6387 -0.0000
vn -0.2547 0.9670 -0.0000
vn -0.0298 0.9996 -0.0000
vn 0.2180 -0.9760 -0.0000
vn -0.0913 0.9958 -0.0000
vn -0.1550 0.9879 -0.0000
vn 0.8464 0.5325 -0.0000
vn -0.2199 0.9755 -0.0000
vn -0.3505 0.9366 -0.0000
vn -0.4143 0.9102 -0.0000
vn -0.4758 0.8796 -0.0000
vn -0.5342 0.8454 -0.0000
vn 0.9882 -0.1535 -0.0000
vn -0.5889 0.8082 -0.0000
vn -0.6395 0.7688 -0.0000
vn -0.7661 0.6427 -0.0000
vn -0.6857 0.7279 -0.0000
vn -0.7275 0.6861 -0.0000
vn -0.1414 -0.9900 -0.0000
vn -0.7679 0.6406 -0.0000
vn 0.7654 -0.6436 -0.0000
vn -0.8069 0.5907 -0.0000
vn -0.8438 0.5366 -0.0000
vn -0.8780 0.4787 -0.0000
vn -0.9087 0.4175 -0.0000
vn -0.9353 0.3539 -0.0000
vn -0.4101 0.9121 -0.0000
vn -0.9574 0.2886 -0.0000
vn 0.0507 -0.9987 -0.0000
vn -0.8056 -0.5924 -0.0000
vn -0.9749 0.2228 -0.0000
vn -0.9876 0.1572 -0.0000
vn 0.1644 -0.9864 -0.0000
vn -0.9957 0.0928 -0.0000
vn 0.2935 -0.9560 -0.0000
vn -0.3468 0.9379 -0.0000
vn -0.9995 0.0303 -0.0000
vn 0.1414 -0.9900 -0.0000
vn 0.5734 -0.8192 -0.0000
vn -0.6813 0.7320 -0.0000
vn 0.7024 -0.7117 -0.0000
vn 0.7634 -0.6459 -0.0000
vn 0.8095 -0.5872 -0.0000
vn 0.8575 -0.5145 -0.0000
vn 0.9247 -0.3807 -0.0000
vn 0.8893 -0.4573 -0.0000
vn 0.9671 -0.2545 -0.0000
vn -0.9900 -0.1414 -0.0000
vn 0.9430 -0.3329 -0.0000
vn 0.9899 -0.1414 -0.0000
vn -0.9991 -0.0435 -0.0000
vn 0.9755 -0.2202 -0.0000
vn -0.9899 -0.1414 -0.0000
vn 0.9926 -0.1216 -0.0000
vn 0.9993 -0.0373 -0.0000
vn -0.9991 0.0435 -0.0000
vn -0.9995 -0.0303 -0.0000
vn -0.8435 0.5372 -0.0000
vn -0.9900 0.1414 -0.0000
vn 0.9899 0.1414 -0.0000
vn 0.9996 -0.0295 -0.0000
vn 0.9671 0.2545 -0.0000
vn 0.9993 0.0368 -0.0000
vn 0.9247 0.3807 -0.0000
vn -0.9899 0.1414 -0.0000
vn 0.9926 0.1216 -0.0000
vn 0.8575 0.5145 -0.0000
vn -0.9996 0.0299 -0.0000
vn 0.7634 0.6459 -0.0000
vn 0.9760 0.2180 -0.0000
vn -0.2544 -0.9671 -0.0000
vn 0.2544 -0.9671 -0.0000
vn 0.2545 0.9671 -0.0000
vn -0.1414 0.9900 -0.0000
vn 0.9996 0.0295 -0.0000
vn 0.1414 0.9900 -0.0000
vn 0.2180 0.9760 -0.0000
vn -0.1413 -0.9900 -0.0000
vn -0.2543 -0.9671 -0.0000
vt 0.840764 0.000000
vt 0.847134 0.000000
vt 0.853503 0.000000
vt 0.859873 0.000000
vt 0.866242 0.000000
vt 0.834395 0.000000
vt 0.872611 0.000000
vt 0.828025 0.000000
vt 0.878981 0.000000
vt 0.821656 0.000000
vt 0.885350 0.000000
vt 0.815287 0.000000
vt 0.891720 0.000000
vt 0.808917 0.000000
vt 0.898089 0.000000
vt 0.802548 0.000000
vt 0.904459 0.000000
vt 0.796178 0.000000
vt 0.910828 0.000000
vt 0.789809 0.000000
vt 0.917197 0.000000
vt 0.783440 0.000000
vt 0.923567 0.000000
vt 0.777070 0.000000
vt 0.929936 0.000000
vt 0.770701 0.000000
vt 0.764331 0.000000
vt 0.936306 0.000000
vt 0.942675 0.000000
vt 0.757962 0.000000
vt 0.949045 0.000000
vt 0.751592 0.000000
vt 0.955414 0.000000
vt 0.745223 0.000000
vt 0.961783 0.000000
vt 0.738854 0.000000
vt 0.968153 0.000000
vt 0.732484 0.000000
vt 0.974522 0.000000
vt 0.726115 0.000000
vt 0.980892 0.000000
vt 0.719745 0.000000
vt 0.987261 0.000000
vt 0.713376 0.000000
vt 0.993631 0.000000
vt 0.707006 0.000000
vt 1.000000 0.000000
vt 0.700637 0.000000
vt 0.095541 0.000000
vt 0.089172 0.000000
vt 0.000000 0.000000
vt 0.694268 0.000000
vt 0.108280 0.000000
vt 0.101911 0.000000
vt 0.114650 0.000000
vt 0.082803 0.000000
vt 0.121019 0.000000
vt 0.076433 0.000000
vt 0.127389 0.000000
vt 0.070064 0.000000
vt 0.133758 0.000000
vt 0.063694 0.000000
vt 0.140127 0.000000
vt 0.057325 0.000000
vt 0.146497 0.000000
vt 0.050955 0.000000
vt 0.152866 0.000000
vt 0.044586 0.000000
vt 0.159236 0.000000
vt 0.038217 0.000000
vt 0.165605 0.000000
vt 0.031847 0.000000
vt 0.171975 0.000000
vt 0.025478 0.000000
vt 0.178344 0.000000
vt 0.019108 0.000000
vt 0.687898 0.000000
vt 0.184713 0.000000
vt 0.012739 0.000000
vt 0.006369 0.000000
vt 0.356688 0.000000
vt 0.363057 0.000000
vt 0.369427 0.000000
vt 0.350318 0.000000
vt 0.375796 0.000000
vt 0.343949 0.000000
vt 0.681529 0.000000
vt 0.191083 0.000000
vt 0.337580 0.000000
vt 0.382166 0.000000
vt 0.197452 0.000000
vt 0.331210 0.000000
vt 0.203822 0.000000
vt 0.324841 0.000000
vt 0.210191 0.000000
vt 0.318471 0.000000
vt 0.216561 0.000000
vt 0.312102 0.000000
vt 0.222930 0.000000
vt 0.305732 0.000000
vt 0.229299 0.000000
vt 0.299363 0.000000
vt 0.235669 0.000000
vt 0.292994 0.000000
vt 0.242038 0.000000
vt 0.286624 0.000000
vt 0.248408 0.000000
vt 0.280255 0.000000
vt 0.254777 0.000000
vt 0.273885 0.000000
vt 0.261146 0.000000
vt 0.267516 0.000000
vt 0.388535 0.000000
vt 0.675159 0.000000
vt 0.394904 0.000000
vt 0.668790 0.000000
vt 0.401274 0.000000
vt 0.662420 0.000000
vt 0.407643 0.000000
vt 0.656051 0.000000
vt 0.414013 0.000000
vt 0.649682 0.000000
vt 0.420382 0.000000
vt 0.643312 0.000000
vt 0.426752 0.000000
vt 0.636943 0.000000
vt 0.433121 0.000000
vt 0.630573 0.000000
vt 0.439490 0.000000
vt 0.624204 0.000000
vt 0.445860 0.000000
vt 0.617834 0.000000
vt 0.452229 0.000000
vt 0.611465 0.000000
vt 0.605096 0.000000
vt 0.458599 0.000000
vt 0.598726 0.000000
vt 0.464968 0.000000
vt 0.592357 0.000000
vt 0.471338 0.000000
vt 0.477707 0.000000
vt 0.585987 0.000000
vt 0.484076 0.000000
vt 0.579618 0.000000
vt 0.490446 0.000000
vt 0.573248 0.000000
vt 0.496815 0.000000
vt 0.566879 0.000000
vt 0.503185 0.000000
vt 0.560510 0.000000
vt 0.509554 0.000000
vt 0.554140 0.000000
vt 0.515924 0.000000
vt 0.547771 0.000000
vt 0.522293 0.000000
vt 0.541401 0.000000
vt 0.528662 0.000000
vt 0.535032 0.000000
vt 0.777778 0.000000
vt 0.888889 0.000000
vt 0.555556 0.000000
vt 0.111111 0.000000
vt 0.222222 0.000000
vt 0.333333 0.000000
vt 0.666667 0.000000
vt 0.444444 0.000000
vt 0.662651 0.000000
vt 0.012048 0.000000
vt 0.024096 0.000000
vt 0.036145 0.000000
vt 0.650602 0.000000
vt 0.048193 0.000000
vt 0.638554 0.000000
vt 0.060241 0.000000
vt 0.626506 0.000000
vt 0.072289 0.000000
vt 0.614458 0.000000
vt 0.084337 0.000000
vt 0.602410 0.000000
vt 0.096386 0.000000
vt 0.590361 0.000000
vt 0.108434 0.000000
vt 0.578313 0.000000
vt 0.120482 0.000000
vt 0.566265 0.000000
vt 0.132530 0.000000
vt 0.554217 0.000000
vt 0.144578 0.000000
vt 0.542169 0.000000
vt 0.156627 0.000000
vt 0.530120 0.000000
vt 0.518072 0.000000
vt 0.168675 0.000000
vt 0.180723 0.000000
vt 0.506024 0.000000
vt 0.192771 0.000000
vt 0.493976 0.000000
vt 0.204819 0.000000
vt 0.481928 0.000000
vt 0.216867 0.000000
vt 0.469880 0.000000
vt 0.228916 0.000000
vt 0.457831 0.000000
vt 0.240964 0.000000
vt 0.445783 0.000000
vt 0.253012 0.000000
vt 0.433735 0.000000
vt 0.265060 0.000000
vt 0.421687 0.000000
vt 0.277108 0.000000
vt 0.409639 0.000000
vt 0.289157 0.000000
vt 0.397590 0.000000
vt 0.843373 0.000000
vt 0.831325 0.000000
vt 0.301205 0.000000
vt 0.385542 0.000000
vt 0.867470 0.000000
vt 0.855422 0.000000
vt 0.879518 0.000000
vt 0.819277 0.000000
vt 0.891566 0.000000
vt 0.807229 0.000000
vt 0.903614 0.000000
vt 0.795181 0.000000
vt 0.915663 0.000000
vt 0.783133 0.000000
vt 0.927711 0.000000
vt 0.771084 0.000000
vt 0.939759 0.000000
vt 0.759036 0.000000
vt 0.951807 0.000000
vt 0.746988 0.000000
vt 0.963855 0.000000
vt 0.734940 0.000000
vt 0.975904 0.000000
vt 0.722892 0.000000
vt 0.987952 0.000000
vt 0.710843 0.000000
vt 0.698795 0.000000
vt 0.373494 0.000000
vt 0.674699 0.000000
vt 0.686747 0.000000
vt 0.313253 0.000000
vt 0.349398 0.000000
vt 0.337349 0.000000
vt 0.361446 0.000000
vt 0.325301 0.000000
vt 0.655629 0.000000
vt 0.006623 0.000000
vt 0.013245 0.000000
vt 0.019868 0.000000
vt 0.649007 0.000000
vt 0.026490 0.000000
vt 0.642384 0.000000
vt 0.033113 0.000000
vt 0.635762 0.000000
vt 0.039735 0.000000
vt 0.629139 0.000000
vt 0.046358 0.000000
vt 0.622517 0.000000
vt 0.052980 0.000000
vt 0.615894 0.000000
vt 0.059603 0.000000
vt 0.609272 0.000000
vt 0.066225 0.000000
vt 0.602649 0.000000
vt 0.072848 0.000000
vt 0.596026 0.000000
vt 0.079470 0.000000
vt 0.589404 0.000000
vt 0.086093 0.000000
vt 0.582781 0.000000
vt 0.576159 0.000000
vt 0.092715 0.000000
vt 0.099338 0.000000
vt 0.569536 0.000000
vt 0.105960 0.000000
vt 0.562914 0.000000
vt 0.112583 0.000000
vt 0.556291 0.000000
vt 0.119205 0.000000
vt 0.549669 0.000000
vt 0.125828 0.000000
vt 0.543046 0.000000
vt 0.132450 0.000000
vt 0.536424 0.000000
vt 0.139073 0.000000
vt 0.529801 0.000000
vt 0.145695 0.000000
vt 0.523179 0.000000
vt 0.152318 0.000000
vt 0.516556 0.000000
vt 0.158940 0.000000
vt 0.509934 0.000000
vt 0.834437 0.000000
vt 0.165563 0.000000
vt 0.503311 0.000000
vt 0.847682 0.000000
vt 0.841060 0.000000
vt 0.827815 0.000000
vt 0.854305 0.000000
vt 0.821192 0.000000
vt 0.860927 0.000000
vt 0.814570 0.000000
vt 0.867550 0.000000
vt 0.807947 0.000000
vt 0.874172 0.000000
vt 0.801324 0.000000
vt 0.880795 0.000000
vt 0.794702 0.000000
vt 0.887417 0.000000
vt 0.788079 0.000000
vt 0.894040 0.000000
vt 0.781457 0.000000
vt 0.900662 0.000000
vt 0.774834 0.000000
vt 0.907285 0.000000
vt 0.768212 0.000000
vt 0.913907 0.000000
vt 0.761589 0.000000
vt 0.920530 0.000000
vt 0.754967 0.000000
vt 0.496689 0.000000
vt 0.927152 0.000000
vt 0.748344 0.000000
vt 0.172185 0.000000
vt 0.490066 0.000000
vt 0.933775 0.000000
vt 0.741722 0.000000
vt 0.178808 0.000000
vt 0.940397 0.000000
vt 0.735099 0.000000
vt 0.947020 0.000000
vt 0.728477 0.000000
vt 0.953642 0.000000
vt 0.721854 0.000000
vt 0.960265 0.000000
vt 0.715232 0.000000
vt 0.966887 0.000000
vt 0.708609 0.000000
vt 0.973510 0.000000
vt 0.701987 0.000000
vt 0.980132 0.000000
vt 0.695364 0.000000
vt 0.986755 0.000000
vt 0.688742 0.000000
vt 0.993378 0.000000
vt 0.682119 0.000000
vt 0.675497 0.000000
vt 0.662252 0.000000
vt 0.668874 0.000000
vt 0.185430 0.000000
vt 0.483444 0.000000
vt 0.192053 0.000000
vt 0.476821 0.000000
vt 0.198675 0.000000
vt 0.470199 0.000000
vt 0.205298 0.000000
vt 0.463576 0.000000
vt 0.211921 0.000000
vt 0.456954 0.000000
vt 0.218543 0.000000
vt 0.450331 0.000000
vt 0.225166 0.000000
vt 0.443709 0.000000
vt 0.231788 0.000000
vt 0.437086 0.000000
vt 0.238411 0.000000
vt 0.430464 0.000000
vt 0.245033 0.000000
vt 0.423841 0.000000
vt 0.251656 0.000000
vt 0.417219 0.000000
vt 0.410596 0.000000
vt 0.258278 0.000000
vt 0.403974 0.000000
vt 0.264901 0.000000
vt 0.397351 0.000000
vt 0.271523 0.000000
vt 0.278146 0.000000
vt 0.390728 0.000000
vt 0.284768 0.000000
vt 0.384106 0.000000
vt 0.291391 0.000000
vt 0.377483 0.000000
vt 0.298013 0.000000
vt 0.370861 0.000000
vt 0.304636 0.000000
vt 0.364238 0.000000
vt 0.311258 0.000000
vt 0.357616 0.000000
vt 0.317881 0.000000
vt 0.350993 0.000000
vt 0.324503 0.000000
vt 0.344371 0.000000
vt 0.331126 0.000000
vt 0.337748 0.000000
vt 0.625000 0.000000
vt 0.750000 0.000000
vt 0.875000 0.000000
vt 0.125000 0.000000
vt 0.250000 0.000000
vt 0.500000 0.000000
vt 0.375000 0.000000
vt 0.200000 0.000000
vt 0.400000 0.000000
vt 0.600000 0.000000
vt 0.800000 0.000000
vt 0.509434 0.000000
vt 0.745283 0.000000
vt 0.735849 0.000000
vt 0.726415 0.000000
vt 0.716981 0.000000
vt 0.707547 0.000000
vt 0.698113 0.000000
vt 0.688679 0.000000
vt 0.679245 0.000000
vt 0.009434 0.000000
vt 0.018868 0.000000
vt 0.028302 0.000000
vt 0.037736 0.000000
vt 0.047170 0.000000
vt 0.669811 0.000000
vt 0.056604 0.000000
vt 0.066038 0.000000
vt 0.075472 0.000000
vt 0.084906 0.000000
vt 0.094340 0.000000
vt 0.103774 0.000000
vt 0.113208 0.000000
vt 0.122642 0.000000
vt 0.132075 0.000000
vt 0.660377 0.000000
vt 0.141509 0.000000
vt 0.150943 0.000000
vt 0.160377 0.000000
vt 0.169811 0.000000
vt 0.179245 0.000000
vt 0.188679 0.000000
vt 0.198113 0.000000
vt 0.650943 0.000000
vt 0.207547 0.000000
vt 0.216981 0.000000
vt 0.226415 0.000000
vt 0.641509 0.000000
vt 0.632075 0.000000
vt 0.235849 0.000000
vt 0.622642 0.000000
vt 0.613208 0.000000
vt 0.603774 0.000000
vt 0.594340 0.000000
vt 0.584906 0.000000
vt 0.575472 0.000000
vt 0.566038 0.000000
vt 0.556604 0.000000
vt 0.547170 0.000000
vt 0.754717 0.000000
vt 0.537736 0.000000
vt 0.764151 0.000000
vt 0.528302 0.000000
vt 0.773585 0.000000
vt 0.518868 0.000000
vt 0.245283 0.000000
vt 0.783019 0.000000
vt 0.254717 0.000000
vt 0.792453 0.000000
vt 0.990566 0.000000
vt 0.801887 0.000000
vt 0.981132 0.000000
vt 0.811321 0.000000
vt 0.971698 0.000000
vt 0.820755 0.000000
vt 0.962264 0.000000
vt 0.830189 0.000000
vt 0.952830 0.000000
vt 0.839623 0.000000
vt 0.943396 0.000000
vt 0.849057 0.000000
vt 0.933962 0.000000
vt 0.858491 0.000000
vt 0.924528 0.000000
vt 0.867925 0.000000
vt 0.915094 0.000000
vt 0.877358 0.000000
vt 0.905660 0.000000
vt 0.886792 0.000000
vt 0.896226 0.000000
vt 0.490566 0.000000
vt 0.264151 0.000000
vt 0.273585 0.000000
vt 0.283019 0.000000
vt 0.292453 0.000000
vt 0.301887 0.000000
vt 0.311321 0.000000
vt 0.320755 0.000000
vt 0.330189 0.000000
vt 0.339623 0.000000
vt 0.349057 0.000000
vt 0.358491 0.000000
vt 0.367925 0.000000
vt 0.377358 0.000000
vt 0.386792 0.000000
vt 0.396226 0.000000
vt 0.405660 0.000000
vt 0.415094 0.000000
vt 0.424528 0.000000
vt 0.433962 0.000000
vt 0.443396 0.000000
vt 0.452830 0.000000
vt 0.462264 0.000000
vt 0.471698 0.000000
vt 0.481132 0.000000
s 0
usemtl Material.001
f 133/1/1 134/2/1 135/3/1
f 133/1/1 135/3/1 136/4/1
f 133/1/1 136/4/1 137/5/1
f 132/6/1 133/1/1 137/5/1
f 132/6/1 137/5/1 138/7/1
f 131/8/1 132/6/1 138/7/1
f 131/8/1 138/7/1 139/9/1
f 130/10/1 131/8/1 139/9/1
f 130/10/1 139/9/1 140/11/1
f 129/12/1 130/10/1 140/11/1
f 129/12/1 140/11/1 141/13/1
f 128/14/1 129/12/1 141/13/1
f 128/14/1 141/13/1 142/15/1
f 127/16/1 128/14/1 142/15/1
f 127/16/1 142/15/1 143/17/1
f 126/18/1 127/16/1 143/17/1
f 126/18/1 143/17/1 144/19/1
f 125/20/1 126/18/1 144/19/1
f 125/20/1 144/19/1 145/21/1
f 124/22/1 125/20/1 145/21/1
f 124/22/1 145/21/1 146/23/1
f 123/24/1 124/22/1 146/23/1
f 123/24/1 146/23/1 147/25/1
f 122/26/1 123/24/1 147/25/1
f 121/27/1 122/26/1 147/25/1
f 121/27/1 147/25/1 148/28/1
f 121/27/1 148/28/1 149/29/1
f 120/30/1 121/27/1 149/29/1
f 120/30/1 149/29/1 150/31/1
f 119/32/1 120/30/1 150/31/1
f 119/32/1 150/31/1 151/33/1
f 118/34/1 119/32/1 151/33/1
f 118/34/1 151/33/1 152/35/1
f 117/36/1 118/34/1 152/35/1
f 117/36/1 152/35/1 153/37/1
f 116/38/1 117/36/1 153/37/1
f 116/38/1 153/37/1 154/39/1
f 115/40/1 116/38/1 154/39/1
f 115/40/1 154/39/1 155/41/1
f 114/42/1 115/40/1 155/41/1
f 114/42/1 155/41/1 156/43/1
f 113/44/1 114/42/1 156/43/1
f 113/44/1 156/43/1 157/45/1
f 112/46/1 113/44/1 157/45/1
f 112/46/1 157/45/1 158/47/1
f 111/48/1 112/46/1 158/47/1
f 111/48/1 158/47/1 16/49/1
f 16/49/1 158/47/1 15/50/1
f 15/50/1 158/47/1 1/51/1
f 110/52/1 111/48/1 18/53/1
f 18/53/1 111/48/1 17/54/1
f 17/54/1 111/48/1 16/49/1
f 110/52/1 18/53/1 19/55/1
f 14/56/1 15/50/1 1/51/1
f 110/52/1 19/55/1 20/57/1
f 13/58/1 14/56/1 1/51/1
f 110/52/1 20/57/1 21/59/1
f 12/60/1 13/58/1 1/51/1
f 110/52/1 21/59/1 22/61/1
f 11/62/1 12/60/1 1/51/1
f 110/52/1 22/61/1 23/63/1
f 10/64/1 11/62/1 1/51/1
f 110/52/1 23/63/1 24/65/1
f 9/66/1 10/64/1 1/51/1
f 110/52/1 24/65/1 25/67/1
f 8/68/1 9/66/1 1/51/1
f 110/52/1 25/67/1 26/69/1
f 7/70/1 8/68/1 1/51/1
f 110/52/1 26/69/1 27/71/1
f 6/72/1 7/70/1 1/51/1
f 110/52/1 27/71/1 28/73/1
f 5/74/1 6/72/1 1/51/1
f 110/52/1 28/73/1 29/75/1
f 4/76/1 5/74/1 1/51/1
f 109/77/1 110/52/1 29/75/1
f 109/77/1 29/75/1 30/78/1
f 3/79/1 4/76/1 1/51/1
f 3/79/1 1/51/1 2/80/1
f 57/81/1 58/82/1 59/83/1
f 57/81/1 59/83/1 56/84/1
f 56/84/1 59/83/1 60/85/1
f 55/86/1 56/84/1 60/85/1
f 108/87/1 109/77/1 30/78/1
f 108/87/1 30/78/1 31/88/1
f 54/89/1 55/86/1 60/85/1
f 54/89/1 60/85/1 61/90/1
f 108/87/1 31/88/1 32/91/1
f 53/92/1 54/89/1 61/90/1
f 108/87/1 32/91/1 33/93/1
f 52/94/1 53/92/1 61/90/1
f 108/87/1 33/93/1 34/95/1
f 51/96/1 52/94/1 61/90/1
f 108/87/1 34/95/1 35/97/1
f 50/98/1 51/96/1 61/90/1
f 108/87/1 35/97/1 36/99/1
f 49/100/1 50/98/1 61/90/1
f 108/87/1 36/99/1 37/101/1
f 48/102/1 49/100/1 61/90/1
f 108/87/1 37/101/1 38/103/1
f 47/104/1 48/102/1 61/90/1
f 108/87/1 38/103/1 39/105/1
f 46/106/1 47/104/1 61/90/1
f 108/87/1 39/105/1 40/107/1
f 45/108/1 46/106/1 61/90/1
f 108/87/1 40/107/1 41/109/1
f 44/110/1 45/108/1 61/90/1
f 108/87/1 41/109/1 42/111/1
f 43/112/1 44/110/1 61/90/1
f 108/87/1 42/111/1 43/112/1
f 108/87/1 43/112/1 61/90/1
f 108/87/1 61/90/1 62/113/1
f 107/114/1 108/87/1 62/113/1
f 107/114/1 62/113/1 63/115/1
f 106/116/1 107/114/1 63/115/1
f 106/116/1 63/115/1 64/117/1
f 105/118/1 106/116/1 64/117/1
f 105/118/1 64/117/1 65/119/1
f 104/120/1 105/118/1 65/119/1
f 104/120/1 65/119/1 66/121/1
f 103/122/1 104/120/1 66/121/1
f 103/122/1 66/121/1 67/123/1
f 102/124/1 103/122/1 67/123/1
f 102/124/1 67/123/1 68/125/1
f 101/126/1 102/124/1 68/125/1
f 101/126/1 68/125/1 69/127/1
f 100/128/1 101/126/1 69/127/1
f 100/128/1 69/127/1 70/129/1
f 99/130/1 100/128/1 70/129/1
f 99/130/1 70/129/1 71/131/1
f 98/132/1 99/130/1 71/131/1
f 98/132/1 71/131/1 72/133/1
f 97/134/1 98/132/1 72/133/1
f 96/135/1 97/134/1 72/133/1
f 96/135/1 72/133/1 73/136/1
f 95/137/1 96/135/1 73/136/1
f 95/137/1 73/136/1 74/138/1
f 94/139/1 95/137/1 74/138/1
f 94/139/1 74/138/1 75/140/1
f 94/139/1 75/140/1 76/141/1
f 93/142/1 94/139/1 76/141/1
f 93/142/1 76/141/1 77/143/1
f 92/144/1 93/142/1 77/143/1
f 92/144/1 77/143/1 78/145/1
f 91/146/1 92/144/1 78/145/1
f 91/146/1 78/145/1 79/147/1
f 90/148/1 91/146/1 79/147/1
f 90/148/1 79/147/1 80/149/1
f 89/150/1 90/148/1 80/149/1
f 89/150/1 80/149/1 81/151/1
f 88/152/1 89/150/1 81/151/1
f 88/152/1 81/151/1 82/153/1
f 87/154/1 88/152/1 82/153/1
f 87/154/1 82/153/1 83/155/1
f 86/156/1 87/154/1 83/155/1
f 86/156/1 83/155/1 84/157/1
f 85/158/1 86/156/1 84/157/1
f 166/159/1 167/160/1 168/47/1
f 166/159/1 168/47/1 164/161/1
f 164/161/1 168/47/1 159/51/1
f 159/51/1 160/162/1 161/163/1
f 159/51/1 161/163/1 162/164/1
f 166/159/1 164/161/1 165/165/1
f 163/166/1 164/161/1 159/51/1
f 163/166/1 159/51/1 162/164/1
f 224/167/1 169/51/1 170/168/1
f 224/167/1 170/168/1 171/169/1
f 224/167/1 171/169/1 172/170/1
f 223/171/1 224/167/1 172/170/1
f 223/171/1 172/170/1 173/172/1
f 222/173/1 223/171/1 173/172/1
f 222/173/1 173/172/1 174/174/1
f 221/175/1 222/173/1 174/174/1
f 221/175/1 174/174/1 175/176/1
f 220/177/1 221/175/1 175/176/1
f 220/177/1 175/176/1 176/178/1
f 219/179/1 220/177/1 176/178/1
f 219/179/1 176/178/1 177/180/1
f 218/181/1 219/179/1 177/180/1
f 218/181/1 177/180/1 178/182/1
f 217/183/1 218/181/1 178/182/1
f 217/183/1 178/182/1 179/184/1
f 216/185/1 217/183/1 179/184/1
f 216/185/1 179/184/1 180/186/1
f 215/187/1 216/185/1 180/186/1
f 215/187/1 180/186/1 181/188/1
f 214/189/1 215/187/1 181/188/1
f 214/189/1 181/188/1 182/190/1
f 213/191/1 214/189/1 182/190/1
f 212/192/1 213/191/1 182/190/1
f 212/192/1 182/190/1 183/193/1
f 212/192/1 183/193/1 184/194/1
f 211/195/1 212/192/1 184/194/1
f 211/195/1 184/194/1 185/196/1
f 210/197/1 211/195/1 185/196/1
f 210/197/1 185/196/1 186/198/1
f 209/199/1 210/197/1 186/198/1
f 209/199/1 186/198/1 187/200/1
f 208/201/1 209/199/1 187/200/1
f 208/201/1 187/200/1 188/202/1
f 207/203/1 208/201/1 188/202/1
f 207/203/1 188/202/1 189/204/1
f 206/205/1 207/203/1 189/204/1
f 206/205/1 189/204/1 190/206/1
f 205/207/1 206/205/1 190/206/1
f 205/207/1 190/206/1 191/208/1
f 204/209/1 205/207/1 191/208/1
f 204/209/1 191/208/1 192/210/1
f 203/211/1 204/209/1 192/210/1
f 203/211/1 192/210/1 193/212/1
f 202/213/1 203/211/1 193/212/1
f 202/213/1 193/212/1 239/214/1
f 239/214/1 193/212/1 238/215/1
f 238/215/1 193/212/1 194/216/1
f 201/217/1 202/213/1 241/218/1
f 241/218/1 202/213/1 240/219/1
f 240/219/1 202/213/1 239/214/1
f 201/217/1 241/218/1 242/220/1
f 237/221/1 238/215/1 194/216/1
f 201/217/1 242/220/1 243/222/1
f 236/223/1 237/221/1 194/216/1
f 201/217/1 243/222/1 244/224/1
f 235/225/1 236/223/1 194/216/1
f 201/217/1 244/224/1 245/226/1
f 234/227/1 235/225/1 194/216/1
f 201/217/1 245/226/1 246/228/1
f 233/229/1 234/227/1 194/216/1
f 201/217/1 246/228/1 247/230/1
f 232/231/1 233/229/1 194/216/1
f 201/217/1 247/230/1 248/232/1
f 231/233/1 232/231/1 194/216/1
f 201/217/1 248/232/1 249/234/1
f 230/235/1 231/233/1 194/216/1
f 201/217/1 249/234/1 250/236/1
f 229/237/1 230/235/1 194/216/1
f 201/217/1 250/236/1 251/238/1
f 228/239/1 229/237/1 194/216/1
f 201/217/1 251/238/1 252/47/1
f 227/240/1 228/239/1 194/216/1
f 200/241/1 201/217/1 252/47/1
f 200/241/1 252/47/1 225/242/1
f 226/243/1 227/240/1 194/216/1
f 226/243/1 194/216/1 195/244/1
f 200/241/1 225/242/1 198/245/1
f 198/245/1 225/242/1 226/243/1
f 198/245/1 226/243/1 197/246/1
f 197/246/1 226/243/1 195/244/1
f 200/241/1 198/245/1 199/247/1
f 196/248/1 197/246/1 195/244/1
f 385/1/1 386/2/1 387/3/1
f 385/1/1 387/3/1 388/4/1
f 385/1/1 388/4/1 389/5/1
f 384/6/1 385/1/1 389/5/1
f 384/6/1 389/5/1 390/7/1
f 383/8/1 384/6/1 390/7/1
f 383/8/1 390/7/1 391/9/1
f 382/10/1 383/8/1 391/9/1
f 382/10/1 391/9/1 392/11/1
f 381/12/1 382/10/1 392/11/1
f 381/12/1 392/11/1 393/13/1
f 380/14/1 381/12/1 393/13/1
f 380/14/1 393/13/1 394/15/1
f 379/16/1 380/14/1 394/15/1
f 379/16/1 394/15/1 395/17/1
f 378/18/1 379/16/1 395/17/1
f 378/18/1 395/17/1 396/19/1
f 377/20/1 378/18/1 396/19/1
f 377/20/1 396/19/1 397/21/1
f 376/22/1 377/20/1 397/21/1
f 376/22/1 397/21/1 398/23/1
f 375/24/1 376/22/1 398/23/1
f 375/24/1 398/23/1 399/25/1
f 374/26/1 375/24/1 399/25/1
f 373/27/1 374/26/1 399/25/1
f 373/27/1 399/25/1 400/28/1
f 373/27/1 400/28/1 401/29/1
f 372/30/1 373/27/1 401/29/1
f 372/30/1 401/29/1 402/31/1
f 371/32/1 372/30/1 402/31/1
f 371/32/1 402/31/1 403/33/1
f 370/34/1 371/32/1 403/33/1
f 370/34/1 403/33/1 404/35/1
f 369/36/1 370/34/1 404/35/1
f 369/36/1 404/35/1 405/37/1
f 368/38/1 369/36/1 405/37/1
f 368/38/1 405/37/1 406/39/1
f 367/40/1 368/38/1 406/39/1
f 367/40/1 406/39/1 407/41/1
f 366/42/1 367/40/1 407/41/1
f 366/42/1 407/41/1 408/43/1
f 365/44/1 366/42/1 408/43/1
f 365/44/1 408/43/1 409/45/1
f 364/46/1 365/44/1 409/45/1
f 364/46/1 409/45/1 410/47/1
f 363/48/1 364/46/1 410/47/1
f 363/48/1 410/47/1 268/49/1
f 268/49/1 410/47/1 267/50/1
f 267/50/1 410/47/1 253/51/1
f 362/52/1 363/48/1 270/53/1
f 270/53/1 363/48/1 269/54/1
f 269/54/1 363/48/1 268/49/1
f 362/52/1 270/53/1 271/55/1
f 266/56/1 267/50/1 253/51/1
f 362/52/1 271/55/1 272/57/1
f 265/58/1 266/56/1 253/51/1
f 362/52/1 272/57/1 273/59/1
f 264/60/1 265/58/1 253/51/1
f 362/52/1 273/59/1 274/61/1
f 263/62/1 264/60/1 253/51/1
f 362/52/1 274/61/1 275/63/1
f 262/64/1 263/62/1 253/51/1
f 362/52/1 275/63/1 276/65/1
f 261/66/1 262/64/1 253/51/1
f 362/52/1 276/65/1 277/67/1
f 260/68/1 261/66/1 253/51/1
f 362/52/1 277/67/1 278/69/1
f 259/70/1 260/68/1 253/51/1
f 362/52/1 278/69/1 279/71/1
f 258/72/1 259/70/1 253/51/1
f 362/52/1 279/71/1 280/73/1
f 257/74/1 258/72/1 253/51/1
f 362/52/1 280/73/1 281/75/1
f 256/76/1 257/74/1 253/51/1
f 361/77/1 362/52/1 281/75/1
f 361/77/1 281/75/1 282/78/1
f 255/79/1 256/76/1 253/51/1
f 255/79/1 253/51/1 254/80/1
f 309/81/1 310/82/1 311/83/1
f 309/81/1 311/83/1 308/84/1
f 308/84/1 311/83/1 312/85/1
f 307/86/1 308/84/1 312/85/1
f 360/87/1 361/77/1 282/78/1
f 360/87/1 282/78/1 283/88/1
f 306/89/1 307/86/1 312/85/1
f 306/89/1 312/85/1 313/90/1
f 360/87/1 283/88/1 284/91/1
f 305/92/1 306/89/1 313/90/1
f 360/87/1 284/91/1 285/93/1
f 304/94/1 305/92/1 313/90/1
f 360/87/1 285/93/1 286/95/1
f 303/96/1 304/94/1 313/90/1
f 360/87/1 286/95/1 287/97/1
f 302/98/1 303/96/1 313/90/1
f 360/87/1 287/97/1 288/99/1
f 301/100/1 302/98/1 313/90/1
f 360/87/1 288/99/1 289/101/1
f 300/102/1 301/100/1 313/90/1
f 360/87/1 289/101/1 290/103/1
f 299/104/1 300/102/1 313/90/1
f 360/87/1 290/103/1 291/105/1
f 298/106/1 299/104/1 313/90/1
f 360/87/1 291/105/1 292/107/1
f 297/108/1 298/106/1 313/90/1
f 360/87/1 292/107/1 293/109/1
f 296/110/1 297/108/1 313/90/1
f 360/87/1 293/109/1 294/111/1
f 295/112/1 296/110/1 313/90/1
f 360/87/1 294/111/1 295/112/1
f 360/87/1 295/112/1 313/90/1
f 360/87/1 313/90/1 314/113/1
f 359/114/1 360/87/1 314/113/1
f 359/114/1 314/113/1 315/115/1
f 358/116/1 359/114/1 315/115/1
f 358/116/1 315/115/1 316/117/1
f 357/118/1 358/116/1 316/117/1
f 357/118/1 316/117/1 317/119/1
f 356/120/1 357/118/1 317/119/1
f 356/120/1 317/119/1 318/121/1
f 355/122/1 356/120/1 318/121/1
f 355/122/1 318/121/1 319/123/1
f 354/124/1 355/122/1 319/123/1
f 354/124/1 319/123/1 320/125/1
f 353/126/1 354/124/1 320/125/1
f 353/126/1 320/125/1 321/127/1
f 352/128/1 353/126/1 321/127/1
f 352/128/1 321/127/1 322/129/1
f 351/130/1 352/128/1 322/129/1
f 351/130/1 322/129/1 323/131/1
f 350/132/1 351/130/1 323/131/1
f 350/132/1 323/131/1 324/133/1
f 349/134/1 350/132/1 324/133/1
f 348/135/1 349/134/1 324/133/1
f 348/135/1 324/133/1 325/136/1
f 347/137/1 348/135/1 325/136/1
f 347/137/1 325/136/1 326/138/1
f 346/139/1 347/137/1 326/138/1
f 346/139/1 326/138/1 327/140/1
f 346/139/1 327/140/1 328/141/1
f 345/142/1 346/139/1 328/141/1
f 345/142/1 328/141/1 329/143/1
f 344/144/1 345/142/1 329/143/1
f 344/144/1 329/143/1 330/145/1
f 343/146/1 344/144/1 330/145/1
f 343/146/1 330/145/1 331/147/1
f 342/148/1 343/146/1 331/147/1
f 342/148/1 331/147/1 332/149/1
f 341/150/1 342/148/1 332/149/1
f 341/150/1 332/149/1 333/151/1
f 340/152/1 341/150/1 333/151/1
f 340/152/1 333/151/1 334/153/1
f 339/154/1 340/152/1 334/153/1
f 339/154/1 334/153/1 335/155/1
f 338/156/1 339/154/1 335/155/1
f 338/156/1 335/155/1 336/157/1
f 337/158/1 338/156/1 336/157/1
f 418/159/1 419/160/1 420/47/1
f 418/159/1 420/47/1 416/161/1
f 416/161/1 420/47/1 411/51/1
f 411/51/1 412/162/1 413/163/1
f 411/51/1 413/163/1 414/164/1
f 418/159/1 416/161/1 417/165/1
f 415/166/1 416/161/1 411/51/1
f 415/166/1 411/51/1 414/164/1
f 520/249/1 421/51/1 422/250/1
f 520/249/1 422/250/1 423/251/1
f 520/249/1 423/251/1 424/252/1
f 519/253/1 520/249/1 424/252/1
f 519/253/1 424/252/1 425/254/1
f 518/255/1 519/253/1 425/254/1
f 518/255/1 425/254/1 426/256/1
f 517/257/1 518/255/1 426/256/1
f 517/257/1 426/256/1 427/258/1
f 516/259/1 517/257/1 427/258/1
f 516/259/1 427/258/1 428/260/1
f 515/261/1 516/259/1 428/260/1
f 515/261/1 428/260/1 429/262/1
f 514/263/1 515/261/1 429/262/1
f 514/263/1 429/262/1 430/264/1
f 513/265/1 514/263/1 430/264/1
f 513/265/1 430/264/1 431/266/1
f 512/267/1 513/265/1 431/266/1
f 512/267/1 431/266/1 432/268/1
f 511/269/1 512/267/1 432/268/1
f 511/269/1 432/268/1 433/270/1
f 510/271/1 511/269/1 433/270/1
f 510/271/1 433/270/1 434/272/1
f 509/273/1 510/271/1 434/272/1
f 508/274/1 509/273/1 434/272/1
f 508/274/1 434/272/1 435/275/1
f 508/274/1 435/275/1 436/276/1
f 507/277/1 508/274/1 436/276/1
f 507/277/1 436/276/1 437/278/1
f 506/279/1 507/277/1 437/278/1
f 506/279/1 437/278/1 438/280/1
f 505/281/1 506/279/1 438/280/1
f 505/281/1 438/280/1 439/282/1
f 504/283/1 505/281/1 439/282/1
f 504/283/1 439/282/1 440/284/1
f 503/285/1 504/283/1 440/284/1
f 503/285/1 440/284/1 441/286/1
f 502/287/1 503/285/1 441/286/1
f 502/287/1 441/286/1 442/288/1
f 501/289/1 502/287/1 442/288/1
f 501/289/1 442/288/1 443/290/1
f 500/291/1 501/289/1 443/290/1
f 500/291/1 443/290/1 444/292/1
f 499/293/1 500/291/1 444/292/1
f 499/293/1 444/292/1 445/294/1
f 498/295/1 499/293/1 445/294/1
f 498/295/1 445/294/1 547/296/1
f 547/296/1 445/294/1 446/297/1
f 497/298/1 498/295/1 549/299/1
f 549/299/1 498/295/1 548/300/1
f 548/300/1 498/295/1 547/296/1
f 546/301/1 547/296/1 446/297/1
f 497/298/1 549/299/1 550/302/1
f 545/303/1 546/301/1 446/297/1
f 497/298/1 550/302/1 551/304/1
f 544/305/1 545/303/1 446/297/1
f 497/298/1 551/304/1 552/306/1
f 543/307/1 544/305/1 446/297/1
f 497/298/1 552/306/1 553/308/1
f 542/309/1 543/307/1 446/297/1
f 497/298/1 553/308/1 554/310/1
f 541/311/1 542/309/1 446/297/1
f 497/298/1 554/310/1 555/312/1
f 540/313/1 541/311/1 446/297/1
f 497/298/1 555/312/1 556/314/1
f 539/315/1 540/313/1 446/297/1
f 497/298/1 556/314/1 557/316/1
f 538/317/1 539/315/1 446/297/1
f 497/298/1 557/316/1 558/318/1
f 537/319/1 538/317/1 446/297/1
f 497/298/1 558/318/1 559/320/1
f 536/321/1 537/319/1 446/297/1
f 497/298/1 559/320/1 560/322/1
f 535/323/1 536/321/1 446/297/1
f 496/324/1 497/298/1 560/322/1
f 496/324/1 560/322/1 561/325/1
f 534/326/1 535/323/1 446/297/1
f 534/326/1 446/297/1 447/327/1
f 495/328/1 496/324/1 561/325/1
f 495/328/1 561/325/1 562/329/1
f 533/330/1 534/326/1 447/327/1
f 533/330/1 447/327/1 448/331/1
f 495/328/1 562/329/1 563/332/1
f 532/333/1 533/330/1 448/331/1
f 495/328/1 563/332/1 564/334/1
f 531/335/1 532/333/1 448/331/1
f 495/328/1 564/334/1 565/336/1
f 530/337/1 531/335/1 448/331/1
f 495/328/1 565/336/1 566/338/1
f 529/339/1 530/337/1 448/331/1
f 495/328/1 566/338/1 567/340/1
f 528/341/1 529/339/1 448/331/1
f 495/328/1 567/340/1 568/342/1
f 527/343/1 528/341/1 448/331/1
f 495/328/1 568/342/1 569/344/1
f 526/345/1 527/343/1 448/331/1
f 495/328/1 569/344/1 570/346/1
f 525/347/1 526/345/1 448/331/1
f 495/328/1 570/346/1 571/348/1
f 524/349/1 525/347/1 448/331/1
f 495/328/1 571/348/1 572/47/1
f 523/350/1 524/349/1 448/331/1
f 495/328/1 572/47/1 521/351/1
f 522/352/1 523/350/1 448/331/1
f 495/328/1 521/351/1 522/352/1
f 495/328/1 522/352/1 448/331/1
f 495/328/1 448/331/1 449/353/1
f 494/354/1 495/328/1 449/353/1
f 494/354/1 449/353/1 450/355/1
f 493/356/1 494/354/1 450/355/1
f 493/356/1 450/355/1 451/357/1
f 492/358/1 493/356/1 451/357/1
f 492/358/1 451/357/1 452/359/1
f 491/360/1 492/358/1 452/359/1
f 491/360/1 452/359/1 453/361/1
f 490/362/1 491/360/1 453/361/1
f 490/362/1 453/361/1 454/363/1
f 489/364/1 490/362/1 454/363/1
f 489/364/1 454/363/1 455/365/1
f 488/366/1 489/364/1 455/365/1
f 488/366/1 455/365/1 456/367/1
f 487/368/1 488/366/1 456/367/1
f 487/368/1 456/367/1 457/369/1
f 486/370/1 487/368/1 457/369/1
f 486/370/1 457/369/1 458/371/1
f 485/372/1 486/370/1 458/371/1
f 485/372/1 458/371/1 459/373/1
f 484/374/1 485/372/1 459/373/1
f 483/375/1 484/374/1 459/373/1
f 483/375/1 459/373/1 460/376/1
f 482/377/1 483/375/1 460/376/1
f 482/377/1 460/376/1 461/378/1
f 481/379/1 482/377/1 461/378/1
f 481/379/1 461/378/1 462/380/1
f 481/379/1 462/380/1 463/381/1
f 480/382/1 481/379/1 463/381/1
f 480/382/1 463/381/1 464/383/1
f 479/384/1 480/382/1 464/383/1
f 479/384/1 464/383/1 465/385/1
f 478/386/1 479/384/1 465/385/1
f 478/386/1 465/385/1 466/387/1
f 477/388/1 478/386/1 466/387/1
f 477/388/1 466/387/1 467/389/1
f 476/390/1 477/388/1 467/389/1
f 476/390/1 467/389/1 468/391/1
f 475/392/1 476/390/1 468/391/1
f 475/392/1 468/391/1 469/393/1
f 474/394/1 475/392/1 469/393/1
f 474/394/1 469/393/1 470/395/1
f 473/396/1 474/394/1 470/395/1
f 473/396/1 470/395/1 471/397/1
f 472/398/1 473/396/1 471/397/1
f 705/1/1 706/2/1 707/3/1
f 705/1/1 707/3/1 708/4/1
f 705/1/1 708/4/1 709/5/1
f 704/6/1 705/1/1 709/5/1
f 704/6/1 709/5/1 710/7/1
f 703/8/1 704/6/1 710/7/1
f 703/8/1 710/7/1 711/9/1
f 702/10/1 703/8/1 711/9/1
f 702/10/1 711/9/1 712/11/1
f 701/12/1 702/10/1 712/11/1
f 701/12/1 712/11/1 713/13/1
f 700/14/1 701/12/1 713/13/1
f 700/14/1 713/13/1 714/15/1
f 699/16/1 700/14/1 714/15/1
f 699/16/1 714/15/1 715/17/1
f 698/18/1 699/16/1 715/17/1
f 698/18/1 715/17/1 716/19/1
f 697/20/1 698/18/1 716/19/1
f 697/20/1 716/19/1 717/21/1
f 696/22/1 697/20/1 717/21/1
f 696/22/1 717/21/1 718/23/1
f 695/24/1 696/22/1 718/23/1
f 695/24/1 718/23/1 719/25/1
f 694/26/1 695/24/1 719/25/1
f 693/27/1 694/26/1 719/25/1
f 693/27/1 719/25/1 720/28/1
f 693/27/1 720/28/1 721/29/1
f 692/30/1 693/27/1 721/29/1
f 692/30/1 721/29/1 722/31/1
f 691/32/1 692/30/1 722/31/1
f 691/32/1 722/31/1 723/33/1
f 690/34/1 691/32/1 723/33/1
f 690/34/1 723/33/1 724/35/1
f 689/36/1 690/34/1 724/35/1
f 689/36/1 724/35/1 725/37/1
f 688/38/1 689/36/1 725/37/1
f 688/38/1 725/37/1 726/39/1
f 687/40/1 688/38/1 726/39/1
f 687/40/1 726/39/1 727/41/1
f 686/42/1 687/40/1 727/41/1
f 686/42/1 727/41/1 728/43/1
f 685/44/1 686/42/1 728/43/1
f 685/44/1 728/43/1 729/45/1
f 684/46/1 685/44/1 729/45/1
f 684/46/1 729/45/1 730/47/1
f 683/48/1 684/46/1 730/47/1
f 683/48/1 730/47/1 588/49/1
f 588/49/1 730/47/1 587/50/1
f 587/50/1 730/47/1 573/51/1
f 682/52/1 683/48/1 590/53/1
f 590/53/1 683/48/1 589/54/1
f 589/54/1 683/48/1 588/49/1
f 682/52/1 590/53/1 591/55/1
f 586/56/1 587/50/1 573/51/1
f 682/52/1 591/55/1 592/57/1
f 585/58/1 586/56/1 573/51/1
f 682/52/1 592/57/1 593/59/1
f 584/60/1 585/58/1 573/51/1
f 682/52/1 593/59/1 594/61/1
f 583/62/1 584/60/1 573/51/1
f 682/52/1 594/61/1 595/63/1
f 582/64/1 583/62/1 573/51/1
f 682/52/1 595/63/1 596/65/1
f 581/66/1 582/64/1 573/51/1
f 682/52/1 596/65/1 597/67/1
f 580/68/1 581/66/1 573/51/1
f 682/52/1 597/67/1 598/69/1
f 579/70/1 580/68/1 573/51/1
f 682/52/1 598/69/1 599/71/1
f 578/72/1 579/70/1 573/51/1
f 682/52/1 599/71/1 600/73/1
f 577/74/1 578/72/1 573/51/1
f 682/52/1 600/73/1 601/75/1
f 576/76/1 577/74/1 573/51/1
f 681/77/1 682/52/1 601/75/1
f 681/77/1 601/75/1 602/78/1
f 575/79/1 576/76/1 573/51/1
f 575/79/1 573/51/1 574/80/1
f 629/81/1 630/82/1 631/83/1
f 629/81/1 631/83/1 628/84/1
f 628/84/1 631/83/1 632/85/1
f 627/86/1 628/84/1 632/85/1
f 680/87/1 681/77/1 602/78/1
f 680/87/1 602/78/1 603/88/1
f 626/89/1 627/86/1 632/85/1
f 626/89/1 632/85/1 633/90/1
f 680/87/1 603/88/1 604/91/1
f 625/92/1 626/89/1 633/90/1
f 680/87/1 604/91/1 605/93/1
f 624/94/1 625/92/1 633/90/1
f 680/87/1 605/93/1 606/95/1
f 623/96/1 624/94/1 633/90/1
f 680/87/1 606/95/1 607/97/1
f 622/98/1 623/96/1 633/90/1
f 680/87/1 607/97/1 608/99/1
f 621/100/1 622/98/1 633/90/1
f 680/87/1 608/99/1 609/101/1
f 620/102/1 621/100/1 633/90/1
f 680/87/1 609/101/1 610/103/1
f 619/104/1 620/102/1 633/90/1
f 680/87/1 610/103/1 611/105/1
f 618/106/1 619/104/1 633/90/1
f 680/87/1 611/105/1 612/107/1
f 617/108/1 618/106/1 633/90/1
f 680/87/1 612/107/1 613/109/1
f 616/110/1 617/108/1 633/90/1
f 680/87/1 613/109/1 614/111/1
f 615/112/1 616/110/1 633/90/1
f 680/87/1 614/111/1 615/112/1
f 680/87/1 615/112/1 633/90/1
f 680/87/1 633/90/1 634/113/1
f 679/114/1 680/87/1 634/113/1
f 679/114/1 634/113/1 635/115/1
f 678/116/1 679/114/1 635/115/1
f 678/116/1 635/115/1 636/117/1
f 677/118/1 678/116/1 636/117/1
f 677/118/1 636/117/1 637/119/1
f 676/120/1 677/118/1 637/119/1
f 676/120/1 637/119/1 638/121/1
f 675/122/1 676/120/1 638/121/1
f 675/122/1 638/121/1 639/123/1
f 674/124/1 675/122/1 639/123/1
f 674/124/1 639/123/1 640/125/1
f 673/126/1 674/124/1 640/125/1
f 673/126/1 640/125/1 641/127/1
f 672/128/1 673/126/1 641/127/1
f 672/128/1 641/127/1 642/129/1
f 671/130/1 672/128/1 642/129/1
f 671/130/1 642/129/1 643/131/1
f 670/132/1 671/130/1 643/131/1
f 670/132/1 643/131/1 644/133/1
f 669/134/1 670/132/1 644/133/1
f 668/135/1 669/134/1 644/133/1
f 668/135/1 644/133/1 645/136/1
f 667/137/1 668/135/1 645/136/1
f 667/137/1 645/136/1 646/138/1
f 666/139/1 667/137/1 646/138/1
f 666/139/1 646/138/1 647/140/1
f 666/139/1 647/140/1 648/141/1
f 665/142/1 666/139/1 648/141/1
f 665/142/1 648/141/1 649/143/1
f 664/144/1 665/142/1 649/143/1
f 664/144/1 649/143/1 650/145/1
f 663/146/1 664/144/1 650/145/1
f 663/146/1 650/145/1 651/147/1
f 662/148/1 663/146/1 651/147/1
f 662/148/1 651/147/1 652/149/1
f 661/150/1 662/148/1 652/149/1
f 661/150/1 652/149/1 653/151/1
f 660/152/1 661/150/1 653/151/1
f 660/152/1 653/151/1 654/153/1
f 659/154/1 660/152/1 654/153/1
f 659/154/1 654/153/1 655/155/1
f 658/156/1 659/154/1 655/155/1
f 658/156/1 655/155/1 656/157/1
f 657/158/1 658/156/1 656/157/1
f 736/399/1 737/400/1 738/401/1
f 736/399/1 738/401/1 739/47/1
f 739/47/1 731/51/1 732/402/1
f 739/47/1 732/402/1 733/403/1
f 736/399/1 739/47/1 733/403/1
f 735/404/1 736/399/1 733/403/1
f 735/404/1 733/403/1 734/405/1
f 740/51/1 741/406/1 742/407/1
f 740/51/1 742/407/1 743/408/1
f 740/51/1 743/408/1 744/409/1
f 740/51/1 744/409/1 745/47/1
f 845/249/1 746/51/1 747/250/1
f 845/249/1 747/250/1 748/251/1
f 845/249/1 748/251/1 749/252/1
f 844/253/1 845/249/1 749/252/1
f 844/253/1 749/252/1 750/254/1
f 843/255/1 844/253/1 750/254/1
f 843/255/1 750/254/1 751/256/1
f 842/257/1 843/255/1 751/256/1
f 842/257/1 751/256/1 752/258/1
f 841/259/1 842/257/1 752/258/1
f 841/259/1 752/258/1 753/260/1
f 840/261/1 841/259/1 753/260/1
f 840/261/1 753/260/1 754/262/1
f 839/263/1 840/261/1 754/262/1
f 839/263/1 754/262/1 755/264/1
f 838/265/1 839/263/1 755/264/1
f 838/265/1 755/264/1 756/266/1
f 837/267/1 838/265/1 756/266/1
f 837/267/1 756/266/1 757/268/1
f 836/269/1 837/267/1 757/268/1
f 836/269/1 757/268/1 758/270/1
f 835/271/1 836/269/1 758/270/1
f 835/271/1 758/270/1 759/272/1
f 834/273/1 835/271/1 759/272/1
f 833/274/1 834/273/1 759/272/1
f 833/274/1 759/272/1 760/275/1
f 833/274/1 760/275/1 761/276/1
f 832/277/1 833/274/1 761/276/1
f 832/277/1 761/276/1 762/278/1
f 831/279/1 832/277/1 762/278/1
f 831/279/1 762/278/1 763/280/1
f 830/281/1 831/279/1 763/280/1
f 830/281/1 763/280/1 764/282/1
f 829/283/1 830/281/1 764/282/1
f 829/283/1 764/282/1 765/284/1
f 828/285/1 829/283/1 765/284/1
f 828/285/1 765/284/1 766/286/1
f 827/287/1 828/285/1 766/286/1
f 827/287/1 766/286/1 767/288/1
f 826/289/1 827/287/1 767/288/1
f 826/289/1 767/288/1 768/290/1
f 825/291/1 826/289/1 768/290/1
f 825/291/1 768/290/1 769/292/1
f 824/293/1 825/291/1 769/292/1
f 824/293/1 769/292/1 770/294/1
f 823/295/1 824/293/1 770/294/1
f 823/295/1 770/294/1 872/296/1
f 872/296/1 770/294/1 771/297/1
f 822/298/1 823/295/1 874/299/1
f 874/299/1 823/295/1 873/300/1
f 873/300/1 823/295/1 872/296/1
f 871/301/1 872/296/1 771/297/1
f 822/298/1 874/299/1 875/302/1
f 870/303/1 871/301/1 771/297/1
f 822/298/1 875/302/1 876/304/1
f 869/305/1 870/303/1 771/297/1
f 822/298/1 876/304/1 877/306/1
f 868/307/1 869/305/1 771/297/1
f 822/298/1 877/306/1 878/308/1
f 867/309/1 868/307/1 771/297/1
f 822/298/1 878/308/1 879/310/1
f 866/311/1 867/309/1 771/297/1
f 822/298/1 879/310/1 880/312/1
f 865/313/1 866/311/1 771/297/1
f 822/298/1 880/312/1 881/314/1
f 864/315/1 865/313/1 771/297/1
f 822/298/1 881/314/1 882/316/1
f 863/317/1 864/315/1 771/297/1
f 822/298/1 882/316/1 883/318/1
f 862/319/1 863/317/1 771/297/1
f 822/298/1 883/318/1 884/320/1
f 861/321/1 862/319/1 771/297/1
f 822/298/1 884/320/1 885/322/1
f 860/323/1 861/321/1 771/297/1
f 821/324/1 822/298/1 885/322/1
f 821/324/1 885/322/1 886/325/1
f 859/326/1 860/323/1 771/297/1
f 859/326/1 771/297/1 772/327/1
f 820/328/1 821/324/1 886/325/1
f 820/328/1 886/325/1 887/329/1
f 858/330/1 859/326/1 772/327/1
f 858/330/1 772/327/1 773/331/1
f 820/328/1 887/329/1 888/332/1
f 857/333/1 858/330/1 773/331/1
f 820/328/1 888/332/1 889/334/1
f 856/335/1 857/333/1 773/331/1
f 820/328/1 889/334/1 890/336/1
f 855/337/1 856/335/1 773/331/1
f 820/328/1 890/336/1 891/338/1
f 854/339/1 855/337/1 773/331/1
f 820/328/1 891/338/1 892/340/1
f 853/341/1 854/339/1 773/331/1
f 820/328/1 892/340/1 893/342/1
f 852/343/1 853/341/1 773/331/1
f 820/328/1 893/342/1 894/344/1
f 851/345/1 852/343/1 773/331/1
f 820/328/1 894/344/1 895/346/1
f 850/347/1 851/345/1 773/331/1
f 820/328/1 895/346/1 896/348/1
f 849/349/1 850/347/1 773/331/1
f 820/328/1 896/348/1 897/47/1
f 848/350/1 849/349/1 773/331/1
f 820/328/1 897/47/1 846/351/1
f 847/352/1 848/350/1 773/331/1
f 820/328/1 846/351/1 847/352/1
f 820/328/1 847/352/1 773/331/1
f 820/328/1 773/331/1 774/353/1
f 819/354/1 820/328/1 774/353/1
f 819/354/1 774/353/1 775/355/1
f 818/356/1 819/354/1 775/355/1
f 818/356/1 775/355/1 776/357/1
f 817/358/1 818/356/1 776/357/1
f 817/358/1 776/357/1 777/359/1
f 816/360/1 817/358/1 777/359/1
f 816/360/1 777/359/1 778/361/1
f 815/362/1 816/360/1 778/361/1
f 815/362/1 778/361/1 779/363/1
f 814/364/1 815/362/1 779/363/1
f 814/364/1 779/363/1 780/365/1
f 813/366/1 814/364/1 780/365/1
f 813/366/1 780/365/1 781/367/1
f 812/368/1 813/366/1 781/367/1
f 812/368/1 781/367/1 782/369/1
f 811/370/1 812/368/1 782/369/1
f 811/370/1 782/369/1 783/371/1
f 810/372/1 811/370/1 783/371/1
f 810/372/1 783/371/1 784/373/1
f 809/374/1 810/372/1 784/373/1
f 808/375/1 809/374/1 784/373/1
f 808/375/1 784/373/1 785/376/1
f 807/377/1 808/375/1 785/376/1
f 807/377/1 785/376/1 786/378/1
f 806/379/1 807/377/1 786/378/1
f 806/379/1 786/378/1 787/380/1
f 806/379/1 787/380/1 788/381/1
f 805/382/1 806/379/1 788/381/1
f 805/382/1 788/381/1 789/383/1
f 804/384/1 805/382/1 789/383/1
f 804/384/1 789/383/1 790/385/1
f 803/386/1 804/384/1 790/385/1
f 803/386/1 790/385/1 791/387/1
f 802/388/1 803/386/1 791/387/1
f 802/388/1 791/387/1 792/389/1
f 801/390/1 802/388/1 792/389/1
f 801/390/1 792/389/1 793/391/1
f 800/392/1 801/390/1 793/391/1
f 800/392/1 793/391/1 794/393/1
f 799/394/1 800/392/1 794/393/1
f 799/394/1 794/393/1 795/395/1
f 798/396/1 799/394/1 795/395/1
f 798/396/1 795/395/1 796/397/1
f 797/398/1 798/396/1 796/397/1
f 952/410/1 898/51/1 977/411/1
f 977/411/1 898/51/1 976/412/1
f 976/412/1 898/51/1 975/413/1
f 975/413/1 898/51/1 974/414/1
f 974/414/1 898/51/1 973/415/1
f 973/415/1 898/51/1 972/416/1
f 972/416/1 898/51/1 971/417/1
f 971/417/1 898/51/1 970/418/1
f 970/418/1 898/51/1 899/419/1
f 970/418/1 899/419/1 900/420/1
f 970/418/1 900/420/1 901/421/1
f 970/418/1 901/421/1 902/422/1
f 970/418/1 902/422/1 903/423/1
f 970/418/1 903/423/1 969/424/1
f 969/424/1 903/423/1 904/425/1
f 969/424/1 904/425/1 905/426/1
f 969/424/1 905/426/1 906/427/1
f 969/424/1 906/427/1 907/428/1
f 969/424/1 907/428/1 908/429/1
f 969/424/1 908/429/1 909/430/1
f 969/424/1 909/430/1 910/431/1
f 969/424/1 910/431/1 911/432/1
f 969/424/1 911/432/1 912/433/1
f 969/424/1 912/433/1 968/434/1
f 968/434/1 912/433/1 913/435/1
f 968/434/1 913/435/1 914/436/1
f 968/434/1 914/436/1 915/437/1
f 968/434/1 915/437/1 916/438/1
f 968/434/1 916/438/1 917/439/1
f 968/434/1 917/439/1 918/440/1
f 968/434/1 918/440/1 919/441/1
f 968/434/1 919/441/1 967/442/1
f 967/442/1 919/441/1 920/443/1
f 967/442/1 920/443/1 921/444/1
f 967/442/1 921/444/1 922/445/1
f 967/442/1 922/445/1 966/446/1
f 966/446/1 922/445/1 965/447/1
f 965/447/1 922/445/1 923/448/1
f 964/449/1 965/447/1 923/448/1
f 963/450/1 964/449/1 923/448/1
f 962/451/1 963/450/1 923/448/1
f 961/452/1 962/451/1 923/448/1
f 960/453/1 961/452/1 923/448/1
f 959/454/1 960/453/1 923/448/1
f 958/455/1 959/454/1 923/448/1
f 957/456/1 958/455/1 923/448/1
f 956/457/1 957/456/1 923/448/1
f 952/410/1 977/411/1 978/458/1
f 955/459/1 956/457/1 923/448/1
f 952/410/1 978/458/1 979/460/1
f 954/461/1 955/459/1 923/448/1
f 952/410/1 979/460/1 980/462/1
f 953/463/1 954/461/1 923/448/1
f 953/463/1 923/448/1 924/464/1
f 952/410/1 980/462/1 981/465/1
f 1004/47/1 953/463/1 924/464/1
f 1004/47/1 924/464/1 925/466/1
f 952/410/1 981/465/1 982/467/1
f 1003/468/1 1004/47/1 925/466/1
f 952/410/1 982/467/1 983/469/1
f 1002/470/1 1003/468/1 925/466/1
f 952/410/1 983/469/1 984/471/1
f 1001/472/1 1002/470/1 925/466/1
f 952/410/1 984/471/1 985/473/1
f 1000/474/1 1001/472/1 925/466/1
f 952/410/1 985/473/1 986/475/1
f 999/476/1 1000/474/1 925/466/1
f 952/410/1 986/475/1 987/477/1
f 998/478/1 999/476/1 925/466/1
f 952/410/1 987/477/1 988/479/1
f 997/480/1 998/478/1 925/466/1
f 952/410/1 988/479/1 989/481/1
f 996/482/1 997/480/1 925/466/1
f 952/410/1 989/481/1 990/483/1
f 995/484/1 996/482/1 925/466/1
f 952/410/1 990/483/1 991/485/1
f 994/486/1 995/484/1 925/466/1
f 952/410/1 991/485/1 992/487/1
f 993/488/1 994/486/1 925/466/1
f 952/410/1 992/487/1 950/489/1
f 950/489/1 992/487/1 993/488/1
f 950/489/1 993/488/1 925/466/1
f 950/489/1 925/466/1 926/490/1
f 950/489/1 926/490/1 927/491/1
f 950/489/1 927/491/1 928/492/1
f 950/489/1 928/492/1 929/493/1
f 950/489/1 929/493/1 930/494/1
f 950/489/1 930/494/1 931/495/1
f 950/489/1 931/495/1 932/496/1
f 950/489/1 932/496/1 933/497/1
f 950/489/1 933/497/1 934/498/1
f 950/489/1 934/498/1 935/499/1
f 950/489/1 935/499/1 936/500/1
f 950/489/1 936/500/1 937/501/1
f 950/489/1 937/501/1 938/502/1
f 950/489/1 938/502/1 939/503/1
f 950/489/1 939/503/1 940/504/1
f 950/489/1 940/504/1 941/505/1
f 950/489/1 941/505/1 942/506/1
f 950/489/1 942/506/1 943/507/1
f 950/489/1 943/507/1 944/508/1
f 950/489/1 944/508/1 945/509/1
f 950/489/1 945/509/1 946/510/1
f 950/489/1 946/510/1 947/511/1
f 950/489/1 947/511/1 948/512/1
f 952/410/1 950/489/1 951/404/1
f 949/513/1 950/489/1 948/512/1
f 1137/1/2 1139/3/2 1138/2/2
f 1137/1/2 1140/4/2 1139/3/2
f 1137/1/2 1141/5/2 1140/4/2
f 1136/6/2 1141/5/2 1137/1/2
f 1136/6/2 1142/7/2 1141/5/2
f 1135/8/2 1142/7/2 1136/6/2
f 1135/8/2 1143/9/2 1142/7/2
f 1134/10/2 1143/9/2 1135/8/2
f 1134/10/2 1144/11/2 1143/9/2
f 1133/12/2 1144/11/2 1134/10/2
f 1133/12/2 1145/13/2 1144/11/2
f 1132/14/2 1145/13/2 1133/12/2
f 1132/14/2 1146/15/2 1145/13/2
f 1131/16/2 1146/15/2 1132/14/2
f 1131/16/2 1147/17/2 1146/15/2
f 1130/18/2 1147/17/2 1131/16/2
f 1130/18/2 1148/19/2 1147/17/2
f 1129/20/2 1148/19/2 1130/18/2
f 1129/20/2 1149/21/2 1148/19/2
f 1128/22/2 1149/21/2 1129/20/2
f 1128/22/2 1150/23/2 1149/21/2
f 1127/24/2 1150/23/2 1128/22/2
f 1127/24/2 1151/25/2 1150/23/2
f 1126/26/2 1151/25/2 1127/24/2
f 1125/27/2 1151/25/2 1126/26/2
f 1125/27/2 1152/28/2 1151/25/2
f 1125/27/2 1153/29/2 1152/28/2
f 1124/30/2 1153/29/2 1125/27/2
f 1124/30/2 1154/31/2 1153/29/2
f 1123/32/2 1154/31/2 1124/30/2
f 1123/32/2 1155/33/2 1154/31/2
f 1122/34/2 1155/33/2 1123/32/2
f 1122/34/2 1156/35/2 1155/33/2
f 1121/36/2 1156/35/2 1122/34/2
f 1121/36/2 1157/37/2 1156/35/2
f 1120/38/2 1157/37/2 1121/36/2
f 1120/38/2 1158/39/2 1157/37/2
f 1119/40/2 1158/39/2 1120/38/2
f 1119/40/2 1159/41/2 1158/39/2
f 1118/42/2 1159/41/2 1119/40/2
f 1118/42/2 1160/43/2 1159/41/2
f 1117/44/2 1160/43/2 1118/42/2
f 1117/44/2 1161/45/2 1160/43/2
f 1116/46/2 1161/45/2 1117/44/2
f 1116/46/2 1162/47/2 1161/45/2
f 1115/48/2 1162/47/2 1116/46/2
f 1115/48/2 1020/49/2 1162/47/2
f 1020/49/2 1019/50/2 1162/47/2
f 1019/50/2 1005/51/2 1162/47/2
f 1114/52/2 1022/53/2 1115/48/2
f 1022/53/2 1021/54/2 1115/48/2
f 1021/54/2 1020/49/2 1115/48/2
f 1114/52/2 1023/55/2 1022/53/2
f 1018/56/2 1005/51/2 1019/50/2
f 1114/52/2 1024/57/2 1023/55/2
f 1017/58/2 1005/51/2 1018/56/2
f 1114/52/2 1025/59/2 1024/57/2
f 1016/60/2 1005/51/2 1017/58/2
f 1114/52/2 1026/61/2 1025/59/2
f 1015/62/2 1005/51/2 1016/60/2
f 1114/52/2 1027/63/2 1026/61/2
f 1014/64/2 1005/51/2 1015/62/2
f 1114/52/2 1028/65/2 1027/63/2
f 1013/66/2 1005/51/2 1014/64/2
f 1114/52/2 1029/67/2 1028/65/2
f 1012/68/2 1005/51/2 1013/66/2
f 1114/52/2 1030/69/2 1029/67/2
f 1011/70/2 1005/51/2 1012/68/2
f 1114/52/2 1031/71/2 1030/69/2
f 1010/72/2 1005/51/2 1011/70/2
f 1114/52/2 1032/73/2 1031/71/2
f 1009/74/2 1005/51/2 1010/72/2
f 1114/52/2 1033/75/2 1032/73/2
f 1008/76/2 1005/51/2 1009/74/2
f 1113/77/2 1033/75/2 1114/52/2
f 1113/77/2 1034/78/2 1033/75/2
f 1007/79/2 1005/51/2 1008/76/2
f 1007/79/2 1006/80/2 1005/51/2
f 1061/81/2 1063/83/2 1062/82/2
f 1061/81/2 1060/84/2 1063/83/2
f 1060/84/2 1064/85/2 1063/83/2
f 1059/86/2 1064/85/2 1060/84/2
f 1112/87/2 1034/78/2 1113/77/2
f 1112/87/2 1035/88/2 1034/78/2
f 1058/89/2 1064/85/2 1059/86/2
f 1058/89/2 1065/90/2 1064/85/2
f 1112/87/2 1036/91/2 1035/88/2
f 1057/92/2 1065/90/2 1058/89/2
f 1112/87/2 1037/93/2 1036/91/2
f 1056/94/2 1065/90/2 1057/92/2
f 1112/87/2 1038/95/2 1037/93/2
f 1055/96/2 1065/90/2 1056/94/2
f 1112/87/2 1039/97/2 1038/95/2
f 1054/98/2 1065/90/2 1055/96/2
f 1112/87/2 1040/99/2 1039/97/2
f 1053/100/2 1065/90/2 1054/98/2
f 1112/87/2 1041/101/2 1040/99/2
f 1052/102/2 1065/90/2 1053/100/2
f 1112/87/2 1042/103/2 1041/101/2
f 1051/104/2 1065/90/2 1052/102/2
f 1112/87/2 1043/105/2 1042/103/2
f 1050/106/2 1065/90/2 1051/104/2
f 1112/87/2 1044/107/2 1043/105/2
f 1049/108/2 1065/90/2 1050/106/2
f 1112/87/2 1045/109/2 1044/107/2
f 1048/110/2 1065/90/2 1049/108/2
f 1112/87/2 1046/111/2 1045/109/2
f 1047/112/2 1065/90/2 1048/110/2
f 1112/87/2 1047/112/2 1046/111/2
f 1112/87/2 1065/90/2 1047/112/2
f 1112/87/2 1066/113/2 1065/90/2
f 1111/114/2 1066/113/2 1112/87/2
f 1111/114/2 1067/115/2 1066/113/2
f 1110/116/2 1067/115/2 1111/114/2
f 1110/116/2 1068/117/2 1067/115/2
f 1109/118/2 1068/117/2 1110/116/2
f 1109/118/2 1069/119/2 1068/117/2
f 1108/120/2 1069/119/2 1109/118/2
f 1108/120/2 1070/121/2 1069/119/2
f 1107/122/2 1070/121/2 1108/120/2
f 1107/122/2 1071/123/2 1070/121/2
f 1106/124/2 1071/123/2 1107/122/2
f 1106/124/2 1072/125/2 1071/123/2
f 1105/126/2 1072/125/2 1106/124/2
f 1105/126/2 1073/127/2 1072/125/2
f 1104/128/2 1073/127/2 1105/126/2
f 1104/128/2 1074/129/2 1073/127/2
f 1103/130/2 1074/129/2 1104/128/2
f 1103/130/2 1075/131/2 1074/129/2
f 1102/132/2 1075/131/2 1103/130/2
f 1102/132/2 1076/133/2 1075/131/2
f 1101/134/2 1076/133/2 1102/132/2
f 1100/135/2 1076/133/2 1101/134/2
f 1100/135/2 1077/136/2 1076/133/2
f 1099/137/2 1077/136/2 1100/135/2
f 1099/137/2 1078/138/2 1077/136/2
f 1098/139/2 1078/138/2 1099/137/2
f 1098/139/2 1079/140/2 1078/138/2
f 1098/139/2 1080/141/2 1079/140/2
f 1097/142/2 1080/141/2 1098/139/2
f 1097/142/2 1081/143/2 1080/141/2
f 1096/144/2 1081/143/2 1097/142/2
f 1096/144/2 1082/145/2 1081/143/2
f 1095/146/2 1082/145/2 1096/144/2
f 1095/146/2 1083/147/2 1082/145/2
f 1094/148/2 1083/147/2 1095/146/2
f 1094/148/2 1084/149/2 1083/147/2
f 1093/150/2 1084/149/2 1094/148/2
f 1093/150/2 1085/151/2 1084/149/2
f 1092/152/2 1085/151/2 1093/150/2
f 1092/152/2 1086/153/2 1085/151/2
f 1091/154/2 1086/153/2 1092/152/2
f 1091/154/2 1087/155/2 1086/153/2
f 1090/156/2 1087/155/2 1091/154/2
f 1090/156/2 1088/157/2 1087/155/2
f 1089/158/2 1088/157/2 1090/156/2
f 1170/159/2 1172/47/2 1171/160/2
f 1170/159/2 1168/161/2 1172/47/2
f 1168/161/2 1163/51/2 1172/47/2
f 1163/51/2 1165/163/2 1164/162/2
f 1163/51/2 1166/164/2 1165/163/2
f 1170/159/2 1169/165/2 1168/161/2
f 1167/166/2 1163/51/2 1168/161/2
f 1167/166/2 1166/164/2 1163/51/2
f 1228/167/2 1174/168/2 1173/51/2
f 1228/167/2 1175/169/2 1174/168/2
f 1228/167/2 1176/170/2 1175/169/2
f 1227/171/2 1176/170/2 1228/167/2
f 1227/171/2 1177/172/2 1176/170/2
f 1226/173/2 1177/172/2 1227/171/2
f 1226/173/2 1178/174/2 1177/172/2
f 1225/175/2 1178/174/2 1226/173/2
f 1225/175/2 1179/176/2 1178/174/2
f 1224/177/2 1179/176/2 1225/175/2
f 1224/177/2 1180/178/2 1179/176/2
f 1223/179/2 1180/178/2 1224/177/2
f 1223/179/2 1181/180/2 1180/178/2
f 1222/181/2 1181/180/2 1223/179/2
f 1222/181/2 1182/182/2 1181/180/2
f 1221/183/2 1182/182/2 1222/181/2
f 1221/183/2 1183/184/2 1182/182/2
f 1220/185/2 1183/184/2 1221/183/2
f 1220/185/2 1184/186/2 1183/184/2
f 1219/187/2 1184/186/2 1220/185/2
f 1219/187/2 1185/188/2 1184/186/2
f 1218/189/2 1185/188/2 1219/187/2
f 1218/189/2 1186/190/2 1185/188/2
f 1217/191/2 1186/190/2 1218/189/2
f 1216/192/2 1186/190/2 1217/191/2
f 1216/192/2 1187/193/2 1186/190/2
f 1216/192/2 1188/194/2 1187/193/2
f 1215/195/2 1188/194/2 1216/192/2
f 1215/195/2 1189/196/2 1188/194/2
f 1214/197/2 1189/196/2 1215/195/2
f 1214/197/2 1190/198/2 1189/196/2
f 1213/199/2 1190/198/2 1214/197/2
f 1213/199/2 1191/200/2 1190/198/2
f 1212/201/2 1191/200/2 1213/199/2
f 1212/201/2 1192/202/2 1191/200/2
f 1211/203/2 1192/202/2 1212/201/2
f 1211/203/2 1193/204/2 1192/202/2
f 1210/205/2 1193/204/2 1211/203/2
f 1210/205/2 1194/206/2 1193/204/2
f 1209/207/2 1194/206/2 1210/205/2
f 1209/207/2 1195/208/2 1194/206/2
f 1208/209/2 1195/208/2 1209/207/2
f 1208/209/2 1196/210/2 1195/208/2
f 1207/211/2 1196/210/2 1208/209/2
f 1207/211/2 1197/212/2 1196/210/2
f 1206/213/2 1197/212/2 1207/211/2
f 1206/213/2 1243/214/2 1197/212/2
f 1243/214/2 1242/215/2 1197/212/2
f 1242/215/2 1198/216/2 1197/212/2
f 1205/217/2 1245/218/2 1206/213/2
f 1245/218/2 1244/219/2 1206/213/2
f 1244/219/2 1243/214/2 1206/213/2
f 1205/217/2 1246/220/2 1245/218/2
f 1241/221/2 1198/216/2 1242/215/2
f 1205/217/2 1247/222/2 1246/220/2
f 1240/223/2 1198/216/2 1241/221/2
f 1205/217/2 1248/224/2 1247/222/2
f 1239/225/2 1198/216/2 1240/223/2
f 1205/217/2 1249/226/2 1248/224/2
f 1238/227/2 1198/216/2 1239/225/2
f 1205/217/2 1250/228/2 1249/226/2
f 1237/229/2 1198/216/2 1238/227/2
f 1205/217/2 1251/230/2 1250/228/2
f 1236/231/2 1198/216/2 1237/229/2
f 1205/217/2 1252/232/2 1251/230/2
f 1235/233/2 1198/216/2 1236/231/2
f 1205/217/2 1253/234/2 1252/232/2
f 1234/235/2 1198/216/2 1235/233/2
f 1205/217/2 1254/236/2 1253/234/2
f 1233/237/2 1198/216/2 1234/235/2
f 1205/217/2 1255/238/2 1254/236/2
f 1232/239/2 1198/216/2 1233/237/2
f 1205/217/2 1256/47/2 1255/238/2
f 1231/240/2 1198/216/2 1232/239/2
f 1204/241/2 1256/47/2 1205/217/2
f 1204/241/2 1229/242/2 1256/47/2
f 1230/243/2 1198/216/2 1231/240/2
f 1230/243/2 1199/244/2 1198/216/2
f 1204/241/2 1202/245/2 1229/242/2
f 1202/245/2 1230/243/2 1229/242/2
f 1202/245/2 1201/246/2 1230/243/2
f 1201/246/2 1199/244/2 1230/243/2
f 1204/241/2 1203/247/2 1202/245/2
f 1200/248/2 1199/244/2 1201/246/2
f 1389/1/2 1391/3/2 1390/2/2
f 1389/1/2 1392/4/2 1391/3/2
f 1389/1/2 1393/5/2 1392/4/2
f 1388/6/2 1393/5/2 1389/1/2
f 1388/6/2 1394/7/2 1393/5/2
f 1387/8/2 1394/7/2 1388/6/2
f 1387/8/2 1395/9/2 1394/7/2
f 1386/10/2 1395/9/2 1387/8/2
f 1386/10/2 1396/11/2 1395/9/2
f 1385/12/2 1396/11/2 1386/10/2
f 1385/12/2 1397/13/2 1396/11/2
f 1384/14/2 1397/13/2 1385/12/2
f 1384/14/2 1398/15/2 1397/13/2
f 1383/16/2 1398/15/2 1384/14/2
f 1383/16/2 1399/17/2 1398/15/2
f 1382/18/2 1399/17/2 1383/16/2
f 1382/18/2 1400/19/2 1399/17/2
f 1381/20/2 1400/19/2 1382/18/2
f 1381/20/2 1401/21/2 1400/19/2
f 1380/22/2 1401/21/2 1381/20/2
f 1380/22/2 1402/23/2 1401/21/2
f 1379/24/2 1402/23/2 1380/22/2
f 1379/24/2 1403/25/2 1402/23/2
f 1378/26/2 1403/25/2 1379/24/2
f 1377/27/2 1403/25/2 1378/26/2
f 1377/27/2 1404/28/2 1403/25/2
f 1377/27/2 1405/29/2 1404/28/2
f 1376/30/2 1405/29/2 1377/27/2
f 1376/30/2 1406/31/2 1405/29/2
f 1375/32/2 1406/31/2 1376/30/2
f 1375/32/2 1407/33/2 1406/31/2
f 1374/34/2 1407/33/2 1375/32/2
f 1374/34/2 1408/35/2 1407/33/2
f 1373/36/2 1408/35/2 1374/34/2
f 1373/36/2 1409/37/2 1408/35/2
f 1372/38/2 1409/37/2 1373/36/2
f 1372/38/2 1410/39/2 1409/37/2
f 1371/40/2 1410/39/2 1372/38/2
f 1371/40/2 1411/41/2 1410/39/2
f 1370/42/2 1411/41/2 1371/40/2
f 1370/42/2 1412/43/2 1411/41/2
f 1369/44/2 1412/43/2 1370/42/2
f 1369/44/2 1413/45/2 1412/43/2
f 1368/46/2 1413/45/2 1369/44/2
f 1368/46/2 1414/47/2 1413/45/2
f 1367/48/2 1414/47/2 1368/46/2
f 1367/48/2 1272/49/2 1414/47/2
f 1272/49/2 1271/50/2 1414/47/2
f 1271/50/2 1257/51/2 1414/47/2
f 1366/52/2 1274/53/2 1367/48/2
f 1274/53/2 1273/54/2 1367/48/2
f 1273/54/2 1272/49/2 1367/48/2
f 1366/52/2 1275/55/2 1274/53/2
f 1270/56/2 1257/51/2 1271/50/2
f 1366/52/2 1276/57/2 1275/55/2
f 1269/58/2 1257/51/2 1270/56/2
f 1366/52/2 1277/59/2 1276/57/2
f 1268/60/2 1257/51/2 1269/58/2
f 1366/52/2 1278/61/2 1277/59/2
f 1267/62/2 1257/51/2 1268/60/2
f 1366/52/2 1279/63/2 1278/61/2
f 1266/64/2 1257/51/2 1267/62/2
f 1366/52/2 1280/65/2 1279/63/2
f 1265/66/2 1257/51/2 1266/64/2
f 1366/52/2 1281/67/2 1280/65/2
f 1264/68/2 1257/51/2 1265/66/2
f 1366/52/2 1282/69/2 1281/67/2
f 1263/70/2 1257/51/2 1264/68/2
f 1366/52/2 1283/71/2 1282/69/2
f 1262/72/2 1257/51/2 1263/70/2
f 1366/52/2 1284/73/2 1283/71/2
f 1261/74/2 1257/51/2 1262/72/2
f 1366/52/2 1285/75/2 1284/73/2
f 1260/76/2 1257/51/2 1261/74/2
f 1365/77/2 1285/75/2 1366/52/2
f 1365/77/2 1286/78/2 1285/75/2
f 1259/79/2 1257/51/2 1260/76/2
f 1259/79/2 1258/80/2 1257/51/2
f 1313/81/2 1315/83/2 1314/82/2
f 1313/81/2 1312/84/2 1315/83/2
f 1312/84/2 1316/85/2 1315/83/2
f 1311/86/2 1316/85/2 1312/84/2
f 1364/87/2 1286/78/2 1365/77/2
f 1364/87/2 1287/88/2 1286/78/2
f 1310/89/2 1316/85/2 1311/86/2
f 1310/89/2 1317/90/2 1316/85/2
f 1364/87/2 1288/91/2 1287/88/2
f 1309/92/2 1317/90/2 1310/89/2
f 1364/87/2 1289/93/2 1288/91/2
f 1308/94/2 1317/90/2 1309/92/2
f 1364/87/2 1290/95/2 1289/93/2
f 1307/96/2 1317/90/2 1308/94/2
f 1364/87/2 1291/97/2 1290/95/2
f 1306/98/2 1317/90/2 1307/96/2
f 1364/87/2 1292/99/2 1291/97/2
f 1305/100/2 1317/90/2 1306/98/2
f 1364/87/2 1293/101/2 1292/99/2
f 1304/102/2 1317/90/2 1305/100/2
f 1364/87/2 1294/103/2 1293/101/2
f 1303/104/2 1317/90/2 1304/102/2
f 1364/87/2 1295/105/2 1294/103/2
f 1302/106/2 1317/90/2 1303/104/2
f 1364/87/2 1296/107/2 1295/105/2
f 1301/108/2 1317/90/2 1302/106/2
f 1364/87/2 1297/109/2 1296/107/2
f 1300/110/2 1317/90/2 1301/108/2
f 1364/87/2 1298/111/2 1297/109/2
f 1299/112/2 1317/90/2 1300/110/2
f 1364/87/2 1299/112/2 1298/111/2
f 1364/87/2 1317/90/2 1299/112/2
f 1364/87/2 1318/113/2 1317/90/2
f 1363/114/2 1318/113/2 1364/87/2
f 1363/114/2 1319/115/2 1318/113/2
f 1362/116/2 1319/115/2 1363/114/2
f 1362/116/2 1320/117/2 1319/115/2
f 1361/118/2 1320/117/2 1362/116/2
f 1361/118/2 1321/119/2 1320/117/2
f 1360/120/2 1321/119/2 1361/118/2
f 1360/120/2 1322/121/2 1321/119/2
f 1359/122/2 1322/121/2 1360/120/2
f 1359/122/2 1323/123/2 1322/121/2
f 1358/124/2 1323/123/2 1359/122/2
f 1358/124/2 1324/125/2 1323/123/2
f 1357/126/2 1324/125/2 1358/124/2
f 1357/126/2 1325/127/2 1324/125/2
f 1356/128/2 1325/127/2 1357/126/2
f 1356/128/2 1326/129/2 1325/127/2
f 1355/130/2 1326/129/2 1356/128/2
f 1355/130/2 1327/131/2 1326/129/2
f 1354/132/2 1327/131/2 1355/130/2
f 1354/132/2 1328/133/2 1327/131/2
f 1353/134/2 1328/133/2 1354/132/2
f 1352/135/2 1328/133/2 1353/134/2
f 1352/135/2 1329/136/2 1328/133/2
f 1351/137/2 1329/136/2 1352/135/2
f 1351/137/2 1330/138/2 1329/136/2
f 1350/139/2 1330/138/2 1351/137/2
f 1350/139/2 1331/140/2 1330/138/2
f 1350/139/2 1332/141/2 1331/140/2
f 1349/142/2 1332/141/2 1350/139/2
f 1349/142/2 1333/143/2 1332/141/2
f 1348/144/2 1333/143/2 1349/142/2
f 1348/144/2 1334/145/2 1333/143/2
f 1347/146/2 1334/145/2 1348/144/2
f 1347/146/2 1335/147/2 1334/145/2
f 1346/148/2 1335/147/2 1347/146/2
f 1346/148/2 1336/149/2 1335/147/2
f 1345/150/2 1336/149/2 1346/148/2
f 1345/150/2 1337/151/2 1336/149/2
f 1344/152/2 1337/151/2 1345/150/2
f 1344/152/2 1338/153/2 1337/151/2
f 1343/154/2 1338/153/2 1344/152/2
f 1343/154/2 1339/155/2 1338/153/2
f 1342/156/2 1339/155/2 1343/154/2
f 1342/156/2 1340/157/2 1339/155/2
f 1341/158/2 1340/157/2 1342/156/2
f 1422/159/2 1424/47/2 1423/160/2
f 1422/159/2 1420/161/2 1424/47/2
f 1420/161/2 1415/51/2 1424/47/2
f 1415/51/2 1417/163/2 1416/162/2
f 1415/51/2 1418/164/2 1417/163/2
f 1422/159/2 1421/165/2 1420/161/2
f 1419/166/2 1415/51/2 1420/161/2
f 1419/166/2 1418/164/2 1415/51/2
f 1524/249/2 1426/250/2 1425/51/2
f 1524/249/2 1427/251/2 1426/250/2
f 1524/249/2 1428/252/2 1427/251/2
f 1523/253/2 1428/252/2 1524/249/2
f 1523/253/2 1429/254/2 1428/252/2
f 1522/255/2 1429/254/2 1523/253/2
f 1522/255/2 1430/256/2 1429/254/2
f 1521/257/2 1430/256/2 1522/255/2
f 1521/257/2 1431/258/2 1430/256/2
f 1520/259/2 1431/258/2 1521/257/2
f 1520/259/2 1432/260/2 1431/258/2
f 1519/261/2 1432/260/2 1520/259/2
f 1519/261/2 1433/262/2 1432/260/2
f 1518/263/2 1433/262/2 1519/261/2
f 1518/263/2 1434/264/2 1433/262/2
f 1517/265/2 1434/264/2 1518/263/2
f 1517/265/2 1435/266/2 1434/264/2
f 1516/267/2 1435/266/2 1517/265/2
f 1516/267/2 1436/268/2 1435/266/2
f 1515/269/2 1436/268/2 1516/267/2
f 1515/269/2 1437/270/2 1436/268/2
f 1514/271/2 1437/270/2 1515/269/2
f 1514/271/2 1438/272/2 1437/270/2
f 1513/273/2 1438/272/2 1514/271/2
f 1512/274/2 1438/272/2 1513/273/2
f 1512/274/2 1439/275/2 1438/272/2
f 1512/274/2 1440/276/2 1439/275/2
f 1511/277/2 1440/276/2 1512/274/2
f 1511/277/2 1441/278/2 1440/276/2
f 1510/279/2 1441/278/2 1511/277/2
f 1510/279/2 1442/280/2 1441/278/2
f 1509/281/2 1442/280/2 1510/279/2
f 1509/281/2 1443/282/2 1442/280/2
f 1508/283/2 1443/282/2 1509/281/2
f 1508/283/2 1444/284/2 1443/282/2
f 1507/285/2 1444/284/2 1508/283/2
f 1507/285/2 1445/286/2 1444/284/2
f 1506/287/2 1445/286/2 1507/285/2
f 1506/287/2 1446/288/2 1445/286/2
f 1505/289/2 1446/288/2 1506/287/2
f 1505/289/2 1447/290/2 1446/288/2
f 1504/291/2 1447/290/2 1505/289/2
f 1504/291/2 1448/292/2 1447/290/2
f 1503/293/2 1448/292/2 1504/291/2
f 1503/293/2 1449/294/2 1448/292/2
f 1502/295/2 1449/294/2 1503/293/2
f 1502/295/2 1551/296/2 1449/294/2
f 1551/296/2 1450/297/2 1449/294/2
f 1501/298/2 1553/299/2 1502/295/2
f 1553/299/2 1552/300/2 1502/295/2
f 1552/300/2 1551/296/2 1502/295/2
f 1550/301/2 1450/297/2 1551/296/2
f 1501/298/2 1554/302/2 1553/299/2
f 1549/303/2 1450/297/2 1550/301/2
f 1501/298/2 1555/304/2 1554/302/2
f 1548/305/2 1450/297/2 1549/303/2
f 1501/298/2 1556/306/2 1555/304/2
f 1547/307/2 1450/297/2 1548/305/2
f 1501/298/2 1557/308/2 1556/306/2
f 1546/309/2 1450/297/2 1547/307/2
f 1501/298/2 1558/310/2 1557/308/2
f 1545/311/2 1450/297/2 1546/309/2
f 1501/298/2 1559/312/2 1558/310/2
f 1544/313/2 1450/297/2 1545/311/2
f 1501/298/2 1560/314/2 1559/312/2
f 1543/315/2 1450/297/2 1544/313/2
f 1501/298/2 1561/316/2 1560/314/2
f 1542/317/2 1450/297/2 1543/315/2
f 1501/298/2 1562/318/2 1561/316/2
f 1541/319/2 1450/297/2 1542/317/2
f 1501/298/2 1563/320/2 1562/318/2
f 1540/321/2 1450/297/2 1541/319/2
f 1501/298/2 1564/322/2 1563/320/2
f 1539/323/2 1450/297/2 1540/321/2
f 1500/324/2 1564/322/2 1501/298/2
f 1500/324/2 1565/325/2 1564/322/2
f 1538/326/2 1450/297/2 1539/323/2
f 1538/326/2 1451/327/2 1450/297/2
f 1499/328/2 1565/325/2 1500/324/2
f 1499/328/2 1566/329/2 1565/325/2
f 1537/330/2 1451/327/2 1538/326/2
f 1537/330/2 1452/331/2 1451/327/2
f 1499/328/2 1567/332/2 1566/329/2
f 1536/333/2 1452/331/2 1537/330/2
f 1499/328/2 1568/334/2 1567/332/2
f 1535/335/2 1452/331/2 1536/333/2
f 1499/328/2 1569/336/2 1568/334/2
f 1534/337/2 1452/331/2 1535/335/2
f 1499/328/2 1570/338/2 1569/336/2
f 1533/339/2 1452/331/2 1534/337/2
f 1499/328/2 1571/340/2 1570/338/2
f 1532/341/2 1452/331/2 1533/339/2
f 1499/328/2 1572/342/2 1571/340/2
f 1531/343/2 1452/331/2 1532/341/2
f 1499/328/2 1573/344/2 1572/342/2
f 1530/345/2 1452/331/2 1531/343/2
f 1499/328/2 1574/346/2 1573/344/2
f 1529/347/2 1452/331/2 1530/345/2
f 1499/328/2 1575/348/2 1574/346/2
f 1528/349/2 1452/331/2 1529/347/2
f 1499/328/2 1576/47/2 1575/348/2
f 1527/350/2 1452/331/2 1528/349/2
f 1499/328/2 1525/351/2 1576/47/2
f 1526/352/2 1452/331/2 1527/350/2
f 1499/328/2 1526/352/2 1525/351/2
f 1499/328/2 1452/331/2 1526/352/2
f 1499/328/2 1453/353/2 1452/331/2
f 1498/354/2 1453/353/2 1499/328/2
f 1498/354/2 1454/355/2 1453/353/2
f 1497/356/2 1454/355/2 1498/354/2
f 1497/356/2 1455/357/2 1454/355/2
f 1496/358/2 1455/357/2 1497/356/2
f 1496/358/2 1456/359/2 1455/357/2
f 1495/360/2 1456/359/2 1496/358/2
f 1495/360/2 1457/361/2 1456/359/2
f 1494/362/2 1457/361/2 1495/360/2
f 1494/362/2 1458/363/2 1457/361/2
f 1493/364/2 1458/363/2 1494/362/2
f 1493/364/2 1459/365/2 1458/363/2
f 1492/366/2 1459/365/2 1493/364/2
f 1492/366/2 1460/367/2 1459/365/2
f 1491/368/2 1460/367/2 1492/366/2
f 1491/368/2 1461/369/2 1460/367/2
f 1490/370/2 1461/369/2 1491/368/2
f 1490/370/2 1462/371/2 1461/369/2
f 1489/372/2 1462/371/2 1490/370/2
f 1489/372/2 1463/373/2 1462/371/2
f 1488/374/2 1463/373/2 1489/372/2
f 1487/375/2 1463/373/2 1488/374/2
f 1487/375/2 1464/376/2 1463/373/2
f 1486/377/2 1464/376/2 1487/375/2
f 1486/377/2 1465/378/2 1464/376/2
f 1485/379/2 1465/378/2 1486/377/2
f 1485/379/2 1466/380/2 1465/378/2
f 1485/379/2 1467/381/2 1466/380/2
f 1484/382/2 1467/381/2 1485/379/2
f 1484/382/2 1468/383/2 1467/381/2
f 1483/384/2 1468/383/2 1484/382/2
f 1483/384/2 1469/385/2 1468/383/2
f 1482/386/2 1469/385/2 1483/384/2
f 1482/386/2 1470/387/2 1469/385/2
f 1481/388/2 1470/387/2 1482/386/2
f 1481/388/2 1471/389/2 1470/387/2
f 1480/390/2 1471/389/2 1481/388/2
f 1480/390/2 1472/391/2 1471/389/2
f 1479/392/2 1472/391/2 1480/390/2
f 1479/392/2 1473/393/2 1472/391/2
f 1478/394/2 1473/393/2 1479/392/2
f 1478/394/2 1474/395/2 1473/393/2
f 1477/396/2 1474/395/2 1478/394/2
f 1477/396/2 1475/397/2 1474/395/2
f 1476/398/2 1475/397/2 1477/396/2
f 1709/1/2 1711/3/2 1710/2/2
f 1709/1/2 1712/4/2 1711/3/2
f 1709/1/2 1713/5/2 1712/4/2
f 1708/6/2 1713/5/2 1709/1/2
f 1708/6/2 1714/7/2 1713/5/2
f 1707/8/2 1714/7/2 1708/6/2
f 1707/8/2 1715/9/2 1714/7/2
f 1706/10/2 1715/9/2 1707/8/2
f 1706/10/2 1716/11/2 1715/9/2
f 1705/12/2 1716/11/2 1706/10/2
f 1705/12/2 1717/13/2 1716/11/2
f 1704/14/2 1717/13/2 1705/12/2
f 1704/14/2 1718/15/2 1717/13/2
f 1703/16/2 1718/15/2 1704/14/2
f 1703/16/2 1719/17/2 1718/15/2
f 1702/18/2 1719/17/2 1703/16/2
f 1702/18/2 1720/19/2 1719/17/2
f 1701/20/2 1720/19/2 1702/18/2
f 1701/20/2 1721/21/2 1720/19/2
f 1700/22/2 1721/21/2 1701/20/2
f 1700/22/2 1722/23/2 1721/21/2
f 1699/24/2 1722/23/2 1700/22/2
f 1699/24/2 1723/25/2 1722/23/2
f 1698/26/2 1723/25/2 1699/24/2
f 1697/27/2 1723/25/2 1698/26/2
f 1697/27/2 1724/28/2 1723/25/2
f 1697/27/2 1725/29/2 1724/28/2
f 1696/30/2 1725/29/2 1697/27/2
f 1696/30/2 1726/31/2 1725/29/2
f 1695/32/2 1726/31/2 1696/30/2
f 1695/32/2 1727/33/2 1726/31/2
f 1694/34/2 1727/33/2 1695/32/2
f 1694/34/2 1728/35/2 1727/33/2
f 1693/36/2 1728/35/2 1694/34/2
f 1693/36/2 1729/37/2 1728/35/2
f 1692/38/2 1729/37/2 1693/36/2
f 1692/38/2 1730/39/2 1729/37/2
f 1691/40/2 1730/39/2 1692/38/2
f 1691/40/2 1731/41/2 1730/39/2
f 1690/42/2 1731/41/2 1691/40/2
f 1690/42/2 1732/43/2 1731/41/2
f 1689/44/2 1732/43/2 1690/42/2
f 1689/44/2 1733/45/2 1732/43/2
f 1688/46/2 1733/45/2 1689/44/2
f 1688/46/2 1734/47/2 1733/45/2
f 1687/48/2 1734/47/2 1688/46/2
f 1687/48/2 1592/49/2 1734/47/2
f 1592/49/2 1591/50/2 1734/47/2
f 1591/50/2 1577/51/2 1734/47/2
f 1686/52/2 1594/53/2 1687/48/2
f 1594/53/2 1593/54/2 1687/48/2
f 1593/54/2 1592/49/2 1687/48/2
f 1686/52/2 1595/55/2 1594/53/2
f 1590/56/2 1577/51/2 1591/50/2
f 1686/52/2 1596/57/2 1595/55/2
f 1589/58/2 1577/51/2 1590/56/2
f 1686/52/2 1597/59/2 1596/57/2
f 1588/60/2 1577/51/2 1589/58/2
f 1686/52/2 1598/61/2 1597/59/2
f 1587/62/2 1577/51/2 1588/60/2
f 1686/52/2 1599/63/2 1598/61/2
f 1586/64/2 1577/51/2 1587/62/2
f 1686/52/2 1600/65/2 1599/63/2
f 1585/66/2 1577/51/2 1586/64/2
f 1686/52/2 1601/67/2 1600/65/2
f 1584/68/2 1577/51/2 1585/66/2
f 1686/52/2 1602/69/2 1601/67/2
f 1583/70/2 1577/51/2 1584/68/2
f 1686/52/2 1603/71/2 1602/69/2
f 1582/72/2 1577/51/2 1583/70/2
f 1686/52/2 1604/73/2 1603/71/2
f 1581/74/2 1577/51/2 1582/72/2
f 1686/52/2 1605/75/2 1604/73/2
f 1580/76/2 1577/51/2 1581/74/2
f 1685/77/2 1605/75/2 1686/52/2
f 1685/77/2 1606/78/2 1605/75/2
f 1579/79/2 1577/51/2 1580/76/2
f 1579/79/2 1578/80/2 1577/51/2
f 1633/81/2 1635/83/2 1634/82/2
f 1633/81/2 1632/84/2 1635/83/2
f 1632/84/2 1636/85/2 1635/83/2
f 1631/86/2 1636/85/2 1632/84/2
f 1684/87/2 1606/78/2 1685/77/2
f 1684/87/2 1607/88/2 1606/78/2
f 1630/89/2 1636/85/2 1631/86/2
f 1630/89/2 1637/90/2 1636/85/2
f 1684/87/2 1608/91/2 1607/88/2
f 1629/92/2 1637/90/2 1630/89/2
f 1684/87/2 1609/93/2 1608/91/2
f 1628/94/2 1637/90/2 1629/92/2
f 1684/87/2 1610/95/2 1609/93/2
f 1627/96/2 1637/90/2 1628/94/2
f 1684/87/2 1611/97/2 1610/95/2
f 1626/98/2 1637/90/2 1627/96/2
f 1684/87/2 1612/99/2 1611/97/2
f 1625/100/2 1637/90/2 1626/98/2
f 1684/87/2 1613/101/2 1612/99/2
f 1624/102/2 1637/90/2 1625/100/2
f 1684/87/2 1614/103/2 1613/101/2
f 1623/104/2 1637/90/2 1624/102/2
f 1684/87/2 1615/105/2 1614/103/2
f 1622/106/2 1637/90/2 1623/104/2
f 1684/87/2 1616/107/2 1615/105/2
f 1621/108/2 1637/90/2 1622/106/2
f 1684/87/2 1617/109/2 1616/107/2
f 1620/110/2 1637/90/2 1621/108/2
f 1684/87/2 1618/111/2 1617/109/2
f 1619/112/2 1637/90/2 1620/110/2
f 1684/87/2 1619/112/2 1618/111/2
f 1684/87/2 1637/90/2 1619/112/2
f 1684/87/2 1638/113/2 1637/90/2
f 1683/114/2 1638/113/2 1684/87/2
f 1683/114/2 1639/115/2 1638/113/2
f 1682/116/2 1639/115/2 1683/114/2
f 1682/116/2 1640/117/2 1639/115/2
f 1681/118/2 1640/117/2 1682/116/2
f 1681/118/2 1641/119/2 1640/117/2
f 1680/120/2 1641/119/2 1681/118/2
f 1680/120/2 1642/121/2 1641/119/2
f 1679/122/2 1642/121/2 1680/120/2
f 1679/122/2 1643/123/2 1642/121/2
f 1678/124/2 1643/123/2 1679/122/2
f 1678/124/2 1644/125/2 1643/123/2
f 1677/126/2 1644/125/2 1678/124/2
f 1677/126/2 1645/127/2 1644/125/2
f 1676/128/2 1645/127/2 1677/126/2
f 1676/128/2 1646/129/2 1645/127/2
f 1675/130/2 1646/129/2 1676/128/2
f 1675/130/2 1647/131/2 1646/129/2
f 1674/132/2 1647/131/2 1675/130/2
f 1674/132/2 1648/133/2 1647/131/2
f 1673/134/2 1648/133/2 1674/132/2
f 1672/135/2 1648/133/2 1673/134/2
f 1672/135/2 1649/136/2 1648/133/2
f 1671/137/2 1649/136/2 1672/135/2
f 1671/137/2 1650/138/2 1649/136/2
f 1670/139/2 1650/138/2 1671/137/2
f 1670/139/2 1651/140/2 1650/138/2
f 1670/139/2 1652/141/2 1651/140/2
f 1669/142/2 1652/141/2 1670/139/2
f 1669/142/2 1653/143/2 1652/141/2
f 1668/144/2 1653/143/2 1669/142/2
f 1668/144/2 1654/145/2 1653/143/2
f 1667/146/2 1654/145/2 1668/144/2
f 1667/146/2 1655/147/2 1654/145/2
f 1666/148/2 1655/147/2 1667/146/2
f 1666/148/2 1656/149/2 1655/147/2
f 1665/150/2 1656/149/2 1666/148/2
f 1665/150/2 1657/151/2 1656/149/2
f 1664/152/2 1657/151/2 1665/150/2
f 1664/152/2 1658/153/2 1657/151/2
f 1663/154/2 1658/153/2 1664/152/2
f 1663/154/2 1659/155/2 1658/153/2
f 1662/156/2 1659/155/2 1663/154/2
f 1662/156/2 1660/157/2 1659/155/2
f 1661/158/2 1660/157/2 1662/156/2
f 1740/399/2 1742/401/2 1741/400/2
f 1740/399/2 1743/47/2 1742/401/2
f 1743/47/2 1736/402/2 1735/51/2
f 1743/47/2 1737/403/2 1736/402/2
f 1740/399/2 1737/403/2 1743/47/2
f 1739/404/2 1737/403/2 1740/399/2
f 1739/404/2 1738/405/2 1737/403/2
f 1744/51/2 1746/407/2 1745/406/2
f 1744/51/2 1747/408/2 1746/407/2
f 1744/51/2 1748/409/2 1747/408/2
f 1744/51/2 1749/47/2 1748/409/2
f 1849/249/2 1751/250/2 1750/51/2
f 1849/249/2 1752/251/2 1751/250/2
f 1849/249/2 1753/252/2 1752/251/2
f 1848/253/2 1753/252/2 1849/249/2
f 1848/253/2 1754/254/2 1753/252/2
f 1847/255/2 1754/254/2 1848/253/2
f 1847/255/2 1755/256/2 1754/254/2
f 1846/257/2 1755/256/2 1847/255/2
f 1846/257/2 1756/258/2 1755/256/2
f 1845/259/2 1756/258/2 1846/257/2
f 1845/259/2 1757/260/2 1756/258/2
f 1844/261/2 1757/260/2 1845/259/2
f 1844/261/2 1758/262/2 1757/260/2
f 1843/263/2 1758/262/2 1844/261/2
f 1843/263/2 1759/264/2 1758/262/2
f 1842/265/2 1759/264/2 1843/263/2
f 1842/265/2 1760/266/2 1759/264/2
f 1841/267/2 1760/266/2 1842/265/2
f 1841/267/2 1761/268/2 1760/266/2
f 1840/269/2 1761/268/2 1841/267/2
f 1840/269/2 1762/270/2 1761/268/2
f 1839/271/2 1762/270/2 1840/269/2
f 1839/271/2 1763/272/2 1762/270/2
f 1838/273/2 1763/272/2 1839/271/2
f 1837/274/2 1763/272/2 1838/273/2
f 1837/274/2 1764/275/2 1763/272/2
f 1837/274/2 1765/276/2 1764/275/2
f 1836/277/2 1765/276/2 1837/274/2
f 1836/277/2 1766/278/2 1765/276/2
f 1835/279/2 1766/278/2 1836/277/2
f 1835/279/2 1767/280/2 1766/278/2
f 1834/281/2 1767/280/2 1835/279/2
f 1834/281/2 1768/282/2 1767/280/2
f 1833/283/2 1768/282/2 1834/281/2
f 1833/283/2 1769/284/2 1768/282/2
f 1832/285/2 1769/284/2 1833/283/2
f 1832/285/2 1770/286/2 1769/284/2
f 1831/287/2 1770/286/2 1832/285/2
f 1831/287/2 1771/288/2 1770/286/2
f 1830/289/2 1771/288/2 1831/287/2
f 1830/289/2 1772/290/2 1771/288/2
f 1829/291/2 1772/290/2 1830/289/2
f 1829/291/2 1773/292/2 1772/290/2
f 1828/293/2 1773/292/2 1829/291/2
f 1828/293/2 1774/294/2 1773/292/2
f 1827/295/2 1774/294/2 1828/293/2
f 1827/295/2 1876/296/2 1774/294/2
f 1876/296/2 1775/297/2 1774/294/2
f 1826/298/2 1878/299/2 1827/295/2
f 1878/299/2 1877/300/2 1827/295/2
f 1877/300/2 1876/296/2 1827/295/2
f 1875/301/2 1775/297/2 1876/296/2
f 1826/298/2 1879/302/2 1878/299/2
f 1874/303/2 1775/297/2 1875/301/2
f 1826/298/2 1880/304/2 1879/302/2
f 1873/305/2 1775/297/2 1874/303/2
f 1826/298/2 1881/306/2 1880/304/2
f 1872/307/2 1775/297/2 1873/305/2
f 1826/298/2 1882/308/2 1881/306/2
f 1871/309/2 1775/297/2 1872/307/2
f 1826/298/2 1883/310/2 1882/308/2
f 1870/311/2 1775/297/2 1871/309/2
f 1826/298/2 1884/312/2 1883/310/2
f 1869/313/2 1775/297/2 1870/311/2
f 1826/298/2 1885/314/2 1884/312/2
f 1868/315/2 1775/297/2 1869/313/2
f 1826/298/2 1886/316/2 1885/314/2
f 1867/317/2 1775/297/2 1868/315/2
f 1826/298/2 1887/318/2 1886/316/2
f 1866/319/2 1775/297/2 1867/317/2
f 1826/298/2 1888/320/2 1887/318/2
f 1865/321/2 1775/297/2 1866/319/2
f 1826/298/2 1889/322/2 1888/320/2
f 1864/323/2 1775/297/2 1865/321/2
f 1825/324/2 1889/322/2 1826/298/2
f 1825/324/2 1890/325/2 1889/322/2
f 1863/326/2 1775/297/2 1864/323/2
f 1863/326/2 1776/327/2 1775/297/2
f 1824/328/2 1890/325/2 1825/324/2
f 1824/328/2 1891/329/2 1890/325/2
f 1862/330/2 1776/327/2 1863/326/2
f 1862/330/2 1777/331/2 1776/327/2
f 1824/328/2 1892/332/2 1891/329/2
f 1861/333/2 1777/331/2 1862/330/2
f 1824/328/2 1893/334/2 1892/332/2
f 1860/335/2 1777/331/2 1861/333/2
f 1824/328/2 1894/336/2 1893/334/2
f 1859/337/2 1777/331/2 1860/335/2
f 1824/328/2 1895/338/2 1894/336/2
f 1858/339/2 1777/331/2 1859/337/2
f 1824/328/2 1896/340/2 1895/338/2
f 1857/341/2 1777/331/2 1858/339/2
f 1824/328/2 1897/342/2 1896/340/2
f 1856/343/2 1777/331/2 1857/341/2
f 1824/328/2 1898/344/2 1897/342/2
f 1855/345/2 1777/331/2 1856/343/2
f 1824/328/2 1899/346/2 1898/344/2
f 1854/347/2 1777/331/2 1855/345/2
f 1824/328/2 1900/348/2 1899/346/2
f 1853/349/2 1777/331/2 1854/347/2
f 1824/328/2 1901/47/2 1900/348/2
f 1852/350/2 1777/331/2 1853/349/2
f 1824/328/2 1850/351/2 1901/47/2
f 1851/352/2 1777/331/2 1852/350/2
f 1824/328/2 1851/352/2 1850/351/2
f 1824/328/2 1777/331/2 1851/352/2
f 1824/328/2 1778/353/2 1777/331/2
f 1823/354/2 1778/353/2 1824/328/2
f 1823/354/2 1779/355/2 1778/353/2
f 1822/356/2 1779/355/2 1823/354/2
f 1822/356/2 1780/357/2 1779/355/2
f 1821/358/2 1780/357/2 1822/356/2
f 1821/358/2 1781/359/2 1780/357/2
f 1820/360/2 1781/359/2 1821/358/2
f 1820/360/2 1782/361/2 1781/359/2
f 1819/362/2 1782/361/2 1820/360/2
f 1819/362/2 1783/363/2 1782/361/2
f 1818/364/2 1783/363/2 1819/362/2
f 1818/364/2 1784/365/2 1783/363/2
f 1817/366/2 1784/365/2 1818/364/2
f 1817/366/2 1785/367/2 1784/365/2
f 1816/368/2 1785/367/2 1817/366/2
f 1816/368/2 1786/369/2 1785/367/2
f 1815/370/2 1786/369/2 1816/368/2
f 1815/370/2 1787/371/2 1786/369/2
f 1814/372/2 1787/371/2 1815/370/2
f 1814/372/2 1788/373/2 1787/371/2
f 1813/374/2 1788/373/2 1814/372/2
f 1812/375/2 1788/373/2 1813/374/2
f 1812/375/2 1789/376/2 1788/373/2
f 1811/377/2 1789/376/2 1812/375/2
f 1811/377/2 1790/378/2 1789/376/2
f 1810/379/2 1790/378/2 1811/377/2
f 1810/379/2 1791/380/2 1790/378/2
f 1810/379/2 1792/381/2 1791/380/2
f 1809/382/2 1792/381/2 1810/379/2
f 1809/382/2 1793/383/2 1792/381/2
f 1808/384/2 1793/383/2 1809/382/2
f 1808/384/2 1794/385/2 1793/383/2
f 1807/386/2 1794/385/2 1808/384/2
f 1807/386/2 1795/387/2 1794/385/2
f 1806/388/2 1795/387/2 1807/386/2
f 1806/388/2 1796/389/2 1795/387/2
f 1805/390/2 1796/389/2 1806/388/2
f 1805/390/2 1797/391/2 1796/389/2
f 1804/392/2 1797/391/2 1805/390/2
f 1804/392/2 1798/393/2 1797/391/2
f 1803/394/2 1798/393/2 1804/392/2
f 1803/394/2 1799/395/2 1798/393/2
f 1802/396/2 1799/395/2 1803/394/2
f 1802/396/2 1800/397/2 1799/395/2
f 1801/398/2 1800/397/2 1802/396/2
f 1956/410/2 1981/411/2 1902/51/2
f 1981/411/2 1980/412/2 1902/51/2
f 1980/412/2 1979/413/2 1902/51/2
f 1979/413/2 1978/414/2 1902/51/2
f 1978/414/2 1977/415/2 1902/51/2
f 1977/415/2 1976/416/2 1902/51/2
f 1976/416/2 1975/417/2 1902/51/2
f 1975/417/2 1974/418/2 1902/51/2
f 1974/418/2 1903/419/2 1902/51/2
f 1974/418/2 1904/420/2 1903/419/2
f 1974/418/2 1905/421/2 1904/420/2
f 1974/418/2 1906/422/2 1905/421/2
f 1974/418/2 1907/423/2 1906/422/2
f 1974/418/2 1973/424/2 1907/423/2
f 1973/424/2 1908/425/2 1907/423/2
f 1973/424/2 1909/426/2 1908/425/2
f 1973/424/2 1910/427/2 1909/426/2
f 1973/424/2 1911/428/2 1910/427/2
f 1973/424/2 1912/429/2 1911/428/2
f 1973/424/2 1913/430/2 1912/429/2
f 1973/424/2 1914/431/2 1913/430/2
f 1973/424/2 1915/432/2 1914/431/2
f 1973/424/2 1916/433/2 1915/432/2
f 1973/424/2 1972/434/2 1916/433/2
f 1972/434/2 1917/435/2 1916/433/2
f 1972/434/2 1918/436/2 1917/435/2
f 1972/434/2 1919/437/2 1918/436/2
f 1972/434/2 1920/438/2 1919/437/2
f 1972/434/2 1921/439/2 1920/438/2
f 1972/434/2 1922/440/2 1921/439/2
f 1972/434/2 1923/441/2 1922/440/2
f 1972/434/2 1971/442/2 1923/441/2
f 1971/442/2 1924/443/2 1923/441/2
f 1971/442/2 1925/444/2 1924/443/2
f 1971/442/2 1926/445/2 1925/444/2
f 1971/442/2 1970/446/2 1926/445/2
f 1970/446/2 1969/447/2 1926/445/2
f 1969/447/2 1927/448/2 1926/445/2
f 1968/449/2 1927/448/2 1969/447/2
f 1967/450/2 1927/448/2 1968/449/2
f 1966/451/2 1927/448/2 1967/450/2
f 1965/452/2 1927/448/2 1966/451/2
f 1964/453/2 1927/448/2 1965/452/2
f 1963/454/2 1927/448/2 1964/453/2
f 1962/455/2 1927/448/2 1963/454/2
f 1961/456/2 1927/448/2 1962/455/2
f 1960/457/2 1927/448/2 1961/456/2
f 1956/410/2 1982/458/2 1981/411/2
f 1959/459/2 1927/448/2 1960/457/2
f 1956/410/2 1983/460/2 1982/458/2
f 1958/461/2 1927/448/2 1959/459/2
f 1956/410/2 1984/462/2 1983/460/2
f 1957/463/2 1927/448/2 1958/461/2
f 1957/463/2 1928/464/2 1927/448/2
f 1956/410/2 1985/465/2 1984/462/2
f 2008/47/2 1928/464/2 1957/463/2
f 2008/47/2 1929/466/2 1928/464/2
f 1956/410/2 1986/467/2 1985/465/2
f 2007/468/2 1929/466/2 2008/47/2
f 1956/410/2 1987/469/2 1986/467/2
f 2006/470/2 1929/466/2 2007/468/2
f 1956/410/2 1988/471/2 1987/469/2
f 2005/472/2 1929/466/2 2006/470/2
f 1956/410/2 1989/473/2 1988/471/2
f 2004/474/2 1929/466/2 2005/472/2
f 1956/410/2 1990/475/2 1989/473/2
f 2003/476/2 1929/466/2 2004/474/2
f 1956/410/2 1991/477/2 1990/475/2
f 2002/478/2 1929/466/2 2003/476/2
f 1956/410/2 1992/479/2 1991/477/2
f 2001/480/2 1929/466/2 2002/478/2
f 1956/410/2 1993/481/2 1992/479/2
f 2000/482/2 1929/466/2 2001/480/2
f 1956/410/2 1994/483/2 1993/481/2
f 1999/484/2 1929/466/2 2000/482/2
f 1956/410/2 1995/485/2 1994/483/2
f 1998/486/2 1929/466/2 1999/484/2
f 1956/410/2 1996/487/2 1995/485/2
f 1997/488/2 1929/466/2 1998/486/2
f 1956/410/2 1954/489/2 1996/487/2
f 1954/489/2 1997/488/2 1996/487/2
f 1954/489/2 1929/466/2 1997/488/2
f 1954/489/2 1930/490/2 1929/466/2
f 1954/489/2 1931/491/2 1930/490/2
f 1954/489/2 1932/492/2 1931/491/2
f 1954/489/2 1933/493/2 1932/492/2
f 1954/489/2 1934/494/2 1933/493/2
f 1954/489/2 1935/495/2 1934/494/2
f 1954/489/2 1936/496/2 1935/495/2
f 1954/489/2 1937/497/2 1936/496/2
f 1954/489/2 1938/498/2 1937/497/2
f 1954/489/2 1939/499/2 1938/498/2
f 1954/489/2 1940/500/2 1939/499/2
f 1954/489/2 1941/501/2 1940/500/2
f 1954/489/2 1942/502/2 1941/501/2
f 1954/489/2 1943/503/2 1942/502/2
f 1954/489/2 1944/504/2 1943/503/2
f 1954/489/2 1945/505/2 1944/504/2
f 1954/489/2 1946/506/2 1945/505/2
f 1954/489/2 1947/507/2 1946/506/2
f 1954/489/2 1948/508/2 1947/507/2
f 1954/489/2 1949/509/2 1948/508/2
f 1954/489/2 1950/510/2 1949/509/2
f 1954/489/2 1951/511/2 1950/510/2
f 1954/489/2 1952/512/2 1951/511/2
f 1956/410/2 1955/404/2 1954/489/2
f 1953/513/2 1952/512/2 1954/489/2
f 516/259/3 515/261/3 1519/261/3 1520/259/3
f 143/17/4 142/15/4 1146/15/4 1147/17/4
f 597/67/5 596/65/5 1600/65/5 1601/67/5
f 237/221/6 236/223/6 1240/223/6 1241/221/6
f 926/490/7 925/466/7 1929/466/7 1930/490/7
f 127/16/8 126/18/8 1130/18/8 1131/16/8
f 581/66/9 580/68/9 1584/68/9 1585/66/9
f 927/491/10 926/490/10 1930/490/10 1931/491/10
f 429/262/11 428/260/11 1432/260/11 1433/262/11
f 244/224/12 243/222/12 1247/222/12 1248/224/12
f 515/261/13 514/263/13 1518/263/13 1519/261/13
f 144/19/14 143/17/14 1147/17/14 1148/19/14
f 598/69/15 597/67/15 1601/67/15 1602/69/15
f 236/223/16 235/225/16 1239/225/16 1240/223/16
f 928/492/17 927/491/17 1931/491/17 1932/492/17
f 126/18/18 125/20/18 1129/20/18 1130/18/18
f 580/68/19 579/70/19 1583/70/19 1584/68/19
f 929/493/20 928/492/20 1932/492/20 1933/493/20
f 430/264/21 429/262/21 1433/262/21 1434/264/21
f 245/226/22 244/224/22 1248/224/22 1249/226/22
f 514/263/8 513/265/8 1517/265/8 1518/263/8
f 145/21/23 144/19/23 1148/19/23 1149/21/23
f 599/71/24 598/69/24 1602/69/24 1603/71/24
f 235/225/25 234/227/25 1238/227/25 1239/225/25
f 930/494/26 929/493/26 1933/493/26 1934/494/26
f 125/20/27 124/22/27 1128/22/27 1129/20/27
f 579/70/28 578/72/28 1582/72/28 1583/70/28
f 931/495/29 930/494/29 1934/494/29 1935/495/29
f 431/266/30 430/264/30 1434/264/30 1435/266/30
f 246/228/31 245/226/31 1249/226/31 1250/228/31
f 513/265/32 512/267/32 1516/267/32 1517/265/32
f 146/23/33 145/21/33 1149/21/33 1150/23/33
f 600/73/34 599/71/34 1603/71/34 1604/73/34
f 234/227/35 233/229/35 1237/229/35 1238/227/35
f 932/496/36 931/495/36 1935/495/36 1936/496/36
f 124/22/37 123/24/37 1127/24/37 1128/22/37
f 578/72/38 577/74/38 1581/74/38 1582/72/38
f 933/497/39 932/496/39 1936/496/39 1937/497/39
f 432/268/40 431/266/40 1435/266/40 1436/268/40
f 247/230/41 246/228/41 1250/228/41 1251/230/41
f 512/267/42 511/269/42 1515/269/42 1516/267/42
f 147/25/43 146/23/43 1150/23/43 1151/25/43
f 601/75/44 600/73/44 1604/73/44 1605/75/44
f 233/229/45 232/231/45 1236/231/45 1237/229/45
f 934/498/46 933/497/46 1937/497/46 1938/498/46
f 123/24/47 122/26/47 1126/26/47 1127/24/47
f 577/74/48 576/76/48 1580/76/48 1581/74/48
f 935/499/49 934/498/49 1938/498/49 1939/499/49
f 433/270/50 432/268/50 1436/268/50 1437/270/50
f 122/26/51 121/27/51 1125/27/51 1126/26/51
f 682/52/52 681/77/52 1685/77/52 1686/52/52
f 248/232/53 247/230/53 1251/230/53 1252/232/53
f 511/269/54 510/271/54 1514/271/54 1515/269/54
f 232/231/55 231/233/55 1235/233/55 1236/231/55
f 936/500/56 935/499/56 1939/499/56 1940/500/56
f 148/28/57 147/25/57 1151/25/57 1152/28/57
f 602/78/58 601/75/58 1605/75/58 1606/78/58
f 937/501/59 936/500/59 1940/500/59 1941/501/59
f 434/272/60 433/270/60 1437/270/60 1438/272/60
f 576/76/52 575/79/52 1579/79/52 1580/76/52
f 249/234/61 248/232/61 1252/232/61 1253/234/61
f 510/271/62 509/273/62 1513/273/62 1514/271/62
f 149/29/63 148/28/63 1152/28/63 1153/29/63
f 231/233/64 230/235/64 1234/235/64 1235/233/64
f 938/502/65 937/501/65 1941/501/65 1942/502/65
f 121/27/66 120/30/66 1124/30/66 1125/27/66
f 575/79/67 574/80/67 1578/80/67 1579/79/67
f 509/273/68 508/274/68 1512/274/68 1513/273/68
f 574/80/58 573/51/58 1577/51/58 1578/80/58
f 939/503/69 938/502/69 1942/502/69 1943/503/69
f 630/82/52 629/81/52 1633/81/52 1634/82/52
f 250/236/70 249/234/70 1253/234/70 1254/236/70
f 150/31/71 149/29/71 1153/29/71 1154/31/71
f 230/235/28 229/237/28 1233/237/28 1234/235/28
f 940/504/72 939/503/72 1943/503/72 1944/504/72
f 435/275/73 434/272/73 1438/272/73 1439/275/73
f 120/30/74 119/32/74 1123/32/74 1124/30/74
f 631/83/75 630/82/75 1634/82/75 1635/83/75
f 629/81/67 628/84/67 1632/84/67 1633/81/67
f 941/505/76 940/504/76 1944/504/76 1945/505/76
f 436/276/63 435/275/63 1439/275/63 1440/276/63
f 251/238/77 250/236/77 1254/236/77 1255/238/77
f 508/274/66 507/277/66 1511/277/66 1512/274/66
f 151/33/78 150/31/78 1154/31/78 1155/33/78
f 229/237/79 228/239/79 1232/239/79 1233/237/79
f 942/506/80 941/505/80 1945/505/80 1946/506/80
f 119/32/81 118/34/81 1122/34/81 1123/32/81
f 632/85/58 631/83/58 1635/83/58 1636/85/58
f 628/84/52 627/86/52 1631/86/52 1632/84/52
f 943/507/82 942/506/82 1946/506/82 1947/507/82
f 437/278/83 436/276/83 1440/276/83 1441/278/83
f 252/47/84 251/238/84 1255/238/84 1256/47/84
f 507/277/85 506/279/85 1510/279/85 1511/277/85
f 152/35/86 151/33/86 1155/33/86 1156/35/86
f 681/77/87 680/87/87 1684/87/87 1685/77/87
f 228/239/88 227/240/88 1231/240/88 1232/239/88
f 944/508/89 943/507/89 1947/507/89 1948/508/89
f 118/34/90 117/36/90 1121/36/90 1122/34/90
f 201/217/52 200/241/52 1204/241/52 1205/217/52
f 945/509/91 944/508/91 1948/508/91 1949/509/91
f 438/280/78 437/278/78 1441/278/78 1442/280/78
f 603/88/92 602/78/92 1606/78/92 1607/88/92
f 506/279/81 505/281/81 1509/281/81 1510/279/81
f 153/37/93 152/35/93 1156/35/93 1157/37/93
f 627/86/94 626/89/94 1630/89/94 1631/86/94
f 946/510/95 945/509/95 1949/509/95 1950/510/95
f 117/36/96 116/38/96 1120/38/96 1121/36/96
f 225/242/58 252/47/58 1256/47/58 1229/242/58
f 227/240/52 226/243/52 1230/243/52 1231/240/52
f 947/511/97 946/510/97 1950/510/97 1951/511/97
f 439/282/86 438/280/86 1442/280/86 1443/282/86
f 633/90/98 632/85/98 1636/85/98 1637/90/98
f 505/281/90 504/283/90 1508/283/90 1509/281/90
f 154/39/99 153/37/99 1157/37/99 1158/39/99
f 948/512/100 947/511/100 1951/511/100 1952/512/100
f 116/38/101 115/40/101 1119/40/101 1120/38/101
f 604/91/102 603/88/102 1607/88/102 1608/91/102
f 195/244/58 194/216/58 1198/216/58 1199/244/58
f 952/410/67 951/404/67 1955/404/67 1956/410/67
f 626/89/103 625/92/103 1629/92/103 1630/89/103
f 951/404/58 950/489/58 1954/489/58 1955/404/58
f 440/284/93 439/282/93 1443/282/93 1444/284/93
f 950/489/104 949/513/104 1953/513/104 1954/489/104
f 504/283/105 503/285/105 1507/285/105 1508/283/105
f 155/41/106 154/39/106 1158/39/106 1159/41/106
f 949/513/107 948/512/107 1952/512/107 1953/513/107
f 115/40/108 114/42/108 1118/42/108 1119/40/108
f 605/93/109 604/91/109 1608/91/109 1609/93/109
f 226/243/75 225/242/75 1229/242/75 1230/243/75
f 625/92/110 624/94/110 1628/94/110 1629/92/110
f 198/245/67 197/246/67 1201/246/67 1202/245/67
f 441/286/111 440/284/111 1444/284/111 1445/286/111
f 503/285/112 502/287/112 1506/287/112 1507/285/112
f 156/43/113 155/41/113 1159/41/113 1160/43/113
f 114/42/114 113/44/114 1117/44/114 1118/42/114
f 606/95/115 605/93/115 1609/93/115 1610/95/115
f 200/241/67 199/247/67 1203/247/67 1204/241/67
f 624/94/116 623/96/116 1627/96/116 1628/94/116
f 199/247/58 198/245/58 1202/245/58 1203/247/58
f 442/288/117 441/286/117 1445/286/117 1446/288/117
f 197/246/52 196/248/52 1200/248/52 1201/246/52
f 502/287/108 501/289/108 1505/289/108 1506/287/108
f 157/45/118 156/43/118 1160/43/118 1161/45/118
f 196/248/67 195/244/67 1199/244/67 1200/248/67
f 113/44/119 112/46/119 1116/46/119 1117/44/119
f 607/97/120 606/95/120 1610/95/120 1611/97/120
f 386/2/121 385/1/121 1389/1/121 1390/2/121
f 623/96/122 622/98/122 1626/98/122 1627/96/122
f 443/290/113 442/288/113 1446/288/113 1447/290/113
f 387/3/75 386/2/75 1390/2/75 1391/3/75
f 501/289/123 500/291/123 1504/291/123 1505/289/123
f 158/47/124 157/45/124 1161/45/124 1162/47/124
f 112/46/125 111/48/125 1115/48/125 1116/46/125
f 608/99/126 607/97/126 1611/97/126 1612/99/126
f 388/4/127 387/3/127 1391/3/127 1392/4/127
f 622/98/128 621/100/128 1625/100/128 1626/98/128
f 444/292/129 443/290/129 1447/290/129 1448/292/129
f 389/5/130 388/4/130 1392/4/130 1393/5/130
f 500/291/131 499/293/131 1503/293/131 1504/291/131
f 385/1/132 384/6/132 1388/6/132 1389/1/132
f 16/49/133 15/50/133 1019/50/133 1020/49/133
f 609/101/134 608/99/134 1612/99/134 1613/101/134
f 621/100/135 620/102/135 1624/102/135 1625/100/135
f 445/294/136 444/292/136 1448/292/136 1449/294/136
f 390/7/137 389/5/137 1393/5/137 1394/7/137
f 499/293/138 498/295/138 1502/295/138 1503/293/138
f 1/51/139 158/47/139 1162/47/139 1005/51/139
f 384/6/140 383/8/140 1387/8/140 1388/6/140
f 111/48/141 110/52/141 1114/52/141 1115/48/141
f 610/103/142 609/101/142 1613/101/142 1614/103/142
f 620/102/143 619/104/143 1623/104/143 1624/102/143
f 391/9/144 390/7/144 1394/7/144 1395/9/144
f 18/53/145 17/54/145 1021/54/145 1022/53/145
f 383/8/146 382/10/146 1386/10/146 1387/8/146
f 446/297/139 445/294/139 1449/294/139 1450/297/139
f 611/105/147 610/103/147 1614/103/147 1615/105/147
f 498/295/141 497/298/141 1501/298/141 1502/295/141
f 17/54/67 16/49/67 1020/49/67 1021/54/67
f 619/104/148 618/106/148 1622/106/148 1623/104/148
f 392/11/149 391/9/149 1395/9/149 1396/11/149
f 19/55/150 18/53/150 1022/53/150 1023/55/150
f 382/10/151 381/12/151 1385/12/151 1386/10/151
f 549/299/145 548/300/145 1552/300/145 1553/299/145
f 15/50/152 14/56/152 1018/56/152 1019/50/152
f 612/107/153 611/105/153 1615/105/153 1616/107/153
f 618/106/154 617/108/154 1621/108/154 1622/106/154
f 548/300/67 547/296/67 1551/296/67 1552/300/67
f 393/13/155 392/11/155 1396/11/155 1397/13/155
f 547/296/156 546/301/156 1550/301/156 1551/296/156
f 20/57/157 19/55/157 1023/55/157 1024/57/157
f 381/12/3 380/14/3 1384/14/3 1385/12/3
f 14/56/158 13/58/158 1017/58/158 1018/56/158
f 613/109/159 612/107/159 1616/107/159 1617/109/159
f 617/108/160 616/110/160 1620/110/160 1621/108/160
f 550/302/161 549/299/161 1553/299/161 1554/302/161
f 394/15/162 393/13/162 1397/13/162 1398/15/162
f 546/301/163 545/303/163 1549/303/163 1550/301/163
f 21/59/164 20/57/164 1024/57/164 1025/59/164
f 380/14/13 379/16/13 1383/16/13 1384/14/13
f 13/58/165 12/60/165 1016/60/165 1017/58/165
f 614/111/166 613/109/166 1617/109/166 1618/111/166
f 616/110/167 615/112/167 1619/112/167 1620/110/167
f 551/304/168 550/302/168 1554/302/168 1555/304/168
f 395/17/4 394/15/4 1398/15/4 1399/17/4
f 545/303/169 544/305/169 1548/305/169 1549/303/169
f 22/61/22 21/59/22 1025/59/22 1026/61/22
f 379/16/8 378/18/8 1382/18/8 1383/16/8
f 12/60/170 11/62/170 1015/62/170 1016/60/170
f 615/112/75 614/111/75 1618/111/75 1619/112/75
f 552/306/171 551/304/171 1555/304/171 1556/306/171
f 396/19/14 395/17/14 1399/17/14 1400/19/14
f 544/305/172 543/307/172 1547/307/172 1548/305/172
f 23/63/31 22/61/31 1026/61/31 1027/63/31
f 634/113/173 633/90/173 1637/90/173 1638/113/173
f 378/18/32 377/20/32 1381/20/32 1382/18/32
f 11/62/35 10/64/35 1014/64/35 1015/62/35
f 680/87/174 679/114/174 1683/114/174 1684/87/174
f 553/308/175 552/306/175 1556/306/175 1557/308/175
f 397/21/23 396/19/23 1400/19/23 1401/21/23
f 543/307/176 542/309/176 1546/309/176 1547/307/176
f 24/65/41 23/63/41 1027/63/41 1028/65/41
f 635/115/177 634/113/177 1638/113/177 1639/115/177
f 377/20/27 376/22/27 1380/22/27 1381/20/27
f 10/64/178 9/66/178 1013/66/178 1014/64/178
f 679/114/179 678/116/179 1682/116/179 1683/114/179
f 554/310/180 553/308/180 1557/308/180 1558/310/180
f 398/23/33 397/21/33 1401/21/33 1402/23/33
f 542/309/181 541/311/181 1545/311/181 1546/309/181
f 25/67/182 24/65/182 1028/65/182 1029/67/182
f 636/117/183 635/115/183 1639/115/183 1640/117/183
f 376/22/54 375/24/54 1379/24/54 1380/22/54
f 9/66/184 8/68/184 1012/68/184 1013/66/184
f 678/116/185 677/118/185 1681/118/185 1682/116/185
f 555/312/41 554/310/41 1558/310/41 1559/312/41
f 399/25/43 398/23/43 1402/23/43 1403/25/43
f 541/311/186 540/313/186 1544/313/186 1545/311/186
f 26/69/187 25/67/187 1029/67/187 1030/69/187
f 637/119/188 636/117/188 1640/117/188 1641/119/188
f 375/24/47 374/26/47 1378/26/47 1379/24/47
f 8/68/189 7/70/189 1011/70/189 1012/68/189
f 677/118/190 676/120/190 1680/120/190 1681/118/190
f 374/26/51 373/27/51 1377/27/51 1378/26/51
f 556/314/191 555/312/191 1559/312/191 1560/314/191
f 540/313/192 539/315/192 1543/315/192 1544/313/192
f 27/71/193 26/69/193 1030/69/193 1031/71/193
f 638/121/194 637/119/194 1641/119/194 1642/121/194
f 7/70/195 6/72/195 1010/72/195 1011/70/195
f 676/120/196 675/122/196 1679/122/196 1680/120/196
f 400/28/57 399/25/57 1403/25/57 1404/28/57
f 557/316/197 556/314/197 1560/314/197 1561/316/197
f 401/29/198 400/28/198 1404/28/198 1405/29/198
f 539/315/199 538/317/199 1542/317/199 1543/315/199
f 28/73/34 27/71/34 1031/71/34 1032/73/34
f 889/334/200 888/332/200 1892/332/200 1893/334/200
f 639/123/201 638/121/201 1642/121/201 1643/123/201
f 373/27/66 372/30/66 1376/30/66 1377/27/66
f 6/72/202 5/74/202 1009/74/202 1010/72/202
f 857/333/203 856/335/203 1860/335/203 1861/333/203
f 675/122/204 674/124/204 1678/124/204 1679/122/204
f 558/318/70 557/316/70 1561/316/70 1562/318/70
f 402/31/205 401/29/205 1405/29/205 1406/31/205
f 538/317/206 537/319/206 1541/319/206 1542/317/206
f 29/75/207 28/73/207 1032/73/207 1033/75/207
f 890/336/208 889/334/208 1893/334/208 1894/336/208
f 640/125/209 639/123/209 1643/123/209 1644/125/209
f 372/30/74 371/32/74 1375/32/74 1376/30/74
f 5/74/210 4/76/210 1008/76/210 1009/74/210
f 856/335/211 855/337/211 1859/337/211 1860/335/211
f 674/124/212 673/126/212 1677/126/212 1678/124/212
f 559/320/213 558/318/213 1562/318/213 1563/320/213
f 110/52/52 109/77/52 1113/77/52 1114/52/52
f 403/33/78 402/31/78 1406/31/78 1407/33/78
f 537/319/214 536/321/214 1540/321/214 1541/319/214
f 891/338/215 890/336/215 1894/336/215 1895/338/215
f 641/127/216 640/125/216 1644/125/216 1645/127/216
f 371/32/81 370/34/81 1374/34/81 1375/32/81
f 855/337/217 854/339/217 1858/339/217 1859/337/217
f 673/126/218 672/128/218 1676/128/218 1677/126/218
f 30/78/58 29/75/58 1033/75/58 1034/78/58
f 560/322/219 559/320/219 1563/320/219 1564/322/219
f 4/76/52 3/79/52 1007/79/52 1008/76/52
f 404/35/220 403/33/220 1407/33/220 1408/35/220
f 536/321/221 535/323/221 1539/323/221 1540/321/221
f 892/340/222 891/338/222 1895/338/222 1896/340/222
f 642/129/223 641/127/223 1645/127/223 1646/129/223
f 370/34/90 369/36/90 1373/36/90 1374/34/90
f 3/79/67 2/80/67 1006/80/67 1007/79/67
f 854/339/224 853/341/224 1857/341/224 1858/339/224
f 672/128/225 671/130/225 1675/130/225 1676/128/225
f 497/298/52 496/324/52 1500/324/52 1501/298/52
f 2/80/58 1/51/58 1005/51/58 1006/80/58
f 58/82/52 57/81/52 1061/81/52 1062/82/52
f 405/37/93 404/35/93 1408/35/93 1409/37/93
f 893/342/134 892/340/134 1896/340/134 1897/342/134
f 643/131/226 642/129/226 1646/129/226 1647/131/226
f 369/36/96 368/38/96 1372/38/96 1373/36/96
f 561/325/58 560/322/58 1564/322/58 1565/325/58
f 59/83/75 58/82/75 1062/82/75 1063/83/75
f 853/341/227 852/343/227 1856/343/227 1857/341/227
f 671/130/228 670/132/228 1674/132/228 1675/130/228
f 535/323/52 534/326/52 1538/326/52 1539/323/52
f 57/81/67 56/84/67 1060/84/67 1061/81/67
f 406/39/99 405/37/99 1409/37/99 1410/39/99
f 894/344/142 893/342/142 1897/342/142 1898/344/142
f 644/133/229 643/131/229 1647/131/229 1648/133/229
f 368/38/101 367/40/101 1371/40/101 1372/38/101
f 447/327/58 446/297/58 1450/297/58 1451/327/58
f 60/85/58 59/83/58 1063/83/58 1064/85/58
f 852/343/230 851/345/230 1855/345/230 1856/343/230
f 670/132/231 669/134/231 1673/134/231 1674/132/231
f 496/324/87 495/328/87 1499/328/87 1500/324/87
f 56/84/52 55/86/52 1059/86/52 1060/84/52
f 669/134/232 668/135/232 1672/135/232 1673/134/232
f 407/41/106 406/39/106 1410/39/106 1411/41/106
f 109/77/87 108/87/87 1112/87/87 1113/77/87
f 895/346/147 894/344/147 1898/344/147 1899/346/147
f 367/40/233 366/42/233 1370/42/233 1371/40/233
f 562/329/234 561/325/234 1565/325/234 1566/329/234
f 851/345/235 850/347/235 1854/347/235 1855/345/235
f 534/326/236 533/330/236 1537/330/236 1538/326/236
f 645/136/237 644/133/237 1648/133/237 1649/136/237
f 31/88/238 30/78/238 1034/78/238 1035/88/238
f 668/135/239 667/137/239 1671/137/239 1672/135/239
f 408/43/113 407/41/113 1411/41/113 1412/43/113
f 55/86/240 54/89/240 1058/89/240 1059/86/240
f 896/348/241 895/346/241 1899/346/241 1900/348/241
f 366/42/114 365/44/114 1369/44/114 1370/42/114
f 448/331/98 447/327/98 1451/327/98 1452/331/98
f 850/347/242 849/349/242 1853/349/242 1854/347/242
f 646/138/243 645/136/243 1649/136/243 1650/138/243
f 563/332/244 562/329/244 1566/329/244 1567/332/244
f 61/90/98 60/85/98 1064/85/98 1065/90/98
f 667/137/245 666/139/245 1670/139/245 1671/137/245
f 409/45/118 408/43/118 1412/43/118 1413/45/118
f 533/330/246 532/333/246 1536/333/246 1537/330/246
f 897/47/159 896/348/159 1900/348/159 1901/47/159
f 365/44/247 364/46/247 1368/46/247 1369/44/247
f 32/91/102 31/88/102 1035/88/102 1036/91/102
f 849/349/248 848/350/248 1852/350/248 1853/349/248
f 54/89/249 53/92/249 1057/92/249 1058/89/249
f 647/140/250 646/138/250 1650/138/250 1651/140/250
f 564/334/251 563/332/251 1567/332/251 1568/334/251
f 410/47/124 409/45/124 1413/45/124 1414/47/124
f 532/333/252 531/335/252 1535/335/252 1536/333/252
f 846/351/166 897/47/166 1901/47/166 1850/351/166
f 648/141/253 647/140/253 1651/140/253 1652/141/253
f 364/46/125 363/48/125 1367/48/125 1368/46/125
f 33/93/254 32/91/254 1036/91/254 1037/93/254
f 848/350/255 847/352/255 1851/352/255 1852/350/255
f 666/139/256 665/142/256 1669/142/256 1670/139/256
f 53/92/110 52/94/110 1056/94/110 1057/92/110
f 565/336/257 564/334/257 1568/334/257 1569/336/257
f 531/335/258 530/337/258 1534/337/258 1535/335/258
f 847/352/75 846/351/75 1850/351/75 1851/352/75
f 649/143/259 648/141/259 1652/141/259 1653/143/259
f 268/49/133 267/50/133 1271/50/133 1272/49/133
f 34/95/260 33/93/260 1037/93/260 1038/95/260
f 665/142/261 664/144/261 1668/144/261 1669/142/261
f 52/94/262 51/96/262 1055/96/262 1056/94/262
f 566/338/263 565/336/263 1569/336/263 1570/338/263
f 774/353/173 773/331/173 1777/331/173 1778/353/173
f 253/51/139 410/47/139 1414/47/139 1257/51/139
f 530/337/264 529/339/264 1533/339/264 1534/337/264
f 820/328/174 819/354/174 1823/354/174 1824/328/174
f 650/145/265 649/143/265 1653/143/265 1654/145/265
f 363/48/141 362/52/141 1366/52/141 1367/48/141
f 35/97/266 34/95/266 1038/95/266 1039/97/266
f 664/144/267 663/146/267 1667/146/267 1668/144/267
f 51/96/268 50/98/268 1054/98/268 1055/96/268
f 567/340/269 566/338/269 1570/338/269 1571/340/269
f 775/355/270 774/353/270 1778/353/270 1779/355/270
f 270/53/271 269/54/271 1273/54/271 1274/53/271
f 529/339/272 528/341/272 1532/341/272 1533/339/272
f 819/354/179 818/356/179 1822/356/179 1823/354/179
f 651/147/273 650/145/273 1654/145/273 1655/147/273
f 36/99/126 35/97/126 1039/97/126 1040/99/126
f 663/146/274 662/148/274 1666/148/274 1667/146/274
f 269/54/67 268/49/67 1272/49/67 1273/54/67
f 50/98/128 49/100/128 1053/100/128 1054/98/128
f 568/342/275 567/340/275 1571/340/275 1572/342/275
f 776/357/183 775/355/183 1779/355/183 1780/357/183
f 271/55/150 270/53/150 1274/53/150 1275/55/150
f 528/341/276 527/343/276 1531/343/276 1532/341/276
f 818/356/185 817/358/185 1821/358/185 1822/356/185
f 652/149/277 651/147/277 1655/147/277 1656/149/277
f 267/50/278 266/56/278 1270/56/278 1271/50/278
f 37/101/134 36/99/134 1040/99/134 1041/101/134
f 662/148/279 661/150/279 1665/150/279 1666/148/279
f 49/100/280 48/102/280 1052/102/280 1053/100/280
f 569/344/281 568/342/281 1572/342/281 1573/344/281
f 777/359/188 776/357/188 1780/357/188 1781/359/188
f 272/57/157 271/55/157 1275/55/157 1276/57/157
f 527/343/282 526/345/282 1530/345/282 1531/343/282
f 817/358/190 816/360/190 1820/360/190 1821/358/190
f 653/151/283 652/149/283 1656/149/283 1657/151/283
f 266/56/6 265/58/6 1269/58/6 1270/56/6
f 38/103/284 37/101/284 1041/101/284 1042/103/284
f 661/150/285 660/152/285 1664/152/285 1665/150/285
f 48/102/143 47/104/143 1051/104/143 1052/102/143
f 570/346/286 569/344/286 1573/344/286 1574/346/286
f 778/361/194 777/359/194 1781/359/194 1782/361/194
f 273/59/164 272/57/164 1276/57/164 1277/59/164
f 526/345/287 525/347/287 1529/347/287 1530/345/287
f 816/360/196 815/362/196 1819/362/196 1820/360/196
f 654/153/288 653/151/288 1657/151/288 1658/153/288
f 265/58/165 264/60/165 1268/60/165 1269/58/165
f 39/105/147 38/103/147 1042/103/147 1043/105/147
f 660/152/289 659/154/289 1663/154/289 1664/152/289
f 47/104/148 46/106/148 1050/106/148 1051/104/148
f 571/348/290 570/346/290 1574/346/290 1575/348/290
f 779/363/201 778/361/201 1782/361/201 1783/363/201
f 274/61/22 273/59/22 1277/59/22 1278/61/22
f 525/347/291 524/349/291 1528/349/291 1529/347/291
f 815/362/204 814/364/204 1818/364/204 1819/362/204
f 655/155/292 654/153/292 1658/153/292 1659/155/292
f 264/60/170 263/62/170 1267/62/170 1268/60/170
f 40/107/241 39/105/241 1043/105/241 1044/107/241
f 659/154/293 658/156/293 1662/156/293 1663/154/293
f 46/106/294 45/108/294 1049/108/294 1050/106/294
f 572/47/295 571/348/295 1575/348/295 1576/47/295
f 780/365/209 779/363/209 1783/363/209 1784/365/209
f 275/63/31 274/61/31 1278/61/31 1279/63/31
f 524/349/248 523/350/248 1527/350/248 1528/349/248
f 814/364/212 813/366/212 1817/366/212 1818/364/212
f 656/157/296 655/155/296 1659/155/296 1660/157/296
f 263/62/35 262/64/35 1266/64/35 1267/62/35
f 41/109/295 40/107/295 1044/107/295 1045/109/295
f 658/156/297 657/158/297 1661/158/297 1662/156/297
f 45/108/160 44/110/160 1048/110/160 1049/108/160
f 657/158/67 656/157/67 1660/157/67 1661/158/67
f 521/351/166 572/47/166 1576/47/166 1525/351/166
f 781/367/298 780/365/298 1784/365/298 1785/367/298
f 737/400/299 736/399/299 1740/399/299 1741/400/299
f 276/65/41 275/63/41 1279/63/41 1280/65/41
f 523/350/255 522/352/255 1526/352/255 1527/350/255
f 813/366/300 812/368/300 1816/368/300 1817/366/300
f 262/64/45 261/66/45 1265/66/45 1266/64/45
f 42/111/166 41/109/166 1045/109/166 1046/111/166
f 738/401/75 737/400/75 1741/400/75 1742/401/75
f 44/110/167 43/112/167 1047/112/167 1048/110/167
f 522/352/75 521/351/75 1525/351/75 1526/352/75
f 782/369/223 781/367/223 1785/367/223 1786/369/223
f 739/47/301 738/401/301 1742/401/301 1743/47/301
f 277/67/182 276/65/182 1280/65/182 1281/67/182
f 812/368/225 811/370/225 1815/370/225 1816/368/225
f 731/51/302 739/47/302 1743/47/302 1735/51/302
f 261/66/55 260/68/55 1264/68/55 1265/66/55
f 43/112/75 42/111/75 1046/111/75 1047/112/75
f 449/353/303 448/331/303 1452/331/303 1453/353/303
f 732/402/75 731/51/75 1735/51/75 1736/402/75
f 495/328/304 494/354/304 1498/354/304 1499/328/304
f 783/371/226 782/369/226 1786/369/226 1787/371/226
f 278/69/187 277/67/187 1281/67/187 1282/69/187
f 62/113/173 61/90/173 1065/90/173 1066/113/173
f 811/370/228 810/372/228 1814/372/228 1815/370/228
f 733/403/305 732/402/305 1736/402/305 1737/403/305
f 260/68/189 259/70/189 1263/70/189 1264/68/189
f 108/87/304 107/114/304 1111/114/304 1112/87/304
f 450/355/270 449/353/270 1453/353/270 1454/355/270
f 736/399/52 735/404/52 1739/404/52 1740/399/52
f 494/354/306 493/356/306 1497/356/306 1498/354/306
f 784/373/229 783/371/229 1787/371/229 1788/373/229
f 279/71/70 278/69/70 1282/69/70 1283/71/70
f 63/115/177 62/113/177 1066/113/177 1067/115/177
f 810/372/231 809/374/231 1813/374/231 1814/372/231
f 735/404/67 734/405/67 1738/405/67 1739/404/67
f 259/70/195 258/72/195 1262/72/195 1263/70/195
f 107/114/179 106/116/179 1110/116/179 1111/114/179
f 734/405/58 733/403/58 1737/403/58 1738/405/58
f 451/357/183 450/355/183 1454/355/183 1455/357/183
f 809/374/307 808/375/307 1812/375/307 1813/374/307
f 741/406/52 740/51/52 1744/51/52 1745/406/52
f 493/356/308 492/358/308 1496/358/308 1497/356/308
f 280/73/77 279/71/77 1283/71/77 1284/73/77
f 64/117/183 63/115/183 1067/115/183 1068/117/183
f 742/407/75 741/406/75 1745/406/75 1746/407/75
f 258/72/202 257/74/202 1261/74/202 1262/72/202
f 106/116/185 105/118/185 1109/118/185 1110/116/185
f 785/376/309 784/373/309 1788/373/309 1789/376/309
f 452/359/188 451/357/188 1455/357/188 1456/359/188
f 808/375/239 807/377/239 1811/377/239 1812/375/239
f 743/408/58 742/407/58 1746/407/58 1747/408/58
f 492/358/310 491/360/310 1495/360/310 1496/358/310
f 281/75/207 280/73/207 1284/73/207 1285/75/207
f 65/119/311 64/117/311 1068/117/311 1069/119/311
f 744/409/75 743/408/75 1747/408/75 1748/409/75
f 257/74/210 256/76/210 1260/76/210 1261/74/210
f 105/118/190 104/120/190 1108/120/190 1109/118/190
f 786/378/312 785/376/312 1789/376/312 1790/378/312
f 740/51/67 745/47/67 1749/47/67 1744/51/67
f 453/361/194 452/359/194 1456/359/194 1457/361/194
f 807/377/245 806/379/245 1810/379/245 1811/377/245
f 745/47/58 744/409/58 1748/409/58 1749/47/58
f 362/52/52 361/77/52 1365/77/52 1366/52/52
f 491/360/313 490/362/313 1494/362/313 1495/360/313
f 746/51/121 845/249/121 1849/249/121 1750/51/121
f 66/121/314 65/119/314 1069/119/314 1070/121/314
f 104/120/315 103/122/315 1107/122/315 1108/120/315
f 787/380/316 786/378/316 1790/378/316 1791/380/316
f 747/250/75 746/51/75 1750/51/75 1751/250/75
f 282/78/58 281/75/58 1285/75/58 1286/78/58
f 454/363/201 453/361/201 1457/361/201 1458/363/201
f 256/76/52 255/79/52 1259/79/52 1260/76/52
f 490/362/317 489/364/317 1493/364/317 1494/362/317
f 788/381/318 787/380/318 1791/380/318 1792/381/318
f 748/251/319 747/250/319 1751/250/319 1752/251/319
f 67/123/201 66/121/201 1070/121/201 1071/123/201
f 806/379/256 805/382/256 1809/382/256 1810/379/256
f 255/79/67 254/80/67 1258/80/67 1259/79/67
f 103/122/204 102/124/204 1106/124/204 1107/122/204
f 749/252/320 748/251/320 1752/251/320 1753/252/320
f 254/80/58 253/51/58 1257/51/58 1258/80/58
f 455/365/321 454/363/321 1458/363/321 1459/365/321
f 845/249/132 844/253/132 1848/253/132 1849/249/132
f 310/82/52 309/81/52 1313/81/52 1314/82/52
f 489/364/212 488/366/212 1492/366/212 1493/364/212
f 789/383/322 788/381/322 1792/381/322 1793/383/322
f 68/125/321 67/123/321 1071/123/321 1072/125/321
f 805/382/261 804/384/261 1808/384/261 1809/382/261
f 311/83/75 310/82/75 1314/82/75 1315/83/75
f 102/124/212 101/126/212 1105/126/212 1106/124/212
f 750/254/323 749/252/323 1753/252/323 1754/254/323
f 309/81/67 308/84/67 1312/84/67 1313/81/67
f 456/367/298 455/365/298 1459/365/298 1460/367/298
f 844/253/140 843/255/140 1847/255/140 1848/253/140
f 488/366/300 487/368/300 1491/368/300 1492/366/300
f 790/385/324 789/383/324 1793/383/324 1794/385/324
f 69/127/298 68/125/298 1072/125/298 1073/127/298
f 804/384/267 803/386/267 1807/386/267 1808/384/267
f 312/85/58 311/83/58 1315/83/58 1316/85/58
f 101/126/300 100/128/300 1104/128/300 1105/126/300
f 751/256/325 750/254/325 1754/254/325 1755/256/325
f 308/84/52 307/86/52 1311/86/52 1312/84/52
f 457/369/326 456/367/326 1460/367/326 1461/369/326
f 843/255/146 842/257/146 1846/257/146 1847/255/146
f 487/368/225 486/370/225 1490/370/225 1491/368/225
f 791/387/327 790/385/327 1794/385/327 1795/387/327
f 361/77/87 360/87/87 1364/87/87 1365/77/87
f 70/129/223 69/127/223 1073/127/223 1074/129/223
f 803/386/274 802/388/274 1806/388/274 1807/386/274
f 100/128/328 99/130/328 1103/130/328 1104/128/328
f 752/258/329 751/256/329 1755/256/329 1756/258/329
f 458/371/330 457/369/330 1461/369/330 1462/371/330
f 842/257/151 841/259/151 1845/259/151 1846/257/151
f 283/88/238 282/78/238 1286/78/238 1287/88/238
f 486/370/331 485/372/331 1489/372/331 1490/370/331
f 792/389/89 791/387/89 1795/387/89 1796/389/89
f 307/86/240 306/89/240 1310/89/240 1311/86/240
f 71/131/330 70/129/330 1074/129/330 1075/131/330
f 802/388/279 801/390/279 1805/390/279 1806/388/279
f 99/130/331 98/132/331 1102/132/331 1103/130/331
f 753/260/332 752/258/332 1756/258/332 1757/260/332
f 459/373/333 458/371/333 1462/371/333 1463/373/333
f 841/259/3 840/261/3 1844/261/3 1845/259/3
f 313/90/98 312/85/98 1316/85/98 1317/90/98
f 485/372/334 484/374/334 1488/374/334 1489/372/334
f 793/391/335 792/389/335 1796/389/335 1797/391/335
f 72/133/229 71/131/229 1075/131/229 1076/133/229
f 801/390/285 800/392/285 1804/392/285 1805/390/285
f 284/91/102 283/88/102 1287/88/102 1288/91/102
f 484/374/232 483/375/232 1487/375/232 1488/374/232
f 98/132/334 97/134/334 1101/134/334 1102/132/334
f 754/262/11 753/260/11 1757/260/11 1758/262/11
f 306/89/336 305/92/336 1309/92/336 1310/89/336
f 840/261/13 839/263/13 1843/263/13 1844/261/13
f 97/134/307 96/135/307 1100/135/307 1101/134/307
f 794/393/337 793/391/337 1797/391/337 1798/393/337
f 460/376/338 459/373/338 1463/373/338 1464/376/338
f 800/392/289 799/394/289 1803/394/289 1804/392/289
f 285/93/254 284/91/254 1288/91/254 1289/93/254
f 483/375/339 482/377/339 1486/377/339 1487/375/339
f 755/264/21 754/262/21 1758/262/21 1759/264/21
f 305/92/340 304/94/340 1308/94/340 1309/92/340
f 73/136/341 72/133/341 1076/133/341 1077/136/341
f 839/263/8 838/265/8 1842/265/8 1843/263/8
f 96/135/239 95/137/239 1099/137/239 1100/135/239
f 795/395/342 794/393/342 1798/393/342 1799/395/342
f 461/378/312 460/376/312 1464/376/312 1465/378/312
f 799/394/293 798/396/293 1802/396/293 1803/394/293
f 286/95/260 285/93/260 1289/93/260 1290/95/260
f 482/377/245 481/379/245 1485/379/245 1486/377/245
f 756/266/343 755/264/343 1759/264/343 1760/266/343
f 304/94/262 303/96/262 1307/96/262 1308/94/262
f 74/138/243 73/136/243 1077/136/243 1078/138/243
f 838/265/32 837/267/32 1841/267/32 1842/265/32
f 95/137/245 94/139/245 1098/139/245 1099/137/245
f 796/397/344 795/395/344 1799/395/344 1800/397/344
f 462/380/316 461/378/316 1465/378/316 1466/380/316
f 798/396/297 797/398/297 1801/398/297 1802/396/297
f 287/97/266 286/95/266 1290/95/266 1291/97/266
f 797/398/67 796/397/67 1800/397/67 1801/398/67
f 757/268/40 756/266/40 1760/266/40 1761/268/40
f 303/96/268 302/98/268 1306/98/268 1307/96/268
f 463/381/345 462/380/345 1466/380/345 1467/381/345
f 75/140/250 74/138/250 1078/138/250 1079/140/250
f 898/51/52 952/410/52 1956/410/52 1902/51/52
f 837/267/42 836/269/42 1840/269/42 1841/267/42
f 481/379/256 480/382/256 1484/382/256 1485/379/256
f 76/141/253 75/140/253 1079/140/253 1080/141/253
f 288/99/126 287/97/126 1291/97/126 1292/99/126
f 94/139/346 93/142/346 1097/142/346 1098/139/346
f 977/411/347 976/412/347 1980/412/347 1981/411/347
f 758/270/50 757/268/50 1761/268/50 1762/270/50
f 302/98/128 301/100/128 1305/100/128 1306/98/128
f 464/383/322 463/381/322 1467/381/322 1468/383/322
f 836/269/37 835/271/37 1839/271/37 1840/269/37
f 480/382/261 479/384/261 1483/384/261 1484/382/261
f 976/412/348 975/413/348 1979/413/348 1980/412/348
f 77/143/259 76/141/259 1080/141/259 1081/143/259
f 289/101/349 288/99/349 1292/99/349 1293/101/349
f 93/142/261 92/144/261 1096/144/261 1097/142/261
f 975/413/350 974/414/350 1978/414/350 1979/413/350
f 759/272/351 758/270/351 1762/270/351 1763/272/351
f 301/100/280 300/102/280 1304/102/280 1305/100/280
f 465/385/324 464/383/324 1468/383/324 1469/385/324
f 835/271/47 834/273/47 1838/273/47 1839/271/47
f 479/384/267 478/386/267 1482/386/267 1483/384/267
f 974/414/352 973/415/352 1977/415/352 1978/414/352
f 78/145/265 77/143/265 1081/143/265 1082/145/265
f 834/273/51 833/274/51 1837/274/51 1838/273/51
f 290/103/142 289/101/142 1293/101/142 1294/103/142
f 92/144/267 91/146/267 1095/146/267 1096/144/267
f 973/415/353 972/416/353 1976/416/353 1977/415/353
f 300/102/143 299/104/143 1303/104/143 1304/102/143
f 466/387/327 465/385/327 1469/385/327 1470/387/327
f 478/386/274 477/388/274 1481/388/274 1482/386/274
f 972/416/22 971/417/22 1975/417/22 1976/416/22
f 760/275/57 759/272/57 1763/272/57 1764/275/57
f 79/147/354 78/145/354 1082/145/354 1083/147/354
f 291/105/147 290/103/147 1294/103/147 1295/105/147
f 91/146/274 90/148/274 1094/148/274 1095/146/274
f 971/417/164 970/418/164 1974/418/164 1975/417/164
f 761/276/198 760/275/198 1764/275/198 1765/276/198
f 299/104/148 298/106/148 1302/106/148 1303/104/148
f 467/389/89 466/387/89 1470/387/89 1471/389/89
f 833/274/355 832/277/355 1836/277/355 1837/274/355
f 477/388/279 476/390/279 1480/390/279 1481/388/279
f 80/149/277 79/147/277 1083/147/277 1084/149/277
f 899/419/75 898/51/75 1902/51/75 1903/419/75
f 292/107/356 291/105/356 1295/105/356 1296/107/356
f 90/148/279 89/150/279 1093/150/279 1094/148/279
f 762/278/71 761/276/71 1765/276/71 1766/278/71
f 298/106/294 297/108/294 1301/108/294 1302/106/294
f 468/391/335 467/389/335 1471/389/335 1472/391/335
f 900/420/357 899/419/357 1903/419/357 1904/420/357
f 832/277/85 831/279/85 1835/279/85 1836/277/85
f 476/390/358 475/392/358 1479/392/358 1480/390/358
f 81/151/283 80/149/283 1084/149/283 1085/151/283
f 901/421/359 900/420/359 1904/420/359 1905/421/359
f 293/109/159 292/107/159 1296/107/159 1297/109/159
f 89/150/285 88/152/285 1092/152/285 1093/150/285
f 763/280/78 762/278/78 1766/278/78 1767/280/78
f 297/108/160 296/110/160 1300/110/160 1301/108/160
f 469/393/337 468/391/337 1472/391/337 1473/393/337
f 902/422/360 901/421/360 1905/421/360 1906/422/360
f 831/279/361 830/281/361 1834/281/361 1835/279/361
f 475/392/289 474/394/289 1478/394/289 1479/392/289
f 82/153/288 81/151/288 1085/151/288 1086/153/288
f 903/423/362 902/422/362 1906/422/362 1907/423/362
f 294/111/166 293/109/166 1297/109/166 1298/111/166
f 88/152/289 87/154/289 1091/154/289 1092/152/289
f 970/418/168 969/424/168 1973/424/168 1974/418/168
f 764/282/220 763/280/220 1767/280/220 1768/282/220
f 296/110/167 295/112/167 1299/112/167 1300/110/167
f 470/395/342 469/393/342 1473/393/342 1474/395/342
f 830/281/90 829/283/90 1833/283/90 1834/281/90
f 474/394/293 473/396/293 1477/396/293 1478/394/293
f 83/155/292 82/153/292 1086/153/292 1087/155/292
f 904/425/329 903/423/329 1907/423/329 1908/425/329
f 295/112/75 294/111/75 1298/111/75 1299/112/75
f 87/154/293 86/156/293 1090/156/293 1091/154/293
f 765/284/93 764/282/93 1768/282/93 1769/284/93
f 471/397/344 470/395/344 1474/395/344 1475/397/344
f 905/426/363 904/425/363 1908/425/363 1909/426/363
f 829/283/96 828/285/96 1832/285/96 1833/283/96
f 473/396/297 472/398/297 1476/398/297 1477/396/297
f 314/113/173 313/90/173 1317/90/173 1318/113/173
f 472/398/67 471/397/67 1475/397/67 1476/398/67
f 84/157/296 83/155/296 1087/155/296 1088/157/296
f 906/427/364 905/426/364 1909/426/364 1910/427/364
f 360/87/174 359/114/174 1363/114/174 1364/87/174
f 706/2/121 705/1/121 1709/1/121 1710/2/121
f 86/156/297 85/158/297 1089/158/297 1090/156/297
f 766/286/111 765/284/111 1769/284/111 1770/286/111
f 85/158/67 84/157/67 1088/157/67 1089/158/67
f 907/428/365 906/427/365 1910/427/365 1911/428/365
f 828/285/101 827/287/101 1831/287/101 1832/285/101
f 707/3/75 706/2/75 1710/2/75 1711/3/75
f 167/160/52 166/159/52 1170/159/52 1171/160/52
f 315/115/177 314/113/177 1318/113/177 1319/115/177
f 908/429/366 907/428/366 1911/428/366 1912/429/366
f 359/114/367 358/116/367 1362/116/367 1363/114/367
f 708/4/127 707/3/127 1711/3/127 1712/4/127
f 168/47/75 167/160/75 1171/160/75 1172/47/75
f 767/288/117 766/286/117 1770/286/117 1771/288/117
f 909/430/368 908/429/368 1912/429/368 1913/430/368
f 827/287/233 826/289/233 1830/289/233 1831/287/233
f 709/5/130 708/4/130 1712/4/130 1713/5/130
f 316/117/183 315/115/183 1319/115/183 1320/117/183
f 705/1/132 704/6/132 1708/6/132 1709/1/132
f 910/431/369 909/430/369 1913/430/369 1914/431/369
f 358/116/185 357/118/185 1361/118/185 1362/116/185
f 159/51/370 168/47/370 1172/47/370 1163/51/370
f 768/290/113 767/288/113 1771/288/113 1772/290/113
f 160/162/52 159/51/52 1163/51/52 1164/162/52
f 911/432/371 910/431/371 1914/431/371 1915/432/371
f 826/289/114 825/291/114 1829/291/114 1830/289/114
f 710/7/137 709/5/137 1713/5/137 1714/7/137
f 317/119/311 316/117/311 1320/117/311 1321/119/311
f 704/6/140 703/8/140 1707/8/140 1708/6/140
f 161/163/75 160/162/75 1164/162/75 1165/163/75
f 912/433/372 911/432/372 1915/432/372 1916/433/372
f 357/118/310 356/120/310 1360/120/310 1361/118/310
f 969/424/373 968/434/373 1972/434/373 1973/424/373
f 769/292/129 768/290/129 1772/290/129 1773/292/129
f 162/164/58 161/163/58 1165/163/58 1166/164/58
f 825/291/247 824/293/247 1828/293/247 1829/291/247
f 711/9/144 710/7/144 1714/7/144 1715/9/144
f 166/159/67 165/165/67 1169/165/67 1170/159/67
f 318/121/314 317/119/314 1321/119/314 1322/121/314
f 703/8/146 702/10/146 1706/10/146 1707/8/146
f 165/165/58 164/161/58 1168/161/58 1169/165/58
f 913/435/374 912/433/374 1916/433/374 1917/435/374
f 356/120/196 355/122/196 1359/122/196 1360/120/196
f 164/161/375 163/166/375 1167/166/375 1168/161/375
f 770/294/124 769/292/124 1773/292/124 1774/294/124
f 914/436/376 913/435/376 1917/435/376 1918/436/376
f 824/293/125 823/295/125 1827/295/125 1828/293/125
f 712/11/149 711/9/149 1715/9/149 1716/11/149
f 163/166/67 162/164/67 1166/164/67 1167/166/67
f 319/123/201 318/121/201 1322/121/201 1323/123/201
f 702/10/151 701/12/151 1705/12/151 1706/10/151
f 169/51/121 224/167/121 1228/167/121 1173/51/121
f 915/437/377 914/436/377 1918/436/377 1919/437/377
f 355/122/204 354/124/204 1358/124/204 1359/122/204
f 170/168/75 169/51/75 1173/51/75 1174/168/75
f 916/438/378 915/437/378 1919/437/378 1920/438/378
f 713/13/155 712/11/155 1716/11/155 1717/13/155
f 771/297/139 770/294/139 1774/294/139 1775/297/139
f 320/125/209 319/123/209 1323/123/209 1324/125/209
f 701/12/3 700/14/3 1704/14/3 1705/12/3
f 171/169/127 170/168/127 1174/168/127 1175/169/127
f 917/439/379 916/438/379 1920/438/379 1921/439/379
f 823/295/141 822/298/141 1826/298/141 1827/295/141
f 354/124/212 353/126/212 1357/126/212 1358/124/212
f 172/170/130 171/169/130 1175/169/130 1176/170/130
f 918/440/380 917/439/380 1921/439/380 1922/440/380
f 714/15/381 713/13/381 1717/13/381 1718/15/381
f 224/167/132 223/171/132 1227/171/132 1228/167/132
f 874/299/145 873/300/145 1877/300/145 1878/299/145
f 321/127/298 320/125/298 1324/125/298 1325/127/298
f 700/14/13 699/16/13 1703/16/13 1704/14/13
f 919/441/382 918/440/382 1922/440/382 1923/441/382
f 353/126/300 352/128/300 1356/128/300 1357/126/300
f 968/434/145 967/442/145 1971/442/145 1972/434/145
f 873/300/67 872/296/67 1876/296/67 1877/300/67
f 173/172/137 172/170/137 1176/170/137 1177/172/137
f 872/296/383 871/301/383 1875/301/383 1876/296/383
f 715/17/4 714/15/4 1718/15/4 1719/17/4
f 223/171/140 222/173/140 1226/173/140 1227/171/140
f 322/129/384 321/127/384 1325/127/384 1326/129/384
f 699/16/8 698/18/8 1702/18/8 1703/16/8
f 920/443/385 919/441/385 1923/441/385 1924/443/385
f 352/128/328 351/130/328 1355/130/328 1356/128/328
f 875/302/373 874/299/373 1878/299/373 1879/302/373
f 174/174/144 173/172/144 1177/172/144 1178/174/144
f 921/444/386 920/443/386 1924/443/386 1925/444/386
f 871/301/387 870/303/387 1874/303/387 1875/301/387
f 716/19/14 715/17/14 1719/17/14 1720/19/14
f 222/173/146 221/175/146 1225/175/146 1226/173/146
f 323/131/226 322/129/226 1326/129/226 1327/131/226
f 698/18/32 697/20/32 1701/20/32 1702/18/32
f 922/445/388 921/444/388 1925/444/388 1926/445/388
f 351/130/331 350/132/331 1354/132/331 1355/130/331
f 967/442/67 966/446/67 1970/446/67 1971/442/67
f 876/304/168 875/302/168 1879/302/168 1880/304/168
f 175/176/149 174/174/149 1178/174/149 1179/176/149
f 870/303/389 869/305/389 1873/305/389 1874/303/389
f 717/21/23 716/19/23 1720/19/23 1721/21/23
f 221/175/151 220/177/151 1224/177/151 1225/175/151
f 966/446/133 965/447/133 1969/447/133 1970/446/133
f 324/133/229 323/131/229 1327/131/229 1328/133/229
f 697/20/27 696/22/27 1700/22/27 1701/20/27
f 350/132/334 349/134/334 1353/134/334 1354/132/334
f 877/306/164 876/304/164 1880/304/164 1881/306/164
f 176/178/390 175/176/390 1179/176/390 1180/178/390
f 923/448/391 922/445/391 1926/445/391 1927/448/391
f 869/305/172 868/307/172 1872/307/172 1873/305/172
f 349/134/307 348/135/307 1352/135/307 1353/134/307
f 718/23/33 717/21/33 1721/21/33 1722/23/33
f 220/177/3 219/179/3 1223/179/3 1224/177/3
f 965/447/392 964/449/392 1968/449/392 1969/447/392
f 696/22/37 695/24/37 1699/24/37 1700/22/37
f 964/449/6 963/450/6 1967/450/6 1968/449/6
f 878/308/22 877/306/22 1881/306/22 1882/308/22
f 325/136/341 324/133/341 1328/133/341 1329/136/341
f 177/180/381 176/178/381 1180/178/381 1181/180/381
f 868/307/393 867/309/393 1871/309/393 1872/307/393
f 348/135/339 347/137/339 1351/137/339 1352/135/339
f 719/25/394 718/23/394 1722/23/394 1723/25/394
f 219/179/13 218/181/13 1222/181/13 1223/179/13
f 963/450/165 962/451/165 1966/451/165 1967/450/165
f 695/24/47 694/26/47 1698/26/47 1699/24/47
f 962/451/25 961/452/25 1965/452/25 1966/451/25
f 879/310/353 878/308/353 1882/308/353 1883/310/353
f 326/138/243 325/136/243 1329/136/243 1330/138/243
f 694/26/51 693/27/51 1697/27/51 1698/26/51
f 178/182/4 177/180/4 1181/180/4 1182/182/4
f 867/309/395 866/311/395 1870/311/395 1871/309/395
f 347/137/245 346/139/245 1350/139/245 1351/137/245
f 218/181/8 217/183/8 1221/183/8 1222/181/8
f 961/452/35 960/453/35 1964/453/35 1965/452/35
f 720/28/57 719/25/57 1723/25/57 1724/28/57
f 960/453/396 959/454/396 1963/454/396 1964/453/396
f 880/312/352 879/310/352 1883/310/352 1884/312/352
f 327/140/250 326/138/250 1330/138/250 1331/140/250
f 179/184/14 178/182/14 1182/182/14 1183/184/14
f 866/311/397 865/313/397 1869/313/397 1870/311/397
f 721/29/198 720/28/198 1724/28/198 1725/29/198
f 217/183/32 216/185/32 1220/185/32 1221/183/32
f 959/454/398 958/455/398 1962/455/398 1963/454/398
f 328/141/253 327/140/253 1331/140/253 1332/141/253
f 693/27/355 692/30/355 1696/30/355 1697/27/355
f 346/139/256 345/142/256 1349/142/256 1350/139/256
f 958/455/399 957/456/399 1961/456/399 1962/455/399
f 881/314/350 880/312/350 1884/312/350 1885/314/350
f 180/186/23 179/184/23 1183/184/23 1184/186/23
f 865/313/400 864/315/400 1868/315/400 1869/313/400
f 722/31/71 721/29/71 1725/29/71 1726/31/71
f 216/185/27 215/187/27 1219/187/27 1220/185/27
f 957/456/401 956/457/401 1960/457/401 1961/456/401
f 329/143/259 328/141/259 1332/141/259 1333/143/259
f 692/30/74 691/32/74 1695/32/74 1696/30/74
f 345/142/261 344/144/261 1348/144/261 1349/142/261
f 882/316/348 881/314/348 1885/314/348 1886/316/348
f 181/188/33 180/186/33 1184/186/33 1185/188/33
f 978/458/402 977/411/402 1981/411/402 1982/458/402
f 864/315/403 863/317/403 1867/317/403 1868/315/403
f 723/33/78 722/31/78 1726/31/78 1727/33/78
f 215/187/54 214/189/54 1218/189/54 1219/187/54
f 956/457/404 955/459/404 1959/459/404 1960/457/404
f 330/145/265 329/143/265 1333/143/265 1334/145/265
f 691/32/81 690/34/81 1694/34/81 1695/32/81
f 344/144/267 343/146/267 1347/146/267 1348/144/267
f 883/318/347 882/316/347 1886/316/347 1887/318/347
f 182/190/43 181/188/43 1185/188/43 1186/190/43
f 979/460/405 978/458/405 1982/458/405 1983/460/405
f 863/317/406 862/319/406 1866/319/406 1867/317/406
f 724/35/220 723/33/220 1727/33/220 1728/35/220
f 214/189/47 213/191/47 1217/191/47 1218/189/47
f 955/459/48 954/461/48 1958/461/48 1959/459/48
f 331/147/354 330/145/354 1334/145/354 1335/147/354
f 690/34/90 689/36/90 1693/36/90 1694/34/90
f 343/146/274 342/148/274 1346/148/274 1347/146/274
f 213/191/51 212/192/51 1216/192/51 1217/191/51
f 884/320/407 883/318/407 1887/318/407 1888/320/407
f 980/462/58 979/460/58 1983/460/58 1984/462/58
f 862/319/408 861/321/408 1865/321/408 1866/319/408
f 725/37/93 724/35/93 1728/35/93 1729/37/93
f 954/461/52 953/463/52 1957/463/52 1958/461/52
f 332/149/277 331/147/277 1335/147/277 1336/149/277
f 689/36/96 688/38/96 1692/38/96 1693/36/96
f 183/193/57 182/190/57 1186/190/57 1187/193/57
f 342/148/279 341/150/279 1345/150/279 1346/148/279
f 885/322/44 884/320/44 1888/320/44 1889/322/44
f 184/194/198 183/193/198 1187/193/198 1188/194/198
f 924/464/58 923/448/58 1927/448/58 1928/464/58
f 861/321/409 860/323/409 1864/323/409 1865/321/409
f 726/39/111 725/37/111 1729/37/111 1730/39/111
f 212/192/355 211/195/355 1215/195/355 1216/192/355
f 333/151/283 332/149/283 1336/149/283 1337/151/283
f 688/38/101 687/40/101 1691/40/101 1692/38/101
f 981/465/410 980/462/410 1984/462/410 1985/465/410
f 822/298/52 821/324/52 1825/324/52 1826/298/52
f 341/150/285 340/152/285 1344/152/285 1345/150/285
f 953/463/94 1004/47/94 2008/47/94 1957/463/94
f 185/196/71 184/194/71 1188/194/71 1189/196/71
f 727/41/117 726/39/117 1730/39/117 1731/41/117
f 211/195/74 210/197/74 1214/197/74 1215/195/74
f 886/325/58 885/322/58 1889/322/58 1890/325/58
f 334/153/288 333/151/288 1337/151/288 1338/153/288
f 687/40/233 686/42/233 1690/42/233 1691/40/233
f 925/466/411 924/464/411 1928/464/411 1929/466/411
f 860/323/52 859/326/52 1863/326/52 1864/323/52
f 340/152/289 339/154/289 1343/154/289 1344/152/289
f 186/198/412 185/196/412 1189/196/412 1190/198/412
f 982/467/413 981/465/413 1985/465/413 1986/467/413
f 728/43/113 727/41/113 1731/41/113 1732/43/113
f 210/197/81 209/199/81 1213/199/81 1214/197/81
f 1004/47/414 1003/468/414 2007/468/414 2008/47/414
f 772/327/58 771/297/58 1775/297/58 1776/327/58
f 335/155/292 334/153/292 1338/153/292 1339/155/292
f 686/42/114 685/44/114 1689/44/114 1690/42/114
f 821/324/415 820/328/415 1824/328/415 1825/324/415
f 339/154/293 338/156/293 1342/156/293 1343/154/293
f 187/200/220 186/198/220 1190/198/220 1191/200/220
f 983/469/200 982/467/200 1986/467/200 1987/469/200
f 729/45/118 728/43/118 1732/43/118 1733/45/118
f 209/199/90 208/201/90 1212/201/90 1213/199/90
f 1003/468/416 1002/470/416 2006/470/416 2007/468/416
f 887/329/92 886/325/92 1890/325/92 1891/329/92
f 336/157/296 335/155/296 1339/155/296 1340/157/296
f 685/44/247 684/46/247 1688/46/247 1689/44/247
f 859/326/417 858/330/417 1862/330/417 1863/326/417
f 338/156/297 337/158/297 1341/158/297 1342/156/297
f 337/158/67 336/157/67 1340/157/67 1341/158/67
f 188/202/93 187/200/93 1191/200/93 1192/202/93
f 984/471/208 983/469/208 1987/469/208 1988/471/208
f 419/160/52 418/159/52 1422/159/52 1423/160/52
f 730/47/124 729/45/124 1733/45/124 1734/47/124
f 208/201/105 207/203/105 1211/203/105 1212/201/105
f 1002/470/418 1001/472/418 2005/472/418 2006/470/418
f 773/331/98 772/327/98 1776/327/98 1777/331/98
f 684/46/138 683/48/138 1687/48/138 1688/46/138
f 420/47/75 419/160/75 1423/160/75 1424/47/75
f 888/332/419 887/329/419 1891/329/419 1892/332/419
f 189/204/111 188/202/111 1192/202/111 1193/204/111
f 985/473/215 984/471/215 1988/471/215 1989/473/215
f 858/330/420 857/333/420 1861/333/420 1862/330/420
f 207/203/101 206/205/101 1210/205/101 1211/203/101
f 1001/472/421 1000/474/421 2004/474/421 2005/472/421
f 588/49/133 587/50/133 1591/50/133 1592/49/133
f 411/51/370 420/47/370 1424/47/370 1415/51/370
f 412/162/52 411/51/52 1415/51/52 1416/162/52
f 190/206/117 189/204/117 1193/204/117 1194/206/117
f 986/475/222 985/473/222 1989/473/222 1990/475/222
f 573/51/422 730/47/422 1734/47/422 1577/51/422
f 206/205/233 205/207/233 1209/207/233 1210/205/233
f 1000/474/423 999/476/423 2003/476/423 2004/474/423
f 413/163/75 412/162/75 1416/162/75 1417/163/75
f 683/48/141 682/52/141 1686/52/141 1687/48/141
f 134/2/121 133/1/121 1137/1/121 1138/2/121
f 414/164/58 413/163/58 1417/163/58 1418/164/58
f 191/208/113 190/206/113 1194/206/113 1195/208/113
f 987/477/134 986/475/134 1990/475/134 1991/477/134
f 418/159/67 417/165/67 1421/165/67 1422/159/67
f 135/3/75 134/2/75 1138/2/75 1139/3/75
f 590/53/145 589/54/145 1593/54/145 1594/53/145
f 205/207/424 204/209/424 1208/209/424 1209/207/424
f 999/476/135 998/478/135 2002/478/135 2003/476/135
f 417/165/58 416/161/58 1420/161/58 1421/165/58
f 416/161/375 415/166/375 1419/166/375 1420/161/375
f 136/4/127 135/3/127 1139/3/127 1140/4/127
f 589/54/67 588/49/67 1592/49/67 1593/54/67
f 192/210/129 191/208/129 1195/208/129 1196/210/129
f 988/479/142 987/477/142 1991/477/142 1992/479/142
f 415/166/67 414/164/67 1418/164/67 1419/166/67
f 137/5/130 136/4/130 1140/4/130 1141/5/130
f 591/55/150 590/53/150 1594/53/150 1595/55/150
f 204/209/247 203/211/247 1207/211/247 1208/209/247
f 998/478/143 997/480/143 2001/480/143 2002/478/143
f 421/51/121 520/249/121 1524/249/121 1425/51/121
f 133/1/132 132/6/132 1136/6/132 1137/1/132
f 587/50/152 586/56/152 1590/56/152 1591/50/152
f 422/250/75 421/51/75 1425/51/75 1426/250/75
f 193/212/124 192/210/124 1196/210/124 1197/212/124
f 989/481/147 988/479/147 1992/479/147 1993/481/147
f 138/7/137 137/5/137 1141/5/137 1142/7/137
f 592/57/425 591/55/425 1595/55/425 1596/57/425
f 203/211/125 202/213/125 1206/213/125 1207/211/125
f 997/480/148 996/482/148 2000/482/148 2001/480/148
f 423/251/319 422/250/319 1426/250/319 1427/251/319
f 132/6/140 131/8/140 1135/8/140 1136/6/140
f 586/56/426 585/58/426 1589/58/426 1590/56/426
f 424/252/320 423/251/320 1427/251/320 1428/252/320
f 990/483/241 989/481/241 1993/481/241 1994/483/241
f 520/249/132 519/253/132 1523/253/132 1524/249/132
f 139/9/144 138/7/144 1142/7/144 1143/9/144
f 593/59/164 592/57/164 1596/57/164 1597/59/164
f 239/214/133 238/215/133 1242/215/133 1243/214/133
f 996/482/427 995/484/427 1999/484/427 2000/482/427
f 131/8/146 130/10/146 1134/10/146 1135/8/146
f 585/58/165 584/60/165 1588/60/165 1589/58/165
f 425/254/323 424/252/323 1428/252/323 1429/254/323
f 194/216/422 193/212/422 1197/212/422 1198/216/422
f 991/485/428 990/483/428 1994/483/428 1995/485/428
f 519/253/140 518/255/140 1522/255/140 1523/253/140
f 140/11/149 139/9/149 1143/9/149 1144/11/149
f 594/61/22 593/59/22 1597/59/22 1598/61/22
f 202/213/429 201/217/429 1205/217/429 1206/213/429
f 995/484/430 994/486/430 1998/486/430 1999/484/430
f 130/10/151 129/12/151 1133/12/151 1134/10/151
f 584/60/25 583/62/25 1587/62/25 1588/60/25
f 426/256/325 425/254/325 1429/254/325 1430/256/325
f 241/218/145 240/219/145 1244/219/145 1245/218/145
f 992/487/166 991/485/166 1995/485/166 1996/487/166
f 518/255/431 517/257/431 1521/257/431 1522/255/431
f 141/13/390 140/11/390 1144/11/390 1145/13/390
f 595/63/353 594/61/353 1598/61/353 1599/63/353
f 994/486/167 993/488/167 1997/488/167 1998/486/167
f 129/12/3 128/14/3 1132/14/3 1133/12/3
f 583/62/35 582/64/35 1586/64/35 1587/62/35
f 240/219/67 239/214/67 1243/214/67 1244/219/67
f 427/258/329 426/256/329 1430/256/329 1431/258/329
f 242/220/432 241/218/432 1245/218/432 1246/220/432
f 517/257/151 516/259/151 1520/259/151 1521/257/151
f 142/15/162 141/13/162 1145/13/162 1146/15/162
f 596/65/41 595/63/41 1599/63/41 1600/65/41
f 238/215/278 237/221/278 1241/221/278 1242/215/278
f 128/14/13 127/16/13 1131/16/13 1132/14/13
f 582/64/178 581/66/178 1585/66/178 1586/64/178
f 993/488/75 992/487/75 1996/487/75 1997/488/75
f 428/260/332 427/258/332 1431/258/332 1432/260/332
f 243/222/433 242/220/433 1246/220/433 1247/222/433
